,obj_values ['yield'],Vendi_score,eval_samples,cut_samples
0,"[0.0, 15.4, 0.0]",1.4903428637160994,"['CC(C)(N)c1ccc(Br)cc1', 'FC(F)(F)c1nc2ccc(Br)cn2n1', 'O=C(c1cccc(Br)c1)c1ccccn1']",[]
1,"[15.7, 28.7, 0.3]",1.5184489116695559,"['Brc1cnc2nncn2c1', 'Brc1ccc2ncnn2c1', 'Brc1cnc2ncoc2c1']","['Cn1nnc(-c2ccc(Br)cn2)n1', 'O=c1cc(O)c2ccc(Br)cc2o1', 'Brc1cccc(Cn2cccn2)c1', 'N#CC1(c2ccc(Br)cc2)CC1', 'Brc1ccc2oc3ccccc3c2c1', 'N#Cc1cc2cc(Br)ccc2s1', 'Brc1ccc(-c2ncco2)cc1', 'N#CCCc1ccc(Br)cc1', 'Brc1ccc(C2OCCO2)cc1', 'O=C1CC(c2ccc(Br)cc2)N1', 'Brc1cccc(-n2cncn2)c1', 'O=C1CN(Cc2cccc(Br)c2)C(=O)N1', 'Brc1cccc(-c2nnc(C3CC3)o2)c1', 'Oc1ccnc2ccc(Br)cc12', 'Brc1ccc2nn[nH]c2c1', 'O=C1COc2cc(Br)ccc2N1', 'O=C1CCCc2ccc(Br)cc2N1', 'O=C1CCc2ccc(Br)cc2N1', 'Brc1ccc2c(c1)oc1ccccc12', 'O=C1CCc2ncc(Br)cc2N1', 'FC(F)(F)c1cc2ccc(Br)cc2cn1', 'Brc1cnc2ncccc2c1', 'O=C1CCC(c2cccc(Br)c2)CN1', 'OCC(O)c1cccc(Br)c1', 'FCCOc1cncc(Br)c1', 'O=C1CCCN1c1ccc(Br)cc1F', 'CC(C)(C#N)c1ccc(Br)cn1', 'CC(C)(CO)c1ccc(Br)cn1', 'COc1ncc2cc(Br)ccc2n1', 'COc1ccc2cc(Br)cnc2n1', 'COc1ccc2cc(Br)ccc2n1', 'CNC(=O)c1cccc(Br)c1', 'CC1(C)C(=O)Nc2ccc(Br)cc21', 'Fc1cc(Br)ccc1-c1ccccc1']"
2,"[14.3, 22.5, 21.9]",1.7389197026695793,"['CC(C)(C)OC(=O)n1cc(Br)c2cccnc21', 'Oc1ccc(Br)cn1', 'Nc1ncc(Br)cn1']","['Brc1ccc2ncncc2c1', 'FC(F)(F)c1cncc(Br)c1', 'Oc1nccc2cc(Br)cnc12', 'Brc1cnc2cccnc2c1', 'Cc1ccc(Br)cn1', 'Brc1cnc2[nH]ncc2c1', 'Brc1cnc2[nH]ccc2c1', 'O=C1NCc2cc(Br)ccc21', 'Brc1cnc2cncn2c1', 'Brc1cccc2cnccc12', 'Brc1cnc2nccn2c1', 'O=C(c1cccc(Br)c1)C(F)(F)F', 'Oc1ncc(Br)cn1', 'Brc1ccc2cncnc2c1', 'Brc1cccc2cncnc12', 'Oc1cnc2cc(Br)ccc2n1', 'C#Cc1ccc(Br)cc1', 'Brc1cccc2[nH]ncc12', 'Brc1cccc2ncncc12', 'CSc1ncc(Br)cn1', 'Brc1ccc2cnnn2c1', 'Cc1cncc(Br)c1', 'Brc1cnc(Oc2cccnc2)nc1', 'Brc1ccc(-n2cnnc2)nc1', 'Cc1cc(Br)cnc1C', 'Oc1ncnc2ccc(Br)cc12', 'CC(=O)c1cc(Br)cs1', 'Brc1cncc2ccccc12', 'CC(=O)c1cccc(Br)c1']"
3,"[0.3, 0.3, 30.6]",1.9168656062263814,"['Brc1cnn2ccccc12', 'COc1ccc2[nH]cc(Br)c2n1', 'N#Cc1cc(Br)cs1']","['OC1CCOc2c(Br)cccc21', 'OCc1ccc(Br)cc1', 'Brc1cccc2nccnc12', 'Brc1cnc2cc[nH]c2c1', 'O=C1Nc2ccc(Br)cc2C12OCCO2', 'CC(=O)Cc1cccc(Br)c1', 'OCc1ccc(Br)c(F)c1', 'Brc1cncc2[nH]ccc12', 'CC(C)(C)OC(=O)Nc1ccc(Br)cn1', 'Brc1ccc2cnccc2c1', 'Brc1cccc2ccoc12', 'NC1(c2ccc(Br)cc2)CC1', 'Brc1cccc(-n2ccnc2)c1', 'Cn1cnc2ccc(Br)cc21', 'NCCc1ccc(Br)cc1', 'OC1Cc2ccc(Br)cc2C1', 'CC(O)c1ccc(Br)cc1', 'Brc1cccnc1', 'C=CCc1ccc(Br)c(F)c1', 'Fc1ccccc1Br', 'Cc1cn[nH]c1-c1ccc(Br)cc1', 'OC(c1ccc(Br)cn1)C(F)(F)F', 'Brc1cncnc1', 'Oc1ccc(Br)cc1', 'Fc1ccc(Br)cc1']"
4,"[17.2, 0.0, 15.5]",2.04983325864319,"['FC(F)(F)c1ncc(Br)cn1', 'O=S(=O)(O)c1cncc(Br)c1', 'Cn1cc(Br)nn1']","['Brc1cnn(-c2ccncc2)c1', 'Brc1csc2cnccc12', 'Brc1cccc(-c2cc[nH]n2)c1', 'Brc1ccc2[nH]cnc2c1', 'CC(C)NC(=O)c1ccc(Br)cn1', 'CC(C)c1ccc(Br)cc1', 'Cc1ccc(Br)cc1', 'Brc1ccn2nnnc2c1', 'Brc1cnn(-c2ncccn2)c1', 'Brc1cccc2[nH]cnc12', 'Nc1nc2ccc(Br)cc2o1', 'O=C1CCc2cccc(Br)c2N1', 'FC(F)(F)c1cc(Br)c2nc[nH]c2c1', 'Brc1ccc(N2CCOCC2)nc1', 'Brc1cccc(-c2nnn[nH]2)c1', 'CC(C)(C)Oc1ccc(Br)cc1', 'Nc1c(F)cncc1Br', 'CC(=O)Nc1ccc(Br)cc1', 'N#Cc1cccc(Br)c1', 'FC(F)(F)c1ccc(Br)c2[nH]ccc12', 'COc1ccccc1Br']"
5,"[3.0, 81.1, 0.0]",2.3677912115741746,"['OB(O)c1ccc(Br)s1', 'Brc1cnc2ncccn12', 'Brc1nncs1']","['Fc1ncc(Br)c(F)n1', 'CS(=O)(=O)c1ccc(Br)cc1', 'O=c1[nH]cc(Br)c(=O)[nH]1', 'Cn1cnc2cc(Br)ccc21', 'NS(=O)(=O)Cc1cccc(Br)c1', 'CC(C)(C)c1cc(Br)c2ncccc2c1', 'CC(=O)CC(=O)c1ccc(Br)cc1', 'C[Si](C)(C)C#Cc1cccc(Br)c1', 'CC(C)(C)c1cccc(Br)c1', 'CC(=O)Nc1ncc(F)cc1Br', 'Nc1ncncc1Br', 'FC(F)C(F)(F)Oc1cccc(Br)c1', 'O=C1c2ccc(Br)cc2CN1C1CC1', 'O=S(=O)(CCO)c1ccc(Br)cc1', 'Cc1cn2cc(F)cc(Br)c2n1', 'Oc1cc2cccc(Br)c2cn1', 'Brc1ccc([C@@H]2CNCCO2)cc1', 'Brc1ccc(-c2cccs2)cc1']"
6,"[0.0, 0.6, 0.3]",2.461830668529919,"['Cc1nc2cccc(Br)n2n1', 'Nc1ncnn2c(Br)ccc12', 'CCc1cccn2c(Br)cnc12']","['Brc1ccnc2cccnc12', 'Nc1nc2cc(Br)ccc2o1', 'Brc1cc2ncccc2[nH]1', 'Cn1ccc(-c2cccc(Br)c2)n1', 'Brc1ccc(-c2ccn[nH]2)s1', 'COc1cccc(Br)c1', 'O=C1CC(c2cccc(Br)c2)CC(=O)N1', 'CC(=O)/C=C/c1ccc(Br)cc1', 'CCC(=O)c1ccc(Br)cc1O', 'Oc1cccc(Br)c1', 'Oc1ccc2cccnc2c1Br', 'FC(F)(F)c1ccc(Br)c2ncccc12', 'Brc1ccnc2ccccc12', 'COc1ccc2nccc(Br)c2c1', 'Brc1ccc(C2CCCN2)cc1']"
7,"[0.0, 63.4, 0.0]",2.6231100441490343,"['O=C(Nc1ccc(Br)c(F)c1)c1ccccn1', 'Fc1ccc(Br)nc1', 'Brc1ccccc1-c1nnn[nH]1']","['O=C(c1ccc(Br)cc1)N1CCOCC1', 'CC(C)(CO)c1cc(Br)ccn1', 'CC(=O)Nc1ccc(C(C)=O)cc1Br', 'Cc1n[nH]c2cc(Br)ccc12', 'Brc1cccc2[nH]c3ccccc3c12', 'Brc1ccc(-c2nc3cnccc3[nH]2)cc1', 'Brc1ccc(-c2nnc[nH]2)cc1', 'Oc1ccccc1Br', 'Brc1cn2ccnc2cn1', 'Brc1cccc2nccn12', 'Brc1cc2ncncc2s1', 'CC(=O)N1CCc2cc(Br)ccc21', 'CC(=O)c1ccc(Oc2cccc(Br)c2)cc1']"
8,"[5.9, 0.3, 28.9]",2.794947498616144,"['Brc1ccn2nccc2n1', 'Brc1ccc2ccncc2n1', 'Oc1ccc(Br)nc1']","['Brc1ccc(-c2nc3ccccc3[nH]2)cc1', 'Nc1cnc(-c2cccc(Br)c2)nc1', 'O=S(=O)(Nc1ccccc1Br)C(F)(F)F', 'O=C1CCC(Oc2ccccc2Br)CC1', 'COc1ncc(Br)nc1OC', 'CCOP(=O)(Cc1ccc(Br)cn1)OCC', 'O=c1cc(Br)c(-c2ccccc2)n[nH]1', 'O=C(NCc1ccccc1)c1ccc(Br)cn1', 'CC1(C)OB(c2ccc(Br)cc2)OC1(C)C', 'COc1cccnc1Br', 'FC(F)(F)Sc1ccc(Br)cc1']"
