,obj_values ['yield'],Vendi_score,eval_samples,cut_samples
0,"[0.3, 13.1, 43.9]",1.5825091834652985,"['Brc1ccc(-c2ccn[nH]2)s1', 'Nc1nc2ccc(Br)cc2o1', 'O=C1CN(Cc2cccc(Br)c2)C(=O)N1']",[]
1,"[27.8, 47.7, 24.7]",1.6565437440526305,"['C[C@@H](NC(=O)OC(C)(C)C)c1ccc(Br)cc1', 'O=S(=O)(CCO)c1ccc(Br)cc1', 'Brc1cccc(-c2nnc(C3CC3)o2)c1']","['Brc1cccc(-c2cc[nH]n2)c1', 'O=C1CCc2ccc(Br)cc2N1', 'CC1(C)C(=O)Nc2ccc(Br)cc21', 'OC1CCOc2c(Br)cccc21', 'Fc1cc(Br)ccc1-c1ccccc1', 'FC(F)C(F)(F)Oc1cccc(Br)c1', 'Cn1cnc2ccc(Br)cc21', 'OC1Cc2ccc(Br)cc2C1', 'Cn1ccc(-c2cccc(Br)c2)n1', 'OCC(O)c1cccc(Br)c1', 'C[Si](C)(C)C#Cc1cccc(Br)c1', 'O=C1CCCc2ccc(Br)cc2N1', 'CC(=O)Nc1ccc(Br)cc1', 'Brc1ccc2oc3ccccc3c2c1', 'Nc1nc2cc(Br)ccc2o1', 'CC(C)(C)OC(=O)Nc1ccc(Br)cn1', 'CC(C)(C)Oc1ccc(Br)cc1', 'Brc1ccc([C@@H]2CNCCO2)cc1', 'CC(C)(CO)c1ccc(Br)cn1', 'FCCOc1cncc(Br)c1', 'NCCc1ccc(Br)cc1', 'N#CCCc1ccc(Br)cc1', 'Brc1ccc(C2OCCO2)cc1', 'Brc1ccc(C2CCCN2)cc1', 'O=C1CC(c2ccc(Br)cc2)N1', 'Brc1cnc2[nH]ccc2c1', 'O=C1CCCN1c1ccc(Br)cc1F', 'N#CC1(c2ccc(Br)cc2)CC1', 'O=C1CCc2ncc(Br)cc2N1', 'Brc1cccc(-n2cncn2)c1', 'O=C1CCC(c2cccc(Br)c2)CN1', 'Brc1cccc(Cn2cccn2)c1', 'Oc1ccnc2ccc(Br)cc12', 'O=C1COc2cc(Br)ccc2N1']"
2,"[7.5, 85.9, 27.0]",1.8190521938457855,"['Brc1cccc(-c2nnn[nH]2)c1', 'Cc1cc(Br)ccn1', 'N#Cc1cccc(Br)c1']","['NC1(c2ccc(Br)cc2)CC1', 'FC(F)(F)c1cc2ccc(Br)cc2cn1', 'O=C1c2ccc(Br)cc2CN1C1CC1', 'CC(=O)N1CCc2cc(Br)ccc21', 'CC(C)(C)c1cccc(Br)c1', 'CC(C)(C#N)c1ccc(Br)cn1', 'CC1(C)OB(c2ccc(Br)cc2)OC1(C)C', 'CC(=O)c1ccc(Oc2cccc(Br)c2)cc1', 'COc1ccc2cc(Br)cnc2n1', 'COc1ccc2cc(Br)ccc2n1', 'CC(C)(N)c1ccc(Br)cc1', 'CC(C)c1ccc(Br)cc1', 'CC(O)c1ccc(Br)cc1', 'CCOP(=O)(Cc1ccc(Br)cn1)OCC', 'CNC(=O)c1cccc(Br)c1', 'Cc1cn[nH]c1-c1ccc(Br)cc1', 'Cn1nnc(-c2ccc(Br)cn2)n1', 'CS(=O)(=O)c1ccc(Br)cc1', 'O=C1CC(c2cccc(Br)c2)CC(=O)N1', 'NS(=O)(=O)Cc1cccc(Br)c1', 'O=c1cc(O)c2ccc(Br)cc2o1', 'O=C(c1ccc(Br)cc1)N1CCOCC1', 'O=S(=O)(Cc1ccc(Br)cc1)N1CCCC1', 'Brc1ccc(-c2ncco2)cc1', 'N#Cc1cc2cc(Br)ccc2s1', 'Brc1ccc2c(c1)oc1ccccc12', 'Brc1ccc(-c2cccs2)cc1', 'OC(c1ccc(Br)cn1)C(F)(F)F', 'O=C1Nc2ccc(Br)cc2C12OCCO2']"
3,"[0.3, 12.1, 16.8]",1.8350692224994554,"['Nc1cc(Br)ccn1', 'Oc1cccc(Br)c1', 'COc1cc(Br)cc(OC)c1']","['FC(F)(F)c1cc(Br)c2nc[nH]c2c1', 'Cc1ccc(Br)cn1', 'Brc1cccc2[nH]ncc12', 'FC(F)(F)c1cncc(Br)c1', 'Brc1cnc2cc[nH]c2c1', 'Oc1cnc2cc(Br)ccc2n1', 'Brc1cnc2ncccc2c1', 'Brc1ccc2[nH]cnc2c1', 'Brc1cnc2ncoc2c1', 'Brc1ccc2ncnn2c1', 'Cc1cc(Br)cnc1C', 'Cn1cnc2cc(Br)ccc21', 'Brc1cnc2[nH]ncc2c1', 'CC(=O)c1cccc(Br)c1', 'CC(=O)Cc1cccc(Br)c1', 'C#Cc1ccc(Br)cc1', 'CC(C)(CO)c1cc(Br)ccn1', 'Brc1cccc(-n2ccnc2)c1', 'Cc1ccc(Br)cc1', 'Cc1cncc(Br)c1', 'O=C1NCc2cc(Br)ccc21', 'COc1cccc(Br)c1', 'OCc1ccc(Br)cc1', 'Oc1ncnc2ccc(Br)cc12', 'Brc1ccc2nn[nH]c2c1']"
4,"[60.9, 0.0, 0.0]",1.8828930594726008,"['Brc1cncnc1', 'FC(F)(F)Sc1ccc(Br)cc1', 'O=S(=O)(O)c1cncc(Br)c1']","['CC(C)NC(=O)c1ccc(Br)cn1', 'CC(C)Sc1ccc(Br)cc1', 'CCC(=O)c1ccc(Br)cc1O', 'Oc1ccc(Br)cc1', 'Fc1ccc(Br)cc1', 'Brc1cnc2cccnc2c1', 'Brc1ccc2cnccc2c1', 'Brc1ccc2cncnc2c1', 'Brc1cccc2cnccc12', 'Oc1nccc2cc(Br)cnc12', 'Brc1cccc2ccoc12', 'Brc1ccc(-c2nnc[nH]2)cc1', 'Brc1ccc2ncncc2c1', 'Brc1cncc2[nH]ccc12', 'O=C1CCC(Oc2cccc(Br)c2)CC1', 'Brc1cccnc1', 'Brc1cccc2[nH]cnc12', 'COc1ncc2cc(Br)ccc2n1', 'C=CCc1ccc(Br)c(F)c1', 'Cc1n[nH]c2cc(Br)ccc12', 'CC(=O)CC(=O)c1ccc(Br)cc1']"
5,"[28.5, 0.0, 15.5]",2.1704719023723476,"['CC(C)(C)OC(=O)N1CCCCC1c1ccc(Br)cc1', 'Fc1ncc(Br)c(F)n1', 'Cn1cc(Br)nn1']","['CC(=O)c1cc(Br)cs1', 'CC(=O)/C=C/c1ccc(Br)cc1', 'FC(F)(F)c1ncc(Br)cn1', 'CSc1ncc(Br)cn1', 'FC(F)(F)c1nc2ccc(Br)cn2n1', 'CN(C)S(=O)(=O)c1ccc(Br)cc1', 'COc1ccc2nccc(Br)c2c1', 'Brc1ccnc2ccccc12', 'Fc1ccccc1Br', 'Brc1ccn2nnnc2c1', 'Oc1ccc(Br)cn1', 'Brc1cccc2nccnc12', 'Oc1ncc(Br)cn1', 'Brc1cnc(Oc2cccnc2)nc1', 'Brc1cncc2ccccc12', 'Brc1ccc2cnnn2c1', 'OCc1ccc(Br)c(F)c1', 'O=C(c1cccc(Br)c1)C(F)(F)F']"
6,"[55.5, 85.7, 11.3]",2.293632624810486,"['Cc1ccc(Br)nc1', 'Cc1ccnc(Br)c1', 'Cc1cncc(Br)n1']","['Brc1ccnc2cccnc12', 'Brc1cccc2ncncc12', 'Brc1cccc2cncnc12', 'Brc1cnc2nccn2c1', 'Nc1cnc(-c2cccc(Br)c2)nc1', 'FC(F)(F)c1ccc(Br)c2[nH]ccc12', 'Brc1ccc(-c2nc3cnccc3[nH]2)cc1', 'Brc1ccc(-c2nc3ccccc3[nH]2)cc1', 'CC(C)(C)OC(=O)N1CCOc2ccc(Br)cc2C1', 'Brc1ccc(-n2cnnc2)nc1', 'Nc1ncc(Br)cn1', 'O=C1CCc2cccc(Br)c2N1', 'Brc1ccc(N2CCOCC2)nc1', 'COc1ccccc1Br', 'O=C(NCc1ccccc1)c1ccc(Br)cn1']"
7,"[0.3, 63.4, 20.4]",2.445319908283929,"['Oc1ccnc(Br)c1', 'Fc1ccc(Br)nc1', 'Brc1ncccn1']","['Oc1cc2cccc(Br)c2cn1', 'Nc1cc(Br)ncn1', 'O=C1CCCCC1Oc1ccc(Br)cc1', 'COc1cccnc1Br', 'Oc1cccc(Br)n1', 'Brc1ccc(N2CCNCC2)cc1', 'CC(C)(C)c1cc(Br)c2ncccc2c1', 'Brc1cn2ccnc2cn1', 'O=C(c1cccc(Br)c1)c1ccccn1', 'Brc1cccc2[nH]c3ccccc3c12', 'Cc1cn2cc(F)cc(Br)c2n1', 'CC(=O)Nc1ncc(F)cc1Br', 'COc1ncc(Br)nc1OC']"
8,"[0.3, 58.4, 0.0]",2.52739191229411,"['Brc1ncnc2ccccc12', 'Brc1ccc2cccnc2n1', 'FC(F)(F)c1cnc2nc(Br)ccc2c1']","['FC(F)(F)c1ccc(Br)c2ncccc12', 'Brc1cnc2cncn2c1', 'COc1ccc2cc(Br)ncc2n1', 'Brc1ccc(-c2nnc(-c3ccccc3)o2)cc1', 'Oc1ccc(Br)nc1', 'COc1ccc2nc(Br)ccc2n1', 'CNC(=O)c1ccnc(Br)c1', 'Brc1cnc2ccccc2n1', 'Brc1ccn2nccc2n1', 'Brc1ccc2ncccc2n1', 'Nc1nccc(Br)n1']"
