,obj_values ['yield'],Vendi_score,eval_samples,cut_samples
0,"[0.0, 31.1, 0.0]",1.313453678607569,"['Brc1ccc2nn[nH]c2c1', 'Brc1cccc2ccoc12', 'O=C(c1cccc(Br)c1)C(F)(F)F']",[]
1,"[28.3, 28.7, 10.3]",1.3648359255999136,"['Fc1ccccc1Br', 'COc1ccccc1Br', 'OCc1ccc(Br)c(F)c1']","['Brc1cccc2cnccc12', 'Cc1cncc(Br)c1', 'Cc1cc(Br)cnc1C', 'Brc1cnc2cccnc2c1', 'Brc1cccc2ncncc12', 'Brc1cccc2nccnc12', 'Brc1ccc2ncnn2c1', 'Brc1cccc2[nH]ncc12', 'Cn1nnc(-c2ccc(Br)cn2)n1', 'Brc1cnc2ncccc2c1', 'Cc1ccc(Br)cn1', 'Brc1ccc2ncncc2c1', 'Oc1cnc2cc(Br)ccc2n1', 'CNC(=O)c1cccc(Br)c1', 'CC(=O)c1cccc(Br)c1', 'Brc1ccc2cnnn2c1', 'Brc1ccc(-c2ncco2)cc1', 'COc1ncc2cc(Br)ccc2n1', 'Oc1nccc2cc(Br)cnc12', 'C#Cc1ccc(Br)cc1', 'FC(F)(F)c1cncc(Br)c1', 'FCCOc1cncc(Br)c1', 'CC(C)(C#N)c1ccc(Br)cn1', 'Brc1cnc2[nH]ncc2c1', 'Brc1cnc2[nH]ccc2c1', 'O=C1CC(c2ccc(Br)cc2)N1', 'COc1ccc2cc(Br)cnc2n1', 'N#CC1(c2ccc(Br)cc2)CC1', 'Brc1cccc(-n2cncn2)c1', 'O=C1CCc2ncc(Br)cc2N1', 'Oc1ncnc2ccc(Br)cc12', 'Oc1ccnc2ccc(Br)cc12', 'Brc1cnc2ncoc2c1', 'Brc1ccc2cncnc2c1']"
2,"[0.0, 0.0, 39.9]",1.5998583722194473,"['COc1nccc(N)c1Br', 'Oc1ccc2cccnc2c1Br', 'Brc1csc2cnccc12']","['O=C1CCc2cccc(Br)c2N1', 'Fc1cc(Br)ccc1-c1ccccc1', 'CSc1ncc(Br)cn1', 'Brc1ccc2oc3ccccc3c2c1', 'Brc1cccc2[nH]cnc12', 'Oc1ccc(Br)cn1', 'Brc1cccnc1', 'OC1CCOc2c(Br)cccc21', 'CC(O)c1ccc(Br)cc1', 'Cc1ccc(Br)cc1', 'O=C1NCc2cc(Br)ccc21', 'O=C1CCc2ccc(Br)cc2N1', 'O=C1CCCc2ccc(Br)cc2N1', 'O=C1COc2cc(Br)ccc2N1', 'Brc1cnc2cc[nH]c2c1', 'Oc1ccc(Br)cc1', 'Fc1ccc(Br)cc1', 'Brc1cnc(Oc2cccnc2)nc1', 'N#CCCc1ccc(Br)cc1', 'Brc1cncc2ccccc12', 'Cn1cnc2ccc(Br)cc21', 'Nc1c(F)cncc1Br', 'Nc1ncc(Br)cn1', 'OCC(O)c1cccc(Br)c1', 'C=CCc1ccc(Br)c(F)c1', 'Oc1ncc(Br)cn1', 'CC(C)(CO)c1ccc(Br)cn1', 'Brc1cncc2[nH]ccc12', 'Brc1cccc2cncnc12']"
3,"[3.0, 81.1, 15.5]",1.9793270634010842,"['OB(O)c1ccc(Br)s1', 'Brc1cnc2ncccn12', 'Cn1cc(Br)nn1']","['CC(=O)Cc1cccc(Br)c1', 'OCc1ccc(Br)cc1', 'Brc1cnc2cncn2c1', 'CC1(C)C(=O)Nc2ccc(Br)cc21', 'FC(F)(F)c1cc(Br)c2nc[nH]c2c1', 'Nc1nc2ccc(Br)cc2o1', 'CC(C)(N)c1ccc(Br)cc1', 'Nc1ncncc1Br', 'O=C1CCCN1c1ccc(Br)cc1F', 'COc1ccc2nccc(Br)c2c1', 'FC(F)(F)c1ccc(Br)c2[nH]ccc12', 'NCCc1ccc(Br)cc1', 'CC(=O)Nc1ccc(C(C)=O)cc1Br', 'CC(=O)c1cc(Br)cs1', 'CC(=O)Nc1ccc(Br)cc1', 'CC(=O)Nc1ncc(F)cc1Br', 'Brc1ccnc2ccccc12', 'COc1ccc2cc(Br)ccc2n1', 'Brc1cccc(-n2ccnc2)c1', 'COc1cccc(Br)c1', 'Cc1cn2cc(F)cc(Br)c2n1', 'Brc1cncnc1', 'Oc1ccccc1Br', 'Oc1cc2cccc(Br)c2cn1', 'Brc1cnc2nccn2c1']"
4,"[20.6, 0.3, 0.6]",2.092967094239044,"['Brc1cccc2nccn12', 'CCc1cccn2c(Br)cnc12', 'Nc1ncnn2c(Br)ccc12']","['CC(C)c1ccc(Br)cc1', 'Brc1cnn(-c2ccncc2)c1', 'Brc1ccnc2cccnc12', 'Brc1cccc2[nH]c3ccccc3c12', 'Brc1cc2ncccc2[nH]1', 'Brc1ccc2[nH]cnc2c1', 'FC(F)(F)c1nc2ccc(Br)cn2n1', 'Brc1cnn2ccccc12', 'Brc1cccc(-c2cc[nH]n2)c1', 'OC1Cc2ccc(Br)cc2C1', 'Brc1cnn(-c2ncccn2)c1', 'Brc1cccc(-c2nnn[nH]2)c1', 'N#Cc1cc(Br)cs1', 'NC1(c2ccc(Br)cc2)CC1', 'COc1ccc2[nH]cc(Br)c2n1', 'Brc1ccc(C2OCCO2)cc1', 'N#Cc1cc2cc(Br)ccc2s1', 'OC(c1ccc(Br)cn1)C(F)(F)F', 'Brc1cccc(Cn2cccn2)c1', 'Oc1cccc(Br)c1', 'O=c1[nH]cc(Br)c(=O)[nH]1']"
5,"[0.0, 28.9, 15.7]",2.285605823436972,"['Fc1ncc(Br)c(F)n1', 'Oc1ccc(Br)nc1', 'Brc1cnc2nncn2c1']","['CC(C)(C)c1cc(Br)c2ncccc2c1', 'CC(C)(C)OC(=O)Nc1ccc(Br)cn1', 'O=c1cc(O)c2ccc(Br)cc2o1', 'N#Cc1cccc(Br)c1', 'CC(C)(C)Oc1ccc(Br)cc1', 'O=C1CCC(Oc2ccccc2Br)CC1', 'Cc1nc2cccc(Br)n2n1', 'Brc1cccc(-c2nnc(C3CC3)o2)c1', 'Cc1cn[nH]c1-c1ccc(Br)cc1', 'Cn1cnc2cc(Br)ccc21', 'Nc1nc2cc(Br)ccc2o1', 'Brc1ccn2nnnc2c1', 'O=C1Nc2ccc(Br)cc2C12OCCO2', 'Brc1ccc2c(c1)oc1ccccc12', 'FC(F)(F)c1ccc(Br)c2ncccc12', 'Brc1ccc2cnccc2c1', 'Brc1ccc(-c2ccn[nH]2)s1', 'Brc1ccc(N2CCOCC2)nc1']"
6,"[43.5, 63.4, 44.1]",2.4985627339954934,"['Brc1ccc2[nH]ccc2n1', 'Fc1ccc(Br)nc1', 'Nc1cc(Br)ncn1']","['Brc1cn2ccnc2cn1', 'Brc1ccc(-c2cccs2)cc1', 'FC(F)(F)c1ncc(Br)cn1', 'O=C1CN(Cc2cccc(Br)c2)C(=O)N1', 'NS(=O)(=O)Cc1cccc(Br)c1', 'Brc1ccc(C2CCCN2)cc1', 'Cn1ccc(-c2cccc(Br)c2)n1', 'Brc1ccc([C@@H]2CNCCO2)cc1', 'O=C1CCC(c2cccc(Br)c2)CN1', 'Brc1ccc(-n2cnnc2)nc1', 'Cc1n[nH]c2cc(Br)ccc12', 'O=S(=O)(O)c1cncc(Br)c1', 'FC(F)C(F)(F)Oc1cccc(Br)c1', 'CC(C)(C)c1cccc(Br)c1', 'COc1cccnc1Br']"
7,"[20.4, 5.9, 52.4]",2.671761844890694,"['Brc1ncccn1', 'Brc1ccn2nccc2n1', 'Nc1nccc(Br)n1']","['CC(=O)N1CCc2cc(Br)ccc21', 'Cc1ccc(Br)nc1', 'CCC(=O)c1ccc(Br)cc1O', 'Cc1cncc(Br)n1', 'CS(=O)(=O)c1ccc(Br)cc1', 'Nc1cc(Br)ccn1', 'Oc1cccc(Br)n1', 'COc1cc(Br)cc(OC)c1', 'FC(F)(F)c1cc2ccc(Br)cc2cn1', 'Oc1ccnc(Br)c1', 'Brc1ccc(-c2nnc[nH]2)cc1', 'CC(=O)CC(=O)c1ccc(Br)cc1', 'COc1ncc(Br)nc1OC']"
8,"[15.2, 21.0, 58.4]",2.9948246244611396,"['Brc1ncc[nH]1', 'Cn1cnc(Br)c1', 'Brc1ccc2cccnc2n1']","['COc1ccc2cc(Br)ncc2n1', 'COc1ccc2nc(Br)ccc2n1', 'Cc1cc(Br)ccn1', 'O=C1c2ccc(Br)cc2CN1C1CC1', 'CC(=O)/C=C/c1ccc(Br)cc1', 'CNC(=O)c1ccnc(Br)c1', 'Cc1ccnc(Br)c1', 'Brc1nncc2ccccc12', 'Brc1ccc2ncccc2n1', 'Brc1ccc2ccncc2n1', 'Brc1cnc2ccccc2n1']"
