,obj_values ['yield'],Vendi_score,eval_samples,cut_samples
0,"[5.9, 0.6, 0.3]",2.124712926911606,"['Brc1ccn2nccc2n1', 'Brc1cc2ncncc2s1', 'Brc1cnn2ccccc12']",[]
1,"[52.4, 14.2, 0.3]",2.0836743394662807,"['Nc1nccc(Br)n1', 'Brc1ccc2ncccc2n1', 'Brc1ccc2ccncc2n1']","['OC1CCOc2c(Br)cccc21', 'Brc1cccc2ccoc12', 'Brc1cccc2nccn12', 'OB(O)c1ccc(Br)s1', 'Brc1ccc(-c2ccn[nH]2)s1', 'Brc1cccc2cnccc12', 'Brc1cccc2nccnc12', 'Brc1ccnc2cccnc12', 'Brc1cccc2cncnc12', 'Brc1cnc2cncn2c1', 'Brc1ccc2ncnn2c1', 'Fc1ccccc1Br', 'COc1ccc2[nH]cc(Br)c2n1', 'Brc1cccc2[nH]ncc12', 'Brc1cnn(-c2ccncc2)c1', 'Oc1ncnc2ccc(Br)cc12', 'Brc1ccc2cnnn2c1', 'CSc1ncc(Br)cn1', 'Brc1cn2ccnc2cn1', 'CC(=O)c1cc(Br)cs1', 'Brc1cnn(-c2ncccn2)c1', 'C=CCc1ccc(Br)c(F)c1', 'Brc1cnc2[nH]ncc2c1', 'COc1ncc(Br)nc1OC', 'Brc1csc2cnccc12', 'OCc1ccc(Br)c(F)c1', 'Oc1ncc(Br)cn1', 'Cc1cn2cc(F)cc(Br)c2n1', 'O=C1CCc2ncc(Br)cc2N1', 'COc1ccc2cc(Br)cnc2n1', 'Brc1cnc2ncoc2c1', 'Oc1ccnc2ccc(Br)cc12', 'Brc1ccc2nn[nH]c2c1', 'Oc1cnc2cc(Br)ccc2n1']"
2,"[20.4, 12.1, 85.9]",2.331599567051447,"['Brc1ncccn1', 'Oc1cccc(Br)c1', 'Cc1cc(Br)ccn1']","['Brc1cccc(-n2cncn2)c1', 'Oc1ccnc(Br)c1', 'Oc1nccc2cc(Br)cnc12', 'C#Cc1ccc(Br)cc1', 'CC(=O)c1cccc(Br)c1', 'COc1cccnc1Br', 'CCC(=O)c1ccc(Br)cc1O', 'COc1ccc2cc(Br)ncc2n1', 'CNC(=O)c1ccnc(Br)c1', 'COc1cc2ccc(Br)nc2cn1', 'COc1ccc2nc(Br)ccc2n1', 'Cc1ccc(Br)nc1', 'Cc1ccc2ccc(Br)nc2n1', 'Cc1ccnc(Br)c1', 'Cc1cncc(Br)n1', 'COc1ncc2cc(Br)ccc2n1', 'Nc1cc(Br)ncn1', 'Brc1ccc2ncncc2c1', 'Oc1ccc(Br)nc1', 'FC(F)(F)c1ccc2cc(Br)ncc2n1', 'FC(F)(F)c1cnc2nc(Br)ccc2c1', 'Oc1cccc(Br)n1', 'Brc1ncnc2ccccc12', 'Brc1ccc(-c2ncco2)cc1', 'Brc1ccc2cnccc2c1', 'Brc1ccc2cccnc2n1', 'Brc1ccc2cncnc2c1', 'Brc1nncc2ccccc12', 'Brc1cnc2ccccc2n1']"
3,"[60.9, 66.7, 17.7]",2.3903040262555777,"['Brc1cncnc1', 'Fc1ccc(Br)cc1', 'Nc1ncncc1Br']","['CC(=O)Cc1cccc(Br)c1', 'O=C1CCc2ccc(Br)cc2N1', 'Cc1ccc(Br)cn1', 'CC(=O)CC(=O)c1ccc(Br)cc1', 'CC(C)(C#N)c1ccc(Br)cn1', 'CNC(=O)c1cccc(Br)c1', 'CC(O)c1ccc(Br)cc1', 'COc1cccc(Br)c1', 'Brc1cccnc1', 'O=C1COc2cc(Br)ccc2N1', 'O=C1NCc2cc(Br)ccc21', 'FCCOc1cncc(Br)c1', 'Brc1cnc2cccnc2c1', 'Fc1cc(Br)ccc1-c1ccccc1', 'OCC(O)c1cccc(Br)c1', 'Brc1cnc2[nH]ccc2c1', 'O=C1CC(c2ccc(Br)cc2)N1', 'Brc1cccc(-n2ccnc2)c1', 'Nc1cc(Br)ccn1', 'OCc1ccc(Br)cc1', 'FC(F)(F)c1cncc(Br)c1', 'Cc1cncc(Br)c1', 'Cc1n[nH]c2cc(Br)ccc12', 'Cc1cc(Br)cnc1C', 'Cc1ccc(Br)cc1']"
4,"[27.0, 0.0, 63.4]",2.4906163831499253,"['N#Cc1cccc(Br)c1', 'Fc1ncc(Br)c(F)n1', 'Fc1ccc(Br)nc1']","['Oc1ccc(Br)cn1', 'Brc1ccnc2ccccc12', 'CC1(C)C(=O)Nc2ccc(Br)cc21', 'Brc1cccc2ncncc12', 'CC(C)(CO)c1ccc(Br)cn1', 'Brc1cnc2ncccc2c1', 'CC(C)(N)c1ccc(Br)cc1', 'N#CC1(c2ccc(Br)cc2)CC1', 'O=C1CCCc2ccc(Br)cc2N1', 'Brc1ccc2oc3ccccc3c2c1', 'Oc1ccc(Br)cc1', 'NCCc1ccc(Br)cc1', 'N#CCCc1ccc(Br)cc1', 'NC1(c2ccc(Br)cc2)CC1', 'Nc1ncc(Br)cn1', 'Cc1cn[nH]c1-c1ccc(Br)cc1', 'Brc1cnc2cc[nH]c2c1', 'Nc1c(F)cncc1Br', 'COc1ccccc1Br', 'Cn1nnc(-c2ccc(Br)cn2)n1', 'Cn1cnc2ccc(Br)cc21']"
5,"[16.2, 0.0, 15.5]",2.870160989265547,"['Oc1ccccc1Br', 'Brc1ncn[nH]1', 'Cn1cc(Br)nn1']","['Brc1cccc2[nH]cnc12', 'CC(C)(CO)c1cc(Br)ccn1', 'COc1ccc2cc(Br)ccc2n1', 'Brc1cccc(-c2cc[nH]n2)c1', 'CC(C)c1ccc(Br)cc1', 'OC1Cc2ccc(Br)cc2C1', 'CC(C)(C)c1cccc(Br)c1', 'Brc1cncc2ccccc12', 'Brc1ccn2nnnc2c1', 'Nc1nc2ccc(Br)cc2o1', 'Brc1cccc(-c2nnn[nH]2)c1', 'Brc1ccc2c(c1)oc1ccccc12', 'Brc1ccc2[nH]cnc2c1', 'Brc1ccc(C2OCCO2)cc1', 'FC(F)(F)c1ncc(Br)cn1', 'Brc1cncc2[nH]ccc12', 'Brc1cccc(Cn2cccn2)c1', 'O=c1cc(O)c2ccc(Br)cc2o1']"
6,"[0.0, 30.6, 43.5]",3.225183874353163,"['CC(C)(C)OC(=O)N1CCN(Cc2ccc(Br)cc2)CC1', 'N#Cc1cc(Br)cs1', 'Brc1ccc2[nH]ccc2n1']","['Brc1ccc(C2CCCN2)cc1', 'Oc1cc2cccc(Br)c2cn1', 'Cn1cnc2cc(Br)ccc21', 'N#Cc1cc2cc(Br)ccc2s1', 'Nc1nc2cc(Br)ccc2o1', 'CC(=O)Nc1ccc(Br)cc1', 'FC(F)C(F)(F)Oc1cccc(Br)c1', 'COc1ccc2nccc(Br)c2c1', 'O=C1CCCN1c1ccc(Br)cc1F', 'Brc1cnc2nccn2c1', 'O=C1CCc2cccc(Br)c2N1', 'Brc1cnc(Oc2cccnc2)nc1', 'COc1cc(Br)cc(OC)c1', 'O=S(=O)(O)c1cncc(Br)c1', 'CC(=O)/C=C/c1ccc(Br)cc1']"
7,"[59.0, 0.0, 20.9]",3.175386589828569,"['NS(=O)(=O)Cc1cccc(Br)c1', 'FC(F)(F)Sc1ccc(Br)cc1', 'CC1(C)OB(c2ccc(Br)cc2)OC1(C)C']","['Brc1ccc([C@@H]2CNCCO2)cc1', 'Brc1ccc(-c2nnc[nH]2)cc1', 'OC(c1ccc(Br)cn1)C(F)(F)F', 'O=C1CN(Cc2cccc(Br)c2)C(=O)N1', 'Cn1ccc(-c2cccc(Br)c2)n1', 'O=C1CCC(c2cccc(Br)c2)CN1', 'O=C1CC(c2cccc(Br)c2)CC(=O)N1', 'O=C(c1ccc(Br)cc1)N1CCOCC1', 'Brc1cccc(-c2nnc(C3CC3)o2)c1', 'Brc1ccc(-c2cccs2)cc1', 'O=C1c2ccc(Br)cc2CN1C1CC1', 'CC(C)(C)Oc1ccc(Br)cc1', 'CS(=O)(=O)c1ccc(Br)cc1']"
8,"[27.8, 28.5, 22.0]",3.207577154715128,"['C[C@@H](NC(=O)OC(C)(C)C)c1ccc(Br)cc1', 'CC(C)(C)OC(=O)N1CCCCC1c1ccc(Br)cc1', 'O=C1CCC(Oc2cccc(Br)c2)CC1']","['CC(C)NC(=O)c1ccc(Br)cn1', 'O=C1Nc2ccc(Br)cc2C12OCCO2', 'CC(C)Sc1ccc(Br)cc1', 'FC(F)(F)c1cc(Br)c2nc[nH]c2c1', 'FC(F)(F)c1ccc(Br)c2[nH]ccc12', 'CC(=O)N1CCc2cc(Br)ccc21', 'O=C(c1cccc(Br)c1)C(F)(F)F', 'C[Si](C)(C)C#Cc1cccc(Br)c1', 'CC(C)(C)OC(=O)Nc1ccc(Br)cn1', 'O=S(=O)(CCO)c1ccc(Br)cc1', 'FC(F)(F)c1cc2ccc(Br)cc2cn1']"
