,obj_values ['yield'],Vendi_score,eval_samples,cut_samples
0,"[43.9, 4.0, 0.0]",2.362047415703901,"['O=C1CN(Cc2cccc(Br)c2)C(=O)N1', 'CC(C)(C)OC(=O)N1C[C@H](F)C[C@H]1c1nc(Br)c[nH]1', 'Brc1nncs1']",[]
1,"[0.0, 0.0, 1.5]",3.143703958351306,"['CCOc1ccc(F)c(B(O)O)c1Br', 'COc1cc2ccc(Br)nc2cn1', 'CC(C)(C)OC(=O)N1CCN(c2ncc(Br)cn2)CC1']",[]
2,"[85.9, 0.3, 0.0]",3.8518088365153393,"['Cc1cc(Br)ccn1', 'COc1ccc(COc2cccc(Br)n2)cc1', 'OCc1coc(Br)n1']",[]
3,"[0.0, 69.7, 0.3]",3.5813496778459304,"['Brc1ccn2nnnc2c1', 'CC(C)(CO)c1cc(Br)ccn1', 'Nc1cc(Br)ccn1']",[]
4,"[0.0, 0.0, 60.9]",3.7600889736495273,"['FC(F)(F)c1cnc2cc(Br)ncc2n1', 'Brc1ncn[nH]1', 'Brc1cncnc1']",[]
5,"[0.0, 0.3, 17.2]",3.627068633396861,"['FC(F)(F)Sc1ccc(Br)cc1', 'Oc1ccnc(Br)c1', 'FC(F)(F)c1ncc(Br)cn1']",[]
6,"[0.0, 66.7, 39.2]",3.723891267181671,"['COc1nccc(N)c1Br', 'Fc1ccc(Br)cc1', 'Brc1cnn(-c2ccncc2)c1']",[]
7,"[0.3, 0.0, 19.7]",3.67651597776327,"['Cc1ccc(S(=O)(=O)n2cc(Br)c3ccccc32)cc1', 'CC(C)(N)c1ccc(Br)cc1', 'Brc1cnc2[nH]ncc2c1']",[]
8,"[38.0, 0.0, 22.0]",3.5181655870089075,"['Brc1cccc(-c2cc[nH]n2)c1', 'CN1CCOc2cc(Br)ccc21', 'CC(C)(C)Oc1ccc(Br)cc1']",[]
