,obj_values ['yield'],Vendi_score,eval_samples,cut_samples
0,"[0.0, 31.1, 0.0]",1.313453678607569,"['Brc1ccc2nn[nH]c2c1', 'Brc1cccc2ccoc12', 'O=C(c1cccc(Br)c1)C(F)(F)F']",[]
1,"[16.3, 18.5, 0.0]",1.567430164633979,"['OC1CCOc2c(Br)cccc21', 'Cc1cn2cc(F)cc(Br)c2n1', 'Oc1ccc2cccnc2c1Br']",[]
2,"[0.0, 21.0, 0.0]",2.4621113231478273,"['OCc1coc(Br)n1', 'Cn1cnc(Br)c1', 'Cc1nc2cccc(Br)n2n1']",[]
3,"[0.0, 0.0, 18.6]",3.107975860710655,"['Brc1cccc(N2CCCC2)c1', 'CC(C)(C)OC(=O)N1CCN(Cc2ccc(Br)cc2)CC1', 'CC(C)(C)OC(=O)N1CCCC1c1nc(Br)c[nH]1']",[]
4,"[0.3, 17.2, 39.2]",3.0596761352235182,"['Brc1cnn2ccccc12', 'Brc1cnn(-c2ncccn2)c1', 'Brc1cnn(-c2ccncc2)c1']",[]
5,"[20.4, 0.0, 0.0]",3.3454810281767924,"['Brc1ncccn1', 'Fc1ncc(Br)c(F)n1', 'COc1nccc(N)c1Br']",[]
6,"[0.0, 15.2, 0.3]",3.778781306965208,"['Brc1nncs1', 'Brc1ncc[nH]1', 'COc1ccc(COc2cccc(Br)n2)cc1']",[]
7,"[12.4, 0.0, 9.6]",3.6041406206906883,"['Brc1ccc(-c2ncco2)cc1', 'Brc1ccc(CN2CCOCC2)cc1', 'O=C1CCc2cccc(Br)c2N1']",[]
8,"[30.6, 53.1, 0.0]",3.555828630343599,"['N#Cc1cc(Br)cs1', 'CC(C)c1ccc(Br)cc1', 'CC(=O)/C=C/c1ccc(Br)cc1']",[]
