,obj_values ['yield'],Vendi_score,eval_samples,cut_samples
0,"[0.6, 0.3, 24.7]",1.6824390728936416,"['Nc1ncnn2c(Br)ccc12', 'Brc1cnc2ncoc2c1', 'Brc1cccc(-c2nnc(C3CC3)o2)c1']",[]
1,"[27.9, 0.3, 34.1]",2.3257935165081673,"['CCCc1cc(NC(=O)OC(C)(C)C)c2cc(Br)ccc2n1', 'Cc1ccc(S(=O)(=O)n2cc(Br)c3ccccc32)cc1', 'CC(C)(C)OC(=O)NCc1cccc(Br)n1']",[]
2,"[0.0, 0.3, 0.0]",3.1116356795761906,"['CCOc1ccc(F)c(B(O)O)c1Br', 'COc1ccc(COc2cccc(Br)n2)cc1', 'Brc1ncn[nH]1']",[]
3,"[51.8, 0.0, 20.4]",3.4202860318696255,"['CC(C)(C)OC(=O)N1CCCc2ccc(Br)nc21', 'FC(F)(F)c1cnc2cc(Br)ncc2n1', 'Brc1ncccn1']",[]
4,"[0.0, 0.0, 43.5]",3.5747750665538343,"['Brc1cccc(N2CCCC2)c1', 'CC(C)(C)OC(=O)N1CCC(Nc2ccc(Br)cc2)CC1', 'Brc1ccc2[nH]ccc2n1']",[]
5,"[63.4, 53.3, 52.4]",3.4593306381054214,"['Fc1ccc(Br)nc1', 'COc1ccc2nc(Br)ccc2n1', 'Nc1nccc(Br)n1']",[]
6,"[18.8, 0.3, 31.1]",3.2216775162018205,"['Oc1cccc(Br)n1', 'Oc1ccnc(Br)c1', 'COc1ncc(Br)nc1OC']",[]
7,"[0.0, 3.0, 0.0]",3.7113209493983823,"['OCc1coc(Br)n1', 'OB(O)c1ccc(Br)s1', 'Brc1nncs1']",[]
8,"[17.3, 0.3, 0.0]",3.5739394504579374,"['COc1ccc2cc(Br)ncc2n1', 'Brc1ncnc2ccccc12', 'FC(F)(F)c1cnc2nc(Br)ccc2c1']",[]
