,obj_values ['yield'],Vendi_score,eval_samples,cut_samples
0,"[27.8, 1.5, 0.0]",1.5480025628054235,"['C[C@@H](NC(=O)OC(C)(C)C)c1ccc(Br)cc1', 'CC(C)(C)OC(=O)N1CCN(c2ncc(Br)cn2)CC1', 'O=S(=O)(Nc1ccccc1Br)C(F)(F)F']",[]
1,"[42.4, 0.0, 20.4]",2.370482960166422,"['COc1cccnc1Br', 'Brc1ccc(N2CCNCC2)cc1', 'Brc1ncccn1']",[]
2,"[18.6, 0.0, 0.0]",3.590220186953222,"['CC(C)(C)OC(=O)N1CCCC1c1nc(Br)c[nH]1', 'Brc1nncs1', 'OCc1coc(Br)n1']",[]
3,"[18.3, 0.3, 43.5]",3.7196812343253716,"['Cc1ccc2ccc(Br)nc2n1', 'COc1ccc(COc2cccc(Br)n2)cc1', 'Brc1ccc2[nH]ccc2n1']",[]
4,"[0.0, 66.6, 0.0]",3.688909523009692,"['Brc1ccccc1-c1nnn[nH]1', 'COc1ccc(Cn2cnc3cc(Br)ccc32)cc1', 'O=C(Nc1ccc(Br)c(F)c1)c1ccccn1']",[]
5,"[0.0, 0.3, 21.0]",3.8771615349618935,"['FC(F)(F)c1cnc2cc(Br)ncc2n1', 'Brc1ccc2cnnn2c1', 'Cn1cnc(Br)c1']",[]
6,"[20.9, 38.0, 8.9]",3.6564334050358505,"['CC1(C)OB(c2ccc(Br)cc2)OC1(C)C', 'Brc1cccc(-c2cc[nH]n2)c1', 'CC(=O)Nc1ncc(F)cc1Br']",[]
7,"[0.0, 0.3, 0.0]",3.7161484834325296,"['Brc1ccc(CN2CCOCC2)cc1', 'Brc1ccc(-c2ccn[nH]2)s1', 'CC(C)(C)OC(=O)NCCc1c[nH]c2ccc(Br)cc12']",[]
8,"[67.8, 63.4, 0.0]",3.680159381926897,"['Cn1cnc2cc(Br)ccc21', 'Fc1ccc(Br)nc1', 'CCOc1ccc(F)c(B(O)O)c1Br']",[]
