,obj_values ['yield'],Vendi_score,eval_samples,cut_samples
0,"[43.8, 34.1, 0.0]",1.246607827037271,"['CC(C)(C#N)c1ccc(Br)cn1', 'Cc1cc(Br)cnc1C', 'Brc1ccc(N2CCOCC2)nc1']",[]
1,"[41.9, 0.3, 0.0]",1.4048161052040677,"['CS(=O)(=O)c1ccc(Br)cc1', 'Brc1cnc2ncoc2c1', 'O=S(=O)(O)c1cncc(Br)c1']",[]
2,"[51.8, 0.0, 85.7]",2.063961750916854,"['CC(C)(C)OC(=O)N1CCCc2ccc(Br)nc21', 'CC(C)(C)OC(=O)N1CCN(Cc2ccc(Br)cc2)CC1', 'Cc1ccnc(Br)c1']",[]
3,"[0.0, 20.4, 0.3]",2.681659390305806,"['Brc1ncn[nH]1', 'Brc1ncccn1', 'Oc1ccnc(Br)c1']",[]
4,"[0.0, 0.0, 43.5]",2.8456975325625007,"['CCOc1ccc(F)c(B(O)O)c1Br', 'Brc1ccccc1-c1nnn[nH]1', 'Brc1ccc2[nH]ccc2n1']",[]
5,"[0.0, 18.6, 0.3]",3.226205827288811,"['FC(F)(F)c1cnc2nc(Br)ccc2c1', 'CC(C)(C)OC(=O)N1CCCC1c1nc(Br)c[nH]1', 'COc1ccc(COc2cccc(Br)n2)cc1']",[]
6,"[19.1, 0.0, 0.9]",3.064733218280554,"['CC(O)c1ccc(Br)cc1', 'C#Cc1ccc(Br)cc1', 'C=CCc1ccc(Br)c(F)c1']",[]
7,"[0.6, 0.3, 0.0]",3.131949860341229,"['Nc1ncnn2c(Br)ccc12', 'Brc1ccc2ccncc2n1', 'Brc1ccc2nn[nH]c2c1']",[]
8,"[27.9, 8.9, 16.7]",3.1319967439043364,"['CCCc1cc(NC(=O)OC(C)(C)C)c2cc(Br)ccc2n1', 'CC(=O)Nc1ncc(F)cc1Br', 'COc1ncc2cc(Br)ccc2n1']",[]
