,obj_values ['yield'],Vendi_score,eval_samples,cut_samples
0,"[0.0, 16.3, 0.3]",1.7867962142897453,"['CC(C)(C)OC(=O)N1CCC(Nc2ccc(Br)cc2)CC1', 'OC1CCOc2c(Br)cccc21', 'Cc1ccc(S(=O)(=O)n2cc(Br)c3ccccc32)cc1']",[]
1,"[0.0, 15.5, 0.0]",2.342270138527499,"['CCOc1ccc(F)c(B(O)O)c1Br', 'Cn1cc(Br)nn1', 'Brc1ccccc1N1CCNCC1']",[]
2,"[0.0, 0.0, 20.4]",3.541171199750762,"['Brc1nncs1', 'Brc1ncn[nH]1', 'Brc1ncccn1']",[]
3,"[58.4, 63.4, 85.9]",3.7723808889693604,"['Brc1ccc2cccnc2n1', 'Fc1ccc(Br)nc1', 'Cc1cc(Br)ccn1']",[]
4,"[0.3, 27.0, 0.3]",3.5839265986979,"['Brc1ccc2cncnc2c1', 'N#Cc1cccc(Br)c1', 'Nc1cc(Br)ccn1']",[]
5,"[3.0, 0.3, 0.0]",3.893897338397847,"['OB(O)c1ccc(Br)s1', 'COc1ccc(COc2cccc(Br)n2)cc1', 'FC(F)(F)c1cnc2cc(Br)ncc2n1']",[]
6,"[0.0, 18.6, 0.1]",4.065097375888729,"['COc1nccc(N)c1Br', 'CC(C)(C)OC(=O)N1CCCC1c1nc(Br)c[nH]1', 'CC(=O)N1CCc2cc(Br)ccc21']",[]
7,"[23.7, 25.7, 28.9]",3.8520968146910985,"['Nc1nc2cc(Br)ccc2o1', 'OC(c1ccc(Br)cn1)C(F)(F)F', 'Oc1ccc(Br)nc1']",[]
8,"[53.1, 20.9, 0.0]",3.617467606520186,"['CC(C)c1ccc(Br)cc1', 'CC1(C)OB(c2ccc(Br)cc2)OC1(C)C', 'C#Cc1ccc(Br)cc1']",[]
