,obj_values ['yield'],Vendi_score,eval_samples,cut_samples
0,"[0.0, 69.7, 0.0]",1.2189314708112975,"['O=c1cc(O)c2ccc(Br)cc2o1', 'CC(C)(CO)c1cc(Br)ccn1', 'CC(=O)/C=C/c1ccc(Br)cc1']",[]
1,"[31.1, 85.9, 1.6]",1.612430467424958,"['COc1ncc(Br)nc1OC', 'Cc1cc(Br)ccn1', 'CCOP(=O)(Cc1ccc(Br)cn1)OCC']",[]
2,"[0.0, 20.4, 15.5]",2.3805748113543905,"['Brc1ccccc1N1CCNCC1', 'Brc1ncccn1', 'Cn1cc(Br)nn1']",[]
3,"[0.0, 4.0, 0.3]",3.2159621850917257,"['Brc1ncn[nH]1', 'CC(C)(C)OC(=O)N1C[C@H](F)C[C@H]1c1nc(Br)c[nH]1', 'COc1ccc(COc2cccc(Br)n2)cc1']",[]
4,"[0.3, 66.7, 0.6]",3.3417570589974916,"['Oc1ccnc(Br)c1', 'Fc1ccc(Br)cc1', 'Brc1cc2ncncc2s1']",[]
5,"[16.2, 24.4, 60.9]",3.207706407434165,"['Oc1ccccc1Br', 'OCc1ccc(Br)cc1', 'Brc1cncnc1']",[]
6,"[75.3, 81.1, 0.3]",3.204504282329621,"['Brc1cccnc1', 'Brc1cnc2ncccn12', 'Nc1cc(Br)ccn1']",[]
7,"[30.6, 0.3, 0.0]",3.3282507481281236,"['N#Cc1cc(Br)cs1', 'Brc1cnn2ccccc12', 'Fc1ncc(Br)c(F)n1']",[]
8,"[0.0, 0.9, 3.6]",3.154405142579117,"['CC(=O)CC(=O)c1ccc(Br)cc1', 'C=CCc1ccc(Br)c(F)c1', 'CC(C)Sc1ccc(Br)cc1']",[]
