,obj_values ['yield'],Vendi_score,eval_samples,cut_samples
0,"[34.1, 0.6, 9.6]",1.6549882956032922,"['CC(C)(C)OC(=O)NCc1cccc(Br)n1', 'Oc1cnc2cc(Br)ccc2n1', 'O=C1CCc2cccc(Br)c2N1']",[]
1,"[20.4, 18.6, 0.3]",2.6862315608130802,"['Brc1ncccn1', 'CC(C)(C)OC(=O)N1CCCC1c1nc(Br)c[nH]1', 'COc1ccc(COc2cccc(Br)n2)cc1']",[]
2,"[0.0, 44.7, 0.0]",3.5788889947408924,"['Brc1nncs1', 'Brc1ncccc1OC1CCCCO1', 'OCc1coc(Br)n1']",[]
3,"[43.5, 0.0, 0.3]",3.9198066367252045,"['Brc1ccc2[nH]ccc2n1', 'CC(C)(C)OC(=O)N1CCC(Nc2ccc(Br)cc2)CC1', 'Cc1ccc(S(=O)(=O)n2cc(Br)c3ccccc32)cc1']",[]
4,"[0.0, 51.8, 58.4]",3.6957488810034853,"['Brc1nncc2ccccc12', 'CC(C)(C)OC(=O)N1CCCc2ccc(Br)nc21', 'Brc1ccc2cccnc2n1']",[]
5,"[0.0, 53.3, 18.3]",3.4557698488142137,"['FC(F)(F)c1cnc2nc(Br)ccc2c1', 'COc1ccc2nc(Br)ccc2n1', 'Cc1ccc2ccc(Br)nc2n1']",[]
6,"[0.0, 63.4, 21.0]",3.687454552100111,"['CCOc1ccc(F)c(B(O)O)c1Br', 'Fc1ccc(Br)nc1', 'Cn1cnc(Br)c1']",[]
7,"[81.1, 0.3, 28.9]",3.6758674603599237,"['Brc1cnc2ncccn12', 'Oc1ccnc(Br)c1', 'Oc1ccc(Br)nc1']",[]
8,"[53.1, 0.3, 0.6]",3.7487195501079755,"['CC(C)c1ccc(Br)cc1', 'CCc1cccn2c(Br)cnc12', 'Nc1ncnn2c(Br)ccc12']",[]
