,obj_values ['yield'],Vendi_score,eval_samples,cut_samples
0,"[60.2, 20.3, 0.3]",1.553315635886345,"['O=C1CC(c2cccc(Br)c2)CC(=O)N1', 'Oc1ccnc2ccc(Br)cc12', 'Brc1ccc(-c2ccn[nH]2)s1']",[]
1,"[21.9, 51.8, 18.2]",1.91585051544052,"['CC(C)(C)OC(=O)NC1(c2ccc(Br)cc2)CC(=O)C1', 'CC(C)(C)OC(=O)N1CCCc2ccc(Br)nc21', 'CN(C)S(=O)(=O)c1ccc(Br)cc1']",[]
2,"[61.9, 0.0, 20.4]",2.892689263273482,"['O=C(OCc1ccccc1)N1CCc2ncc(Br)cc2C1', 'OCc1coc(Br)n1', 'Brc1ncccn1']",[]
3,"[0.0, 0.0, 0.0]",3.107926797661751,"['CCOc1ccc(F)c(B(O)O)c1Br', 'CC(C)(C)OC(=O)N1CCC(Nc2ccc(Br)cc2)CC1', 'Brc1ccccc1N1CCNCC1']",[]
4,"[0.0, 0.3, 0.0]",3.3201216794115247,"['FC(F)(F)c1cnc2nc(Br)ccc2c1', 'COc1ccc(COc2cccc(Br)n2)cc1', 'FC(F)(F)c1cnc2cc(Br)ncc2n1']",[]
5,"[15.7, 18.6, 85.9]",3.685154283093712,"['Brc1cnc2nncn2c1', 'CC(C)(C)OC(=O)N1CCCC1c1nc(Br)c[nH]1', 'Cc1cc(Br)ccn1']",[]
6,"[0.3, 15.5, 72.1]",3.7557576585734807,"['Oc1ccnc(Br)c1', 'Cn1cc(Br)nn1', 'Cc1ccc(Br)cc1']",[]
7,"[1.7, 69.7, 0.3]",3.5927576110283366,"['Brc1ccnc2cccnc12', 'CC(C)(CO)c1cc(Br)ccn1', 'Nc1cc(Br)ccn1']",[]
8,"[0.0, 0.0, 0.0]",3.6550636529342735,"['CC(C)(N)c1ccc(Br)cc1', 'COc1nccc(N)c1Br', 'Fc1ncc(Br)c(F)n1']",[]
