,obj_values ['yield'],Vendi_score,eval_samples,cut_samples
0,"[53.1, 34.1, 0.0]",1.4970285670496715,"['CC(C)c1ccc(Br)cc1', 'Cc1cc(Br)cnc1C', 'O=C(Nc1ccc(Br)c(F)c1)c1ccccn1']",[]
1,"[0.3, 15.2, 55.5]",2.2802493036420626,"['Nc1cc(Br)ccn1', 'Brc1ncc[nH]1', 'Cc1ccc(Br)nc1']",[]
2,"[44.7, 0.0, 20.4]",2.7809942174051345,"['Brc1ncccc1OC1CCCCO1', 'FC(F)(F)c1cnc2nc(Br)ccc2c1', 'Brc1ncccn1']",[]
3,"[0.0, 16.2, 43.5]",3.0933591905057214,"['CC(C)(C)OC(=O)N1CCC(Nc2ccc(Br)cc2)CC1', 'Oc1ccccc1Br', 'Brc1ccc2[nH]ccc2n1']",[]
4,"[0.0, 0.3, 63.4]",3.2571222068064665,"['Brc1nncs1', 'Oc1ccnc(Br)c1', 'Fc1ccc(Br)nc1']",[]
5,"[30.6, 81.1, 0.3]",3.6193725839160877,"['N#Cc1cc(Br)cs1', 'Brc1cnc2ncccn12', 'COc1ccc(COc2cccc(Br)n2)cc1']",[]
6,"[0.3, 0.3, 0.6]",3.717225850408604,"['CCc1cccn2c(Br)cnc12', 'Brc1cnn2ccccc12', 'Nc1ncnn2c(Br)ccc12']",[]
7,"[0.0, 20.3, 3.0]",3.744028604862027,"['CCOc1ccc(F)c(B(O)O)c1Br', 'Oc1ccnc2ccc(Br)cc12', 'OB(O)c1ccc(Br)s1']",[]
8,"[0.0, 38.0, 0.1]",3.5218640440171813,"['CC(C)(N)c1ccc(Br)cc1', 'Brc1cccc(-c2cc[nH]n2)c1', 'CC(=O)N1CCc2cc(Br)ccc21']",[]
