,obj_values ['yield'],Vendi_score,eval_samples,cut_samples
0,"[37.2, 11.3, 17.7]",1.5713859041682718,"['Oc1ncnc2ccc(Br)cc12', 'Cc1cncc(Br)n1', 'Nc1ncncc1Br']",[]
1,"[7.1, 11.4, 0.0]",1.765485024604062,"['N#Cc1cc2cc(Br)ccc2s1', 'CC(C)(C)OC(=O)Nc1ccc(Br)cn1', 'FC(F)(F)c1ccc(Br)c2ncccc12']",[]
2,"[0.0, 0.0, 4.0]",3.0028558875249374,"['Brc1nncs1', 'Brc1ncn[nH]1', 'CC(C)(C)OC(=O)N1C[C@H](F)C[C@H]1c1nc(Br)c[nH]1']",[]
3,"[0.3, 0.0, 0.3]",3.4678109581100656,"['Brc1cnn2ccccc12', 'CCOc1ccc(F)c(B(O)O)c1Br', 'COc1ccc(COc2cccc(Br)n2)cc1']",[]
4,"[0.0, 0.0, 85.9]",3.395663768485029,"['CN1CCOc2cc(Br)ccc21', 'CC(=O)/C=C/c1ccc(Br)cc1', 'Cc1cc(Br)ccn1']",[]
5,"[3.0, 66.7, 0.3]",3.3349612090464396,"['OB(O)c1ccc(Br)s1', 'Fc1ccc(Br)cc1', 'Nc1cc(Br)ccn1']",[]
6,"[75.2, 15.7, 24.4]",3.2994115757707116,"['CNC(=O)c1ccnc(Br)c1', 'Brc1cnc2nncn2c1', 'OCc1ccc(Br)cc1']",[]
7,"[1.3, 28.4, 20.4]",3.3486415853895855,"['Brc1ccc(-c2nc3cnccc3[nH]2)cc1', 'Brc1ccc(-n2cnnc2)nc1', 'Brc1ncccn1']",[]
8,"[0.0, 16.7, 8.9]",3.1787846596311287,"['CC(C)NC(=O)c1ccc(Br)cn1', 'COc1ncc2cc(Br)ccc2n1', 'CC(=O)Nc1ncc(F)cc1Br']",[]
