,obj_values ['yield'],Vendi_score,eval_samples,cut_samples
0,"[24.7, 52.4, 50.4]",1.4976216744757305,"['Brc1cccc(-c2nnc(C3CC3)o2)c1', 'Nc1nccc(Br)n1', 'Brc1ccc(-c2nnc[nH]2)cc1']",[]
1,"[20.4, 20.6, 0.0]",2.1001641158106015,"['Brc1ncccn1', 'Brc1cccc2nccn12', 'Brc1ccc(CN2CCNCC2)cc1']",[]
2,"[0.0, 0.0, 4.0]",3.25084294397399,"['Brc1nncs1', 'Brc1ncn[nH]1', 'CC(C)(C)OC(=O)N1C[C@H](F)C[C@H]1c1nc(Br)c[nH]1']",[]
3,"[43.5, 0.0, 0.0]",3.5043950940889648,"['Brc1ccc2[nH]ccc2n1', 'FC(F)(F)c1cnc2nc(Br)ccc2c1', 'CCOc1ccc(F)c(B(O)O)c1Br']",[]
4,"[15.7, 36.8, 85.9]",3.5487784198892225,"['Brc1cnc2nncn2c1', 'Oc1ccc(Br)cc1', 'Cc1cc(Br)ccn1']",[]
5,"[1.3, 60.9, 0.3]",3.35662771497664,"['Brc1ccc(-c2nc3cnccc3[nH]2)cc1', 'Brc1cncnc1', 'Nc1cc(Br)ccn1']",[]
6,"[0.3, 69.7, 0.1]",3.3320132846091837,"['Brc1cnn2ccccc12', 'CC(C)(CO)c1cc(Br)ccn1', 'CC(=O)N1CCc2cc(Br)ccc21']",[]
7,"[27.0, 17.2, 15.2]",3.4413208221873823,"['N#Cc1cccc(Br)c1', 'FC(F)(F)c1ncc(Br)cn1', 'Brc1ncc[nH]1']",[]
8,"[17.7, 0.0, 85.7]",3.3870721681762768,"['Nc1ncncc1Br', 'FC(F)(F)Sc1ccc(Br)cc1', 'Cc1ccnc(Br)c1']",[]
