,obj_values ['yield'],Vendi_score,eval_samples,cut_samples
0,"[0.0, 15.4, 0.0]",1.4903428637160994,"['CC(C)(N)c1ccc(Br)cc1', 'FC(F)(F)c1nc2ccc(Br)cn2n1', 'O=C(c1cccc(Br)c1)c1ccccn1']",[]
1,"[17.2, 15.7, 1.5]",1.9351700827457268,"['FC(F)(F)c1ncc(Br)cn1', 'Brc1cnc2nncn2c1', 'CC(C)(C)OC(=O)N1CCN(c2ncc(Br)cn2)CC1']",[]
2,"[0.0, 0.0, 0.6]",2.3978895815157197,"['Fc1ncc(Br)c(F)n1', 'Brc1nncs1', 'Brc1cc2ncncc2s1']",[]
3,"[15.2, 0.0, 20.4]",3.309747515442642,"['Brc1ncc[nH]1', 'CCOc1ccc(F)c(B(O)O)c1Br', 'Brc1ncccn1']",[]
4,"[0.0, 43.5, 0.3]",3.897105035301244,"['OCc1coc(Br)n1', 'Brc1ccc2[nH]ccc2n1', 'COc1ccc(COc2cccc(Br)n2)cc1']",[]
5,"[18.6, 0.6, 58.4]",4.258722261645391,"['CC(C)(C)OC(=O)N1CCCC1c1nc(Br)c[nH]1', 'Nc1ncnn2c(Br)ccc12', 'Brc1ccc2cccnc2n1']",[]
6,"[0.0, 0.9, 18.3]",4.178651822055997,"['COc1nccc(N)c1Br', 'C=CCc1ccc(Br)c(F)c1', 'Cc1ccc2ccc(Br)nc2n1']",[]
7,"[0.0, 0.0, 7.1]",3.946795474840087,"['Nc1cnc(-c2cccc(Br)c2)nc1', 'Brc1ccc(N2CCOCC2)nc1', 'N#Cc1cc2cc(Br)ccc2s1']",[]
8,"[53.1, 8.9, 0.3]",3.796809504189991,"['CC(C)c1ccc(Br)cc1', 'CC(=O)Nc1ncc(F)cc1Br', 'Brc1ccc2ccncc2n1']",[]
