,obj_values ['yield'],Vendi_score,eval_samples,cut_samples
0,"[27.9, 44.1, 41.9]",1.8444378456667774,"['CCCc1cc(NC(=O)OC(C)(C)C)c2cc(Br)ccc2n1', 'Nc1cc(Br)ncn1', 'CS(=O)(=O)c1ccc(Br)cc1']",[]
1,"[20.4, 15.5, 0.3]",2.7076473474229634,"['Brc1ncccn1', 'Cn1cc(Br)nn1', 'COc1ccc(COc2cccc(Br)n2)cc1']",[]
2,"[18.6, 0.0, 0.0]",3.646871614375632,"['CC(C)(C)OC(=O)N1CCCC1c1nc(Br)c[nH]1', 'Brc1ncn[nH]1', 'CCOc1ccc(F)c(B(O)O)c1Br']",[]
3,"[85.9, 43.5, 15.7]",3.8047525309131465,"['Cc1cc(Br)ccn1', 'Brc1ccc2[nH]ccc2n1', 'Brc1cnc2nncn2c1']",[]
4,"[0.0, 12.1, 0.3]",3.6101468824484355,"['Brc1cccc(N2CCCC2)c1', 'Oc1cccc(Br)c1', 'Nc1cc(Br)ccn1']",[]
5,"[0.3, 0.0, 0.0]",3.7714989067498506,"['Brc1ccc2ccncc2n1', 'Brc1nncs1', 'FC(F)(F)c1cnc2nc(Br)ccc2c1']",[]
6,"[42.4, 14.3, 0.0]",3.715164419782356,"['COc1cccnc1Br', 'CC(C)(C)OC(=O)n1cc(Br)c2cccnc21', 'CC(=O)/C=C/c1ccc(Br)cc1']",[]
7,"[24.7, 63.4, 7.1]",3.5381436657385272,"['Brc1cccc(-c2nnc(C3CC3)o2)c1', 'Fc1ccc(Br)nc1', 'N#Cc1cc2cc(Br)ccc2s1']",[]
8,"[0.0, 28.5, 0.3]",3.463028082021671,"['CC(C)NC(=O)c1ccc(Br)cn1', 'CC(C)(C)OC(=O)N1CCCCC1c1ccc(Br)cc1', 'Oc1ccnc(Br)c1']",[]
