,obj_values ['yield'],Vendi_score,eval_samples,cut_samples
0,"[15.4, 60.9, 18.3]",1.7818056575083032,"['FC(F)(F)c1nc2ccc(Br)cn2n1', 'Brc1cncnc1', 'Cc1ccc2ccc(Br)nc2n1']",[]
1,"[0.0, 0.0, 28.3]",2.808018338903119,"['OCc1coc(Br)n1', 'Brc1nncs1', 'Fc1ccccc1Br']",[]
2,"[0.0, 0.0, 0.3]",3.6204640020982066,"['CC(C)(C)OC(=O)N1CCN(Cc2ccc(Br)cc2)CC1', 'CCOc1ccc(F)c(B(O)O)c1Br', 'Brc1cnn2ccccc12']",[]
3,"[27.0, 1.7, 85.9]",3.3700750507782384,"['N#Cc1cccc(Br)c1', 'Brc1ccnc2cccnc12', 'Cc1cc(Br)ccn1']",[]
4,"[12.1, 0.3, 21.0]",3.540647167671413,"['Oc1cccc(Br)c1', 'Oc1ccnc(Br)c1', 'Cn1cnc(Br)c1']",[]
5,"[37.2, 0.0, 16.3]",3.2883722714795076,"['Oc1ncnc2ccc(Br)cc12', 'Brc1ccc(N2CCOCC2)nc1', 'OC1CCOc2c(Br)cccc21']",[]
6,"[17.3, 8.9, 0.0]",3.200214185232052,"['COc1ccc2cc(Br)ncc2n1', 'CC(=O)Nc1ncc(F)cc1Br', 'CC(=O)/C=C/c1ccc(Br)cc1']",[]
7,"[0.0, 0.3, 7.1]",3.16796455541114,"['Nc1cnc(-c2cccc(Br)c2)nc1', 'Brc1ccc(-c2ccn[nH]2)s1', 'N#Cc1cc2cc(Br)ccc2s1']",[]
8,"[0.0, 37.7, 20.9]",3.0264720793471,"['CC(C)(N)c1ccc(Br)cc1', 'CC(=O)Nc1ccc(Br)cc1', 'CC1(C)OB(c2ccc(Br)cc2)OC1(C)C']",[]
