,obj_values ['yield'],Vendi_score,eval_samples,cut_samples
0,"[24.4, 0.0, 34.9]",1.25452963065986,"['OCc1ccc(Br)cc1', 'Nc1cnc(-c2cccc(Br)c2)nc1', 'Cn1ccc(-c2cccc(Br)c2)n1']",[]
1,"[40.9, 0.0, 41.5]",1.3254549432575322,"['O=C1CCCN1c1ccc(Br)cc1F', 'Brc1cccc(N2CCCC2)c1', 'Brc1cccc(Cn2cccn2)c1']",[]
2,"[30.6, 0.0, 25.7]",1.6686235382215602,"['N#Cc1cc(Br)cs1', 'Brc1ccn2nnnc2c1', 'OC(c1ccc(Br)cn1)C(F)(F)F']",[]
3,"[0.0, 4.0, 0.0]",2.5856656546160113,"['CC(C)(C)OC(=O)N1CCC(Nc2ccc(Br)cc2)CC1', 'CC(C)(C)OC(=O)N1C[C@H](F)C[C@H]1c1nc(Br)c[nH]1', 'OCc1coc(Br)n1']",[]
4,"[0.0, 0.3, 0.0]",3.0413093165629714,"['CCOc1ccc(F)c(B(O)O)c1Br', 'COc1ccc(COc2cccc(Br)n2)cc1', 'COc1nccc(N)c1Br']",[]
5,"[63.4, 3.0, 20.4]",3.4376481180038487,"['Fc1ccc(Br)nc1', 'OB(O)c1ccc(Br)s1', 'Brc1ncccn1']",[]
6,"[17.3, 28.9, 43.5]",3.366609733897908,"['COc1ccc2cc(Br)ncc2n1', 'Oc1ccc(Br)nc1', 'Brc1ccc2[nH]ccc2n1']",[]
7,"[42.2, 15.5, 0.3]",3.2922579834876737,"['Brc1cccc(-n2cncn2)c1', 'Cn1cc(Br)nn1', 'Oc1ccnc(Br)c1']",[]
8,"[53.1, 31.2, 20.9]",3.1325904136324065,"['CC(C)c1ccc(Br)cc1', 'CC(=O)Cc1cccc(Br)c1', 'CC1(C)OB(c2ccc(Br)cc2)OC1(C)C']",[]
