,obj_values ['yield'],Vendi_score,eval_samples,cut_samples
0,"[15.5, 21.7, 0.0]",1.605487322324006,"['Cn1cc(Br)nn1', 'Brc1ccc2c(c1)oc1ccccc12', 'CCC(=O)c1ccc(Br)cc1O']",[]
1,"[0.0, 0.0, 0.0]",2.7071595314247174,"['CC(C)(C)OC(=O)N1CCC(Nc2ccc(Br)cc2)CC1', 'COc1nccc(N)c1Br', 'Brc1nncs1']",[]
2,"[15.2, 0.3, 20.4]",3.7012739380379833,"['Brc1ncc[nH]1', 'COc1ccc(COc2cccc(Br)n2)cc1', 'Brc1ncccn1']",[]
3,"[63.4, 0.0, 43.5]",3.906718796087014,"['Fc1ccc(Br)nc1', 'OCc1coc(Br)n1', 'Brc1ccc2[nH]ccc2n1']",[]
4,"[44.7, 66.7, 30.6]",3.9596334486100515,"['Brc1ncccc1OC1CCCCO1', 'Fc1ccc(Br)cc1', 'N#Cc1cc(Br)cs1']",[]
5,"[72.1, 24.4, 22.5]",3.659509168470352,"['Cc1ccc(Br)cc1', 'OCc1ccc(Br)cc1', 'Oc1ccc(Br)cn1']",[]
6,"[0.3, 0.0, 27.0]",3.498053488550402,"['Oc1ccnc(Br)c1', 'CC(=O)/C=C/c1ccc(Br)cc1', 'N#Cc1cccc(Br)c1']",[]
7,"[0.6, 0.3, 25.7]",3.548989586546593,"['Nc1ncnn2c(Br)ccc12', 'Brc1ccc2ccncc2n1', 'OC(c1ccc(Br)cn1)C(F)(F)F']",[]
8,"[0.0, 41.9, 17.2]",3.3940073322020057,"['CC(C)(N)c1ccc(Br)cc1', 'CS(=O)(=O)c1ccc(Br)cc1', 'CC(=O)c1cc(Br)cs1']",[]
