,obj_values ['yield'],Vendi_score,eval_samples,cut_samples
0,"[5.9, 38.0, 47.7]",1.5540166787003085,"['Brc1ccn2nccc2n1', 'Brc1cccc(-c2cc[nH]n2)c1', 'O=S(=O)(CCO)c1ccc(Br)cc1']",[]
1,"[28.5, 0.0, 0.0]",2.0443345043174204,"['CC(C)(C)OC(=O)N1CCCCC1c1ccc(Br)cc1', 'O=C(Nc1ccc(Br)c(F)c1)c1ccccn1', 'O=S(=O)(Nc1ccccc1Br)C(F)(F)F']",[]
2,"[85.9, 18.6, 0.0]",3.0248266962563872,"['Cc1cc(Br)ccn1', 'CC(C)(C)OC(=O)N1CCCC1c1nc(Br)c[nH]1', 'Brc1ncn[nH]1']",[]
3,"[69.7, 0.3, 1.7]",2.859270027669977,"['CC(C)(CO)c1cc(Br)ccn1', 'Nc1cc(Br)ccn1', 'Brc1ccnc2cccnc12']",[]
4,"[0.3, 17.2, 0.0]",3.1015709040847432,"['COc1ccc(COc2cccc(Br)n2)cc1', 'FC(F)(F)c1ncc(Br)cn1', 'FC(F)(F)c1cnc2nc(Br)ccc2c1']",[]
5,"[0.0, 0.0, 0.0]",3.596075338711842,"['COc1nccc(N)c1Br', 'Brc1nncs1', 'CC(C)(C)OC(=O)N1CCN(Cc2ccc(Br)cc2)CC1']",[]
6,"[0.9, 19.0, 22.0]",3.3278768219971253,"['C=CCc1ccc(Br)c(F)c1', 'CC(=O)c1ccc(Oc2cccc(Br)c2)cc1', 'O=C1CCC(Oc2cccc(Br)c2)CC1']",[]
7,"[33.6, 4.0, 0.0]",3.1257127384403147,"['N#CCCc1ccc(Br)cc1', 'Brc1ccc(-c2cccs2)cc1', 'Brc1ccc2nn[nH]c2c1']",[]
8,"[20.3, 31.2, 81.1]",3.116794239227779,"['CC1(C)C(=O)Nc2ccc(Br)cc21', 'CC(=O)Cc1cccc(Br)c1', 'Brc1cnc2ncccn12']",[]
