,obj_values ['yield'],Vendi_score,eval_samples,cut_samples
0,"[39.0, 0.0, 0.4]",1.253195809808108,"['O=C1CCc2ncc(Br)cc2N1', 'Nc1cnc(-c2cccc(Br)c2)nc1', 'NCCc1ccc(Br)cc1']",[]
1,"[1.4, 17.2, 0.0]",1.5836747135441702,"['Brc1cnc2cncn2c1', 'FC(F)(F)c1ncc(Br)cn1', 'Brc1ccn2nnnc2c1']",[]
2,"[0.0, 4.0, 0.0]",2.728158463876261,"['CCOc1ccc(F)c(B(O)O)c1Br', 'CC(C)(C)OC(=O)N1C[C@H](F)C[C@H]1c1nc(Br)c[nH]1', 'OCc1coc(Br)n1']",[]
3,"[0.0, 0.3, 1.5]",3.310227683015241,"['FC(F)(F)c1cnc2cc(Br)ncc2n1', 'COc1ccc(COc2cccc(Br)n2)cc1', 'CC(C)(C)OC(=O)N1CCN(c2ncc(Br)cn2)CC1']",[]
4,"[3.0, 69.6, 0.0]",3.42311183865333,"['OB(O)c1ccc(Br)s1', 'CNC(=O)c1cccc(Br)c1', 'COc1nccc(N)c1Br']",[]
5,"[47.2, 51.1, 37.2]",3.0995956175542765,"['O=C1CCCc2ccc(Br)cc2N1', 'Brc1cnc(Oc2cccnc2)nc1', 'Oc1ncnc2ccc(Br)cc12']",[]
6,"[0.0, 20.4, 85.9]",3.213888505410093,"['CC(C)(N)c1ccc(Br)cc1', 'Brc1ncccn1', 'Cc1cc(Br)ccn1']",[]
7,"[24.7, 4.0, 28.3]",3.02835361547395,"['Brc1cccc(-c2nnc(C3CC3)o2)c1', 'Brc1ccc(-c2cccs2)cc1', 'Brc1cccc2[nH]cnc12']",[]
8,"[0.0, 37.7, 0.0]",2.880194541478754,"['CC(C)NC(=O)c1ccc(Br)cn1', 'CC(=O)Nc1ccc(Br)cc1', 'CC(=O)/C=C/c1ccc(Br)cc1']",[]
