,obj_values ['yield'],Vendi_score,eval_samples,cut_samples
0,"[0.3, 28.5, 1.3]",1.586100358085537,"['Nc1cc(Br)ccn1', 'CC(C)(C)OC(=O)N1CCCCC1c1ccc(Br)cc1', 'Brc1ccc(-c2nc3cnccc3[nH]2)cc1']",[]
1,"[0.0, 42.4, 18.6]",1.8901843781188172,"['CC(C)(C)OC(=O)N1CCC(Nc2ccc(Br)cc2)CC1', 'COc1cccnc1Br', 'CC(C)(C)OC(=O)N1CCOc2ccc(Br)cc2C1']",[]
2,"[63.4, 44.7, 0.3]",2.2522319999291893,"['Fc1ccc(Br)nc1', 'Brc1ncccc1OC1CCCCO1', 'Brc1ncnc2ccccc12']",[]
3,"[0.0, 3.0, 30.6]",3.105753257936046,"['OCc1coc(Br)n1', 'OB(O)c1ccc(Br)s1', 'N#Cc1cc(Br)cs1']",[]
4,"[43.5, 0.3, 28.9]",3.1788774985195705,"['Brc1ccc2[nH]ccc2n1', 'COc1ccc(COc2cccc(Br)n2)cc1', 'Oc1ccc(Br)nc1']",[]
5,"[0.0, 27.0, 20.4]",3.444073323380373,"['COc1nccc(N)c1Br', 'N#Cc1cccc(Br)c1', 'Brc1ncccn1']",[]
6,"[0.0, 27.1, 17.2]",3.308218372656709,"['CC(C)NC(=O)c1ccc(Br)cn1', 'CC(=O)c1cccc(Br)c1', 'CC(=O)c1cc(Br)cs1']",[]
7,"[38.0, 25.7, 7.5]",3.120009404707102,"['Brc1cccc(-c2cc[nH]n2)c1', 'OC(c1ccc(Br)cn1)C(F)(F)F', 'Brc1cccc(-c2nnn[nH]2)c1']",[]
8,"[20.3, 0.0, 22.0]",2.981891552395413,"['CC1(C)C(=O)Nc2ccc(Br)cc21', 'CC(=O)/C=C/c1ccc(Br)cc1', 'CC(C)(C)Oc1ccc(Br)cc1']",[]
