,obj_values ['yield'],Vendi_score,eval_samples,cut_samples
0,"[37.2, 24.7, 68.5]",1.2380829854799469,"['Oc1ncnc2ccc(Br)cc12', 'Brc1cccc(-c2nnc(C3CC3)o2)c1', 'O=C(c1ccc(Br)cc1)N1CCOCC1']",[]
1,"[3.6, 0.0, 0.0]",1.3631620700404146,"['CC(C)Sc1ccc(Br)cc1', 'N#CC1(c2ccc(Br)cc2)CC1', 'FC(F)(F)Sc1ccc(Br)cc1']",[]
2,"[27.9, 22.0, 8.9]",1.6394719256537704,"['CCCc1cc(NC(=O)OC(C)(C)C)c2cc(Br)ccc2n1', 'O=C1CCC(Oc2cccc(Br)c2)CC1', 'CC(=O)Nc1ncc(F)cc1Br']",[]
3,"[4.0, 0.0, 5.0]",2.5129851223397264,"['CC(C)(C)OC(=O)N1C[C@H](F)C[C@H]1c1nc(Br)c[nH]1', 'OCc1coc(Br)n1', 'FC(F)(F)c1ccc2cc(Br)ncc2n1']",[]
4,"[0.3, 0.3, 0.3]",2.9949515279238716,"['Brc1cnn2ccccc12', 'COc1ccc(COc2cccc(Br)n2)cc1', 'Cc1ccc(S(=O)(=O)n2cc(Br)c3ccccc32)cc1']",[]
5,"[24.4, 9.6, 43.5]",3.029816275930928,"['OCc1ccc(Br)cc1', 'O=C1CCc2cccc(Br)c2N1', 'Brc1ccc2[nH]ccc2n1']",[]
6,"[31.1, 0.1, 0.9]",2.8794303029368993,"['COc1ncc(Br)nc1OC', 'CC(=O)N1CCc2cc(Br)ccc21', 'C=CCc1ccc(Br)c(F)c1']",[]
7,"[0.0, 4.0, 22.5]",2.76250013416976,"['Nc1cnc(-c2cccc(Br)c2)nc1', 'Brc1ccc(-c2cccs2)cc1', 'Oc1ccc(Br)cn1']",[]
8,"[53.1, 27.1, 34.0]",2.658702110990857,"['CC(C)c1ccc(Br)cc1', 'CC(=O)c1cccc(Br)c1', 'CSc1ncc(Br)cn1']",[]
