,obj_values ['yield'],Vendi_score,eval_samples,cut_samples
0,"[0.3, 0.4, 57.1]",1.204055751347851,"['Nc1cc(Br)ccn1', 'NCCc1ccc(Br)cc1', 'Brc1cnc2[nH]ccc2c1']",[]
1,"[0.0, 28.7, 3.2]",1.429206257811079,"['CC(C)NC(=O)c1ccc(Br)cn1', 'Brc1ccc2ncnn2c1', 'Brc1cnc2nccn2c1']",[]
2,"[31.1, 1.5, 0.0]",1.6266269272842646,"['Brc1cccc2ccoc12', 'Nc1c(F)cncc1Br', 'CCOc1ccc(F)c(B(O)O)c1Br']",[]
3,"[0.0, 4.0, 20.4]",2.700535464491295,"['Brc1ncn[nH]1', 'CC(C)(C)OC(=O)N1C[C@H](F)C[C@H]1c1nc(Br)c[nH]1', 'Brc1ncccn1']",[]
4,"[3.0, 0.3, 81.1]",3.216822609584511,"['OB(O)c1ccc(Br)s1', 'COc1ccc(COc2cccc(Br)n2)cc1', 'Brc1cnc2ncccn12']",[]
5,"[0.3, 0.6, 0.3]",3.388845169721241,"['Brc1cnn2ccccc12', 'Nc1ncnn2c(Br)ccc12', 'Cc1ccc(S(=O)(=O)n2cc(Br)c3ccccc32)cc1']",[]
6,"[0.0, 0.0, 22.0]",3.3087259438940206,"['COc1nccc(N)c1Br', 'C#Cc1ccc(Br)cc1', 'O=C1CCC(Oc2cccc(Br)c2)CC1']",[]
7,"[0.0, 63.4, 0.3]",3.3468271691289218,"['O=c1cc(O)c2ccc(Br)cc2o1', 'Fc1ccc(Br)nc1', 'Brc1ccc2ccncc2n1']",[]
8,"[20.3, 0.0, 43.8]",3.178632293322284,"['CC1(C)C(=O)Nc2ccc(Br)cc21', 'CC(=O)CC(=O)c1ccc(Br)cc1', 'CC(C)(C#N)c1ccc(Br)cn1']",[]
