,obj_values ['yield'],Vendi_score,eval_samples,cut_samples
0,"[0.0, 4.2, 60.2]",1.577831523821416,"['COc1nccc(N)c1Br', 'Brc1cccc2cnccc12', 'O=C1CC(c2cccc(Br)c2)CC(=O)N1']",[]
1,"[27.9, 0.0, 5.0]",2.0569031222343432,"['CCCc1cc(NC(=O)OC(C)(C)C)c2cc(Br)ccc2n1', 'Nc1cnc(-c2cccc(Br)c2)nc1', 'FC(F)(F)c1ccc2cc(Br)ncc2n1']",[]
2,"[18.6, 0.0, 0.0]",3.1089701825622607,"['CC(C)(C)OC(=O)N1CCCC1c1nc(Br)c[nH]1', 'CC(C)(C)OC(=O)N1CCN(Cc2ccc(Br)cc2)CC1', 'Brc1ncn[nH]1']",[]
3,"[20.4, 0.3, 0.6]",3.7775256586108377,"['Brc1ncccn1', 'Cc1ccc(S(=O)(=O)n2cc(Br)c3ccccc32)cc1', 'Brc1cc2ncncc2s1']",[]
4,"[0.0, 85.9, 0.3]",3.9351021047069845,"['CCOc1ccc(F)c(B(O)O)c1Br', 'Cc1cc(Br)ccn1', 'COc1ccc(COc2cccc(Br)n2)cc1']",[]
5,"[69.7, 47.7, 0.3]",3.672039092473834,"['CC(C)(CO)c1cc(Br)ccn1', 'O=S(=O)(CCO)c1ccc(Br)cc1', 'Nc1cc(Br)ccn1']",[]
6,"[0.0, 17.2, 60.9]",3.527502482368264,"['FC(F)(F)Sc1ccc(Br)cc1', 'FC(F)(F)c1ncc(Br)cn1', 'Brc1cncnc1']",[]
7,"[67.2, 43.8, 0.0]",3.4106087805630265,"['CC(C)(C)c1cccc(Br)c1', 'CC(C)(C#N)c1ccc(Br)cn1', 'CC(C)(C)OC(=O)N1CCC(Nc2ccc(Br)cc2)CC1']",[]
8,"[27.0, 21.9, 0.0]",3.326625993708706,"['N#Cc1cccc(Br)c1', 'CC(C)(C)OC(=O)NC1(c2ccc(Br)cc2)CC(=O)C1', 'CC(C)(N)c1ccc(Br)cc1']",[]
