,obj_values ['yield'],Vendi_score,eval_samples,cut_samples
0,"[43.9, 7.6, 81.1]",1.6657927397848038,"['O=C1CN(Cc2cccc(Br)c2)C(=O)N1', 'Cn1cnc2ccc(Br)cc21', 'Brc1cnc2ncccn12']",[]
1,"[0.0, 0.0, 44.7]",2.6112450518927717,"['Brc1nncs1', 'FC(F)(F)c1cnc2cc(Br)ncc2n1', 'Brc1ncccc1OC1CCCCO1']",[]
2,"[4.0, 0.3, 0.3]",3.4774851844421497,"['CC(C)(C)OC(=O)N1C[C@H](F)C[C@H]1c1nc(Br)c[nH]1', 'Cc1ccc(S(=O)(=O)n2cc(Br)c3ccccc32)cc1', 'COc1ccc(COc2cccc(Br)n2)cc1']",[]
3,"[0.0, 0.0, 0.6]",4.016415568885742,"['COc1nccc(N)c1Br', 'OCc1coc(Br)n1', 'Nc1ncnn2c(Br)ccc12']",[]
4,"[38.0, 19.0, 20.4]",3.9741470059523576,"['Brc1cccc(-c2cc[nH]n2)c1', 'CC(=O)c1ccc(Oc2cccc(Br)c2)cc1', 'Brc1ncccn1']",[]
5,"[0.0, 63.4, 5.0]",3.8854714179654284,"['Brc1ccc(CN2CCOCC2)cc1', 'Fc1ccc(Br)nc1', 'FC(F)(F)c1ccc2cc(Br)ncc2n1']",[]
6,"[30.6, 27.0, 3.0]",3.9271356884825313,"['N#Cc1cc(Br)cs1', 'N#Cc1cccc(Br)c1', 'OB(O)c1ccc(Br)s1']",[]
7,"[24.7, 0.0, 28.3]",3.722814986155026,"['Brc1cccc(-c2nnc(C3CC3)o2)c1', 'Brc1ccc(CN2CCNCC2)cc1', 'Brc1cccc2[nH]cnc12']",[]
8,"[75.2, 8.9, 3.5]",3.6197984944834847,"['CNC(=O)c1ccnc(Br)c1', 'CC(=O)Nc1ncc(F)cc1Br', 'CC(=O)Nc1ccc(C(C)=O)cc1Br']",[]
