,obj_values ['yield'],Vendi_score,eval_samples,cut_samples
0,"[58.7, 24.2, 22.5]",1.4813081181101386,"['O=C1CCC(c2cccc(Br)c2)CN1', 'Brc1cn2ccnc2cn1', 'Oc1ccc(Br)cn1']",[]
1,"[0.0, 0.0, 21.9]",2.0877491133450063,"['O=S(=O)(Nc1ccccc1Br)C(F)(F)F', 'CC(C)(C)OC(=O)N1CCN(Cc2ccc(Br)cc2)CC1', 'CC(C)(C)OC(=O)NC1(c2ccc(Br)cc2)CC(=O)C1']",[]
2,"[18.6, 0.0, 0.0]",3.255200395276524,"['CC(C)(C)OC(=O)N1CCCC1c1nc(Br)c[nH]1', 'Brc1nncs1', 'Brc1ncn[nH]1']",[]
3,"[43.5, 0.3, 20.4]",3.7404892275715227,"['Brc1ccc2[nH]ccc2n1', 'Brc1cnn2ccccc12', 'Brc1ncccn1']",[]
4,"[0.0, 58.4, 44.7]",3.780163232181243,"['Brc1cccc(N2CCCC2)c1', 'Brc1ccc2cccnc2n1', 'Brc1ncccc1OC1CCCCO1']",[]
5,"[53.3, 0.0, 18.3]",3.623551172231509,"['COc1ccc2nc(Br)ccc2n1', 'FC(F)(F)c1cnc2nc(Br)ccc2c1', 'Cc1ccc2ccc(Br)nc2n1']",[]
6,"[27.0, 0.3, 63.4]",3.6486546744757824,"['N#Cc1cccc(Br)c1', 'COc1ccc(COc2cccc(Br)n2)cc1', 'Fc1ccc(Br)nc1']",[]
7,"[17.3, 28.5, 28.9]",3.495148597203549,"['COc1ccc2cc(Br)ncc2n1', 'CC(C)(C)OC(=O)N1CCCCC1c1ccc(Br)cc1', 'Oc1ccc(Br)nc1']",[]
8,"[4.0, 0.1, 0.0]",3.4932252167713145,"['CC(C)(C)OC(=O)N1C[C@H](F)C[C@H]1c1nc(Br)c[nH]1', 'CC(=O)N1CCc2cc(Br)ccc21', 'CC(C)NC(=O)c1ccc(Br)cn1']",[]
