,obj_values ['yield'],Vendi_score,eval_samples,cut_samples
0,"[0.0, 30.3, 0.3]",1.630390132053595,"['CC(C)(C)OC(=O)N1CCC(Nc2ccc(Br)cc2)CC1', 'Cn1nnc(-c2ccc(Br)cn2)n1', 'Brc1ccc2cncnc2c1']",[]
1,"[14.3, 60.9, 1.5]",2.0179056903334796,"['CC(C)(C)OC(=O)n1cc(Br)c2cccnc21', 'Brc1cncnc1', 'CC(C)(C)OC(=O)N1CCN(c2ncc(Br)cn2)CC1']",[]
2,"[0.0, 15.5, 18.6]",2.787158077860264,"['CCOc1ccc(F)c(B(O)O)c1Br', 'Cn1cc(Br)nn1', 'CC(C)(C)OC(=O)N1CCCC1c1nc(Br)c[nH]1']",[]
3,"[0.0, 0.0, 20.4]",3.830410092407803,"['Brc1nncs1', 'OCc1coc(Br)n1', 'Brc1ncccn1']",[]
4,"[31.1, 16.2, 0.3]",3.9639949644456354,"['COc1ncc(Br)nc1OC', 'Oc1ccccc1Br', 'COc1ccc(COc2cccc(Br)n2)cc1']",[]
5,"[1.5, 28.9, 16.3]",3.7480932044246753,"['Brc1ccc(-c2nnc(-c3ccccc3)o2)cc1', 'Oc1ccc(Br)nc1', 'OC1CCOc2c(Br)cccc21']",[]
6,"[0.0, 0.1, 0.0]",3.482743566264066,"['CC(C)NC(=O)c1ccc(Br)cn1', 'CC(=O)N1CCc2cc(Br)ccc21', 'C#Cc1ccc(Br)cc1']",[]
7,"[69.7, 63.4, 0.3]",3.4090969265389,"['Brc1cccc(-n2ccnc2)c1', 'Fc1ccc(Br)nc1', 'Brc1ccc2ccncc2n1']",[]
8,"[19.1, 8.9, 33.5]",3.2931249606885853,"['CC(O)c1ccc(Br)cc1', 'CC(=O)Nc1ncc(F)cc1Br', 'CC(C)(C)c1cc(Br)c2ncccc2c1']",[]
