,obj_values ['yield'],Vendi_score,eval_samples,cut_samples
0,"[0.3, 0.3, 0.0]",1.484362433473425,"['Brc1cccc2ncncc12', 'Brc1ncnc2ccccc12', 'FC(F)(F)c1cnc2cc(Br)ncc2n1']",[]
1,"[16.2, 39.0, 72.1]",1.8259186900151494,"['Oc1ccccc1Br', 'O=C1CCc2ncc(Br)cc2N1', 'Cc1ccc(Br)cc1']",[]
2,"[28.5, 27.0, 21.0]",2.547776989353031,"['CC(C)(C)OC(=O)N1CCCCC1c1ccc(Br)cc1', 'N#Cc1cccc(Br)c1', 'Cn1cnc(Br)c1']",[]
3,"[3.0, 0.3, 0.0]",3.418748663501772,"['OB(O)c1ccc(Br)s1', 'COc1ccc(COc2cccc(Br)n2)cc1', 'OCc1coc(Br)n1']",[]
4,"[0.0, 85.9, 0.0]",3.4631993584172562,"['CCOc1ccc(F)c(B(O)O)c1Br', 'Cc1cc(Br)ccn1', 'Brc1cccc(N2CCCC2)c1']",[]
5,"[0.0, 24.4, 69.7]",3.168741907053846,"['FC(F)C(F)(F)Oc1cccc(Br)c1', 'OCc1ccc(Br)cc1', 'CC(C)(CO)c1cc(Br)ccn1']",[]
6,"[20.9, 22.0, 17.2]",3.013211964404403,"['CC1(C)OB(c2ccc(Br)cc2)OC1(C)C', 'O=C1CCC(Oc2cccc(Br)c2)CC1', 'CC(=O)c1cc(Br)cs1']",[]
7,"[24.7, 4.0, 0.0]",2.8529871180651427,"['Brc1cccc(-c2nnc(C3CC3)o2)c1', 'Brc1ccc(-c2cccs2)cc1', 'Brc1ccc(N2CCOCC2)nc1']",[]
8,"[19.1, 19.0, 0.0]",2.761136071646125,"['CC(O)c1ccc(Br)cc1', 'CC(=O)c1ccc(Oc2cccc(Br)c2)cc1', 'CC(C)(C)OC(=O)n1cc(CO)c2c(Br)cccc21']",[]
