,obj_values ['yield'],Vendi_score,eval_samples,cut_samples
0,"[0.3, 13.1, 43.9]",1.5825091834652985,"['Brc1ccc(-c2ccn[nH]2)s1', 'Nc1nc2ccc(Br)cc2o1', 'O=C1CN(Cc2cccc(Br)c2)C(=O)N1']",[]
1,"[27.9, 51.8, 0.0]",2.046662546707454,"['CCCc1cc(NC(=O)OC(C)(C)C)c2cc(Br)ccc2n1', 'CC(C)(C)OC(=O)N1CCCc2ccc(Br)nc21', 'CC(C)(C)OC(=O)n1cc(CO)c2c(Br)cccc21']",[]
2,"[0.0, 20.4, 0.3]",2.7330742426018393,"['FC(F)(F)c1cnc2nc(Br)ccc2c1', 'Brc1ncccn1', 'COc1ccc(COc2cccc(Br)n2)cc1']",[]
3,"[0.0, 0.0, 18.6]",3.6559029219605126,"['COc1nccc(N)c1Br', 'Brc1ncn[nH]1', 'CC(C)(C)OC(=O)N1CCCC1c1nc(Br)c[nH]1']",[]
4,"[43.5, 0.0, 44.7]",3.6632835188519843,"['Brc1ccc2[nH]ccc2n1', 'CC(C)(C)OC(=O)N1CCC(Nc2ccc(Br)cc2)CC1', 'Brc1ncccc1OC1CCCCO1']",[]
5,"[28.9, 63.4, 30.6]",3.6566349508669322,"['Oc1ccc(Br)nc1', 'Fc1ccc(Br)nc1', 'N#Cc1cc(Br)cs1']",[]
6,"[0.0, 20.9, 27.0]",3.522337935596641,"['CC(C)NC(=O)c1ccc(Br)cn1', 'CC1(C)OB(c2ccc(Br)cc2)OC1(C)C', 'N#Cc1cccc(Br)c1']",[]
7,"[42.2, 22.5, 28.4]",3.399750411579454,"['Brc1cccc(-n2cncn2)c1', 'Oc1ccc(Br)cn1', 'Brc1ccc(-n2cnnc2)nc1']",[]
8,"[0.0, 19.1, 8.9]",3.3319057213082712,"['O=S(=O)(Nc1ccccc1Br)C(F)(F)F', 'CC(O)c1ccc(Br)cc1', 'CC(=O)Nc1ncc(F)cc1Br']",[]
