,obj_values ['yield'],Vendi_score,eval_samples,cut_samples
0,"[43.8, 0.0, 59.0]",1.4317866187163681,"['CC(C)(C#N)c1ccc(Br)cn1', 'Brc1cccc(N2CCCC2)c1', 'NS(=O)(=O)Cc1cccc(Br)c1']",[]
1,"[51.1, 30.6, 47.7]",1.6950329811243658,"['Brc1cnc(Oc2cccnc2)nc1', 'N#Cc1cc(Br)cs1', 'O=S(=O)(CCO)c1ccc(Br)cc1']",[]
2,"[61.9, 0.0, 0.0]",2.5888086870388305,"['O=C(OCc1ccccc1)N1CCc2ncc(Br)cc2C1', 'FC(F)(F)c1cnc2cc(Br)ncc2n1', 'Brc1ncn[nH]1']",[]
3,"[28.5, 0.0, 0.6]",2.7514573418674133,"['CC(C)(C)OC(=O)N1CCCCC1c1ccc(Br)cc1', 'O=S(=O)(Nc1ccccc1Br)C(F)(F)F', 'O=c1[nH]cc(Br)c(=O)[nH]1']",[]
4,"[0.0, 1.7, 85.9]",2.932651543778588,"['CC(C)(C)OC(=O)N1CCN(Cc2ccc(Br)cc2)CC1', 'Brc1ccnc2cccnc12', 'Cc1cc(Br)ccn1']",[]
5,"[66.7, 20.4, 0.0]",3.2302252889985463,"['Fc1ccc(Br)cc1', 'Brc1ncccn1', 'Oc1ccc2cccnc2c1Br']",[]
6,"[75.3, 24.4, 85.7]",3.1312514790730193,"['Brc1cccnc1', 'OCc1ccc(Br)cc1', 'Cc1ccnc(Br)c1']",[]
7,"[0.0, 18.8, 21.0]",3.42305921144439,"['Brc1nncs1', 'Oc1cccc(Br)n1', 'Cn1cnc(Br)c1']",[]
8,"[27.0, 0.0, 27.1]",3.3112171613710313,"['N#Cc1cccc(Br)c1', 'Brc1ccccc1-c1nnn[nH]1', 'CC(=O)c1cccc(Br)c1']",[]
