,obj_values ['yield'],Vendi_score,eval_samples,cut_samples
0,"[1.4, 52.4, 51.7]",1.6071057762296768,"['Brc1cnc2cncn2c1', 'Nc1nccc(Br)n1', 'Brc1cncc2[nH]ccc12']",[]
1,"[0.3, 44.7, 15.5]",2.1547339502274943,"['Oc1ccnc(Br)c1', 'Brc1ncccc1OC1CCCCO1', 'Cn1cc(Br)nn1']",[]
2,"[0.0, 0.0, 18.6]",2.955076851153237,"['Brc1ccc(CN2CCNCC2)cc1', 'CC(C)(C)OC(=O)N1CCC(Nc2ccc(Br)cc2)CC1', 'CC(C)(C)OC(=O)N1CCCC1c1nc(Br)c[nH]1']",[]
3,"[0.0, 20.4, 0.0]",3.7285824202890367,"['Brc1nncs1', 'Brc1ncccn1', 'OCc1coc(Br)n1']",[]
4,"[0.0, 0.0, 0.0]",3.994741585733,"['CCOc1ccc(F)c(B(O)O)c1Br', 'COc1nccc(N)c1Br', 'FC(F)(F)c1cnc2nc(Br)ccc2c1']",[]
5,"[43.5, 21.0, 0.3]",4.136729072601076,"['Brc1ccc2[nH]ccc2n1', 'Cn1cnc(Br)c1', 'COc1ccc(COc2cccc(Br)n2)cc1']",[]
6,"[0.0, 81.1, 0.0]",4.147816188425593,"['Brc1nncc2ccccc12', 'Brc1cnc2ncccn12', 'Brc1ccccc1-c1nnn[nH]1']",[]
7,"[0.3, 0.6, 3.0]",4.23882925698453,"['CCc1cccn2c(Br)cnc12', 'Nc1ncnn2c(Br)ccc12', 'OB(O)c1ccc(Br)s1']",[]
8,"[53.1, 0.0, 0.0]",4.064395719658142,"['CC(C)c1ccc(Br)cc1', 'CC(=O)/C=C/c1ccc(Br)cc1', 'C#Cc1ccc(Br)cc1']",[]
