,obj_values ['yield'],Vendi_score,eval_samples,cut_samples
0,"[0.6, 0.3, 0.0]",1.8131187107699578,"['O=c1[nH]cc(Br)c(=O)[nH]1', 'CCc1cccn2c(Br)cnc12', 'Brc1ccccc1N1CCNCC1']",[]
1,"[0.0, 0.0, 4.0]",3.217407220287549,"['Brc1nncs1', 'Brc1ncn[nH]1', 'CC(C)(C)OC(=O)N1C[C@H](F)C[C@H]1c1nc(Br)c[nH]1']",[]
2,"[0.0, 0.0, 18.6]",3.968765900763133,"['FC(F)(F)c1cnc2nc(Br)ccc2c1', 'CC(C)(C)OC(=O)N1CCN(Cc2ccc(Br)cc2)CC1', 'CC(C)(C)OC(=O)N1CCCC1c1nc(Br)c[nH]1']",[]
3,"[3.0, 4.0, 21.0]",4.054553259704523,"['OB(O)c1ccc(Br)s1', 'Brc1ccc(-c2cccs2)cc1', 'Cn1cnc(Br)c1']",[]
4,"[43.5, 15.7, 0.0]",4.221212642286208,"['Brc1ccc2[nH]ccc2n1', 'Brc1cnc2nncn2c1', 'O=C(Nc1ccc(Br)c(F)c1)c1ccccn1']",[]
5,"[9.6, 28.3, 28.9]",3.957792694244314,"['O=C1CCc2cccc(Br)c2N1', 'Brc1cccc2[nH]cnc12', 'Oc1ccc(Br)nc1']",[]
6,"[0.0, 0.9, 0.0]",3.7735514998590225,"['CC(C)(N)c1ccc(Br)cc1', 'C=CCc1ccc(Br)c(F)c1', 'Brc1cccc(N2CCCC2)c1']",[]
7,"[0.0, 24.7, 0.0]",3.598080144177021,"['Brc1ccccc1-c1nnn[nH]1', 'Brc1cccc(-c2nnc(C3CC3)o2)c1', 'Brc1ccc(N2CCOCC2)nc1']",[]
8,"[30.6, 0.0, 67.2]",3.5182189362529517,"['N#Cc1cc(Br)cs1', 'CC(=O)/C=C/c1ccc(Br)cc1', 'CC(C)(C)c1cccc(Br)c1']",[]
