,obj_values ['yield'],Vendi_score,eval_samples,cut_samples
0,"[80.4, 5.9, 0.3]",1.5092165330327216,"['CC(C)(CO)c1ccc(Br)cn1', 'Brc1ccn2nccc2n1', 'Brc1cccc2ncncc12']",[]
1,"[27.8, 0.0, 2.9]",1.8834407348549418,"['C[C@@H](NC(=O)OC(C)(C)C)c1ccc(Br)cc1', 'Brc1ccc(N2CCNCC2)cc1', 'O=C(c1cc2cc(Br)cnc2s1)N1CCOCC1']",[]
2,"[3.0, 0.0, 18.6]",2.6404899766319163,"['OB(O)c1ccc(Br)s1', 'Brc1ccccc1N1CCNCC1', 'CC(C)(C)OC(=O)N1CCCC1c1nc(Br)c[nH]1']",[]
3,"[0.0, 0.0, 20.4]",3.451225800391097,"['Brc1ncn[nH]1', 'Fc1ncc(Br)c(F)n1', 'Brc1ncccn1']",[]
4,"[0.0, 0.3, 0.0]",3.7150585169482166,"['COc1nccc(N)c1Br', 'COc1ccc(COc2cccc(Br)n2)cc1', 'CC(C)(C)OC(=O)N1CCC(Nc2ccc(Br)cc2)CC1']",[]
5,"[0.0, 28.3, 28.9]",3.574100264528357,"['O=c1cc(O)c2ccc(Br)cc2o1', 'Brc1cccc2[nH]cnc12', 'Oc1ccc(Br)nc1']",[]
6,"[3.6, 37.7, 85.9]",3.3731450441265207,"['CC(C)Sc1ccc(Br)cc1', 'CC(=O)Nc1ccc(Br)cc1', 'Cc1cc(Br)ccn1']",[]
7,"[0.3, 72.1, 69.7]",3.2406484694891766,"['Oc1ccnc(Br)c1', 'Cc1ccc(Br)cc1', 'CC(C)(CO)c1cc(Br)ccn1']",[]
8,"[47.7, 0.0, 0.3]",3.131572473178641,"['O=S(=O)(CCO)c1ccc(Br)cc1', 'FC(F)C(F)(F)Oc1cccc(Br)c1', 'Nc1cc(Br)ccn1']",[]
