,obj_values ['yield'],Vendi_score,eval_samples,cut_samples
0,"[5.9, 0.6, 0.3]",2.124712926911606,"['Brc1ccn2nccc2n1', 'Brc1cc2ncncc2s1', 'Brc1cnn2ccccc12']",[]
1,"[20.4, 0.0, 0.0]",3.079654220432519,"['Brc1ncccn1', 'Brc1ccc(CN2CCOCC2)cc1', 'CC(C)(C)OC(=O)N1CCN(Cc2ccc(Br)cc2)CC1']",[]
2,"[0.0, 15.5, 0.0]",3.8411423622937977,"['CCOc1ccc(F)c(B(O)O)c1Br', 'Cn1cc(Br)nn1', 'OCc1coc(Br)n1']",[]
3,"[43.5, 58.4, 0.0]",3.735117612208041,"['Brc1ccc2[nH]ccc2n1', 'Brc1ccc2cccnc2n1', 'Brc1nncc2ccccc12']",[]
4,"[18.3, 18.6, 0.0]",3.837966637096317,"['Cc1ccc2ccc(Br)nc2n1', 'CC(C)(C)OC(=O)N1CCCC1c1nc(Br)c[nH]1', 'FC(F)(F)c1cnc2nc(Br)ccc2c1']",[]
5,"[21.0, 12.4, 46.3]",3.7832187205306655,"['Cn1cnc(Br)c1', 'Brc1ccc(-c2ncco2)cc1', 'O=C1NCc2cc(Br)ccc21']",[]
6,"[0.0, 19.0, 3.5]",3.655521132239321,"['CC(C)(N)c1ccc(Br)cc1', 'CC(=O)c1ccc(Oc2cccc(Br)c2)cc1', 'CC(=O)Nc1ccc(C(C)=O)cc1Br']",[]
7,"[15.7, 0.4, 4.0]",3.5453465339671313,"['Brc1cnc2nncn2c1', 'NCCc1ccc(Br)cc1', 'Brc1ccc(-c2cccs2)cc1']",[]
8,"[0.0, 8.9, 27.1]",3.387847002827754,"['CC(=O)CC(=O)c1ccc(Br)cc1', 'CC(=O)Nc1ncc(F)cc1Br', 'CC(=O)c1cccc(Br)c1']",[]
