,obj_values ['yield'],Vendi_score,eval_samples,cut_samples
0,"[22.0, 0.0, 7.1]",1.4259466937914866,"['O=C1CCC(Oc2cccc(Br)c2)CC1', 'Brc1ccc(CN2CCOCC2)cc1', 'N#Cc1cc2cc(Br)ccc2s1']",[]
1,"[69.7, 0.0, 16.8]",1.7208655758421938,"['CC(C)(CO)c1cc(Br)ccn1', 'Brc1nncc2ccccc12', 'FC(F)(F)c1ccnc(Nc2cccc(Br)c2)n1']",[]
2,"[11.3, 15.5, 0.6]",2.349288157997178,"['Cc1cncc(Br)n1', 'Cn1cc(Br)nn1', 'Brc1cc2ncncc2s1']",[]
3,"[4.0, 0.0, 0.0]",3.183823096805654,"['CC(C)(C)OC(=O)N1C[C@H](F)C[C@H]1c1nc(Br)c[nH]1', 'Brc1ncn[nH]1', 'CCOc1ccc(F)c(B(O)O)c1Br']",[]
4,"[0.0, 20.4, 0.3]",3.6220517301234705,"['COc1nccc(N)c1Br', 'Brc1ncccn1', 'COc1ccc(COc2cccc(Br)n2)cc1']",[]
5,"[85.9, 1.7, 0.3]",3.472456082827545,"['Cc1cc(Br)ccn1', 'Brc1ccnc2cccnc12', 'Nc1cc(Br)ccn1']",[]
6,"[80.4, 0.0, 17.2]",3.2779470592089934,"['CC(C)(CO)c1ccc(Br)cn1', 'FC(F)C(F)(F)Oc1cccc(Br)c1', 'FC(F)(F)c1ncc(Br)cn1']",[]
7,"[42.2, 5.0, 0.0]",3.287875040751172,"['Brc1cccc(-n2cncn2)c1', 'FC(F)(F)c1ccc2cc(Br)ncc2n1', 'CC(C)(C)OC(=O)N1CCN(Cc2ccc(Br)cc2)CC1']",[]
8,"[0.0, 19.0, 0.0]",3.109031673336099,"['CC(C)NC(=O)c1ccc(Br)cn1', 'CC(=O)c1ccc(Oc2cccc(Br)c2)cc1', 'CC(=O)/C=C/c1ccc(Br)cc1']",[]
