,obj_values ['yield'],Vendi_score,eval_samples,cut_samples
0,"[16.8, 0.0, 53.3]",2.119814946548783,"['FC(F)(F)c1ccnc(Nc2cccc(Br)c2)n1', 'Brc1nncs1', 'COc1ccc2nc(Br)ccc2n1']",[]
1,"[0.0, 18.6, 0.0]",3.011220344461252,"['Brc1ccccc1N1CCNCC1', 'CC(C)(C)OC(=O)N1CCCC1c1nc(Br)c[nH]1', 'FC(F)(F)c1cnc2cc(Br)ncc2n1']",[]
2,"[0.3, 0.0, 20.4]",3.7295755696909496,"['COc1ccc(COc2cccc(Br)n2)cc1', 'OCc1coc(Br)n1', 'Brc1ncccn1']",[]
3,"[43.5, 0.3, 0.0]",4.181220439112016,"['Brc1ccc2[nH]ccc2n1', 'Brc1cnn2ccccc12', 'CC(C)(C)OC(=O)N1CCC(Nc2ccc(Br)cc2)CC1']",[]
4,"[0.0, 63.4, 58.4]",4.073612570519197,"['Brc1ccccc1-c1nnn[nH]1', 'Fc1ccc(Br)nc1', 'Brc1ccc2cccnc2n1']",[]
5,"[28.9, 85.9, 21.0]",4.13373409520484,"['Oc1ccc(Br)nc1', 'Cc1cc(Br)ccn1', 'Cn1cnc(Br)c1']",[]
6,"[75.3, 44.1, 0.3]",3.925711320507337,"['Brc1cccnc1', 'Nc1cc(Br)ncn1', 'Nc1cc(Br)ccn1']",[]
7,"[9.2, 66.7, 0.0]",3.8785279928290644,"['Brc1ccc2ncncc2c1', 'Fc1ccc(Br)cc1', 'Fc1ncc(Br)c(F)n1']",[]
8,"[67.2, 85.7, 0.3]",3.656446405834503,"['CC(C)(C)c1cccc(Br)c1', 'Cc1ccnc(Br)c1', 'Oc1ccnc(Br)c1']",[]
