,obj_values ['yield'],Vendi_score,eval_samples,cut_samples
0,"[0.0, 0.0, 0.0]",1.9404619054939043,"['Brc1ccc(CN2CCOCC2)cc1', 'Brc1ccc(C2CCCN2)cc1', 'Brc1nncs1']",[]
1,"[20.4, 0.0, 0.0]",3.3095778552135853,"['Brc1ncccn1', 'OCc1coc(Br)n1', 'Oc1ccc2cccnc2c1Br']",[]
2,"[52.4, 43.5, 0.0]",3.3734242712585227,"['Nc1nccc(Br)n1', 'Brc1ccc2[nH]ccc2n1', 'FC(F)(F)c1cnc2nc(Br)ccc2c1']",[]
3,"[0.0, 21.0, 75.3]",3.8188831529260976,"['CC(C)(C)OC(=O)N1CCC(Nc2ccc(Br)cc2)CC1', 'Cn1cnc(Br)c1', 'Brc1cccnc1']",[]
4,"[85.9, 27.0, 0.0]",3.7980124381803146,"['Cc1cc(Br)ccn1', 'N#Cc1cccc(Br)c1', 'O=S(=O)(Nc1ccccc1Br)C(F)(F)F']",[]
5,"[0.3, 16.2, 60.9]",3.6208759070827212,"['Nc1cc(Br)ccn1', 'Oc1ccccc1Br', 'Brc1cncnc1']",[]
6,"[0.0, 11.3, 66.7]",3.4466330646633327,"['CN1CCOc2cc(Br)ccc21', 'Cc1cncc(Br)n1', 'Fc1ccc(Br)cc1']",[]
7,"[15.7, 0.0, 0.0]",3.4615324488422985,"['Brc1cnc2nncn2c1', 'Brc1ccc(N2CCOCC2)nc1', 'Fc1ncc(Br)c(F)n1']",[]
8,"[8.9, 43.8, 14.3]",3.402131020197441,"['CC(=O)Nc1ncc(F)cc1Br', 'CC(C)(C#N)c1ccc(Br)cn1', 'CC(C)(C)OC(=O)n1cc(Br)c2cccnc21']",[]
