,obj_values ['yield'],Vendi_score,eval_samples,cut_samples
0,"[20.4, 66.6, 21.9]",1.3245399374281277,"['Brc1ccc(-c2nc3ccccc3[nH]2)cc1', 'COc1ccc(Cn2cnc3cc(Br)ccc32)cc1', 'CC(C)(C)OC(=O)NC1(c2ccc(Br)cc2)CC(=O)C1']",[]
1,"[57.1, 51.7, 0.0]",1.6898408205439095,"['Brc1cnc2[nH]ccc2c1', 'Brc1cncc2[nH]ccc12', 'CC(C)(C)OC(=O)N1CCC(Nc2ccc(Br)cc2)CC1']",[]
2,"[0.0, 0.0, 27.0]",2.46053919292103,"['Brc1ccccc1-c1nnn[nH]1', 'OCc1coc(Br)n1', 'N#Cc1cccc(Br)c1']",[]
3,"[16.2, 0.3, 0.3]",2.9293965625134093,"['Oc1ccccc1Br', 'Brc1cnn2ccccc12', 'COc1ccc(COc2cccc(Br)n2)cc1']",[]
4,"[0.6, 21.0, 43.5]",3.456404630391982,"['Brc1cc2ncncc2s1', 'Cn1cnc(Br)c1', 'Brc1ccc2[nH]ccc2n1']",[]
5,"[0.0, 58.4, 85.9]",3.5150696179234586,"['Brc1cccc(N2CCCC2)c1', 'Brc1ccc2cccnc2n1', 'Cc1cc(Br)ccn1']",[]
6,"[0.0, 0.0, 20.4]",3.664080019143834,"['FC(F)(F)c1cnc2cc(Br)ncc2n1', 'CC(C)(N)c1ccc(Br)cc1', 'Brc1ncccn1']",[]
7,"[28.9, 25.7, 0.0]",3.4920668556156484,"['Oc1ccc(Br)nc1', 'OC(c1ccc(Br)cn1)C(F)(F)F', 'Brc1ccc(N2CCOCC2)nc1']",[]
8,"[0.0, 31.2, 0.1]",3.2670885073592433,"['CC(C)NC(=O)c1ccc(Br)cn1', 'CC(=O)Cc1cccc(Br)c1', 'CC(=O)N1CCc2cc(Br)ccc21']",[]
