,obj_values ['yield'],Vendi_score,eval_samples,cut_samples
0,"[75.2, 27.0, 28.9]",1.474527543061926,"['CNC(=O)c1ccnc(Br)c1', 'N#Cc1cccc(Br)c1', 'Oc1ccc(Br)nc1']",[]
1,"[0.0, 16.8, 34.1]",1.8901248737136793,"['FC(F)(F)c1cnc2nc(Br)ccc2c1', 'FC(F)(F)c1ccnc(Nc2cccc(Br)c2)n1', 'CC(C)(C)OC(=O)NCc1cccc(Br)n1']",[]
2,"[0.0, 0.0, 0.0]",3.0021636004571657,"['CCOc1ccc(F)c(B(O)O)c1Br', 'Brc1nncs1', 'Brc1ncn[nH]1']",[]
3,"[0.0, 18.6, 0.3]",3.5561166877246446,"['CC(C)(C)OC(=O)N1CCN(Cc2ccc(Br)cc2)CC1', 'CC(C)(C)OC(=O)N1CCCC1c1nc(Br)c[nH]1', 'COc1ccc(COc2cccc(Br)n2)cc1']",[]
4,"[69.6, 0.3, 20.4]",3.7837025871175984,"['CNC(=O)c1cccc(Br)c1', 'Brc1cnn2ccccc12', 'Brc1ncccn1']",[]
5,"[0.0, 15.7, 85.9]",3.86928176569841,"['Brc1cccc(N2CCCC2)c1', 'Brc1cnc2nncn2c1', 'Cc1cc(Br)ccn1']",[]
6,"[85.7, 0.0, 60.9]",3.7182844504174164,"['Cc1ccnc(Br)c1', 'FC(F)(F)Sc1ccc(Br)cc1', 'Brc1cncnc1']",[]
7,"[44.1, 55.5, 14.2]",3.5166645959780434,"['Nc1cc(Br)ncn1', 'Cc1ccc(Br)nc1', 'Brc1ccc2ncccc2n1']",[]
8,"[75.3, 21.0, 17.7]",3.5808031355569785,"['Brc1cccnc1', 'Cn1cnc(Br)c1', 'Nc1ncncc1Br']",[]
