,obj_values ['yield'],Vendi_score,eval_samples,cut_samples
0,"[23.1, 67.6, 8.1]",1.3425978376169694,"['Fc1cc(Br)ccc1-c1ccccc1', 'Cc1cncc(Br)c1', 'O=C1CCC(Oc2ccccc2Br)CC1']",[]
1,"[12.1, 27.1, 36.8]",1.413974484120792,"['Oc1cccc(Br)c1', 'CC(=O)c1cccc(Br)c1', 'Oc1ccc(Br)cc1']",[]
2,"[60.9, 21.0, 0.0]",2.238652546830636,"['Brc1cncnc1', 'Cn1cnc(Br)c1', 'OCc1coc(Br)n1']",[]
3,"[0.0, 0.0, 0.3]",2.8236536419579292,"['CC(C)(C)OC(=O)N1CCN(Cc2ccc(Br)cc2)CC1', 'Fc1ncc(Br)c(F)n1', 'Brc1cnn2ccccc12']",[]
4,"[20.4, 58.4, 0.0]",3.3094627151917253,"['Brc1ncccn1', 'Brc1ccc2cccnc2n1', 'FC(F)(F)c1cnc2cc(Br)ncc2n1']",[]
5,"[27.0, 85.9, 43.5]",3.2668695113382857,"['N#Cc1cccc(Br)c1', 'Cc1cc(Br)ccn1', 'Brc1ccc2[nH]ccc2n1']",[]
6,"[0.0, 28.7, 8.9]",3.106367849355746,"['CC(C)(N)c1ccc(Br)cc1', 'COc1ccccc1Br', 'CC(=O)Nc1ncc(F)cc1Br']",[]
7,"[24.7, 0.0, 16.3]",2.9483441605428617,"['Brc1cccc(-c2nnc(C3CC3)o2)c1', 'Brc1ccc(N2CCOCC2)nc1', 'OC1CCOc2c(Br)cccc21']",[]
8,"[53.1, 17.2, 0.0]",2.972214513729286,"['CC(C)c1ccc(Br)cc1', 'CC(=O)c1cc(Br)cs1', 'CC(C)(C)OC(=O)N1CCC(Nc2ccc(Br)cc2)CC1']",[]
