,obj_values ['yield'],Vendi_score,eval_samples,cut_samples
0,"[0.0, 67.2, 48.1]",1.5655816033581698,"['CC(C)(C)OC(=O)N1CCN(Cc2ccc(Br)cc2)CC1', 'CC(C)(C)c1cccc(Br)c1', 'O=C1c2ccc(Br)cc2CN1C1CC1']",[]
1,"[0.3, 27.0, 29.0]",1.7938700929923228,"['Nc1cc(Br)ccn1', 'N#Cc1cccc(Br)c1', 'Brc1cccc2[nH]ncc12']",[]
2,"[43.5, 0.0, 21.0]",2.8527608638730912,"['Brc1ccc2[nH]ccc2n1', 'OCc1coc(Br)n1', 'Cn1cnc(Br)c1']",[]
3,"[0.0, 0.0, 0.0]",3.30729930259638,"['COc1nccc(N)c1Br', 'CCOc1ccc(F)c(B(O)O)c1Br', 'FC(F)(F)c1cnc2nc(Br)ccc2c1']",[]
4,"[0.0, 0.0, 20.4]",3.8860590007466316,"['CC(C)(C)OC(=O)N1CCC(Nc2ccc(Br)cc2)CC1', 'Brc1nncs1', 'Brc1ncccn1']",[]
5,"[81.1, 85.9, 0.3]",4.081617530287855,"['Brc1cnc2ncccn12', 'Cc1cc(Br)ccn1', 'COc1ccc(COc2cccc(Br)n2)cc1']",[]
6,"[0.3, 30.6, 15.7]",4.150789833636298,"['Brc1cnn2ccccc12', 'N#Cc1cc(Br)cs1', 'Brc1cnc2nncn2c1']",[]
7,"[15.2, 1.3, 3.0]",4.231470656576781,"['Brc1ncc[nH]1', 'Brc1ccc(-c2nc3cnccc3[nH]2)cc1', 'OB(O)c1ccc(Br)s1']",[]
8,"[0.9, 37.7, 15.5]",4.008271879605792,"['C=CCc1ccc(Br)c(F)c1', 'CC(=O)Nc1ccc(Br)cc1', 'Cn1cc(Br)nn1']",[]
