,obj_values ['yield'],Vendi_score,eval_samples,cut_samples
0,"[37.2, 11.3, 17.7]",1.5713859041682718,"['Oc1ncnc2ccc(Br)cc12', 'Cc1cncc(Br)n1', 'Nc1ncncc1Br']",[]
1,"[28.7, 28.3, 0.0]",1.7471429704620114,"['Brc1ccc2ncnn2c1', 'Fc1ccccc1Br', 'Brc1ccccc1N1CCNCC1']",[]
2,"[27.0, 4.8, 0.0]",1.863206942557474,"['N#Cc1cccc(Br)c1', 'FC(F)(F)c1ccc(Br)c2[nH]ccc12', 'O=C(c1cccc(Br)c1)C(F)(F)F']",[]
3,"[0.3, 15.4, 1.5]",1.9310615776283029,"['Brc1ccc2cncnc2c1', 'FC(F)(F)c1nc2ccc(Br)cn2n1', 'Brc1ccc(-c2nnc(-c3ccccc3)o2)cc1']",[]
4,"[44.7, 0.3, 12.1]",2.0141669317988975,"['Brc1ncccc1OC1CCCCO1', 'Brc1cnc2ncoc2c1', 'Oc1cccc(Br)c1']",[]
5,"[4.2, 31.1, 58.4]",2.0485878963956208,"['Brc1cccc2cnccc12', 'Brc1cccc2ccoc12', 'Brc1ccc2cccnc2n1']",[]
6,"[10.3, 57.1, 51.7]",1.985782524421492,"['OCc1ccc(Br)c(F)c1', 'Brc1cnc2[nH]ccc2c1', 'Brc1cncc2[nH]ccc12']",[]
7,"[0.0, 9.0, 0.3]",1.9978300955000494,"['Oc1ccc2cccnc2c1Br', 'Brc1cnc2ncccc2c1', 'Brc1cccc2ncncc12']",[]
8,"[2.9, 66.6, 41.5]",2.1128261794658196,"['O=C(c1cc2cc(Br)cnc2s1)N1CCOCC1', 'COc1ccc(Cn2cnc3cc(Br)ccc32)cc1', 'Brc1cccc(Cn2cccn2)c1']",[]
