,obj_values ['yield'],Vendi_score,eval_samples,cut_samples
0,"[0.0, 30.3, 0.3]",1.630390132053595,"['CC(C)(C)OC(=O)N1CCC(Nc2ccc(Br)cc2)CC1', 'Cn1nnc(-c2ccc(Br)cn2)n1', 'Brc1ccc2cncnc2c1']",[]
1,"[25.7, 0.0, 22.5]",1.8226685140859509,"['OC(c1ccc(Br)cn1)C(F)(F)F', 'Brc1ccc(N2CCOCC2)nc1', 'Oc1ccc(Br)cn1']",[]
2,"[3.5, 17.2, 37.7]",1.8440237806419828,"['CC(=O)Nc1ccc(C(C)=O)cc1Br', 'CC(=O)c1cc(Br)cs1', 'CC(=O)Nc1ccc(Br)cc1']",[]
3,"[0.3, 4.0, 28.9]",2.1044467917319385,"['Brc1ccc(-c2ccn[nH]2)s1', 'Brc1ccc(-c2cccs2)cc1', 'Oc1ccc(Br)nc1']",[]
4,"[0.0, 0.9, 0.0]",2.024296872510952,"['C#Cc1ccc(Br)cc1', 'C=CCc1ccc(Br)c(F)c1', 'CC(=O)/C=C/c1ccc(Br)cc1']",[]
5,"[9.2, 18.8, 28.3]",2.0525815120044073,"['Brc1ccc2ncncc2c1', 'Oc1cccc(Br)n1', 'Brc1cccc2[nH]cnc12']",[]
6,"[19.0, 38.0, 0.1]",1.9909909742689627,"['CC(=O)c1ccc(Oc2cccc(Br)c2)cc1', 'Brc1cccc(-c2cc[nH]n2)c1', 'CC(=O)N1CCc2cc(Br)ccc21']",[]
7,"[5.0, 9.6, 7.3]",2.037865781036675,"['FC(F)(F)c1ccc2cc(Br)ncc2n1', 'O=C1CCc2cccc(Br)c2N1', 'Brc1cccc2nccnc12']",[]
8,"[41.9, 31.2, 20.9]",2.0160013641960113,"['CS(=O)(=O)c1ccc(Br)cc1', 'CC(=O)Cc1cccc(Br)c1', 'CC1(C)OB(c2ccc(Br)cc2)OC1(C)C']",[]
