,obj_values ['yield'],Vendi_score,eval_samples,cut_samples
0,"[16.8, 0.0, 53.3]",2.119814946548783,"['FC(F)(F)c1ccnc(Nc2cccc(Br)c2)n1', 'Brc1nncs1', 'COc1ccc2nc(Br)ccc2n1']",[]
1,"[0.0, 8.1, 16.2]",2.5249863336831155,"['O=S(=O)(Nc1ccccc1Br)C(F)(F)F', 'O=C1CCC(Oc2ccccc2Br)CC1', 'Oc1ccccc1Br']",[]
2,"[60.2, 47.6, 0.0]",2.3525430632311317,"['O=C1CC(c2cccc(Br)c2)CC(=O)N1', 'OCC(O)c1cccc(Br)c1', 'O=C(c1cccc(Br)c1)C(F)(F)F']",[]
3,"[28.3, 28.7, 20.6]",2.320069157725717,"['Fc1ccccc1Br', 'Brc1ccc2ncnn2c1', 'Brc1cccc2nccn12']",[]
4,"[27.0, 4.8, 44.7]",2.3742851655853685,"['N#Cc1cccc(Br)c1', 'FC(F)(F)c1ccc(Br)c2[nH]ccc12', 'Brc1ncccc1OC1CCCCO1']",[]
5,"[1.5, 0.3, 19.6]",2.3214461784836162,"['Brc1ccc(-c2nnc(-c3ccccc3)o2)cc1', 'Brc1ccc2cncnc2c1', 'Brc1ccc2cnccc2c1']",[]
6,"[0.3, 18.6, 12.1]",2.3350255805809588,"['Oc1ncc(Br)cn1', 'CC(C)(C)OC(=O)N1CCOc2ccc(Br)cc2C1', 'Oc1cccc(Br)c1']",[]
7,"[1.5, 40.9, 11.0]",2.363847990031302,"['CC(C)(C)OC(=O)N1CCN(c2ncc(Br)cn2)CC1', 'O=C1CCCN1c1ccc(Br)cc1F', 'O=C(NCc1ccccc1)c1ccc(Br)cn1']",[]
8,"[46.3, 68.5, 7.3]",2.2820633668336607,"['O=C1NCc2cc(Br)ccc21', 'O=C(c1ccc(Br)cc1)N1CCOCC1', 'Brc1cccc2nccnc12']",[]
