,obj_values ['yield'],Vendi_score,eval_samples,cut_samples
0,"[0.0, 31.1, 0.0]",1.313453678607569,"['Brc1ccc2nn[nH]c2c1', 'Brc1cccc2ccoc12', 'O=C(c1cccc(Br)c1)C(F)(F)F']",[]
1,"[69.7, 43.8, 67.2]",1.4138937894734551,"['CC(C)(CO)c1cc(Br)ccn1', 'CC(C)(C#N)c1ccc(Br)cn1', 'CC(C)(C)c1cccc(Br)c1']",[]
2,"[16.3, 63.4, 9.6]",1.6238370976623033,"['OC1CCOc2c(Br)cccc21', 'Fc1ccc(Br)nc1', 'O=C1CCc2cccc(Br)c2N1']",[]
3,"[19.0, 22.0, 20.9]",1.648307646744476,"['CC(=O)c1ccc(Oc2cccc(Br)c2)cc1', 'CC(C)(C)Oc1ccc(Br)cc1', 'CC1(C)OB(c2ccc(Br)cc2)OC1(C)C']",[]
4,"[28.9, 28.4, 28.3]",1.7548817575838922,"['Oc1ccc(Br)nc1', 'Brc1ccc(-n2cnnc2)nc1', 'Brc1cccc2[nH]cnc12']",[]
5,"[0.0, 0.0, 31.2]",1.7404549258553257,"['CC(=O)/C=C/c1ccc(Br)cc1', 'CC(=O)CC(=O)c1ccc(Br)cc1', 'CC(=O)Cc1cccc(Br)c1']",[]
6,"[0.0, 25.7, 0.3]",1.8451739417772386,"['Brc1ccc(N2CCOCC2)nc1', 'OC(c1ccc(Br)cn1)C(F)(F)F', 'Brc1ccc2ccncc2n1']",[]
7,"[8.9, 37.7, 17.2]",1.8706075504854378,"['CC(=O)Nc1ncc(F)cc1Br', 'CC(=O)Nc1ccc(Br)cc1', 'CC(=O)c1cc(Br)cs1']",[]
8,"[0.6, 5.0, 1.7]",2.0517374885931874,"['Nc1ncnn2c(Br)ccc12', 'FC(F)(F)c1ccc2cc(Br)ncc2n1', 'Brc1ccnc2cccnc12']",[]
