,obj_values ['yield'],Vendi_score,eval_samples,cut_samples
0,"[15.4, 60.9, 18.3]",1.7818056575083032,"['FC(F)(F)c1nc2ccc(Br)cn2n1', 'Brc1cncnc1', 'Cc1ccc2ccc(Br)nc2n1']",[]
1,"[41.9, 0.0, 40.9]",1.7546190552444771,"['CS(=O)(=O)c1ccc(Br)cc1', 'FC(F)C(F)(F)Oc1cccc(Br)c1', 'O=C1CCCN1c1ccc(Br)cc1F']",[]
2,"[4.2, 19.6, 35.4]",1.7701014107962385,"['Brc1cccc2cnccc12', 'Brc1ccc2cnccc2c1', 'Brc1ccc2[nH]cnc2c1']",[]
3,"[0.3, 49.9, 0.0]",1.694631377714029,"['Brc1cnc2ncoc2c1', 'FCCOc1cncc(Br)c1', 'O=S(=O)(O)c1cncc(Br)c1']",[]
4,"[0.0, 14.2, 13.1]",1.8124795331626438,"['FC(F)(F)c1ccc(Br)c2ncccc12', 'Brc1ccc2ncccc2n1', 'Nc1nc2ccc(Br)cc2o1']",[]
5,"[0.0, 0.0, 44.1]",2.2630770242230245,"['OCc1coc(Br)n1', 'FC(F)(F)c1cnc2cc(Br)ncc2n1', 'Nc1cc(Br)ncn1']",[]
6,"[9.0, 0.3, 29.0]",2.168998795144234,"['Brc1cnc2ncccc2c1', 'Brc1cccc2ncncc12', 'Brc1cccc2[nH]ncc12']",[]
7,"[2.9, 19.7, 0.6]",2.3153868250369767,"['O=C(c1cc2cc(Br)cnc2s1)N1CCOCC1', 'Brc1cnc2[nH]ncc2c1', 'Brc1cc2ncncc2s1']",[]
8,"[31.1, 0.0, 1.9]",2.3467080805785723,"['Brc1cccc2ccoc12', 'Oc1ccc2cccnc2c1Br', 'Oc1cc2cccc(Br)c2cn1']",[]
