,obj_values ['yield'],Vendi_score,eval_samples,cut_samples
0,"[0.0, 69.7, 0.0]",1.2189314708112975,"['O=c1cc(O)c2ccc(Br)cc2o1', 'CC(C)(CO)c1cc(Br)ccn1', 'CC(=O)/C=C/c1ccc(Br)cc1']",[]
1,"[43.5, 7.1, 37.2]",1.5905138342854286,"['Brc1ccc2[nH]ccc2n1', 'N#Cc1cc2cc(Br)ccc2s1', 'Oc1ncnc2ccc(Br)cc12']",[]
2,"[33.5, 22.0, 34.0]",1.7160963895404568,"['CC(C)(C)c1cc(Br)c2ncccc2c1', 'CC(C)(C)Oc1ccc(Br)cc1', 'CSc1ncc(Br)cn1']",[]
3,"[75.3, 47.2, 31.1]",1.7485535833715355,"['Brc1cccnc1', 'O=C1CCCc2ccc(Br)cc2N1', 'COc1ncc(Br)nc1OC']",[]
4,"[27.8, 40.9, 0.0]",1.8130855203564364,"['C[C@@H](NC(=O)OC(C)(C)C)c1ccc(Br)cc1', 'O=C1CCCN1c1ccc(Br)cc1F', 'CC(C)(C)OC(=O)n1cc(CO)c2c(Br)cccc21']",[]
5,"[22.5, 0.4, 50.2]",1.7853725334075168,"['Oc1ccc(Br)cn1', 'NCCc1ccc(Br)cc1', 'O=C1COc2cc(Br)ccc2N1']",[]
6,"[53.1, 25.1, 41.5]",1.749127251394297,"['CC(C)c1ccc(Br)cc1', 'FC(F)(F)c1cc2ccc(Br)cc2cn1', 'Brc1cccc(Cn2cccn2)c1']",[]
7,"[24.7, 22.0, 0.0]",1.7749981827617254,"['Brc1cccc(-c2nnc(C3CC3)o2)c1', 'O=C1CCC(Oc2cccc(Br)c2)CC1', 'Brc1ccc(CN2CCNCC2)cc1']",[]
8,"[0.0, 1.6, 0.0]",1.7698471876081023,"['FC(F)C(F)(F)Oc1cccc(Br)c1', 'CCOP(=O)(Cc1ccc(Br)cn1)OCC', 'C#Cc1ccc(Br)cc1']",[]
