,obj_values ['yield'],Vendi_score,eval_samples,cut_samples
0,"[15.5, 21.7, 0.0]",1.605487322324006,"['Cn1cc(Br)nn1', 'Brc1ccc2c(c1)oc1ccccc12', 'CCC(=O)c1ccc(Br)cc1O']",[]
1,"[41.0, 18.3, 85.7]",1.8552571303662762,"['Cc1cn[nH]c1-c1ccc(Br)cc1', 'Cc1ccc2ccc(Br)nc2n1', 'Cc1ccnc(Br)c1']",[]
2,"[8.9, 20.4, 25.1]",2.082741259837764,"['Oc1nccc2cc(Br)cnc12', 'Brc1ncccn1', 'FC(F)(F)c1cc2ccc(Br)cc2cn1']",[]
3,"[22.0, 21.0, 34.9]",2.328853730476499,"['O=C1CCC(Oc2cccc(Br)c2)CC1', 'Cn1cnc(Br)c1', 'Cn1ccc(-c2cccc(Br)c2)n1']",[]
4,"[39.9, 52.4, 81.1]",2.5685756269112363,"['Brc1csc2cnccc12', 'Nc1nccc(Br)n1', 'Brc1cnc2ncccn12']",[]
5,"[67.8, 0.6, 30.3]",2.5768286842282624,"['Cn1cnc2cc(Br)ccc21', 'O=c1[nH]cc(Br)c(=O)[nH]1', 'Cn1nnc(-c2ccc(Br)cn2)n1']",[]
6,"[0.0, 0.0, 0.0]",3.0163110147538856,"['Brc1nncs1', 'Brc1ncn[nH]1', 'O=C(Nc1ccc(Br)c(F)c1)c1ccccn1']",[]
7,"[67.6, 2.9, 0.0]",3.077315969177963,"['Cc1cncc(Br)c1', 'O=C(c1cc2cc(Br)cnc2s1)N1CCOCC1', 'FC(F)(F)c1cnc2cc(Br)ncc2n1']",[]
8,"[58.4, 0.0, 0.0]",3.1546728535255997,"['Brc1ccc2cccnc2n1', 'Oc1ccc2cccnc2c1Br', 'O=S(=O)(Nc1ccccc1Br)C(F)(F)F']",[]
