,obj_values ['yield'],Vendi_score,eval_samples,cut_samples
0,"[60.2, 20.3, 0.3]",1.553315635886345,"['O=C1CC(c2cccc(Br)c2)CC(=O)N1', 'Oc1ccnc2ccc(Br)cc12', 'Brc1ccc(-c2ccn[nH]2)s1']",[]
1,"[29.7, 66.7, 51.1]",1.7252865970045312,"['O=S(=O)(Cc1ccc(Br)cc1)N1CCCC1', 'Fc1ccc(Br)cc1', 'Brc1cnc(Oc2cccnc2)nc1']",[]
2,"[0.0, 31.1, 16.8]",2.0353099287225294,"['COc1nccc(N)c1Br', 'COc1ncc(Br)nc1OC', 'COc1cc(Br)cc(OC)c1']",[]
3,"[0.4, 24.4, 35.4]",1.9326855084874752,"['NCCc1ccc(Br)cc1', 'OCc1ccc(Br)cc1', 'Brc1ccc2[nH]cnc2c1']",[]
4,"[0.3, 0.0, 0.3]",2.2858645159828983,"['Brc1ncnc2ccccc12', 'COc1cc2ccc(Br)nc2cn1', 'COc1ccc(COc2cccc(Br)n2)cc1']",[]
5,"[0.0, 33.6, 0.0]",2.1887649362168218,"['Brc1ccc2nn[nH]c2c1', 'N#CCCc1ccc(Br)cc1', 'Brc1ccc(N2CCNCC2)cc1']",[]
6,"[75.2, 66.6, 0.3]",2.2413887421648053,"['CNC(=O)c1ccnc(Br)c1', 'COc1ccc(Cn2cnc3cc(Br)ccc32)cc1', 'COc1ccc2nccc(Br)c2c1']",[]
7,"[0.0, 36.8, 10.5]",2.166684223765099,"['Brc1ccc(C2OCCO2)cc1', 'Oc1ccc(Br)cc1', 'O=C1CCCCC1Oc1ccc(Br)cc1']",[]
8,"[53.3, 0.3, 25.1]",2.2465936130995976,"['COc1ccc2nc(Br)ccc2n1', 'COc1ccc2[nH]cc(Br)c2n1', 'FC(F)(F)c1cc2ccc(Br)cc2cn1']",[]
