,obj_values ['yield'],Vendi_score,eval_samples,cut_samples
0,"[20.4, 66.6, 21.9]",1.3245399374281277,"['Brc1ccc(-c2nc3ccccc3[nH]2)cc1', 'COc1ccc(Cn2cnc3cc(Br)ccc32)cc1', 'CC(C)(C)OC(=O)NC1(c2ccc(Br)cc2)CC(=O)C1']",[]
1,"[0.0, 0.9, 0.0]",1.6707226209339459,"['C#Cc1ccc(Br)cc1', 'C=CCc1ccc(Br)c(F)c1', 'CC(=O)/C=C/c1ccc(Br)cc1']",[]
2,"[28.9, 0.0, 16.3]",1.9881822153544428,"['Oc1ccc(Br)nc1', 'CCOc1ccc(F)c(B(O)O)c1Br', 'OC1CCOc2c(Br)cccc21']",[]
3,"[31.2, 0.1, 8.9]",1.936281515193664,"['CC(=O)Cc1cccc(Br)c1', 'CC(=O)N1CCc2cc(Br)ccc21', 'CC(=O)Nc1ncc(F)cc1Br']",[]
4,"[25.7, 0.3, 5.0]",2.1395627278770535,"['OC(c1ccc(Br)cn1)C(F)(F)F', 'Brc1ccc2ccncc2n1', 'FC(F)(F)c1ccc2cc(Br)ncc2n1']",[]
5,"[3.5, 19.0, 27.1]",2.088269176722553,"['CC(=O)Nc1ccc(C(C)=O)cc1Br', 'CC(=O)c1ccc(Oc2cccc(Br)c2)cc1', 'CC(=O)c1cccc(Br)c1']",[]
6,"[1.7, 28.3, 18.8]",2.141657163369417,"['Brc1ccnc2cccnc12', 'Brc1cccc2[nH]cnc12', 'Oc1cccc(Br)n1']",[]
7,"[51.8, 27.8, 16.8]",2.2056331718411,"['CC(C)(C)OC(=O)N1CCCc2ccc(Br)nc21', 'C[C@@H](NC(=O)OC(C)(C)C)c1ccc(Br)cc1', 'FC(F)(F)c1ccnc(Nc2cccc(Br)c2)n1']",[]
8,"[3.0, 22.0, 15.2]",2.4609005597063582,"['Brc1cnc2cccnc2c1', 'Brc1cc2ncccc2[nH]1', 'Brc1ncc[nH]1']",[]
