,obj_values ['yield'],Vendi_score,eval_samples,cut_samples
0,"[27.8, 1.5, 0.0]",1.5480025628054235,"['C[C@@H](NC(=O)OC(C)(C)C)c1ccc(Br)cc1', 'CC(C)(C)OC(=O)N1CCN(c2ncc(Br)cn2)CC1', 'O=S(=O)(Nc1ccccc1Br)C(F)(F)F']",[]
1,"[66.6, 0.3, 0.0]",2.156500810094122,"['COc1ccc(Cn2cnc3cc(Br)ccc32)cc1', 'COc1ccc(COc2cccc(Br)n2)cc1', 'COc1cc2ccc(Br)nc2cn1']",[]
2,"[10.5, 36.8, 0.0]",2.2061705694527256,"['O=C1CCCCC1Oc1ccc(Br)cc1', 'Oc1ccc(Br)cc1', 'Brc1ccc(N2CCNCC2)cc1']",[]
3,"[8.1, 22.0, 53.3]",2.1786553336014567,"['COc1ccc2cc(Br)cnc2n1', 'COc1ccc2cc(Br)ccc2n1', 'COc1ccc2nc(Br)ccc2n1']",[]
4,"[50.4, 1.3, 0.0]",2.077285798854121,"['Brc1ccc(-c2nnc[nH]2)cc1', 'Brc1ccc(-c2nc3cnccc3[nH]2)cc1', 'Brc1ccc([C@@H]2CNCCO2)cc1']",[]
5,"[41.9, 0.0, 42.4]",2.1253810706728697,"['CS(=O)(=O)c1ccc(Br)cc1', 'CC(C)(N)c1ccc(Br)cc1', 'COc1cccnc1Br']",[]
6,"[33.6, 75.3, 37.2]",2.1049830138085674,"['N#CCCc1ccc(Br)cc1', 'Brc1cccnc1', 'Oc1ncnc2ccc(Br)cc12']",[]
7,"[16.8, 43.9, 16.7]",2.0579722103255342,"['FC(F)(F)c1ccnc(Nc2cccc(Br)c2)n1', 'O=C1CN(Cc2cccc(Br)c2)C(=O)N1', 'COc1ncc2cc(Br)ccc2n1']",[]
8,"[15.2, 9.6, 0.0]",2.284042435504977,"['Brc1ncc[nH]1', 'O=C1CCc2cccc(Br)c2N1', 'Brc1ccc(CN2CCOCC2)cc1']",[]
