,obj_values ['yield'],Vendi_score,eval_samples,cut_samples
0,"[5.9, 0.6, 0.3]",2.124712926911606,"['Brc1ccn2nccc2n1', 'Brc1cc2ncncc2s1', 'Brc1cnn2ccccc12']",[]
1,"[20.3, 0.0, 50.2]",1.9674405532636212,"['Oc1ccnc2ccc(Br)cc12', 'Brc1ccc2nn[nH]c2c1', 'O=C1COc2cc(Br)ccc2N1']",[]
2,"[22.0, 14.3, 0.0]",2.18702071100055,"['CC(C)(C)Oc1ccc(Br)cc1', 'CC(C)(C)OC(=O)n1cc(Br)c2cccnc21', 'CC(C)(C)OC(=O)n1cc(CO)c2c(Br)cccc21']",[]
3,"[7.1, 46.3, 48.1]",2.1168444426123023,"['N#Cc1cc2cc(Br)ccc2s1', 'O=C1NCc2cc(Br)ccc21', 'O=C1c2ccc(Br)cc2CN1C1CC1']",[]
4,"[80.4, 11.4, 34.1]",2.1090075118832003,"['CC(C)(CO)c1ccc(Br)cn1', 'CC(C)(C)OC(=O)Nc1ccc(Br)cn1', 'CC(C)(C)OC(=O)NCc1cccc(Br)n1']",[]
5,"[3.7, 0.3, 3.0]",2.0468746592689993,"['O=C1Nc2ccc(Br)cc2C12OCCO2', 'Brc1ccc2cnnn2c1', 'Brc1cnc2cccnc2c1']",[]
6,"[0.0, 3.6, 21.9]",2.062315793229521,"['CC(C)NC(=O)c1ccc(Br)cn1', 'CC(C)Sc1ccc(Br)cc1', 'CC(C)(C)OC(=O)NC1(c2ccc(Br)cc2)CC(=O)C1']",[]
7,"[0.0, 16.2, 28.4]",2.0993262352367767,"['Nc1cnc(-c2cccc(Br)c2)nc1', 'Oc1ccccc1Br', 'Brc1ccc(-n2cnnc2)nc1']",[]
8,"[67.2, 0.0, 0.0]",2.121363608124351,"['CC(C)(C)c1cccc(Br)c1', 'CCC(=O)c1ccc(Br)cc1O', 'CC(C)(C)OC(=O)NCCc1c[nH]c2ccc(Br)cc12']",[]
