,obj_values ['yield'],Vendi_score,eval_samples,cut_samples
0,"[37.2, 24.7, 68.5]",1.2380829854799469,"['Oc1ncnc2ccc(Br)cc12', 'Brc1cccc(-c2nnc(C3CC3)o2)c1', 'O=C(c1ccc(Br)cc1)N1CCOCC1']",[]
1,"[7.1, 75.3, 0.3]",1.44064196761923,"['N#Cc1cc2cc(Br)ccc2s1', 'Brc1cccnc1', 'Brc1ccc2cnnn2c1']",[]
2,"[42.4, 28.7, 49.8]",1.6329994098501976,"['COc1cccnc1Br', 'COc1ccccc1Br', 'COc1cccc(Br)c1']",[]
3,"[12.4, 50.4, 1.3]",1.6125606297267148,"['Brc1ccc(-c2ncco2)cc1', 'Brc1ccc(-c2nnc[nH]2)cc1', 'Brc1ccc(-c2nc3cnccc3[nH]2)cc1']",[]
4,"[16.7, 80.4, 17.3]",1.655137311334518,"['COc1ncc2cc(Br)ccc2n1', 'CC(C)(CO)c1ccc(Br)cn1', 'COc1ccc2cc(Br)ncc2n1']",[]
5,"[0.0, 47.2, 0.0]",1.6510349454937796,"['Brc1ccc([C@@H]2CNCCO2)cc1', 'O=C1CCCc2ccc(Br)cc2N1', 'FC(F)(F)Sc1ccc(Br)cc1']",[]
6,"[22.0, 0.0, 75.2]",1.7430883488140976,"['CC(C)(C)Oc1ccc(Br)cc1', 'Brc1ccccc1-c1nnn[nH]1', 'CNC(=O)c1ccnc(Br)c1']",[]
7,"[8.1, 69.6, 0.0]",1.7344823366826292,"['O=C1CCC(Oc2ccccc2Br)CC1', 'CNC(=O)c1cccc(Br)c1', 'O=c1cc(O)c2ccc(Br)cc2o1']",[]
8,"[47.7, 8.1, 12.1]",1.7473613429430281,"['O=S(=O)(CCO)c1ccc(Br)cc1', 'COc1ccc2cc(Br)cnc2n1', 'Oc1cccc(Br)c1']",[]
