,obj_values ['yield'],Vendi_score,eval_samples,cut_samples
0,"[0.6, 0.3, 24.7]",1.6824390728936416,"['Nc1ncnn2c(Br)ccc12', 'Brc1cnc2ncoc2c1', 'Brc1cccc(-c2nnc(C3CC3)o2)c1']",[]
1,"[0.0, 5.9, 39.2]",2.5449557921534853,"['Brc1ncn[nH]1', 'Brc1ccn2nccc2n1', 'Brc1cnn(-c2ccncc2)c1']",[]
2,"[30.3, 67.8, 7.6]",2.3638121847141234,"['Cn1nnc(-c2ccc(Br)cn2)n1', 'Cn1cnc2cc(Br)ccc21', 'Cn1cnc2ccc(Br)cc21']",[]
3,"[39.9, 81.1, 52.4]",2.4939303338004306,"['Brc1csc2cnccc12', 'Brc1cnc2ncccn12', 'Nc1nccc(Br)n1']",[]
4,"[1.5, 0.6, 34.9]",2.4913464251642883,"['Nc1c(F)cncc1Br', 'O=c1[nH]cc(Br)c(=O)[nH]1', 'Cn1ccc(-c2cccc(Br)c2)n1']",[]
5,"[0.0, 17.2, 20.4]",2.8149316127651343,"['Brc1nncs1', 'Brc1cnn(-c2ncccn2)c1', 'Brc1ncccn1']",[]
6,"[17.7, 0.0, 15.5]",2.8313140110493014,"['Nc1ncncc1Br', 'Fc1ncc(Br)c(F)n1', 'Cn1cc(Br)nn1']",[]
7,"[28.5, 3.2, 0.3]",2.9250048147358227,"['CC(C)(C)OC(=O)N1CCCCC1c1ccc(Br)cc1', 'Brc1cnc2nccn2c1', 'Oc1ccnc(Br)c1']",[]
8,"[18.3, 21.9, 77.6]",2.8891448863028226,"['Cc1ccc2ccc(Br)nc2n1', 'Nc1ncc(Br)cn1', 'Cc1ccc(Br)cn1']",[]
