,obj_values ['yield'],Vendi_score,eval_samples,cut_samples
0,"[27.9, 44.1, 41.9]",1.8444378456667774,"['CCCc1cc(NC(=O)OC(C)(C)C)c2cc(Br)ccc2n1', 'Nc1cc(Br)ncn1', 'CS(=O)(=O)c1ccc(Br)cc1']",[]
1,"[0.0, 0.0, 1.3]",1.8284613137918253,"['Brc1ccc([C@@H]2CNCCO2)cc1', 'FC(F)(F)Sc1ccc(Br)cc1', 'Brc1ccc(-c2nc3cnccc3[nH]2)cc1']",[]
2,"[53.3, 0.3, 22.0]",2.1384891686638037,"['COc1ccc2nc(Br)ccc2n1', 'COc1ccc2[nH]cc(Br)c2n1', 'COc1ccc2cc(Br)ccc2n1']",[]
3,"[10.5, 36.8, 47.7]",2.1161913888598014,"['O=C1CCCCC1Oc1ccc(Br)cc1', 'Oc1ccc(Br)cc1', 'O=S(=O)(CCO)c1ccc(Br)cc1']",[]
4,"[0.3, 17.3, 8.1]",2.0945056094597043,"['COc1ccc2nccc(Br)c2c1', 'COc1ccc2cc(Br)ncc2n1', 'COc1ccc2cc(Br)cnc2n1']",[]
5,"[50.4, 0.0, 66.7]",2.0968835421840235,"['Brc1ccc(-c2nnc[nH]2)cc1', 'Brc1ccc(N2CCNCC2)cc1', 'Fc1ccc(Br)cc1']",[]
6,"[28.7, 49.8, 66.6]",2.0967063350383977,"['COc1ccccc1Br', 'COc1cccc(Br)c1', 'COc1ccc(Cn2cnc3cc(Br)ccc32)cc1']",[]
7,"[0.3, 12.4, 29.7]",2.0618912225883386,"['Brc1ccc2cnnn2c1', 'Brc1ccc(-c2ncco2)cc1', 'O=S(=O)(Cc1ccc(Br)cc1)N1CCCC1']",[]
8,"[80.4, 42.4, 0.3]",2.1575169309340065,"['CC(C)(CO)c1ccc(Br)cn1', 'COc1cccnc1Br', 'COc1ccc(COc2cccc(Br)n2)cc1']",[]
