,obj_values ['yield'],Vendi_score,eval_samples,cut_samples
0,"[0.0, 67.2, 48.1]",1.5655816033581698,"['CC(C)(C)OC(=O)N1CCN(Cc2ccc(Br)cc2)CC1', 'CC(C)(C)c1cccc(Br)c1', 'O=C1c2ccc(Br)cc2CN1C1CC1']",[]
1,"[0.0, 31.2, 0.1]",1.5932618897272313,"['CC(=O)CC(=O)c1ccc(Br)cc1', 'CC(=O)Cc1cccc(Br)c1', 'CC(=O)N1CCc2cc(Br)ccc21']",[]
2,"[16.3, 0.0, 25.7]",1.7354810885850236,"['OC1CCOc2c(Br)cccc21', 'Brc1ccc(N2CCOCC2)nc1', 'OC(c1ccc(Br)cn1)C(F)(F)F']",[]
3,"[37.7, 17.2, 3.5]",1.7791486620286894,"['CC(=O)Nc1ccc(Br)cc1', 'CC(=O)c1cc(Br)cs1', 'CC(=O)Nc1ccc(C(C)=O)cc1Br']",[]
4,"[0.0, 18.8, 43.5]",2.1095886441812333,"['FC(F)(F)c1cnc2nc(Br)ccc2c1', 'Oc1cccc(Br)n1', 'Brc1ccc2[nH]ccc2n1']",[]
5,"[18.6, 34.0, 27.8]",2.330392754551306,"['CC(C)(C)OC(=O)N1CCCC1c1nc(Br)c[nH]1', 'CSc1ncc(Br)cn1', 'C[C@@H](NC(=O)OC(C)(C)C)c1ccc(Br)cc1']",[]
6,"[22.0, 1.7, 16.8]",2.406677913546811,"['Brc1cc2ncccc2[nH]1', 'Brc1ccnc2cccnc12', 'COc1cc(Br)cc(OC)c1']",[]
7,"[4.0, 18.6, 1.5]",2.572560851390728,"['CC(C)(C)OC(=O)N1C[C@H](F)C[C@H]1c1nc(Br)c[nH]1', 'CC(C)(C)OC(=O)N1CCOc2ccc(Br)cc2C1', 'CC(C)(C)OC(=O)N1CCN(c2ncc(Br)cn2)CC1']",[]
8,"[39.5, 3.7, 3.0]",2.4712280794533323,"['OC1Cc2ccc(Br)cc2C1', 'O=C1Nc2ccc(Br)cc2C12OCCO2', 'Brc1cnc2cccnc2c1']",[]
