,obj_values ['yield'],Vendi_score,eval_samples,cut_samples
0,"[1.4, 52.4, 51.7]",1.6071057762296768,"['Brc1cnc2cncn2c1', 'Nc1nccc(Br)n1', 'Brc1cncc2[nH]ccc12']",[]
1,"[0.0, 19.0, 27.1]",2.003354232854261,"['CC(C)(C)OC(=O)N1CCC(Nc2ccc(Br)cc2)CC1', 'CC(=O)c1ccc(Oc2cccc(Br)c2)cc1', 'CC(=O)c1cccc(Br)c1']",[]
2,"[18.8, 7.3, 43.5]",2.1462891520160627,"['Oc1cccc(Br)n1', 'Brc1cccc2nccnc12', 'Brc1ccc2[nH]ccc2n1']",[]
3,"[18.6, 51.8, 0.0]",2.6924116066669486,"['CC(C)(C)OC(=O)N1CCCC1c1nc(Br)c[nH]1', 'CC(C)(C)OC(=O)N1CCCc2ccc(Br)nc21', 'CC(C)(C)OC(=O)N1CCN(Cc2ccc(Br)cc2)CC1']",[]
4,"[3.0, 3.7, 39.5]",2.5515458358478225,"['Brc1cnc2cccnc2c1', 'O=C1Nc2ccc(Br)cc2C12OCCO2', 'OC1Cc2ccc(Br)cc2C1']",[]
5,"[0.0, 21.9, 4.0]",2.7121854840846145,"['CC(C)(C)OC(=O)NCCc1c[nH]c2ccc(Br)cc12', 'CC(C)(C)OC(=O)NC1(c2ccc(Br)cc2)CC(=O)C1', 'CC(C)(C)OC(=O)N1C[C@H](F)C[C@H]1c1nc(Br)c[nH]1']",[]
6,"[47.2, 29.9, 46.3]",2.5231733515826393,"['O=C1CCCc2ccc(Br)cc2N1', 'O=C1CCc2ccc(Br)cc2N1', 'O=C1NCc2cc(Br)ccc21']",[]
7,"[14.3, 0.0, 11.4]",2.5496898891216584,"['CC(C)(C)OC(=O)n1cc(Br)c2cccnc21', 'CC(C)(C)OC(=O)n1cc(CO)c2c(Br)cccc21', 'CC(C)(C)OC(=O)Nc1ccc(Br)cn1']",[]
8,"[10.2, 0.0, 50.2]",2.4977381473296716,"['O=c1cc(Br)c(-c2ccccc2)n[nH]1', 'Brc1ccc2nn[nH]c2c1', 'O=C1COc2cc(Br)ccc2N1']",[]
