,obj_values ['yield'],Vendi_score,eval_samples,cut_samples
0,"[53.1, 34.1, 0.0]",1.4970285670496715,"['CC(C)c1ccc(Br)cc1', 'Cc1cc(Br)cnc1C', 'O=C(Nc1ccc(Br)c(F)c1)c1ccccn1']",[]
1,"[24.7, 69.7, 42.2]",1.4709017066488292,"['Brc1cccc(-c2nnc(C3CC3)o2)c1', 'Brc1cccc(-n2ccnc2)c1', 'Brc1cccc(-n2cncn2)c1']",[]
2,"[0.0, 3.6, 19.1]",1.4923870114046136,"['CC(C)NC(=O)c1ccc(Br)cn1', 'CC(C)Sc1ccc(Br)cc1', 'CC(O)c1ccc(Br)cc1']",[]
3,"[9.2, 0.6, 0.0]",1.7718185694165145,"['Brc1ccc2ncncc2c1', 'Nc1ncnn2c(Br)ccc12', 'Nc1cnc(-c2cccc(Br)c2)nc1']",[]
4,"[0.0, 20.3, 0.0]",1.727751888966934,"['CC(C)(N)c1ccc(Br)cc1', 'CC1(C)C(=O)Nc2ccc(Br)cc21', 'CCC(=O)c1ccc(Br)cc1O']",[]
5,"[22.0, 24.4, 68.5]",1.7105352635900493,"['O=C1CCC(Oc2cccc(Br)c2)CC1', 'OCc1ccc(Br)cc1', 'O=C(c1ccc(Br)cc1)N1CCOCC1']",[]
6,"[67.2, 27.9, 1.6]",1.7900131019237087,"['CC(C)(C)c1cccc(Br)c1', 'CCCc1cc(NC(=O)OC(C)(C)C)c2cc(Br)ccc2n1', 'CCOP(=O)(Cc1ccc(Br)cn1)OCC']",[]
7,"[51.1, 0.0, 0.0]",1.7612769307299647,"['Brc1cnc(Oc2cccnc2)nc1', 'N#CC1(c2ccc(Br)cc2)CC1', 'NC1(c2ccc(Br)cc2)CC1']",[]
8,"[21.0, 41.9, 18.2]",1.9265290864392115,"['Cn1cnc(Br)c1', 'CS(=O)(=O)c1ccc(Br)cc1', 'CN(C)S(=O)(=O)c1ccc(Br)cc1']",[]
