,obj_values ['yield'],Vendi_score,eval_samples,cut_samples
0,"[39.0, 0.0, 0.4]",1.253195809808108,"['O=C1CCc2ncc(Br)cc2N1', 'Nc1cnc(-c2cccc(Br)c2)nc1', 'NCCc1ccc(Br)cc1']",[]
1,"[24.8, 0.6, 13.1]",1.4124204877111541,"['Brc1cccc2cncnc12', 'Oc1cnc2cc(Br)ccc2n1', 'Nc1nc2ccc(Br)cc2o1']",[]
2,"[0.3, 57.1, 53.0]",1.377234255808794,"['Brc1cnc2ncoc2c1', 'Brc1cnc2[nH]ccc2c1', 'Brc1cnc2cc[nH]c2c1']",[]
3,"[7.1, 0.3, 23.7]",1.544266197471286,"['N#Cc1cc2cc(Br)ccc2s1', 'Brc1ncnc2ccccc12', 'Nc1nc2cc(Br)ccc2o1']",[]
4,"[16.7, 27.8, 21.9]",1.6367553844491538,"['COc1ncc2cc(Br)ccc2n1', 'C[C@@H](NC(=O)OC(C)(C)C)c1ccc(Br)cc1', 'Nc1ncc(Br)cn1']",[]
5,"[31.1, 23.1, 0.3]",1.617645569556883,"['Brc1cccc2ccoc12', 'Fc1cc(Br)ccc1-c1ccccc1', 'Brc1ccc2cnnn2c1']",[]
6,"[3.2, 2.9, 22.0]",1.6933527102338863,"['Brc1cnc2nccn2c1', 'O=C(c1cc2cc(Br)cnc2s1)N1CCOCC1', 'CC(C)(C)Oc1ccc(Br)cc1']",[]
7,"[0.0, 25.1, 0.0]",1.9619324976571495,"['Brc1ncn[nH]1', 'FC(F)(F)c1cc2ccc(Br)cc2cn1', 'Brc1ccccc1-c1nnn[nH]1']",[]
8,"[0.0, 0.6, 15.7]",2.1285273006467964,"['Fc1ncc(Br)c(F)n1', 'Brc1cc2ncncc2s1', 'Brc1cnc2nncn2c1']",[]
