,obj_values ['yield'],Vendi_score,eval_samples,cut_samples
0,"[0.3, 0.3, 0.0]",1.484362433473425,"['Brc1cccc2ncncc12', 'Brc1ncnc2ccccc12', 'FC(F)(F)c1cnc2cc(Br)ncc2n1']",[]
1,"[57.1, 51.7, 19.7]",1.7345880830809708,"['Brc1cnc2[nH]ccc2c1', 'Brc1cncc2[nH]ccc12', 'Brc1cnc2[nH]ncc2c1']",[]
2,"[4.2, 1.5, 19.6]",1.7467537734075664,"['Brc1cccc2cnccc12', 'Brc1ccc(-c2nnc(-c3ccccc3)o2)cc1', 'Brc1ccc2cnccc2c1']",[]
3,"[0.3, 10.3, 53.0]",1.7706577236887402,"['Oc1ncc(Br)cn1', 'OCc1ccc(Br)c(F)c1', 'Brc1cnc2cc[nH]c2c1']",[]
4,"[28.7, 20.6, 15.4]",1.8433789294694032,"['Brc1ccc2ncnn2c1', 'Brc1cccc2nccn12', 'FC(F)(F)c1nc2ccc(Br)cn2n1']",[]
5,"[0.0, 27.0, 4.8]",1.8660916424459018,"['O=C(c1cccc(Br)c1)C(F)(F)F', 'N#Cc1cccc(Br)c1', 'FC(F)(F)c1ccc(Br)c2[nH]ccc12']",[]
6,"[0.0, 0.0, 28.3]",1.9864033293434318,"['O=S(=O)(Nc1ccccc1Br)C(F)(F)F', 'Brc1ccccc1N1CCNCC1', 'Fc1ccccc1Br']",[]
7,"[58.7, 60.2, 47.6]",1.972694498244941,"['O=C1CCC(c2cccc(Br)c2)CN1', 'O=C1CC(c2cccc(Br)c2)CC(=O)N1', 'OCC(O)c1cccc(Br)c1']",[]
8,"[28.3, 16.2, 8.1]",1.990266856179811,"['Brc1cccc2[nH]cnc12', 'Oc1ccccc1Br', 'O=C1CCC(Oc2ccccc2Br)CC1']",[]
