,obj_values ['yield'],Vendi_score,eval_samples,cut_samples
0,"[43.8, 34.1, 0.0]",1.246607827037271,"['CC(C)(C#N)c1ccc(Br)cn1', 'Cc1cc(Br)cnc1C', 'Brc1ccc(N2CCOCC2)nc1']",[]
1,"[0.6, 67.8, 30.3]",1.5470822422822508,"['O=c1[nH]cc(Br)c(=O)[nH]1', 'Cn1cnc2cc(Br)ccc21', 'Cn1nnc(-c2ccc(Br)cn2)n1']",[]
2,"[0.0, 5.9, 39.2]",2.2659642404155593,"['Brc1ncn[nH]1', 'Brc1ccn2nccc2n1', 'Brc1cnn(-c2ccncc2)c1']",[]
3,"[0.0, 17.7, 0.0]",2.3155360895908963,"['FC(F)(F)c1cc(Br)c2nc[nH]c2c1', 'Nc1ncncc1Br', 'Fc1ncc(Br)c(F)n1']",[]
4,"[35.4, 28.9, 28.5]",2.476175875335155,"['Brc1ccc2[nH]cnc2c1', 'Oc1ccc(Br)nc1', 'CC(C)(C)OC(=O)N1CCCCC1c1ccc(Br)cc1']",[]
5,"[85.7, 0.3, 27.8]",2.4861742082462395,"['Cc1ccnc(Br)c1', 'Oc1ncc(Br)cn1', 'C[C@@H](NC(=O)OC(C)(C)C)c1ccc(Br)cc1']",[]
6,"[0.3, 24.8, 21.7]",2.386358520254687,"['Brc1cccc2[nH]c3ccccc3c12', 'Brc1ccc2oc3ccccc3c2c1', 'Brc1ccc2c(c1)oc1ccccc12']",[]
7,"[13.6, 0.0, 7.6]",2.338047659824083,"['Cc1cc(Br)cc(Nc2nccc(C3CC3)n2)c1', 'C[Si](C)(C)C#Cc1cccc(Br)c1', 'Cn1cnc2ccc(Br)cc21']",[]
8,"[0.0, 0.0, 0.0]",2.6037802054938783,"['Brc1nncs1', 'O=C(Nc1ccc(Br)c(F)c1)c1ccccn1', 'CCOc1ccc(F)c(B(O)O)c1Br']",[]
