,obj_values ['yield'],Vendi_score,eval_samples,cut_samples
0,"[0.6, 0.3, 0.0]",1.8131187107699578,"['O=c1[nH]cc(Br)c(=O)[nH]1', 'CCc1cccn2c(Br)cnc12', 'Brc1ccccc1N1CCNCC1']",[]
1,"[3.7, 39.5, 48.1]",1.9846126557237347,"['O=C1Nc2ccc(Br)cc2C12OCCO2', 'OC1Cc2ccc(Br)cc2C1', 'O=C1c2ccc(Br)cc2CN1C1CC1']",[]
2,"[0.0, 1.5, 18.6]",2.3173275357437753,"['CC(C)(C)OC(=O)N1CCN(Cc2ccc(Br)cc2)CC1', 'CC(C)(C)OC(=O)N1CCN(c2ncc(Br)cn2)CC1', 'CC(C)(C)OC(=O)N1CCOc2ccc(Br)cc2C1']",[]
3,"[9.2, 7.3, 1.7]",2.357764241460482,"['Brc1ccc2ncncc2c1', 'Brc1cccc2nccnc12', 'Brc1ccnc2cccnc12']",[]
4,"[51.8, 18.6, 33.5]",2.701631582454302,"['CC(C)(C)OC(=O)N1CCCc2ccc(Br)nc21', 'CC(C)(C)OC(=O)N1CCCC1c1nc(Br)c[nH]1', 'CC(C)(C)c1cc(Br)c2ncccc2c1']",[]
5,"[28.3, 9.6, 0.3]",2.7157689037349875,"['Brc1cccc2[nH]cnc12', 'O=C1CCc2cccc(Br)c2N1', 'Brc1ccc(-c2ccn[nH]2)s1']",[]
6,"[0.0, 27.1, 19.0]",2.6767892058516964,"['CC(C)(C)OC(=O)N1CCC(Nc2ccc(Br)cc2)CC1', 'CC(=O)c1cccc(Br)c1', 'CC(=O)c1ccc(Oc2cccc(Br)c2)cc1']",[]
7,"[4.0, 28.9, 63.4]",2.7666435284668203,"['Brc1ccc(-c2cccs2)cc1', 'Oc1ccc(Br)nc1', 'Fc1ccc(Br)nc1']",[]
8,"[4.0, 20.9, 80.4]",2.7665507843431767,"['CC(C)(C)OC(=O)N1C[C@H](F)C[C@H]1c1nc(Br)c[nH]1', 'CC1(C)OB(c2ccc(Br)cc2)OC1(C)C', 'CC(C)(CO)c1ccc(Br)cn1']",[]
