,obj_values ['yield'],Vendi_score,eval_samples,cut_samples
0,"[0.3, 0.4, 57.1]",1.204055751347851,"['Nc1cc(Br)ccn1', 'NCCc1ccc(Br)cc1', 'Brc1cnc2[nH]ccc2c1']",[]
1,"[19.1, 20.3, 0.0]",1.3185956200771718,"['CC(O)c1ccc(Br)cc1', 'CC1(C)C(=O)Nc2ccc(Br)cc21', 'CCC(=O)c1ccc(Br)cc1O']",[]
2,"[0.0, 0.0, 68.5]",1.3446996071544037,"['N#CC1(c2ccc(Br)cc2)CC1', 'NC1(c2ccc(Br)cc2)CC1', 'O=C(c1ccc(Br)cc1)N1CCOCC1']",[]
3,"[0.3, 18.2, 0.0]",1.681338044185768,"['CCc1cccn2c(Br)cnc12', 'CN(C)S(=O)(=O)c1ccc(Br)cc1', 'CN1CCOc2cc(Br)ccc21']",[]
4,"[0.0, 33.6, 0.0]",1.671832447232203,"['Brc1ccc(CN2CCNCC2)cc1', 'N#CCCc1ccc(Br)cc1', 'Brc1ccc(C2OCCO2)cc1']",[]
5,"[0.0, 69.7, 16.8]",1.7669780686579726,"['COc1cc2ccc(Br)nc2cn1', 'CC(C)(CO)c1cc(Br)ccn1', 'COc1cc(Br)cc(OC)c1']",[]
6,"[36.8, 66.7, 16.3]",1.7710962670646495,"['Oc1ccc(Br)cc1', 'Fc1ccc(Br)cc1', 'OC1CCOc2c(Br)cccc21']",[]
7,"[0.3, 0.3, 41.9]",1.8553339936848872,"['COc1ccc2nccc(Br)c2c1', 'COc1ccc2[nH]cc(Br)c2n1', 'CS(=O)(=O)c1ccc(Br)cc1']",[]
8,"[47.7, 0.0, 0.0]",1.860326684206858,"['O=S(=O)(CCO)c1ccc(Br)cc1', 'Brc1ccc([C@@H]2CNCCO2)cc1', 'FC(F)(F)Sc1ccc(Br)cc1']",[]
