,obj_values ['yield'],Vendi_score,eval_samples,cut_samples
0,"[75.2, 27.0, 28.9]",1.474527543061926,"['CNC(=O)c1ccnc(Br)c1', 'N#Cc1cccc(Br)c1', 'Oc1ccc(Br)nc1']",[]
1,"[41.5, 59.0, 43.9]",1.5815021023728117,"['Brc1cccc(Cn2cccn2)c1', 'NS(=O)(=O)Cc1cccc(Br)c1', 'O=C1CN(Cc2cccc(Br)c2)C(=O)N1']",[]
2,"[61.9, 11.0, 0.0]",1.8771903475911613,"['O=C(OCc1ccccc1)N1CCc2ncc(Br)cc2C1', 'O=C(NCc1ccccc1)c1ccc(Br)cn1', 'Brc1ccccc1-c1nnn[nH]1']",[]
3,"[11.3, 0.0, 27.8]",2.0489792017413984,"['Cc1cncc(Br)n1', 'Brc1cccc(N2CCCC2)c1', 'C[C@@H](NC(=O)OC(C)(C)C)c1ccc(Br)cc1']",[]
4,"[39.0, 20.4, 35.4]",1.9953800036136353,"['O=C1CCc2ncc(Br)cc2N1', 'Brc1ccc(-c2nc3ccccc3[nH]2)cc1', 'Brc1ccc2[nH]cnc2c1']",[]
5,"[0.0, 12.1, 0.0]",1.9939653617520967,"['FC(F)(F)c1cc(Br)c2nc[nH]c2c1', 'Oc1cccc(Br)c1', 'C[Si](C)(C)C#Cc1cccc(Br)c1']",[]
6,"[24.8, 21.7, 7.4]",1.9296435891460213,"['Brc1ccc2oc3ccccc3c2c1', 'Brc1ccc2c(c1)oc1ccccc12', 'Brc1cncc2ccccc12']",[]
7,"[13.6, 85.9, 67.6]",1.975904946642492,"['Cc1cc(Br)cc(Nc2nccc(C3CC3)n2)c1', 'Cc1cc(Br)ccn1', 'Cc1cncc(Br)c1']",[]
8,"[1.8, 0.0, 0.0]",2.2347896715246507,"['Brc1cnc2ccccc2n1', 'Brc1nncs1', 'O=C(Nc1ccc(Br)c(F)c1)c1ccccn1']",[]
