,obj_values ['yield'],Vendi_score,eval_samples,cut_samples
0,"[43.9, 4.0, 0.0]",2.362047415703901,"['O=C1CN(Cc2cccc(Br)c2)C(=O)N1', 'CC(C)(C)OC(=O)N1C[C@H](F)C[C@H]1c1nc(Br)c[nH]1', 'Brc1nncs1']",[]
1,"[0.0, 27.1, 67.2]",2.595281227924345,"['CC(C)(C)OC(=O)N1CCC(Nc2ccc(Br)cc2)CC1', 'CC(=O)c1cccc(Br)c1', 'CC(C)(C)c1cccc(Br)c1']",[]
2,"[37.2, 18.8, 1.7]",2.640449197343471,"['Oc1ncnc2ccc(Br)cc12', 'Oc1cccc(Br)n1', 'Brc1ccnc2cccnc12']",[]
3,"[51.8, 0.0, 1.5]",2.948514801788901,"['CC(C)(C)OC(=O)N1CCCc2ccc(Br)nc21', 'CC(C)(C)OC(=O)N1CCN(Cc2ccc(Br)cc2)CC1', 'CC(C)(C)OC(=O)N1CCN(c2ncc(Br)cn2)CC1']",[]
4,"[48.1, 3.7, 39.5]",2.67620631153945,"['O=C1c2ccc(Br)cc2CN1C1CC1', 'O=C1Nc2ccc(Br)cc2C12OCCO2', 'OC1Cc2ccc(Br)cc2C1']",[]
5,"[11.4, 34.1, 0.0]",2.64884362100732,"['CC(C)(C)OC(=O)Nc1ccc(Br)cn1', 'CC(C)(C)OC(=O)NCc1cccc(Br)n1', 'CC(C)(C)OC(=O)NCCc1c[nH]c2ccc(Br)cc12']",[]
6,"[50.2, 47.2, 29.9]",2.455609762721895,"['O=C1COc2cc(Br)ccc2N1', 'O=C1CCCc2ccc(Br)cc2N1', 'O=C1CCc2ccc(Br)cc2N1']",[]
7,"[33.5, 22.0, 14.3]",2.4661823488713615,"['CC(C)(C)c1cc(Br)c2ncccc2c1', 'CC(C)(C)Oc1ccc(Br)cc1', 'CC(C)(C)OC(=O)n1cc(Br)c2cccnc21']",[]
8,"[0.0, 0.0, 23.1]",2.3781127911231756,"['O=c1cc(O)c2ccc(Br)cc2o1', 'Brc1ccc2nn[nH]c2c1', 'Fc1cc(Br)ccc1-c1ccccc1']",[]
