,obj_values ['yield'],Vendi_score,eval_samples,cut_samples
0,"[43.8, 0.0, 59.0]",1.4317866187163681,"['CC(C)(C#N)c1ccc(Br)cn1', 'Brc1cccc(N2CCCC2)c1', 'NS(=O)(=O)Cc1cccc(Br)c1']",[]
1,"[66.6, 0.3, 0.0]",2.017195350835519,"['COc1ccc(Cn2cnc3cc(Br)ccc32)cc1', 'COc1ccc(COc2cccc(Br)n2)cc1', 'COc1cc2ccc(Br)nc2cn1']",[]
2,"[47.7, 10.5, 36.8]",2.0288787867267977,"['O=S(=O)(CCO)c1ccc(Br)cc1', 'O=C1CCCCC1Oc1ccc(Br)cc1', 'Oc1ccc(Br)cc1']",[]
3,"[8.1, 22.0, 53.3]",2.0129468691432537,"['COc1ccc2cc(Br)cnc2n1', 'COc1ccc2cc(Br)ccc2n1', 'COc1ccc2nc(Br)ccc2n1']",[]
4,"[12.4, 50.4, 1.3]",1.9229605215224659,"['Brc1ccc(-c2ncco2)cc1', 'Brc1ccc(-c2nnc[nH]2)cc1', 'Brc1ccc(-c2nc3cnccc3[nH]2)cc1']",[]
5,"[41.9, 0.0, 42.4]",1.9644565025006324,"['CS(=O)(=O)c1ccc(Br)cc1', 'CC(C)(N)c1ccc(Br)cc1', 'COc1cccnc1Br']",[]
6,"[0.4, 7.1, 20.3]",1.9046838140100628,"['NCCc1ccc(Br)cc1', 'N#Cc1cc2cc(Br)ccc2s1', 'Oc1ccnc2ccc(Br)cc12']",[]
7,"[12.1, 58.7, 16.7]",1.8727989852737073,"['Oc1cccc(Br)c1', 'O=C1CCC(c2cccc(Br)c2)CN1', 'COc1ncc2cc(Br)ccc2n1']",[]
8,"[15.2, 28.4, 9.2]",2.084914715380323,"['Brc1ncc[nH]1', 'Brc1ccc(-n2cnnc2)nc1', 'Brc1ccc2ncncc2c1']",[]
