,obj_values ['yield'],Vendi_score,eval_samples,cut_samples
0,"[0.0, 15.4, 0.0]",1.4903428637160994,"['CC(C)(N)c1ccc(Br)cc1', 'FC(F)(F)c1nc2ccc(Br)cn2n1', 'O=C(c1cccc(Br)c1)c1ccccn1']",[]
1,"[0.0, 75.2, 69.6]",1.9231691508324518,"['COc1nccc(N)c1Br', 'CNC(=O)c1ccnc(Br)c1', 'CNC(=O)c1cccc(Br)c1']",[]
2,"[24.4, 0.0, 9.2]",1.9768683975295194,"['OCc1ccc(Br)cc1', 'Brc1ccc(CN2CCNCC2)cc1', 'Brc1ccc2ncncc2c1']",[]
3,"[0.3, 66.6, 69.7]",2.194320442088002,"['COc1ccc(COc2cccc(Br)n2)cc1', 'COc1ccc(Cn2cnc3cc(Br)ccc32)cc1', 'CC(C)(CO)c1cc(Br)ccn1']",[]
4,"[10.5, 36.8, 0.0]",2.1326452728463026,"['O=C1CCCCC1Oc1ccc(Br)cc1', 'Oc1ccc(Br)cc1', 'Brc1ccc(N2CCNCC2)cc1']",[]
5,"[17.3, 8.1, 22.0]",2.120796051835048,"['COc1ccc2cc(Br)ncc2n1', 'COc1ccc2cc(Br)cnc2n1', 'COc1ccc2cc(Br)ccc2n1']",[]
6,"[50.4, 1.3, 0.0]",2.03660129510082,"['Brc1ccc(-c2nnc[nH]2)cc1', 'Brc1ccc(-c2nc3cnccc3[nH]2)cc1', 'Brc1ccc([C@@H]2CNCCO2)cc1']",[]
7,"[16.7, 42.4, 28.7]",2.0442899112224295,"['COc1ncc2cc(Br)ccc2n1', 'COc1cccnc1Br', 'COc1ccccc1Br']",[]
8,"[51.1, 37.2, 75.3]",2.034787443376106,"['Brc1cnc(Oc2cccnc2)nc1', 'Oc1ncnc2ccc(Br)cc12', 'Brc1cccnc1']",[]
