,obj_values ['yield'],Vendi_score,eval_samples,cut_samples
0,"[0.0, 0.0, 0.0]",1.9404619054939043,"['Brc1ccc(CN2CCOCC2)cc1', 'Brc1ccc(C2CCCN2)cc1', 'Brc1nncs1']",[]
1,"[0.0, 18.2, 0.3]",2.3349280831783927,"['CN1CCOc2cc(Br)ccc21', 'CN(C)S(=O)(=O)c1ccc(Br)cc1', 'CCc1cccn2c(Br)cnc12']",[]
2,"[0.4, 33.6, 0.0]",2.070904668421522,"['NCCc1ccc(Br)cc1', 'N#CCCc1ccc(Br)cc1', 'Brc1ccc(C2OCCO2)cc1']",[]
3,"[69.7, 16.8, 0.0]",2.1535249753866887,"['CC(C)(CO)c1cc(Br)ccn1', 'COc1cc(Br)cc(OC)c1', 'COc1nccc(N)c1Br']",[]
4,"[23.7, 0.0, 66.7]",2.08978017225179,"['Nc1nc2cc(Br)ccc2o1', 'Brc1ccc(N2CCNCC2)cc1', 'Fc1ccc(Br)cc1']",[]
5,"[0.3, 53.3, 0.3]",2.272054765405122,"['COc1ccc2nccc(Br)c2c1', 'COc1ccc2nc(Br)ccc2n1', 'COc1ccc2[nH]cc(Br)c2n1']",[]
6,"[0.0, 0.0, 47.7]",2.2409515975048113,"['Brc1ccc([C@@H]2CNCCO2)cc1', 'FC(F)(F)Sc1ccc(Br)cc1', 'O=S(=O)(CCO)c1ccc(Br)cc1']",[]
7,"[49.8, 17.3, 8.1]",2.232952114705142,"['COc1cccc(Br)c1', 'COc1ccc2cc(Br)ncc2n1', 'COc1ccc2cc(Br)cnc2n1']",[]
8,"[75.3, 0.3, 12.4]",2.1975863325989864,"['Brc1cccnc1', 'Brc1ccc2cnnn2c1', 'Brc1ccc(-c2ncco2)cc1']",[]
