,obj_values ['yield'],Vendi_score,eval_samples,cut_samples
0,"[0.3, 13.1, 43.9]",1.5825091834652985,"['Brc1ccc(-c2ccn[nH]2)s1', 'Nc1nc2ccc(Br)cc2o1', 'O=C1CN(Cc2cccc(Br)c2)C(=O)N1']",[]
1,"[23.7, 7.1, 75.3]",1.6853730739071406,"['Nc1nc2cc(Br)ccc2o1', 'N#Cc1cc2cc(Br)ccc2s1', 'Brc1cccnc1']",[]
2,"[80.4, 41.9, 42.4]",1.7684975170732624,"['CC(C)(CO)c1ccc(Br)cn1', 'CS(=O)(=O)c1ccc(Br)cc1', 'COc1cccnc1Br']",[]
3,"[0.6, 0.0, 12.1]",1.960228839649414,"['Nc1ncnn2c(Br)ccc12', 'CC(C)(N)c1ccc(Br)cc1', 'Oc1cccc(Br)c1']",[]
4,"[22.0, 41.0, 16.8]",1.9993658596794281,"['O=C1CCC(Oc2cccc(Br)c2)CC1', 'Cc1cn[nH]c1-c1ccc(Br)cc1', 'FC(F)(F)c1ccnc(Nc2cccc(Br)c2)n1']",[]
5,"[20.3, 50.4, 20.4]",2.1634343873926256,"['Oc1ccnc2ccc(Br)cc12', 'Brc1ccc(-c2nnc[nH]2)cc1', 'Brc1ncccn1']",[]
6,"[59.0, 69.7, 11.3]",2.1429096689304057,"['NS(=O)(=O)Cc1cccc(Br)c1', 'CC(C)(CO)c1cc(Br)ccn1', 'Cc1cncc(Br)n1']",[]
7,"[0.0, 18.5, 0.3]",2.172485860239185,"['Brc1ccc2nn[nH]c2c1', 'Cc1cn2cc(F)cc(Br)c2n1', 'Brc1ncnc2ccccc12']",[]
8,"[19.7, 27.8, 13.6]",2.205182790404004,"['Brc1cnc2[nH]ncc2c1', 'C[C@@H](NC(=O)OC(C)(C)C)c1ccc(Br)cc1', 'Cc1cc(Br)cc(Nc2nccc(C3CC3)n2)c1']",[]
