,obj_values ['yield'],Vendi_score,eval_samples,cut_samples
0,"[58.7, 24.2, 22.5]",1.4813081181101386,"['O=C1CCC(c2cccc(Br)c2)CN1', 'Brc1cn2ccnc2cn1', 'Oc1ccc(Br)cn1']",[]
1,"[0.3, 20.4, 25.1]",1.7399764061465797,"['Brc1ncnc2ccccc12', 'Brc1ccc(-c2nc3ccccc3[nH]2)cc1', 'FC(F)(F)c1cc2ccc(Br)cc2cn1']",[]
2,"[15.7, 1.4, 27.8]",1.959799296646047,"['Brc1cnc2nncn2c1', 'Brc1cnc2cncn2c1', 'C[C@@H](NC(=O)OC(C)(C)C)c1ccc(Br)cc1']",[]
3,"[23.1, 35.4, 0.3]",1.8591056563713173,"['Fc1cc(Br)ccc1-c1ccccc1', 'Brc1ccc2[nH]cnc2c1', 'Brc1ccc2cnnn2c1']",[]
4,"[0.3, 28.5, 2.9]",1.9789995897805894,"['Brc1cnc2ncoc2c1', 'CC(C)(C)OC(=O)N1CCCCC1c1ccc(Br)cc1', 'O=C(c1cc2cc(Br)cnc2s1)N1CCOCC1']",[]
5,"[0.0, 4.2, 0.0]",2.2162496441509814,"['Brc1nncs1', 'Brc1cccc2cnccc12', 'Brc1ccccc1-c1nnn[nH]1']",[]
6,"[60.2, 0.0, 0.6]",2.32660487303558,"['O=C1CC(c2cccc(Br)c2)CC(=O)N1', 'Fc1ncc(Br)c(F)n1', 'Brc1cc2ncncc2s1']",[]
7,"[39.2, 39.9, 5.9]",2.411449912203329,"['Brc1cnn(-c2ccncc2)c1', 'Brc1csc2cnccc12', 'Brc1ccn2nccc2n1']",[]
8,"[44.1, 43.9, 42.4]",2.437535599112751,"['Nc1cc(Br)ncn1', 'O=C1CN(Cc2cccc(Br)c2)C(=O)N1', 'COc1cccnc1Br']",[]
