,obj_values ['yield'],Vendi_score,eval_samples,cut_samples
0,"[43.9, 7.6, 81.1]",1.6657927397848038,"['O=C1CN(Cc2cccc(Br)c2)C(=O)N1', 'Cn1cnc2ccc(Br)cc21', 'Brc1cnc2ncccn12']",[]
1,"[0.0, 27.9, 20.3]",1.9445182213065326,"['CCC(=O)c1ccc(Br)cc1O', 'CCCc1cc(NC(=O)OC(C)(C)C)c2cc(Br)ccc2n1', 'CC1(C)C(=O)Nc2ccc(Br)cc21']",[]
2,"[0.0, 0.0, 48.4]",1.742594773744665,"['Brc1ccc(C2OCCO2)cc1', 'Brc1ccc(C2CCCN2)cc1', 'O=C1CC(c2ccc(Br)cc2)N1']",[]
3,"[69.6, 0.0, 18.2]",1.7882615309928034,"['CNC(=O)c1cccc(Br)c1', 'CN1CCOc2cc(Br)ccc21', 'CN(C)S(=O)(=O)c1ccc(Br)cc1']",[]
4,"[29.7, 7.1, 0.0]",1.8447124299058482,"['O=S(=O)(Cc1ccc(Br)cc1)N1CCCC1', 'N#Cc1cc2cc(Br)ccc2s1', 'Brc1ccc(CN2CCNCC2)cc1']",[]
5,"[41.9, 0.3, 16.8]",1.9558272463092339,"['CS(=O)(=O)c1ccc(Br)cc1', 'COc1ccc(COc2cccc(Br)n2)cc1', 'COc1cc(Br)cc(OC)c1']",[]
6,"[36.8, 69.7, 10.5]",1.9399013053151182,"['Oc1ccc(Br)cc1', 'CC(C)(CO)c1cc(Br)ccn1', 'O=C1CCCCC1Oc1ccc(Br)cc1']",[]
7,"[0.3, 53.3, 0.3]",2.084978612679053,"['COc1ccc2nccc(Br)c2c1', 'COc1ccc2nc(Br)ccc2n1', 'COc1ccc2[nH]cc(Br)c2n1']",[]
8,"[50.4, 1.3, 0.0]",2.019405670469346,"['Brc1ccc(-c2nnc[nH]2)cc1', 'Brc1ccc(-c2nc3cnccc3[nH]2)cc1', 'Brc1ccc([C@@H]2CNCCO2)cc1']",[]
