,obj_values ['yield'],Vendi_score,eval_samples,cut_samples
0,"[34.1, 0.6, 9.6]",1.6549882956032922,"['CC(C)(C)OC(=O)NCc1cccc(Br)n1', 'Oc1cnc2cc(Br)ccc2n1', 'O=C1CCc2cccc(Br)c2N1']",[]
1,"[39.2, 39.9, 81.1]",2.0655376446278826,"['Brc1cnn(-c2ccncc2)c1', 'Brc1csc2cnccc12', 'Brc1cnc2ncccn12']",[]
2,"[67.8, 7.6, 34.9]",1.9705080759711406,"['Cn1cnc2cc(Br)ccc21', 'Cn1cnc2ccc(Br)cc21', 'Cn1ccc(-c2cccc(Br)c2)n1']",[]
3,"[52.4, 17.2, 0.3]",2.2155109262258605,"['Nc1nccc(Br)n1', 'Brc1cnn(-c2ncccn2)c1', 'Brc1ncnc2ccccc12']",[]
4,"[0.6, 30.3, 15.5]",2.326489259743306,"['O=c1[nH]cc(Br)c(=O)[nH]1', 'Cn1nnc(-c2ccc(Br)cn2)n1', 'Cn1cc(Br)nn1']",[]
5,"[5.9, 20.4, 0.2]",2.4937094518984866,"['Brc1ccn2nccc2n1', 'Brc1ncccn1', 'Brc1ccnc2ccccc12']",[]
6,"[0.0, 1.5, 21.9]",2.5035993657775113,"['Fc1ncc(Br)c(F)n1', 'Nc1c(F)cncc1Br', 'Nc1ncc(Br)cn1']",[]
7,"[0.0, 0.0, 38.0]",2.8277705925859107,"['Brc1nncs1', 'Brc1ncn[nH]1', 'Brc1cccc(-c2cc[nH]n2)c1']",[]
8,"[0.3, 41.0, 11.3]",2.7429326487177232,"['Oc1ncc(Br)cn1', 'Cc1cn[nH]c1-c1ccc(Br)cc1', 'Cc1cncc(Br)n1']",[]
