,obj_values ['yield'],Vendi_score,eval_samples,cut_samples
0,"[0.0, 16.3, 0.3]",1.7867962142897453,"['CC(C)(C)OC(=O)N1CCC(Nc2ccc(Br)cc2)CC1', 'OC1CCOc2c(Br)cccc21', 'Cc1ccc(S(=O)(=O)n2cc(Br)c3ccccc32)cc1']",[]
1,"[24.8, 21.7, 7.4]",1.812333750150874,"['Brc1ccc2oc3ccccc3c2c1', 'Brc1ccc2c(c1)oc1ccccc12', 'Brc1cncc2ccccc12']",[]
2,"[0.0, 21.1, 13.6]",1.8019357199816095,"['C[Si](C)(C)C#Cc1cccc(Br)c1', 'Cc1n[nH]c2cc(Br)ccc12', 'Cc1cc(Br)cc(Nc2nccc(C3CC3)n2)c1']",[]
3,"[7.5, 35.4, 0.3]",1.865034618273782,"['Brc1cccc(-c2nnn[nH]2)c1', 'Brc1ccc2[nH]cnc2c1', 'Brc1cccc2[nH]c3ccccc3c12']",[]
4,"[67.6, 0.0, 85.9]",2.060639117935091,"['Cc1cncc(Br)c1', 'Cc1nc2cccc(Br)n2n1', 'Cc1cc(Br)ccn1']",[]
5,"[0.3, 0.0, 20.4]",2.4095765114742433,"['Oc1ccnc(Br)c1', 'Brc1nncc2ccccc12', 'Brc1ncccn1']",[]
6,"[0.0, 34.1, 72.1]",2.320503329784812,"['FC(F)C(F)(F)Oc1cccc(Br)c1', 'Cc1cc(Br)cnc1C', 'Cc1ccc(Br)cc1']",[]
7,"[8.9, 1.8, 0.3]",2.423889291519791,"['Oc1nccc2cc(Br)cnc12', 'Brc1cnc2ccccc2n1', 'Brc1cnn2ccccc12']",[]
8,"[34.0, 77.6, 55.5]",2.373374303264612,"['CSc1ncc(Br)cn1', 'Cc1ccc(Br)cn1', 'Cc1ccc(Br)nc1']",[]
