,obj_values ['yield'],Vendi_score,eval_samples,cut_samples
0,"[0.3, 28.5, 1.3]",1.586100358085537,"['Nc1cc(Br)ccn1', 'CC(C)(C)OC(=O)N1CCCCC1c1ccc(Br)cc1', 'Brc1ccc(-c2nc3cnccc3[nH]2)cc1']",[]
1,"[61.9, 11.0, 0.0]",1.8436856247816358,"['O=C(OCc1ccccc1)N1CCc2ncc(Br)cc2C1', 'O=C(NCc1ccccc1)c1ccc(Br)cn1', 'Brc1ccccc1-c1nnn[nH]1']",[]
2,"[59.0, 43.9, 58.7]",1.71938236027477,"['NS(=O)(=O)Cc1cccc(Br)c1', 'O=C1CN(Cc2cccc(Br)c2)C(=O)N1', 'O=C1CCC(c2cccc(Br)c2)CN1']",[]
3,"[16.2, 0.0, 0.0]",1.9612983461413638,"['Oc1ccccc1Br', 'O=S(=O)(Nc1ccccc1Br)C(F)(F)F', 'Brc1ccccc1N1CCNCC1']",[]
4,"[47.6, 0.0, 41.5]",1.914751103365063,"['OCC(O)c1cccc(Br)c1', 'O=C(c1cccc(Br)c1)C(F)(F)F', 'Brc1cccc(Cn2cccn2)c1']",[]
5,"[0.0, 17.3, 0.0]",2.0466521530140107,"['CC(C)(C)OC(=O)NCCc1c[nH]c2ccc(Br)cc12', 'COc1ccc2cc(Br)ncc2n1', 'CC(C)(N)c1ccc(Br)cc1']",[]
6,"[0.0, 36.8, 42.2]",1.9774692864839272,"['Brc1ccc([C@@H]2CNCCO2)cc1', 'Oc1ccc(Br)cc1', 'Brc1cccc(-n2cncn2)c1']",[]
7,"[21.9, 0.3, 0.6]",2.234376843224199,"['CC(C)(C)OC(=O)NC1(c2ccc(Br)cc2)CC(=O)C1', 'CCc1cccn2c(Br)cnc12', 'O=c1[nH]cc(Br)c(=O)[nH]1']",[]
8,"[28.7, 46.3, 0.0]",2.181352372511872,"['COc1ccccc1Br', 'O=C1NCc2cc(Br)ccc21', 'FC(F)C(F)(F)Oc1cccc(Br)c1']",[]
