,obj_values ['yield'],Vendi_score,eval_samples,cut_samples
0,"[24.4, 0.0, 34.9]",1.25452963065986,"['OCc1ccc(Br)cc1', 'Nc1cnc(-c2cccc(Br)c2)nc1', 'Cn1ccc(-c2cccc(Br)c2)n1']",[]
1,"[0.6, 30.3, 1.5]",1.6547573318936375,"['O=c1[nH]cc(Br)c(=O)[nH]1', 'Cn1nnc(-c2ccc(Br)cn2)n1', 'Nc1c(F)cncc1Br']",[]
2,"[3.2, 0.0, 0.0]",2.4366208159672382,"['Brc1cnc2nccn2c1', 'Brc1nncs1', 'Brc1ncn[nH]1']",[]
3,"[1.4, 0.0, 17.7]",2.3518504049180646,"['Brc1cnc2cncn2c1', 'FC(F)(F)c1cc(Br)c2nc[nH]c2c1', 'Nc1ncncc1Br']",[]
4,"[28.9, 15.2, 8.9]",2.6170113458792303,"['Oc1ccc(Br)nc1', 'Brc1ncc[nH]1', 'Oc1nccc2cc(Br)cnc12']",[]
5,"[15.7, 77.6, 85.7]",2.60418527195064,"['Brc1cnc2nncn2c1', 'Cc1ccc(Br)cn1', 'Cc1ccnc(Br)c1']",[]
6,"[17.2, 0.3, 52.4]",2.700630835217113,"['Brc1cnn(-c2ncccn2)c1', 'Brc1ncnc2ccccc12', 'Nc1nccc(Br)n1']",[]
7,"[72.1, 0.3, 3.0]",2.8802028704863174,"['Cc1ccc(Br)cc1', 'Cc1ccc(S(=O)(=O)n2cc(Br)c3ccccc32)cc1', 'OB(O)c1ccc(Br)s1']",[]
8,"[1.8, 0.0, 28.7]",2.8563212133404514,"['Brc1cnc2ccccc2n1', 'Brc1nncc2ccccc12', 'COc1ccccc1Br']",[]
