,obj_values ['yield'],Vendi_score,eval_samples,cut_samples
0,"[22.0, 0.0, 7.1]",1.4259466937914866,"['O=C1CCC(Oc2cccc(Br)c2)CC1', 'Brc1ccc(CN2CCOCC2)cc1', 'N#Cc1cc2cc(Br)ccc2s1']",[]
1,"[21.9, 4.0, 0.0]",2.0438831982835133,"['CC(C)(C)OC(=O)NC1(c2ccc(Br)cc2)CC(=O)C1', 'CC(C)(C)OC(=O)N1C[C@H](F)C[C@H]1c1nc(Br)c[nH]1', 'CC(C)(C)OC(=O)NCCc1c[nH]c2ccc(Br)cc12']",[]
2,"[50.2, 47.2, 29.9]",1.9048226651451237,"['O=C1COc2cc(Br)ccc2N1', 'O=C1CCCc2ccc(Br)cc2N1', 'O=C1CCc2ccc(Br)cc2N1']",[]
3,"[14.3, 0.0, 11.4]",1.9867510565443378,"['CC(C)(C)OC(=O)n1cc(Br)c2cccnc21', 'CC(C)(C)OC(=O)n1cc(CO)c2c(Br)cccc21', 'CC(C)(C)OC(=O)Nc1ccc(Br)cn1']",[]
4,"[0.0, 9.2, 7.5]",2.0417076434798824,"['O=c1cc(O)c2ccc(Br)cc2o1', 'Brc1ccc2ncncc2c1', 'Brc1cccc(-c2nnn[nH]2)c1']",[]
5,"[41.0, 41.5, 11.3]",2.0690831078971885,"['Cc1cn[nH]c1-c1ccc(Br)cc1', 'Brc1cccc(Cn2cccn2)c1', 'Cc1cncc(Br)n1']",[]
6,"[0.3, 31.1, 24.8]",2.084194340679181,"['Brc1cccc2[nH]c3ccccc3c12', 'Brc1cccc2ccoc12', 'Brc1cccc2cncnc12']",[]
7,"[21.9, 0.0, 53.0]",2.0646893905426356,"['Nc1ncc(Br)cn1', 'C[Si](C)(C)C#Cc1cccc(Br)c1', 'Brc1cnc2cc[nH]c2c1']",[]
8,"[11.0, 0.6, 13.1]",2.0349542918665007,"['O=C(NCc1ccccc1)c1ccc(Br)cn1', 'Oc1cnc2cc(Br)ccc2n1', 'Nc1nc2ccc(Br)cc2o1']",[]
