,obj_values ['yield'],Vendi_score,eval_samples,cut_samples
0,"[23.1, 67.6, 8.1]",1.3425978376169694,"['Fc1cc(Br)ccc1-c1ccccc1', 'Cc1cncc(Br)c1', 'O=C1CCC(Oc2ccccc2Br)CC1']",[]
1,"[77.6, 0.3, 72.1]",1.65861504874471,"['Cc1ccc(Br)cn1', 'Cc1ccc(S(=O)(=O)n2cc(Br)c3ccccc32)cc1', 'Cc1ccc(Br)cc1']",[]
2,"[0.0, 0.0, 24.2]",1.8754620440737373,"['O=C(c1cccc(Br)c1)c1ccccn1', 'Brc1ccn2nnnc2c1', 'Brc1cn2ccnc2cn1']",[]
3,"[15.7, 18.3, 85.7]",2.103013064672122,"['Brc1cnc2nncn2c1', 'Cc1ccc2ccc(Br)nc2n1', 'Cc1ccnc(Br)c1']",[]
4,"[0.3, 0.3, 0.3]",2.1495654930374797,"['Nc1cc(Br)ccn1', 'Brc1ncnc2ccccc12', 'Brc1cccc2[nH]c3ccccc3c12']",[]
5,"[21.9, 3.0, 15.5]",2.4198232136571627,"['Nc1ncc(Br)cn1', 'OB(O)c1ccc(Br)s1', 'Cn1cc(Br)nn1']",[]
6,"[39.2, 39.9, 81.1]",2.536176093790613,"['Brc1cnn(-c2ccncc2)c1', 'Brc1csc2cnccc12', 'Brc1cnc2ncccn12']",[]
7,"[34.9, 7.6, 0.6]",2.486508866501428,"['Cn1ccc(-c2cccc(Br)c2)n1', 'Cn1cnc2ccc(Br)cc21', 'O=c1[nH]cc(Br)c(=O)[nH]1']",[]
8,"[1.8, 0.0, 0.0]",2.5433339503992647,"['Brc1cnc2ccccc2n1', 'Brc1nncc2ccccc12', 'O=C(Nc1ccc(Br)c(F)c1)c1ccccn1']",[]
