,obj_values ['yield'],Vendi_score,eval_samples,cut_samples
0,"[0.0, 4.2, 60.2]",1.577831523821416,"['COc1nccc(N)c1Br', 'Brc1cccc2cnccc12', 'O=C1CC(c2cccc(Br)c2)CC(=O)N1']",[]
1,"[0.0, 33.6, 0.4]",1.50914502545189,"['Brc1ccc(C2OCCO2)cc1', 'N#CCCc1ccc(Br)cc1', 'NCCc1ccc(Br)cc1']",[]
2,"[0.3, 18.2, 0.0]",1.8908063196344846,"['CCc1cccn2c(Br)cnc12', 'CN(C)S(=O)(=O)c1ccc(Br)cc1', 'CN1CCOc2cc(Br)ccc21']",[]
3,"[0.0, 48.4, 0.0]",1.7425653716668104,"['NC1(c2ccc(Br)cc2)CC1', 'O=C1CC(c2ccc(Br)cc2)N1', 'Brc1ccc(C2CCCN2)cc1']",[]
4,"[1.6, 69.6, 31.1]",1.807188807355387,"['CCOP(=O)(Cc1ccc(Br)cn1)OCC', 'CNC(=O)c1cccc(Br)c1', 'COc1ncc(Br)nc1OC']",[]
5,"[0.0, 68.5, 0.0]",1.802710058888615,"['Brc1ccc(CN2CCNCC2)cc1', 'O=C(c1ccc(Br)cc1)N1CCOCC1', 'N#CC1(c2ccc(Br)cc2)CC1']",[]
6,"[0.0, 16.8, 27.9]",1.9654213147378194,"['COc1cc2ccc(Br)nc2cn1', 'COc1cc(Br)cc(OC)c1', 'CCCc1cc(NC(=O)OC(C)(C)C)c2cc(Br)ccc2n1']",[]
7,"[0.0, 29.7, 42.2]",1.9363090673534165,"['Brc1ccc2nn[nH]c2c1', 'O=S(=O)(Cc1ccc(Br)cc1)N1CCCC1', 'Brc1cccc(-n2cncn2)c1']",[]
8,"[0.3, 0.0, 22.0]",1.9930124186018299,"['COc1ccc(COc2cccc(Br)n2)cc1', 'CCC(=O)c1ccc(Br)cc1O', 'CC(C)(C)Oc1ccc(Br)cc1']",[]
