,obj_values ['yield'],Vendi_score,eval_samples,cut_samples
0,"[5.9, 38.0, 47.7]",1.5540166787003085,"['Brc1ccn2nccc2n1', 'Brc1cccc(-c2cc[nH]n2)c1', 'O=S(=O)(CCO)c1ccc(Br)cc1']",[]
1,"[23.7, 7.1, 75.3]",1.6417713901544941,"['Nc1nc2cc(Br)ccc2o1', 'N#Cc1cc2cc(Br)ccc2s1', 'Brc1cccnc1']",[]
2,"[80.4, 41.9, 42.4]",1.6877673323138787,"['CC(C)(CO)c1ccc(Br)cn1', 'CS(=O)(=O)c1ccc(Br)cc1', 'COc1cccnc1Br']",[]
3,"[43.5, 0.0, 16.8]",1.835558331793975,"['Brc1ccc2[nH]ccc2n1', 'CC(C)(N)c1ccc(Br)cc1', 'FC(F)(F)c1ccnc(Nc2cccc(Br)c2)n1']",[]
4,"[22.0, 41.0, 0.0]",1.8749459317638337,"['O=C1CCC(Oc2cccc(Br)c2)CC1', 'Cc1cn[nH]c1-c1ccc(Br)cc1', 'Brc1cccc(N2CCCC2)c1']",[]
5,"[0.0, 50.4, 0.3]",1.8856466425480676,"['Brc1ccc2nn[nH]c2c1', 'Brc1ccc(-c2nnc[nH]2)cc1', 'Oc1ccnc(Br)c1']",[]
6,"[43.9, 69.7, 11.3]",1.8819643131432815,"['O=C1CN(Cc2cccc(Br)c2)C(=O)N1', 'CC(C)(CO)c1cc(Br)ccn1', 'Cc1cncc(Br)n1']",[]
7,"[50.2, 18.5, 0.2]",1.9158419224153047,"['O=C1COc2cc(Br)ccc2N1', 'Cc1cn2cc(F)cc(Br)c2n1', 'Brc1ccnc2ccccc12']",[]
8,"[19.7, 27.8, 13.6]",1.9661123472948858,"['Brc1cnc2[nH]ncc2c1', 'C[C@@H](NC(=O)OC(C)(C)C)c1ccc(Br)cc1', 'Cc1cc(Br)cc(Nc2nccc(C3CC3)n2)c1']",[]
