,obj_values ['yield'],Vendi_score,eval_samples,cut_samples
0,"[24.7, 52.4, 50.4]",1.4976216744757305,"['Brc1cccc(-c2nnc(C3CC3)o2)c1', 'Nc1nccc(Br)n1', 'Brc1ccc(-c2nnc[nH]2)cc1']",[]
1,"[0.0, 1.5, 0.6]",2.043044560085694,"['Fc1ncc(Br)c(F)n1', 'Nc1c(F)cncc1Br', 'O=c1[nH]cc(Br)c(=O)[nH]1']",[]
2,"[18.5, 28.5, 3.2]",2.167147957211383,"['Cc1cn2cc(F)cc(Br)c2n1', 'CC(C)(C)OC(=O)N1CCCCC1c1ccc(Br)cc1', 'Brc1cnc2nccn2c1']",[]
3,"[36.8, 39.0, 0.0]",2.1057425748236938,"['Oc1ccc(Br)cc1', 'O=C1CCc2ncc(Br)cc2N1', 'FC(F)(F)c1cc(Br)c2nc[nH]c2c1']",[]
4,"[66.6, 0.3, 0.3]",2.196503693944801,"['COc1ccc(Cn2cnc3cc(Br)ccc32)cc1', 'COc1ccc2[nH]cc(Br)c2n1', 'COc1ccc2nccc(Br)c2c1']",[]
5,"[0.0, 0.0, 47.7]",2.186988120339285,"['Brc1ccc([C@@H]2CNCCO2)cc1', 'FC(F)(F)Sc1ccc(Br)cc1', 'O=S(=O)(CCO)c1ccc(Br)cc1']",[]
6,"[22.0, 53.3, 0.3]",2.3658857123140735,"['COc1ccc2cc(Br)ccc2n1', 'COc1ccc2nc(Br)ccc2n1', 'COc1ccc(COc2cccc(Br)n2)cc1']",[]
7,"[12.4, 1.3, 10.5]",2.2805671203687767,"['Brc1ccc(-c2ncco2)cc1', 'Brc1ccc(-c2nc3cnccc3[nH]2)cc1', 'O=C1CCCCC1Oc1ccc(Br)cc1']",[]
8,"[17.3, 8.1, 0.0]",2.3025305483790826,"['COc1ccc2cc(Br)ncc2n1', 'COc1ccc2cc(Br)cnc2n1', 'COc1cc2ccc(Br)nc2cn1']",[]
