,obj_values ['yield'],Vendi_score,eval_samples,cut_samples
0,"[80.4, 5.9, 0.3]",1.5092165330327216,"['CC(C)(CO)c1ccc(Br)cn1', 'Brc1ccn2nccc2n1', 'Brc1cccc2ncncc12']",[]
1,"[0.0, 75.2, 69.6]",1.8131758608106547,"['COc1nccc(N)c1Br', 'CNC(=O)c1ccnc(Br)c1', 'CNC(=O)c1cccc(Br)c1']",[]
2,"[24.4, 0.0, 9.2]",1.905395639076993,"['OCc1ccc(Br)cc1', 'Brc1ccc(CN2CCNCC2)cc1', 'Brc1ccc2ncncc2c1']",[]
3,"[0.3, 66.6, 69.7]",2.1503842720120243,"['COc1ccc(COc2cccc(Br)n2)cc1', 'COc1ccc(Cn2cnc3cc(Br)ccc32)cc1', 'CC(C)(CO)c1cc(Br)ccn1']",[]
4,"[10.5, 36.8, 0.0]",2.1147912147964556,"['O=C1CCCCC1Oc1ccc(Br)cc1', 'Oc1ccc(Br)cc1', 'Brc1ccc(N2CCNCC2)cc1']",[]
5,"[17.3, 8.1, 22.0]",2.105660192301191,"['COc1ccc2cc(Br)ncc2n1', 'COc1ccc2cc(Br)cnc2n1', 'COc1ccc2cc(Br)ccc2n1']",[]
6,"[50.4, 1.3, 0.0]",2.033422566390721,"['Brc1ccc(-c2nnc[nH]2)cc1', 'Brc1ccc(-c2nc3cnccc3[nH]2)cc1', 'Brc1ccc([C@@H]2CNCCO2)cc1']",[]
7,"[16.7, 42.4, 28.7]",2.0371855214283,"['COc1ncc2cc(Br)ccc2n1', 'COc1cccnc1Br', 'COc1ccccc1Br']",[]
8,"[51.1, 37.2, 75.3]",2.0318433820494075,"['Brc1cnc(Oc2cccnc2)nc1', 'Oc1ncnc2ccc(Br)cc12', 'Brc1cccnc1']",[]
