,obj_values ['yield'],Vendi_score,eval_samples,cut_samples
0,"[15.4, 60.9, 18.3]",1.7818056575083032,"['FC(F)(F)c1nc2ccc(Br)cn2n1', 'Brc1cncnc1', 'Cc1ccc2ccc(Br)nc2n1']",[]
1,"[0.0, 0.0, 18.6]",3.254930000056408,"['Brc1ccccc1N1CCNCC1', 'Brc1ncn[nH]1', 'CC(C)(C)OC(=O)N1CCCC1c1nc(Br)c[nH]1']","['Cc1cncc(Br)c1', 'Cc1ccc(Br)cn1', 'FC(F)(F)c1ncc(Br)cn1', 'Brc1cnc2ncoc2c1', 'O=c1cc(O)c2ccc(Br)cc2o1', 'O=C(c1cccc(Br)c1)C(F)(F)F', 'Oc1ncc(Br)cn1', 'OC(c1ccc(Br)cn1)C(F)(F)F', 'Brc1cnc2cccnc2c1', 'O=C1NCc2cc(Br)ccc21', 'Brc1ccc2nn[nH]c2c1', 'N#Cc1cc2cc(Br)ccc2s1', 'Brc1cccc(-n2cncn2)c1', 'N#CC1(c2ccc(Br)cc2)CC1', 'Brc1ccc2cnnn2c1', 'Brc1cccnc1', 'Brc1ccc2ncncc2c1', 'Brc1cccc(-c2nnn[nH]2)c1', 'Brc1ccn2nnnc2c1', 'Oc1nccc2cc(Br)cnc12', 'FC(F)(F)c1cc2ccc(Br)cc2cn1', 'Oc1cnc2cc(Br)ccc2n1', 'Brc1cnc2ncccc2c1', 'Brc1cccc2cncnc12', 'Brc1ccc2cncnc2c1', 'Brc1ccc2ncnn2c1', 'CNC(=O)c1cccc(Br)c1', 'COc1ccc2cc(Br)cnc2n1', 'CC(C)(C#N)c1ccc(Br)cn1', 'CC(=O)c1cccc(Br)c1', 'CS(=O)(=O)c1ccc(Br)cc1', 'FC(F)(F)c1cncc(Br)c1', 'FCCOc1cncc(Br)c1', 'O=S(=O)(O)c1cncc(Br)c1']"
2,"[0.0, 1.5, 0.3]",3.9233485232690732,"['Brc1nncs1', 'CC(C)(C)OC(=O)N1CCN(c2ncc(Br)cn2)CC1', 'COc1ccc(COc2cccc(Br)n2)cc1']","['O=C1CC(c2ccc(Br)cc2)N1', 'Brc1cn2ccnc2cn1', 'Brc1ccc2oc3ccccc3c2c1', 'Cc1cc(Br)cnc1C', 'CC(C)(CO)c1ccc(Br)cn1', 'COc1ncc2cc(Br)ccc2n1', 'C#Cc1ccc(Br)cc1', 'C=CCc1ccc(Br)c(F)c1', 'Fc1cc(Br)ccc1-c1ccccc1', 'CC(=O)Cc1cccc(Br)c1', 'Brc1cccc2cnccc12', 'Brc1cnc2[nH]ccc2c1', 'O=C1CCCN1c1ccc(Br)cc1F', 'Brc1cccc2ccoc12', 'Oc1ccnc2ccc(Br)cc12', 'Brc1cccc(-c2nnc(C3CC3)o2)c1', 'Brc1cccc(-n2ccnc2)c1', 'Cn1nnc(-c2ccc(Br)cn2)n1', 'N#CCCc1ccc(Br)cc1', 'O=C1COc2cc(Br)ccc2N1', 'O=C1CCCc2ccc(Br)cc2N1', 'O=C1CCc2ccc(Br)cc2N1', 'OC1CCOc2c(Br)cccc21', 'O=C1c2ccc(Br)cc2CN1C1CC1', 'O=C1CCc2ncc(Br)cc2N1', 'Brc1cccc2[nH]ncc12', 'Brc1ccc2c(c1)oc1ccccc12', 'Brc1ccc(-c2ncco2)cc1', 'Cn1cnc2ccc(Br)cc21']"
3,"[0.0, 81.1, 20.4]",4.32415160513539,"['CCOc1ccc(F)c(B(O)O)c1Br', 'Brc1cnc2ncccn12', 'Brc1ncccn1']","['COc1ccc2cc(Br)ccc2n1', 'Brc1ccc([C@@H]2CNCCO2)cc1', 'C[Si](C)(C)C#Cc1cccc(Br)c1', 'CC1(C)C(=O)Nc2ccc(Br)cc21', 'CSc1ncc(Br)cn1', 'CC(C)Sc1ccc(Br)cc1', 'CC(C)NC(=O)c1ccc(Br)cn1', 'O=C(NCc1ccccc1)c1ccc(Br)cn1', 'Cc1cn[nH]c1-c1ccc(Br)cc1', 'Brc1ccc2cnccc2c1', 'Brc1ccc(-c2nc3ccccc3[nH]2)cc1', 'O=C1CC(c2cccc(Br)c2)CC(=O)N1', 'Cn1ccc(-c2cccc(Br)c2)n1', 'Brc1ccc(-c2nc3cnccc3[nH]2)cc1', 'O=C1Nc2ccc(Br)cc2C12OCCO2', 'O=C(c1ccc(Br)cc1)N1CCOCC1', 'CC(C)(C)OC(=O)Nc1ccc(Br)cn1', 'Brc1cnc(Oc2cccnc2)nc1', 'Brc1ccc(N2CCOCC2)nc1', 'Brc1ccc(-c2cccs2)cc1', 'CC(=O)c1cc(Br)cs1', 'CC(=O)c1ccc(Oc2cccc(Br)c2)cc1', 'O=C1CCC(c2cccc(Br)c2)CN1', 'FC(F)(F)c1ccc(Br)c2[nH]ccc12', 'CC(=O)N1CCc2cc(Br)ccc21']"
4,"[3.0, 0.3, 0.0]",4.471699822319133,"['OB(O)c1ccc(Br)s1', 'Cc1ccc(S(=O)(=O)n2cc(Br)c3ccccc32)cc1', 'FC(F)(F)c1cnc2cc(Br)ncc2n1']","['Brc1cccc(-c2cc[nH]n2)c1', 'CNC(=O)c1ccnc(Br)c1', 'COc1ncc(Br)nc1OC', 'Brc1cccc2[nH]c3ccccc3c12', 'Brc1cccc2nccn12', 'Brc1cncc2ccccc12', 'COc1ccc2nccc(Br)c2c1', 'FC(F)(F)c1cc(Br)c2nc[nH]c2c1', 'Brc1cccc2nccnc12', 'Brc1ccc(C2OCCO2)cc1', 'O=C1CCc2cccc(Br)c2N1', 'O=C1CCC(Oc2ccccc2Br)CC1', 'Brc1cc2ncccc2[nH]1', 'Brc1ccc(C2CCCN2)cc1', 'CC(C)(C)c1cc(Br)c2ncccc2c1', 'COc1cccnc1Br', 'OCc1ccc(Br)c(F)c1', 'CC(=O)Nc1ncc(F)cc1Br', 'Brc1cccc(Cn2cccn2)c1', 'O=C1CN(Cc2cccc(Br)c2)C(=O)N1', 'COc1ccccc1Br']"
5,"[0.3, 0.0, 21.0]",4.7642466769587575,"['Brc1cnn2ccccc12', 'OCc1coc(Br)n1', 'Cn1cnc(Br)c1']","['O=S(=O)(CCO)c1ccc(Br)cc1', 'Cc1cncc(Br)n1', 'Brc1cnc2[nH]ncc2c1', 'Brc1csc2cnccc12', 'CC(=O)CC(=O)c1ccc(Br)cc1', 'NS(=O)(=O)Cc1cccc(Br)c1', 'CCC(=O)c1ccc(Br)cc1O', 'Brc1ccc(-c2nnc(-c3ccccc3)o2)cc1', 'CC(=O)/C=C/c1ccc(Br)cc1', 'Oc1ncnc2ccc(Br)cc12', 'Fc1ccccc1Br', 'FC(F)(F)c1ccc(Br)c2ncccc12', 'Cc1cn2cc(F)cc(Br)c2n1', 'Brc1cccc2ncncc12', 'Oc1cc2cccc(Br)c2cn1', 'Brc1cnc2ccccc2n1', 'O=C(c1cccc(Br)c1)c1ccccn1', 'FC(F)(F)c1ccc2cc(Br)ncc2n1']"
6,"[63.4, 0.6, 0.0]",4.831603245278539,"['Fc1ccc(Br)nc1', 'O=c1[nH]cc(Br)c(=O)[nH]1', 'CC(C)(C)OC(=O)N1CCN(Cc2ccc(Br)cc2)CC1']","['Brc1ccc(-c2nnc[nH]2)cc1', 'Brc1cnn(-c2ncccn2)c1', 'OC1Cc2ccc(Br)cc2C1', 'Brc1cnc2nccn2c1', 'CC(=O)Nc1ccc(Br)cc1', 'Brc1cnn(-c2ccncc2)c1', 'CC(C)(C)Oc1ccc(Br)cc1', 'CC(=O)Nc1ccc(C(C)=O)cc1Br', 'Brc1cnc2cc[nH]c2c1', 'Brc1cncc2[nH]ccc12', 'Nc1ncc(Br)cn1', 'COc1ccc2[nH]cc(Br)c2n1', 'Brc1cccc2[nH]cnc12', 'Cc1nc2cccc(Br)n2n1', 'Nc1nc2ccc(Br)cc2o1']"
7,"[15.5, 0.0, 0.6]",4.718893482854749,"['Cn1cc(Br)nn1', 'FC(F)(F)Sc1ccc(Br)cc1', 'Brc1cc2ncncc2s1']","['Oc1cccc(Br)n1', 'CCOP(=O)(Cc1ccc(Br)cn1)OCC', 'NCCc1ccc(Br)cc1', 'NC1(c2ccc(Br)cc2)CC1', 'Nc1nc2cc(Br)ccc2o1', 'Brc1cnc2cncn2c1', 'O=C1CCCCC1Oc1ccc(Br)cc1', 'FC(F)C(F)(F)Oc1cccc(Br)c1', 'CN(C)S(=O)(=O)c1ccc(Br)cc1', 'CC(C)(C)OC(=O)NCc1cccc(Br)n1', 'CC(O)c1ccc(Br)cc1', 'CC1(C)OB(c2ccc(Br)cc2)OC1(C)C', 'OCC(O)c1cccc(Br)c1']"
8,"[0.0, 15.2, 0.6]",4.773310277008383,"['Brc1cccc(N2CCCC2)c1', 'Brc1ncc[nH]1', 'Nc1ncnn2c(Br)ccc12']","['CC(C)c1ccc(Br)cc1', 'Nc1c(F)cncc1Br', 'COc1cccc(Br)c1', 'O=C1CCC(Oc2cccc(Br)c2)CC1', 'CC(C)(CO)c1cc(Br)ccn1', 'Cc1n[nH]c2cc(Br)ccc12', 'Brc1ccc(-c2ccn[nH]2)s1', 'O=S(=O)(Cc1ccc(Br)cc1)N1CCCC1', 'Brc1ccnc2cccnc12', 'Brc1ccnc2ccccc12', 'Brc1ccc(-n2cnnc2)nc1']"
