,obj_values ['yield'],Vendi_score,eval_samples,cut_samples
0,"[23.1, 67.6, 8.1]",1.3425978376169694,"['Fc1cc(Br)ccc1-c1ccccc1', 'Cc1cncc(Br)c1', 'O=C1CCC(Oc2ccccc2Br)CC1']",[]
1,"[20.4, 22.0, 0.3]",2.297102822993819,"['Brc1ncccn1', 'Brc1cc2ncccc2[nH]1', 'Brc1ccc(-c2ccn[nH]2)s1']",[]
2,"[4.0, 0.3, 0.0]",3.3543612529610423,"['CC(C)(C)OC(=O)N1C[C@H](F)C[C@H]1c1nc(Br)c[nH]1', 'COc1ccc(COc2cccc(Br)n2)cc1', 'Brc1ncn[nH]1']",[]
3,"[0.0, 0.0, 0.3]",3.82861125873134,"['CC(C)(C)OC(=O)N1CCC(Nc2ccc(Br)cc2)CC1', 'Brc1nncs1', 'Cc1ccc(S(=O)(=O)n2cc(Br)c3ccccc32)cc1']",[]
4,"[0.0, 0.0, 0.0]",4.003912340944732,"['COc1nccc(N)c1Br', 'FC(F)(F)Sc1ccc(Br)cc1', 'FC(F)(F)c1cnc2cc(Br)ncc2n1']",[]
5,"[0.0, 30.6, 85.9]",3.959124299783041,"['O=S(=O)(Nc1ccccc1Br)C(F)(F)F', 'N#Cc1cc(Br)cs1', 'Cc1cc(Br)ccn1']",[]
6,"[0.0, 0.0, 21.0]",4.330476151277086,"['OCc1coc(Br)n1', 'CC(C)(C)OC(=O)N1CCN(Cc2ccc(Br)cc2)CC1', 'Cn1cnc(Br)c1']",[]
7,"[44.7, 15.7, 14.3]",4.345644042412631,"['Brc1ncccc1OC1CCCCO1', 'Brc1cnc2nncn2c1', 'CC(C)(C)OC(=O)n1cc(Br)c2cccnc21']",[]
8,"[27.0, 43.5, 0.3]",4.384876441996105,"['N#Cc1cccc(Br)c1', 'Brc1ccc2[nH]ccc2n1', 'Brc1cnn2ccccc12']",[]
