,obj_values ['yield'],Vendi_score,eval_samples,cut_samples
0,"[0.0, 67.2, 48.1]",1.5655816033581698,"['CC(C)(C)OC(=O)N1CCN(Cc2ccc(Br)cc2)CC1', 'CC(C)(C)c1cccc(Br)c1', 'O=C1c2ccc(Br)cc2CN1C1CC1']",[]
1,"[20.4, 15.2, 44.7]",2.8563142025202675,"['Brc1ncccn1', 'Brc1ncc[nH]1', 'Brc1ncccc1OC1CCCCO1']",[]
2,"[0.3, 0.3, 0.0]",3.7225840242994277,"['Brc1cnn2ccccc12', 'COc1ccc(COc2cccc(Br)n2)cc1', 'Brc1nncs1']",[]
3,"[15.7, 0.0, 18.6]",4.124747557616984,"['Brc1cnc2nncn2c1', 'FC(F)(F)c1cnc2cc(Br)ncc2n1', 'CC(C)(C)OC(=O)N1CCCC1c1nc(Br)c[nH]1']",[]
4,"[0.0, 1.5, 0.3]",4.355590682685129,"['COc1nccc(N)c1Br', 'CC(C)(C)OC(=O)N1CCN(c2ncc(Br)cn2)CC1', 'Cc1ccc(S(=O)(=O)n2cc(Br)c3ccccc32)cc1']",[]
5,"[1.7, 0.0, 30.6]",4.54905765465714,"['Brc1ccnc2cccnc12', 'OCc1coc(Br)n1', 'N#Cc1cc(Br)cs1']",[]
6,"[43.5, 0.3, 0.6]",4.617712169464185,"['Brc1ccc2[nH]ccc2n1', 'Brc1ccc(-c2ccn[nH]2)s1', 'Nc1ncnn2c(Br)ccc12']",[]
7,"[0.0, 15.5, 0.0]",4.617325421481758,"['Brc1ccccc1N1CCNCC1', 'Cn1cc(Br)nn1', 'CC(C)(C)OC(=O)N1CCC(Nc2ccc(Br)cc2)CC1']",[]
8,"[0.0, 17.2, 0.0]",4.644358231417563,"['Brc1ncn[nH]1', 'FC(F)(F)c1ncc(Br)cn1', 'Brc1cccc(N2CCCC2)c1']",[]
