,obj_values ['yield'],Vendi_score,eval_samples,cut_samples
0,"[34.1, 0.6, 9.6]",1.6549882956032922,"['CC(C)(C)OC(=O)NCc1cccc(Br)n1', 'Oc1cnc2cc(Br)ccc2n1', 'O=C1CCc2cccc(Br)c2N1']",[]
1,"[0.0, 18.6, 0.0]",3.23108669254302,"['OCc1coc(Br)n1', 'CC(C)(C)OC(=O)N1CCCC1c1nc(Br)c[nH]1', 'Brc1nncs1']",[]
2,"[0.3, 0.0, 0.0]",3.7457671825024073,"['Cc1ccc(S(=O)(=O)n2cc(Br)c3ccccc32)cc1', 'CCOc1ccc(F)c(B(O)O)c1Br', 'CC(C)(C)OC(=O)N1CCN(Cc2ccc(Br)cc2)CC1']",[]
3,"[20.4, 0.3, 0.0]",4.181657558774839,"['Brc1ncccn1', 'Brc1cnn2ccccc12', 'Fc1ncc(Br)c(F)n1']",[]
4,"[0.6, 21.0, 0.0]",4.4184670663644185,"['Nc1ncnn2c(Br)ccc12', 'Cn1cnc(Br)c1', 'FC(F)(F)c1cnc2cc(Br)ncc2n1']",[]
5,"[0.3, 85.9, 43.5]",4.544354401336226,"['COc1ccc(COc2cccc(Br)n2)cc1', 'Cc1cc(Br)ccn1', 'Brc1ccc2[nH]ccc2n1']",[]
6,"[3.0, 0.0, 0.0]",4.747263841897382,"['OB(O)c1ccc(Br)s1', 'CC(C)(C)OC(=O)N1CCC(Nc2ccc(Br)cc2)CC1', 'Brc1ncn[nH]1']",[]
7,"[0.0, 0.0, 15.7]",4.732241928999466,"['O=S(=O)(Nc1ccccc1Br)C(F)(F)F', 'COc1nccc(N)c1Br', 'Brc1cnc2nncn2c1']",[]
8,"[52.4, 16.2, 0.0]",4.605504511792043,"['Nc1nccc(Br)n1', 'Oc1ccccc1Br', 'Brc1ccn2nnnc2c1']",[]
