,obj_values ['yield'],Vendi_score,eval_samples,cut_samples
0,"[24.4, 0.0, 34.9]",1.25452963065986,"['OCc1ccc(Br)cc1', 'Nc1cnc(-c2cccc(Br)c2)nc1', 'Cn1ccc(-c2cccc(Br)c2)n1']",[]
1,"[22.0, 16.3, 28.9]",1.720769153668748,"['Brc1cc2ncccc2[nH]1', 'OC1CCOc2c(Br)cccc21', 'Oc1ccc(Br)nc1']",[]
2,"[0.0, 0.0, 4.0]",2.772370036452066,"['CC(C)(C)OC(=O)N1CCN(Cc2ccc(Br)cc2)CC1', 'Brc1ncn[nH]1', 'CC(C)(C)OC(=O)N1C[C@H](F)C[C@H]1c1nc(Br)c[nH]1']",[]
3,"[0.0, 3.0, 0.0]",3.3333326176591367,"['CCOc1ccc(F)c(B(O)O)c1Br', 'OB(O)c1ccc(Br)s1', 'FC(F)(F)c1cnc2cc(Br)ncc2n1']",[]
4,"[0.3, 20.4, 0.0]",3.8328115074459084,"['Cc1ccc(S(=O)(=O)n2cc(Br)c3ccccc32)cc1', 'Brc1ncccn1', 'Brc1nncs1']",[]
5,"[0.0, 0.0, 0.3]",4.208768627506448,"['Fc1ncc(Br)c(F)n1', 'OCc1coc(Br)n1', 'COc1ccc(COc2cccc(Br)n2)cc1']",[]
6,"[21.0, 0.0, 0.3]",4.413382273326482,"['Cn1cnc(Br)c1', 'CC(C)(C)OC(=O)N1CCC(Nc2ccc(Br)cc2)CC1', 'Brc1cnn2ccccc12']",[]
7,"[18.3, 30.6, 15.7]",4.413341554249286,"['Cc1ccc2ccc(Br)nc2n1', 'N#Cc1cc(Br)cs1', 'Brc1cnc2nncn2c1']",[]
8,"[44.7, 0.0, 85.9]",4.447984421834365,"['Brc1ncccc1OC1CCCCO1', 'COc1nccc(N)c1Br', 'Cc1cc(Br)ccn1']",[]
