,obj_values ['yield'],Vendi_score,eval_samples,cut_samples
0,"[27.8, 1.5, 0.0]",1.5480025628054235,"['C[C@@H](NC(=O)OC(C)(C)C)c1ccc(Br)cc1', 'CC(C)(C)OC(=O)N1CCN(c2ncc(Br)cn2)CC1', 'O=S(=O)(Nc1ccccc1Br)C(F)(F)F']",[]
1,"[3.0, 0.0, 20.4]",3.1876499707536152,"['OB(O)c1ccc(Br)s1', 'Brc1ncn[nH]1', 'Brc1ncccn1']",[]
2,"[15.7, 18.6, 0.3]",3.931049299784135,"['Brc1cnc2nncn2c1', 'CC(C)(C)OC(=O)N1CCCC1c1nc(Br)c[nH]1', 'COc1ccc(COc2cccc(Br)n2)cc1']",[]
3,"[0.0, 0.0, 0.3]",4.264871673425149,"['Brc1nncs1', 'CCOc1ccc(F)c(B(O)O)c1Br', 'Brc1cnn2ccccc12']",[]
4,"[43.5, 85.9, 0.0]",4.613534804343917,"['Brc1ccc2[nH]ccc2n1', 'Cc1cc(Br)ccn1', 'OCc1coc(Br)n1']",[]
5,"[0.0, 0.0, 0.3]",4.624725086350954,"['FC(F)(F)c1cnc2cc(Br)ncc2n1', 'Brc1ccn2nnnc2c1', 'Cc1ccc(S(=O)(=O)n2cc(Br)c3ccccc32)cc1']",[]
6,"[0.0, 0.0, 21.0]",4.828288448320022,"['COc1nccc(N)c1Br', 'CC(C)(C)OC(=O)N1CCN(Cc2ccc(Br)cc2)CC1', 'Cn1cnc(Br)c1']",[]
7,"[44.7, 0.0, 0.6]",4.823073259128958,"['Brc1ncccc1OC1CCCCO1', 'Brc1cccc(N2CCCC2)c1', 'Nc1ncnn2c(Br)ccc12']",[]
8,"[4.0, 0.0, 0.0]",4.881738693191702,"['CC(C)(C)OC(=O)N1C[C@H](F)C[C@H]1c1nc(Br)c[nH]1', 'CC(C)(C)OC(=O)N1CCC(Nc2ccc(Br)cc2)CC1', 'FC(F)(F)c1cnc2nc(Br)ccc2c1']",[]
