,obj_values ['yield'],Vendi_score,eval_samples,cut_samples
0,"[5.9, 38.0, 47.7]",1.5540166787003085,"['Brc1ccn2nccc2n1', 'Brc1cccc(-c2cc[nH]n2)c1', 'O=S(=O)(CCO)c1ccc(Br)cc1']",[]
1,"[0.0, 0.0, 0.0]",2.820517079120244,"['Brc1nncs1', 'CCOc1ccc(F)c(B(O)O)c1Br', 'Brc1ncn[nH]1']",[]
2,"[0.3, 0.3, 0.0]",3.6577730803903075,"['Brc1cnn2ccccc12', 'COc1ccc(COc2cccc(Br)n2)cc1', 'CC(C)(C)OC(=O)N1CCC(Nc2ccc(Br)cc2)CC1']",[]
3,"[43.5, 85.9, 18.6]",3.9859607367200853,"['Brc1ccc2[nH]ccc2n1', 'Cc1cc(Br)ccn1', 'CC(C)(C)OC(=O)N1CCCC1c1nc(Br)c[nH]1']",[]
4,"[15.7, 3.0, 0.3]",4.172635117407633,"['Brc1cnc2nncn2c1', 'OB(O)c1ccc(Br)s1', 'Cc1ccc(S(=O)(=O)n2cc(Br)c3ccccc32)cc1']",[]
5,"[0.0, 16.2, 0.0]",4.469393352117336,"['CC(C)(C)OC(=O)N1CCN(Cc2ccc(Br)cc2)CC1', 'Oc1ccccc1Br', 'OCc1coc(Br)n1']",[]
6,"[0.0, 0.6, 21.0]",4.662299792541599,"['FC(F)(F)c1cnc2cc(Br)ncc2n1', 'Nc1ncnn2c(Br)ccc12', 'Cn1cnc(Br)c1']",[]
7,"[20.4, 0.6, 66.7]",4.700709470638325,"['Brc1ncccn1', 'Brc1cc2ncncc2s1', 'Fc1ccc(Br)cc1']",[]
8,"[44.7, 1.5, 0.6]",4.6935410132496855,"['Brc1ncccc1OC1CCCCO1', 'CC(C)(C)OC(=O)N1CCN(c2ncc(Br)cn2)CC1', 'O=c1[nH]cc(Br)c(=O)[nH]1']",[]
