,obj_values ['yield'],Vendi_score,eval_samples,cut_samples
0,"[0.0, 15.4, 0.0]",1.4903428637160994,"['CC(C)(N)c1ccc(Br)cc1', 'FC(F)(F)c1nc2ccc(Br)cn2n1', 'O=C(c1cccc(Br)c1)c1ccccn1']",[]
1,"[15.2, 9.6, 0.0]",2.313489781554279,"['Brc1ncc[nH]1', 'O=C1CCc2cccc(Br)c2N1', 'CCOc1ccc(F)c(B(O)O)c1Br']",[]
2,"[0.0, 0.0, 20.4]",3.4278399637043617,"['CC(C)(C)OC(=O)N1CCN(Cc2ccc(Br)cc2)CC1', 'Brc1nncs1', 'Brc1ncccn1']",[]
3,"[18.6, 43.5, 0.3]",3.9023281748475984,"['CC(C)(C)OC(=O)N1CCCC1c1nc(Br)c[nH]1', 'Brc1ccc2[nH]ccc2n1', 'CCc1cccn2c(Br)cnc12']",[]
4,"[15.7, 3.0, 0.0]",4.063563706857945,"['Brc1cnc2nncn2c1', 'OB(O)c1ccc(Br)s1', 'FC(F)(F)c1cnc2cc(Br)ncc2n1']",[]
5,"[0.3, 0.3, 0.0]",4.461213304101174,"['Cc1ccc(S(=O)(=O)n2cc(Br)c3ccccc32)cc1', 'COc1ccc(COc2cccc(Br)n2)cc1', 'OCc1coc(Br)n1']",[]
6,"[0.0, 1.5, 15.5]",4.480126768496963,"['Fc1ncc(Br)c(F)n1', 'CC(C)(C)OC(=O)N1CCN(c2ncc(Br)cn2)CC1', 'Cn1cc(Br)nn1']",[]
7,"[0.0, 63.4, 85.9]",4.470484711119928,"['CC(C)(C)OC(=O)NCCc1c[nH]c2ccc(Br)cc12', 'Fc1ccc(Br)nc1', 'Cc1cc(Br)ccn1']",[]
8,"[14.3, 0.0, 0.0]",4.444259755877192,"['CC(C)(C)OC(=O)n1cc(Br)c2cccnc21', 'COc1cc2ccc(Br)nc2cn1', 'COc1nccc(N)c1Br']",[]
