,obj_values ['yield'],Vendi_score,eval_samples,cut_samples
0,"[0.3, 28.5, 1.3]",1.586100358085537,"['Nc1cc(Br)ccn1', 'CC(C)(C)OC(=O)N1CCCCC1c1ccc(Br)cc1', 'Brc1ccc(-c2nc3cnccc3[nH]2)cc1']",[]
1,"[15.2, 0.0, 0.0]",2.7190500481175555,"['Brc1ncc[nH]1', 'Oc1ccc2cccnc2c1Br', 'CCOc1ccc(F)c(B(O)O)c1Br']",[]
2,"[0.0, 0.3, 20.4]",3.769360223067167,"['Brc1nncs1', 'COc1ccc(COc2cccc(Br)n2)cc1', 'Brc1ncccn1']",[]
3,"[0.0, 30.6, 18.6]",4.168006846417574,"['FC(F)(F)c1cnc2cc(Br)ncc2n1', 'N#Cc1cc(Br)cs1', 'CC(C)(C)OC(=O)N1CCCC1c1nc(Br)c[nH]1']",[]
4,"[0.0, 0.3, 3.0]",4.5110826643136415,"['OCc1coc(Br)n1', 'Cc1ccc(S(=O)(=O)n2cc(Br)c3ccccc32)cc1', 'OB(O)c1ccc(Br)s1']",[]
5,"[0.0, 0.6, 43.5]",4.608717947913514,"['Fc1ncc(Br)c(F)n1', 'Nc1ncnn2c(Br)ccc12', 'Brc1ccc2[nH]ccc2n1']",[]
6,"[0.0, 0.0, 0.0]",4.703744545741511,"['COc1nccc(N)c1Br', 'CC(C)(C)OC(=O)N1CCN(Cc2ccc(Br)cc2)CC1', 'Brc1nncc2ccccc12']",[]
7,"[63.4, 0.0, 15.5]",4.555173162848128,"['Fc1ccc(Br)nc1', 'Cc1nc2cccc(Br)n2n1', 'Cn1cc(Br)nn1']",[]
8,"[66.7, 18.5, 0.0]",4.453604544934924,"['Fc1ccc(Br)cc1', 'Cc1cn2cc(F)cc(Br)c2n1', 'CC(C)(C)OC(=O)NCCc1c[nH]c2ccc(Br)cc12']",[]
