,obj_values ['yield'],Vendi_score,eval_samples,cut_samples
0,"[58.7, 24.2, 22.5]",1.4813081181101386,"['O=C1CCC(c2cccc(Br)c2)CN1', 'Brc1cn2ccnc2cn1', 'Oc1ccc(Br)cn1']",[]
1,"[15.2, 0.0, 0.0]",2.7028313740478596,"['Brc1ncc[nH]1', 'Brc1ccccc1N1CCNCC1', 'Brc1nncs1']",[]
2,"[0.0, 0.3, 0.3]",3.470508120769538,"['CC(C)(C)OC(=O)N1CCN(Cc2ccc(Br)cc2)CC1', 'COc1ccc(COc2cccc(Br)n2)cc1', 'Cc1ccc(S(=O)(=O)n2cc(Br)c3ccccc32)cc1']",[]
3,"[20.4, 4.0, 0.0]",4.108782869509817,"['Brc1ncccn1', 'CC(C)(C)OC(=O)N1C[C@H](F)C[C@H]1c1nc(Br)c[nH]1', 'OCc1coc(Br)n1']",[]
4,"[0.0, 0.0, 81.1]",4.396931420034037,"['FC(F)(F)c1cnc2cc(Br)ncc2n1', 'CCOc1ccc(F)c(B(O)O)c1Br', 'Brc1cnc2ncccn12']",[]
5,"[3.0, 43.5, 15.7]",4.542474985243734,"['OB(O)c1ccc(Br)s1', 'Brc1ccc2[nH]ccc2n1', 'Brc1cnc2nncn2c1']",[]
6,"[0.0, 0.0, 21.0]",4.6041773289119075,"['O=S(=O)(Nc1ccccc1Br)C(F)(F)F', 'COc1nccc(N)c1Br', 'Cn1cnc(Br)c1']",[]
7,"[0.6, 0.0, 85.9]",4.6884409332386605,"['Brc1cc2ncncc2s1', 'CC(C)(C)OC(=O)N1CCC(Nc2ccc(Br)cc2)CC1', 'Cc1cc(Br)ccn1']",[]
8,"[0.0, 44.7, 0.3]",4.744179529283018,"['Brc1ncn[nH]1', 'Brc1ncccc1OC1CCCCO1', 'Brc1cnn2ccccc12']",[]
