,obj_values ['yield'],Vendi_score,eval_samples,cut_samples
0,"[0.3, 13.1, 43.9]",1.5825091834652985,"['Brc1ccc(-c2ccn[nH]2)s1', 'Nc1nc2ccc(Br)cc2o1', 'O=C1CN(Cc2cccc(Br)c2)C(=O)N1']",[]
1,"[20.4, 0.0, 0.0]",2.9625822257208436,"['Brc1ncccn1', 'OCc1coc(Br)n1', 'CCOc1ccc(F)c(B(O)O)c1Br']",[]
2,"[18.6, 0.0, 0.3]",3.7722129219140776,"['CC(C)(C)OC(=O)N1CCCC1c1nc(Br)c[nH]1', 'CC(C)(C)OC(=O)N1CCN(Cc2ccc(Br)cc2)CC1', 'COc1ccc(COc2cccc(Br)n2)cc1']",[]
3,"[0.0, 81.1, 0.0]",4.302152233411709,"['Brc1nncs1', 'Brc1cnc2ncccn12', 'FC(F)(F)c1cnc2cc(Br)ncc2n1']",[]
4,"[0.0, 15.7, 0.3]",4.507168950149574,"['COc1nccc(N)c1Br', 'Brc1cnc2nncn2c1', 'Cc1ccc(S(=O)(=O)n2cc(Br)c3ccccc32)cc1']",[]
5,"[85.9, 43.5, 15.2]",4.699902675364543,"['Cc1cc(Br)ccn1', 'Brc1ccc2[nH]ccc2n1', 'Brc1ncc[nH]1']",[]
6,"[0.0, 0.0, 21.0]",4.743015780041331,"['O=S(=O)(Nc1ccccc1Br)C(F)(F)F', 'CC(C)(C)OC(=O)N1CCC(Nc2ccc(Br)cc2)CC1', 'Cn1cnc(Br)c1']",[]
7,"[0.3, 30.6, 4.0]",4.771700581380543,"['Brc1cnn2ccccc12', 'N#Cc1cc(Br)cs1', 'CC(C)(C)OC(=O)N1C[C@H](F)C[C@H]1c1nc(Br)c[nH]1']",[]
8,"[0.6, 0.0, 0.0]",4.775838849631516,"['Brc1cc2ncncc2s1', 'Brc1ncn[nH]1', 'Cc1nc2cccc(Br)n2n1']",[]
