,obj_values ['yield'],Vendi_score,eval_samples,cut_samples
0,"[43.9, 4.0, 0.0]",2.362047415703901,"['O=C1CN(Cc2cccc(Br)c2)C(=O)N1', 'CC(C)(C)OC(=O)N1C[C@H](F)C[C@H]1c1nc(Br)c[nH]1', 'Brc1nncs1']",[]
1,"[0.0, 0.0, 0.0]",3.4496132987756045,"['OCc1coc(Br)n1', 'CCOc1ccc(F)c(B(O)O)c1Br', 'COc1cc2ccc(Br)nc2cn1']",[]
2,"[0.3, 0.3, 0.3]",4.067962260876316,"['Brc1cnn2ccccc12', 'COc1ccc(COc2cccc(Br)n2)cc1', 'Cc1ccc(S(=O)(=O)n2cc(Br)c3ccccc32)cc1']",[]
3,"[0.0, 21.0, 20.4]",4.5220834245621635,"['CC(C)(C)OC(=O)N1CCN(Cc2ccc(Br)cc2)CC1', 'Cn1cnc(Br)c1', 'Brc1ncccn1']",[]
4,"[85.9, 0.0, 15.7]",4.643649716165916,"['Cc1cc(Br)ccn1', 'FC(F)(F)c1cnc2cc(Br)ncc2n1', 'Brc1cnc2nncn2c1']",[]
5,"[0.6, 0.0, 3.0]",4.727782428654014,"['Nc1ncnn2c(Br)ccc12', 'Brc1cccc(N2CCCC2)c1', 'OB(O)c1ccc(Br)s1']",[]
6,"[10.2, 17.7, 0.0]",4.681118162097932,"['O=c1cc(Br)c(-c2ccccc2)n[nH]1', 'Nc1ncncc1Br', 'CC(C)(C)OC(=O)N1CCC(Nc2ccc(Br)cc2)CC1']",[]
7,"[0.0, 0.0, 0.0]",4.771368511729693,"['COc1nccc(N)c1Br', 'Brc1ncn[nH]1', 'Fc1ncc(Br)c(F)n1']",[]
8,"[43.5, 44.7, 0.3]",4.714923318528142,"['Brc1ccc2[nH]ccc2n1', 'Brc1ncccc1OC1CCCCO1', 'Nc1cc(Br)ccn1']",[]
