,obj_values ['yield'],Vendi_score,eval_samples,cut_samples
0,"[24.7, 52.4, 50.4]",1.4976216744757305,"['Brc1cccc(-c2nnc(C3CC3)o2)c1', 'Nc1nccc(Br)n1', 'Brc1ccc(-c2nnc[nH]2)cc1']",[]
1,"[0.0, 18.6, 0.0]",3.125168838519247,"['OCc1coc(Br)n1', 'CC(C)(C)OC(=O)N1CCCC1c1nc(Br)c[nH]1', 'Brc1nncs1']",[]
2,"[0.0, 0.3, 0.3]",3.810857960032322,"['CCOc1ccc(F)c(B(O)O)c1Br', 'Brc1cnn2ccccc12', 'COc1ccc(COc2cccc(Br)n2)cc1']",[]
3,"[0.0, 0.3, 30.6]",4.054961374128646,"['CC(C)(C)OC(=O)N1CCN(Cc2ccc(Br)cc2)CC1', 'Cc1ccc(S(=O)(=O)n2cc(Br)c3ccccc32)cc1', 'N#Cc1cc(Br)cs1']",[]
4,"[43.5, 21.0, 0.0]",4.3503847003949865,"['Brc1ccc2[nH]ccc2n1', 'Cn1cnc(Br)c1', 'FC(F)(F)c1cnc2cc(Br)ncc2n1']",[]
5,"[16.2, 85.9, 0.6]",4.392149504939365,"['Oc1ccccc1Br', 'Cc1cc(Br)ccn1', 'Brc1cc2ncncc2s1']",[]
6,"[1.5, 20.4, 0.6]",4.595712710697338,"['CC(C)(C)OC(=O)N1CCN(c2ncc(Br)cn2)CC1', 'Brc1ncccn1', 'Nc1ncnn2c(Br)ccc12']",[]
7,"[51.8, 15.7, 61.9]",4.560216672493272,"['CC(C)(C)OC(=O)N1CCCc2ccc(Br)nc21', 'Brc1cnc2nncn2c1', 'O=C(OCc1ccccc1)N1CCc2ncc(Br)cc2C1']",[]
8,"[0.0, 44.7, 0.0]",4.651023738932551,"['COc1nccc(N)c1Br', 'Brc1ncccc1OC1CCCCO1', 'Brc1ncn[nH]1']",[]
