,obj_values ['yield'],Vendi_score,eval_samples,cut_samples
0,"[16.8, 0.0, 53.3]",2.119814946548783,"['FC(F)(F)c1ccnc(Nc2cccc(Br)c2)n1', 'Brc1nncs1', 'COc1ccc2nc(Br)ccc2n1']",[]
1,"[18.6, 0.0, 0.0]",3.3671224714679475,"['CC(C)(C)OC(=O)N1CCCC1c1nc(Br)c[nH]1', 'Brc1ncn[nH]1', 'Brc1ccccc1N1CCNCC1']",[]
2,"[20.4, 0.3, 0.3]",3.988009020446464,"['Brc1ncccn1', 'COc1ccc(COc2cccc(Br)n2)cc1', 'Brc1cnn2ccccc12']",[]
3,"[0.0, 0.0, 85.9]",4.282515915556033,"['CC(C)(C)OC(=O)N1CCC(Nc2ccc(Br)cc2)CC1', 'CCOc1ccc(F)c(B(O)O)c1Br', 'Cc1cc(Br)ccn1']",[]
4,"[15.7, 0.3, 0.0]",4.609532528999158,"['Brc1cnc2nncn2c1', 'Cc1ccc(S(=O)(=O)n2cc(Br)c3ccccc32)cc1', 'OCc1coc(Br)n1']",[]
5,"[52.4, 0.0, 0.6]",4.660079885538847,"['Nc1nccc(Br)n1', 'CC(C)(C)OC(=O)N1CCN(Cc2ccc(Br)cc2)CC1', 'Brc1cc2ncncc2s1']",[]
6,"[0.0, 0.0, 0.6]",4.7910105812693295,"['FC(F)(F)c1cnc2cc(Br)ncc2n1', 'COc1nccc(N)c1Br', 'Nc1ncnn2c(Br)ccc12']",[]
7,"[47.7, 21.0, 30.6]",4.796959274163548,"['O=S(=O)(CCO)c1ccc(Br)cc1', 'Cn1cnc(Br)c1', 'N#Cc1cc(Br)cs1']",[]
8,"[44.7, 66.7, 0.0]",4.668491792979848,"['Brc1ncccc1OC1CCCCO1', 'Fc1ccc(Br)cc1', 'Cc1nc2cccc(Br)n2n1']",[]
