,obj_values ['yield'],Vendi_score,eval_samples,cut_samples
0,"[0.0, 31.1, 0.0]",1.313453678607569,"['Brc1ccc2nn[nH]c2c1', 'Brc1cccc2ccoc12', 'O=C(c1cccc(Br)c1)C(F)(F)F']",[]
1,"[0.0, 18.6, 20.4]",2.979772208305401,"['OCc1coc(Br)n1', 'CC(C)(C)OC(=O)N1CCCC1c1nc(Br)c[nH]1', 'Brc1ncccn1']",[]
2,"[0.0, 0.3, 0.0]",3.6598143685304323,"['CCOc1ccc(F)c(B(O)O)c1Br', 'COc1ccc(COc2cccc(Br)n2)cc1', 'CC(C)(C)OC(=O)N1CCC(Nc2ccc(Br)cc2)CC1']",[]
3,"[0.0, 81.1, 0.3]",4.2184895361652845,"['Brc1nncs1', 'Brc1cnc2ncccn12', 'Cc1ccc(S(=O)(=O)n2cc(Br)c3ccccc32)cc1']",[]
4,"[43.5, 0.0, 15.2]",4.470132523931968,"['Brc1ccc2[nH]ccc2n1', 'COc1nccc(N)c1Br', 'Brc1ncc[nH]1']",[]
5,"[0.0, 0.0, 3.0]",4.68898748518293,"['FC(F)(F)c1cnc2cc(Br)ncc2n1', 'CC(C)(C)OC(=O)N1CCN(Cc2ccc(Br)cc2)CC1', 'OB(O)c1ccc(Br)s1']",[]
6,"[15.7, 0.0, 85.9]",4.616795097664953,"['Brc1cnc2nncn2c1', 'O=S(=O)(Nc1ccccc1Br)C(F)(F)F', 'Cc1cc(Br)ccn1']",[]
7,"[0.3, 21.0, 4.0]",4.721678127298809,"['Brc1cnn2ccccc12', 'Cn1cnc(Br)c1', 'CC(C)(C)OC(=O)N1C[C@H](F)C[C@H]1c1nc(Br)c[nH]1']",[]
8,"[0.6, 0.0, 0.6]",4.7785401512439645,"['Nc1ncnn2c(Br)ccc12', 'Brc1ncn[nH]1', 'Brc1cc2ncncc2s1']",[]
