,obj_values ['yield'],Vendi_score,eval_samples,cut_samples
0,"[1.4, 52.4, 51.7]",1.6071057762296768,"['Brc1cnc2cncn2c1', 'Nc1nccc(Br)n1', 'Brc1cncc2[nH]ccc12']",[]
1,"[3.0, 15.2, 0.0]",3.089375222454877,"['OB(O)c1ccc(Br)s1', 'Brc1ncc[nH]1', 'CC(C)(C)OC(=O)N1CCN(Cc2ccc(Br)cc2)CC1']",[]
2,"[17.2, 0.0, 0.0]",3.454817417357176,"['FC(F)(F)c1ncc(Br)cn1', 'CCOc1ccc(F)c(B(O)O)c1Br', 'Brc1nncs1']",[]
3,"[0.3, 0.0, 4.0]",4.048509292127689,"['Cc1ccc(S(=O)(=O)n2cc(Br)c3ccccc32)cc1', 'FC(F)(F)c1cnc2nc(Br)ccc2c1', 'CC(C)(C)OC(=O)N1C[C@H](F)C[C@H]1c1nc(Br)c[nH]1']",[]
4,"[0.3, 0.0, 0.0]",4.482868932708635,"['COc1ccc(COc2cccc(Br)n2)cc1', 'COc1nccc(N)c1Br', 'OCc1coc(Br)n1']",[]
5,"[81.1, 20.4, 0.0]",4.758905825528702,"['Brc1cnc2ncccn12', 'Brc1ncccn1', 'CC(C)(C)OC(=O)N1CCC(Nc2ccc(Br)cc2)CC1']",[]
6,"[0.0, 43.5, 21.0]",4.763948085796551,"['O=S(=O)(Nc1ccccc1Br)C(F)(F)F', 'Brc1ccc2[nH]ccc2n1', 'Cn1cnc(Br)c1']",[]
7,"[30.6, 0.0, 85.9]",4.755623565237782,"['N#Cc1cc(Br)cs1', 'FC(F)(F)c1cnc2cc(Br)ncc2n1', 'Cc1cc(Br)ccn1']",[]
8,"[0.0, 15.5, 0.3]",4.667016634579998,"['Cc1nc2cccc(Br)n2n1', 'Cn1cc(Br)nn1', 'Brc1cnn2ccccc12']",[]
