,obj_values ['yield'],Vendi_score,eval_samples,cut_samples
0,"[0.0, 16.3, 0.3]",1.7867962142897453,"['CC(C)(C)OC(=O)N1CCC(Nc2ccc(Br)cc2)CC1', 'OC1CCOc2c(Br)cccc21', 'Cc1ccc(S(=O)(=O)n2cc(Br)c3ccccc32)cc1']",[]
1,"[21.0, 52.4, 0.0]",3.314199918274326,"['Cn1cnc(Br)c1', 'Nc1nccc(Br)n1', 'OCc1coc(Br)n1']",[]
2,"[0.0, 0.0, 0.3]",3.968811370441516,"['CCOc1ccc(F)c(B(O)O)c1Br', 'Brc1nncs1', 'COc1ccc(COc2cccc(Br)n2)cc1']",[]
3,"[81.1, 0.0, 0.0]",4.330239289397821,"['Brc1cnc2ncccn12', 'CC(C)(C)OC(=O)N1CCN(Cc2ccc(Br)cc2)CC1', 'FC(F)(F)c1cnc2cc(Br)ncc2n1']",[]
4,"[0.0, 4.0, 0.3]",4.422211273134205,"['O=S(=O)(Nc1ccccc1Br)C(F)(F)F', 'CC(C)(C)OC(=O)N1C[C@H](F)C[C@H]1c1nc(Br)c[nH]1', 'Brc1ccc(-c2ccn[nH]2)s1']",[]
5,"[0.0, 1.4, 60.9]",4.335536139877888,"['O=C(Nc1ccc(Br)c(F)c1)c1ccccn1', 'Brc1cnc2cncn2c1', 'Brc1cncnc1']",[]
6,"[15.2, 0.3, 20.4]",4.596640707401422,"['Brc1ncc[nH]1', 'Brc1cnn2ccccc12', 'Brc1ncccn1']",[]
7,"[44.7, 15.5, 30.6]",4.536180344060541,"['Brc1ncccc1OC1CCCCO1', 'Cn1cc(Br)nn1', 'N#Cc1cc(Br)cs1']",[]
8,"[43.5, 0.6, 0.0]",4.63913236008594,"['Brc1ccc2[nH]ccc2n1', 'Brc1cc2ncncc2s1', 'Brc1ncn[nH]1']",[]
