,obj_values ['yield'],Vendi_score,eval_samples,cut_samples
0,"[60.2, 20.3, 0.3]",1.553315635886345,"['O=C1CC(c2cccc(Br)c2)CC(=O)N1', 'Oc1ccnc2ccc(Br)cc12', 'Brc1ccc(-c2ccn[nH]2)s1']",[]
1,"[0.0, 0.0, 0.3]",2.845305663922963,"['OCc1coc(Br)n1', 'CCOc1ccc(F)c(B(O)O)c1Br', 'COc1ccc(COc2cccc(Br)n2)cc1']",[]
2,"[15.7, 0.0, 18.6]",3.4944796993174307,"['Brc1cnc2nncn2c1', 'FC(F)(F)c1cnc2cc(Br)ncc2n1', 'CC(C)(C)OC(=O)N1CCCC1c1nc(Br)c[nH]1']",[]
3,"[0.0, 0.0, 20.4]",4.065042305199581,"['COc1nccc(N)c1Br', 'CC(C)(C)OC(=O)N1CCC(Nc2ccc(Br)cc2)CC1', 'Brc1ncccn1']",[]
4,"[0.3, 0.0, 21.0]",4.471207833665865,"['Cc1ccc(S(=O)(=O)n2cc(Br)c3ccccc32)cc1', 'Brc1nncs1', 'Cn1cnc(Br)c1']",[]
5,"[43.5, 0.0, 81.1]",4.667595201335712,"['Brc1ccc2[nH]ccc2n1', 'CC(C)(C)OC(=O)N1CCN(Cc2ccc(Br)cc2)CC1', 'Brc1cnc2ncccn12']",[]
6,"[3.0, 0.0, 85.9]",4.775011704336704,"['OB(O)c1ccc(Br)s1', 'Brc1ncn[nH]1', 'Cc1cc(Br)ccn1']",[]
7,"[0.3, 4.0, 0.0]",4.774009847359492,"['Brc1cnn2ccccc12', 'CC(C)(C)OC(=O)N1C[C@H](F)C[C@H]1c1nc(Br)c[nH]1', 'O=S(=O)(Nc1ccccc1Br)C(F)(F)F']",[]
8,"[0.0, 44.7, 0.6]",4.739426190578096,"['Brc1cccc(N2CCCC2)c1', 'Brc1ncccc1OC1CCCCO1', 'Nc1ncnn2c(Br)ccc12']",[]
