,obj_values ['yield'],Vendi_score,eval_samples,cut_samples
0,"[15.5, 21.7, 0.0]",1.605487322324006,"['Cn1cc(Br)nn1', 'Brc1ccc2c(c1)oc1ccccc12', 'CCC(=O)c1ccc(Br)cc1O']",[]
1,"[0.0, 4.0, 20.4]",3.090539032632314,"['OCc1coc(Br)n1', 'CC(C)(C)OC(=O)N1C[C@H](F)C[C@H]1c1nc(Br)c[nH]1', 'Brc1ncccn1']",[]
2,"[0.0, 0.3, 0.3]",3.752823675078741,"['CCOc1ccc(F)c(B(O)O)c1Br', 'COc1ccc(COc2cccc(Br)n2)cc1', 'Cc1ccc(S(=O)(=O)n2cc(Br)c3ccccc32)cc1']",[]
3,"[0.0, 0.0, 0.3]",4.257421154534254,"['Brc1nncs1', 'CC(C)(C)OC(=O)N1CCN(Cc2ccc(Br)cc2)CC1', 'Brc1cnn2ccccc12']",[]
4,"[21.0, 43.5, 0.0]",4.48800802069776,"['Cn1cnc(Br)c1', 'Brc1ccc2[nH]ccc2n1', 'FC(F)(F)c1cnc2cc(Br)ncc2n1']",[]
5,"[15.7, 66.7, 3.0]",4.546878348625028,"['Brc1cnc2nncn2c1', 'Fc1ccc(Br)cc1', 'OB(O)c1ccc(Br)s1']",[]
6,"[0.6, 0.0, 1.5]",4.6492304107248374,"['Nc1ncnn2c(Br)ccc12', 'COc1nccc(N)c1Br', 'CC(C)(C)OC(=O)N1CCN(c2ncc(Br)cn2)CC1']",[]
7,"[28.5, 0.0, 0.3]",4.609116922240632,"['CC(C)(C)OC(=O)N1CCCCC1c1ccc(Br)cc1', 'CC(C)(C)OC(=O)NCCc1c[nH]c2ccc(Br)cc12', 'Brc1ncnc2ccccc12']",[]
8,"[30.6, 0.0, 0.0]",4.693033751215484,"['N#Cc1cc(Br)cs1', 'Brc1ncn[nH]1', 'Fc1ncc(Br)c(F)n1']",[]
