,obj_values ['yield'],Vendi_score,eval_samples,cut_samples
0,"[0.0, 30.3, 0.3]",1.630390132053595,"['CC(C)(C)OC(=O)N1CCC(Nc2ccc(Br)cc2)CC1', 'Cn1nnc(-c2ccc(Br)cn2)n1', 'Brc1ccc2cncnc2c1']",[]
1,"[20.4, 5.0, 15.2]",2.8071756906629224,"['Brc1ncccn1', 'FC(F)(F)c1ccc2cc(Br)ncc2n1', 'Brc1ncc[nH]1']",[]
2,"[0.0, 3.0, 0.3]",3.5133592347750375,"['CCOc1ccc(F)c(B(O)O)c1Br', 'OB(O)c1ccc(Br)s1', 'COc1ccc(COc2cccc(Br)n2)cc1']",[]
3,"[81.1, 0.0, 18.6]",4.226703083942778,"['Brc1cnc2ncccn12', 'OCc1coc(Br)n1', 'CC(C)(C)OC(=O)N1CCCC1c1nc(Br)c[nH]1']",[]
4,"[0.0, 0.0, 0.3]",4.579805421885511,"['COc1nccc(N)c1Br', 'Brc1nncs1', 'Cc1ccc(S(=O)(=O)n2cc(Br)c3ccccc32)cc1']",[]
5,"[43.5, 15.7, 0.0]",4.706522229867125,"['Brc1ccc2[nH]ccc2n1', 'Brc1cnc2nncn2c1', 'CC(C)(C)OC(=O)N1CCN(Cc2ccc(Br)cc2)CC1']",[]
6,"[0.0, 85.9, 21.0]",4.704379433745435,"['O=S(=O)(Nc1ccccc1Br)C(F)(F)F', 'Cc1cc(Br)ccn1', 'Cn1cnc(Br)c1']",[]
7,"[4.0, 0.0, 0.3]",4.775631542613294,"['CC(C)(C)OC(=O)N1C[C@H](F)C[C@H]1c1nc(Br)c[nH]1', 'FC(F)(F)c1cnc2cc(Br)ncc2n1', 'Brc1cnn2ccccc12']",[]
8,"[0.6, 0.0, 0.6]",4.833867933118188,"['Nc1ncnn2c(Br)ccc12', 'Brc1ncn[nH]1', 'Brc1cc2ncncc2s1']",[]
