,obj_values ['yield'],Vendi_score,eval_samples,cut_samples
0,"[5.9, 0.6, 0.3]",2.124712926911606,"['Brc1ccn2nccc2n1', 'Brc1cc2ncncc2s1', 'Brc1cnn2ccccc12']",[]
1,"[0.0, 18.6, 0.0]",3.423146861393931,"['CCOc1ccc(F)c(B(O)O)c1Br', 'CC(C)(C)OC(=O)N1CCCC1c1nc(Br)c[nH]1', 'CC(C)(C)OC(=O)N1CCN(Cc2ccc(Br)cc2)CC1']",[]
2,"[20.4, 0.3, 0.0]",4.279976545097757,"['Brc1ncccn1', 'Cc1ccc(S(=O)(=O)n2cc(Br)c3ccccc32)cc1', 'OCc1coc(Br)n1']",[]
3,"[15.7, 0.0, 85.9]",4.465016752839986,"['Brc1cnc2nncn2c1', 'Brc1nncs1', 'Cc1cc(Br)ccn1']",[]
4,"[0.3, 21.0, 0.0]",4.72040002960761,"['COc1ccc(COc2cccc(Br)n2)cc1', 'Cn1cnc(Br)c1', 'FC(F)(F)c1cnc2cc(Br)ncc2n1']",[]
5,"[17.7, 27.0, 0.6]",4.699528600020236,"['Nc1ncncc1Br', 'N#Cc1cccc(Br)c1', 'Nc1ncnn2c(Br)ccc12']",[]
6,"[30.6, 0.0, 0.0]",4.752312914027514,"['N#Cc1cc(Br)cs1', 'CC(C)(C)OC(=O)N1CCC(Nc2ccc(Br)cc2)CC1', 'COc1nccc(N)c1Br']",[]
7,"[0.0, 52.4, 10.2]",4.746806437306941,"['Brc1ncn[nH]1', 'Nc1nccc(Br)n1', 'O=c1cc(Br)c(-c2ccccc2)n[nH]1']",[]
8,"[1.5, 43.5, 0.0]",4.729632502142156,"['CC(C)(C)OC(=O)N1CCN(c2ncc(Br)cn2)CC1', 'Brc1ccc2[nH]ccc2n1', 'FC(F)C(F)(F)Oc1cccc(Br)c1']",[]
