,obj_values ['yield'],Vendi_score,eval_samples,cut_samples
0,"[53.1, 34.1, 0.0]",1.4970285670496715,"['CC(C)c1ccc(Br)cc1', 'Cc1cc(Br)cnc1C', 'O=C(Nc1ccc(Br)c(F)c1)c1ccccn1']",[]
1,"[20.4, 0.0, 15.2]",3.083654963752366,"['Brc1ncccn1', 'Brc1nncs1', 'Brc1ncc[nH]1']",[]
2,"[0.0, 4.0, 0.0]",3.8827596339962405,"['CCOc1ccc(F)c(B(O)O)c1Br', 'CC(C)(C)OC(=O)N1C[C@H](F)C[C@H]1c1nc(Br)c[nH]1', 'CC(C)(C)OC(=O)N1CCN(Cc2ccc(Br)cc2)CC1']",[]
3,"[0.3, 0.0, 0.0]",4.1279514022253405,"['Brc1cnn2ccccc12', 'FC(F)(F)c1cnc2cc(Br)ncc2n1', 'O=S(=O)(Nc1ccccc1Br)C(F)(F)F']",[]
4,"[3.0, 0.0, 0.3]",4.514195262747843,"['OB(O)c1ccc(Br)s1', 'OCc1coc(Br)n1', 'COc1ccc(COc2cccc(Br)n2)cc1']",[]
5,"[15.7, 0.0, 0.0]",4.621046170322184,"['Brc1cnc2nncn2c1', 'COc1nccc(N)c1Br', 'CC(C)(C)OC(=O)N1CCC(Nc2ccc(Br)cc2)CC1']",[]
6,"[0.3, 0.0, 85.9]",4.533648674494841,"['Cc1ccc(S(=O)(=O)n2cc(Br)c3ccccc32)cc1', 'FC(F)(F)Sc1ccc(Br)cc1', 'Cc1cc(Br)ccn1']",[]
7,"[21.0, 43.5, 0.6]",4.699909017879259,"['Cn1cnc(Br)c1', 'Brc1ccc2[nH]ccc2n1', 'Nc1ncnn2c(Br)ccc12']",[]
8,"[27.0, 0.0, 10.2]",4.598850189544505,"['N#Cc1cccc(Br)c1', 'Fc1ncc(Br)c(F)n1', 'O=c1cc(Br)c(-c2ccccc2)n[nH]1']",[]
