,obj_values ['yield'],Vendi_score,eval_samples,cut_samples
0,"[0.0, 4.2, 60.2]",1.577831523821416,"['COc1nccc(N)c1Br', 'Brc1cccc2cnccc12', 'O=C1CC(c2cccc(Br)c2)CC(=O)N1']",[]
1,"[0.0, 0.3, 0.0]",3.208297107206351,"['OCc1coc(Br)n1', 'COc1ccc(COc2cccc(Br)n2)cc1', 'Brc1nncs1']",[]
2,"[0.3, 43.5, 21.0]",3.8846406514387324,"['Cc1ccc(S(=O)(=O)n2cc(Br)c3ccccc32)cc1', 'Brc1ccc2[nH]ccc2n1', 'Cn1cnc(Br)c1']",[]
3,"[0.0, 0.0, 0.0]",4.195402391177065,"['CC(C)(C)OC(=O)N1CCC(Nc2ccc(Br)cc2)CC1', 'FC(F)(F)c1cnc2cc(Br)ncc2n1', 'CCOc1ccc(F)c(B(O)O)c1Br']",[]
4,"[3.0, 4.0, 81.1]",4.521019459579824,"['OB(O)c1ccc(Br)s1', 'CC(C)(C)OC(=O)N1C[C@H](F)C[C@H]1c1nc(Br)c[nH]1', 'Brc1cnc2ncccn12']",[]
5,"[15.7, 0.0, 20.4]",4.745218430097566,"['Brc1cnc2nncn2c1', 'CC(C)(C)OC(=O)N1CCN(Cc2ccc(Br)cc2)CC1', 'Brc1ncccn1']",[]
6,"[85.9, 0.3, 0.0]",4.847193330846114,"['Cc1cc(Br)ccn1', 'Brc1cnn2ccccc12', 'Brc1ncn[nH]1']",[]
7,"[0.6, 44.7, 15.2]",4.8573713848589275,"['Brc1cc2ncncc2s1', 'Brc1ncccc1OC1CCCCO1', 'Brc1ncc[nH]1']",[]
8,"[15.5, 0.0, 30.6]",4.729189263262498,"['Cn1cc(Br)nn1', 'Cc1nc2cccc(Br)n2n1', 'N#Cc1cc(Br)cs1']",[]
