,obj_values ['yield'],Vendi_score,eval_samples,cut_samples
0,"[0.6, 0.3, 0.0]",1.8131187107699578,"['O=c1[nH]cc(Br)c(=O)[nH]1', 'CCc1cccn2c(Br)cnc12', 'Brc1ccccc1N1CCNCC1']",[]
1,"[4.0, 0.0, 0.0]",3.2702362487975694,"['CC(C)(C)OC(=O)N1C[C@H](F)C[C@H]1c1nc(Br)c[nH]1', 'CC(C)(C)OC(=O)N1CCN(Cc2ccc(Br)cc2)CC1', 'Brc1ncn[nH]1']",[]
2,"[0.0, 0.0, 20.4]",4.2687146669030085,"['Brc1nncs1', 'FC(F)(F)c1cnc2cc(Br)ncc2n1', 'Brc1ncccn1']",[]
3,"[85.9, 43.5, 0.3]",4.5634542980934105,"['Cc1cc(Br)ccn1', 'Brc1ccc2[nH]ccc2n1', 'Cc1ccc(S(=O)(=O)n2cc(Br)c3ccccc32)cc1']",[]
4,"[3.0, 15.7, 61.9]",4.592778669113574,"['OB(O)c1ccc(Br)s1', 'Brc1cnc2nncn2c1', 'O=C(OCc1ccccc1)N1CCc2ncc(Br)cc2C1']",[]
5,"[0.0, 0.3, 0.0]",4.893967331869161,"['COc1nccc(N)c1Br', 'COc1ccc(COc2cccc(Br)n2)cc1', 'OCc1coc(Br)n1']",[]
6,"[44.7, 27.0, 52.4]",4.77628913670242,"['Brc1ncccc1OC1CCCCO1', 'N#Cc1cccc(Br)c1', 'Nc1nccc(Br)n1']",[]
7,"[0.0, 21.0, 2.9]",4.809948580449728,"['Brc1cccc(N2CCCC2)c1', 'Cn1cnc(Br)c1', 'O=C(c1cc2cc(Br)cnc2s1)N1CCOCC1']",[]
8,"[0.0, 30.6, 0.0]",4.7916701014494585,"['Brc1nncc2ccccc12', 'N#Cc1cc(Br)cs1', 'CC(C)(C)OC(=O)N1CCC(Nc2ccc(Br)cc2)CC1']",[]
