,obj_values ['yield'],Vendi_score,eval_samples,cut_samples
0,"[37.2, 11.3, 17.7]",1.5713859041682718,"['Oc1ncnc2ccc(Br)cc12', 'Cc1cncc(Br)n1', 'Nc1ncncc1Br']",[]
1,"[0.0, 0.3, 0.3]",3.184579611724966,"['OCc1coc(Br)n1', 'Cc1ccc(S(=O)(=O)n2cc(Br)c3ccccc32)cc1', 'COc1ccc(COc2cccc(Br)n2)cc1']",[]
2,"[18.6, 0.0, 0.0]",3.9469044858863542,"['CC(C)(C)OC(=O)N1CCCC1c1nc(Br)c[nH]1', 'CCOc1ccc(F)c(B(O)O)c1Br', 'Brc1nncs1']",[]
3,"[81.1, 0.0, 20.4]",4.387877990579786,"['Brc1cnc2ncccn12', 'CC(C)(C)OC(=O)N1CCN(Cc2ccc(Br)cc2)CC1', 'Brc1ncccn1']",[]
4,"[0.0, 0.0, 0.0]",4.4802736187164,"['O=S(=O)(Nc1ccccc1Br)C(F)(F)F', 'Brc1ncn[nH]1', 'FC(F)(F)c1cnc2cc(Br)ncc2n1']",[]
5,"[30.6, 0.0, 21.0]",4.651974859611679,"['N#Cc1cc(Br)cs1', 'CC(C)(C)OC(=O)N1CCC(Nc2ccc(Br)cc2)CC1', 'Cn1cnc(Br)c1']",[]
6,"[0.3, 85.9, 1.4]",4.620165475108781,"['Brc1ccc(-c2ccn[nH]2)s1', 'Cc1cc(Br)ccn1', 'Brc1cnc2cncn2c1']",[]
7,"[4.0, 0.0, 43.5]",4.734709663706179,"['CC(C)(C)OC(=O)N1C[C@H](F)C[C@H]1c1nc(Br)c[nH]1', 'COc1nccc(N)c1Br', 'Brc1ccc2[nH]ccc2n1']",[]
8,"[0.6, 15.7, 0.6]",4.722563387675894,"['Brc1cc2ncncc2s1', 'Brc1cnc2nncn2c1', 'Nc1ncnn2c(Br)ccc12']",[]
