,obj_values ['yield'],Vendi_score,eval_samples,cut_samples
0,"[75.2, 27.0, 28.9]",1.474527543061926,"['CNC(=O)c1ccnc(Br)c1', 'N#Cc1cccc(Br)c1', 'Oc1ccc(Br)nc1']",[]
1,"[15.2, 0.0, 0.0]",2.910686112235005,"['Brc1ncc[nH]1', 'Brc1nncs1', 'Brc1ccccc1N1CCNCC1']",[]
2,"[0.0, 0.3, 0.3]",3.7293110306364823,"['CC(C)(C)OC(=O)N1CCN(Cc2ccc(Br)cc2)CC1', 'COc1ccc(COc2cccc(Br)n2)cc1', 'Cc1ccc(S(=O)(=O)n2cc(Br)c3ccccc32)cc1']",[]
3,"[0.3, 0.0, 0.0]",4.26657773338733,"['Brc1cnn2ccccc12', 'FC(F)(F)c1cnc2cc(Br)ncc2n1', 'OCc1coc(Br)n1']",[]
4,"[3.0, 18.6, 0.0]",4.561214200527969,"['OB(O)c1ccc(Br)s1', 'CC(C)(C)OC(=O)N1CCCC1c1nc(Br)c[nH]1', 'CCOc1ccc(F)c(B(O)O)c1Br']",[]
5,"[15.7, 0.0, 85.9]",4.670105752006594,"['Brc1cnc2nncn2c1', 'CC(C)(C)OC(=O)N1CCC(Nc2ccc(Br)cc2)CC1', 'Cc1cc(Br)ccn1']",[]
6,"[20.4, 0.0, 0.6]",4.82326894338637,"['Brc1ncccn1', 'COc1nccc(N)c1Br', 'Nc1ncnn2c(Br)ccc12']",[]
7,"[0.0, 0.0, 0.0]",4.840376144239682,"['Brc1cccc(N2CCCC2)c1', 'Brc1ncn[nH]1', 'O=S(=O)(Nc1ccccc1Br)C(F)(F)F']",[]
8,"[44.7, 4.0, 0.0]",4.857174383094607,"['Brc1ncccc1OC1CCCCO1', 'CC(C)(C)OC(=O)N1C[C@H](F)C[C@H]1c1nc(Br)c[nH]1', 'Fc1ncc(Br)c(F)n1']",[]
