,obj_values ['yield'],Vendi_score,eval_samples,cut_samples
0,"[27.9, 44.1, 41.9]",1.8444378456667774,"['CCCc1cc(NC(=O)OC(C)(C)C)c2cc(Br)ccc2n1', 'Nc1cc(Br)ncn1', 'CS(=O)(=O)c1ccc(Br)cc1']",[]
1,"[0.0, 0.0, 0.3]",3.0800536458366587,"['Brc1nncs1', 'Brc1ncn[nH]1', 'COc1ccc(COc2cccc(Br)n2)cc1']",[]
2,"[0.0, 18.6, 0.3]",4.000168193150254,"['CCOc1ccc(F)c(B(O)O)c1Br', 'CC(C)(C)OC(=O)N1CCCC1c1nc(Br)c[nH]1', 'Brc1cnn2ccccc12']",[]
3,"[15.7, 20.4, 0.3]",4.29487753427298,"['Brc1cnc2nncn2c1', 'Brc1ncccn1', 'Cc1ccc(S(=O)(=O)n2cc(Br)c3ccccc32)cc1']",[]
4,"[43.5, 0.0, 0.0]",4.446027192978656,"['Brc1ccc2[nH]ccc2n1', 'CC(C)(C)OC(=O)N1CCN(Cc2ccc(Br)cc2)CC1', 'FC(F)(F)c1cnc2cc(Br)ncc2n1']",[]
5,"[0.0, 0.0, 0.0]",4.72821595420805,"['Brc1cccc(N2CCCC2)c1', 'COc1nccc(N)c1Br', 'OCc1coc(Br)n1']",[]
6,"[0.6, 3.0, 85.9]",4.824986519317576,"['Nc1ncnn2c(Br)ccc12', 'OB(O)c1ccc(Br)s1', 'Cc1cc(Br)ccn1']",[]
7,"[21.0, 0.0, 0.0]",4.916782580501715,"['Cn1cnc(Br)c1', 'CC(C)(C)OC(=O)N1CCC(Nc2ccc(Br)cc2)CC1', 'Fc1ncc(Br)c(F)n1']",[]
8,"[0.0, 66.7, 16.2]",4.740205563230562,"['Brc1ccn2nnnc2c1', 'Fc1ccc(Br)cc1', 'Oc1ccccc1Br']",[]
