,obj_values ['yield'],Vendi_score,eval_samples,cut_samples
0,"[80.4, 5.9, 0.3]",1.5092165330327216,"['CC(C)(CO)c1ccc(Br)cn1', 'Brc1ccn2nccc2n1', 'Brc1cccc2ncncc12']",[]
1,"[15.2, 0.0, 30.6]",2.7546173664684814,"['Brc1ncc[nH]1', 'Brc1nncs1', 'N#Cc1cc(Br)cs1']",[]
2,"[0.3, 0.0, 0.3]",3.5567589536275217,"['COc1ccc(COc2cccc(Br)n2)cc1', 'CC(C)(C)OC(=O)N1CCN(Cc2ccc(Br)cc2)CC1', 'Cc1ccc(S(=O)(=O)n2cc(Br)c3ccccc32)cc1']",[]
3,"[0.0, 0.0, 0.0]",4.048448105836507,"['CCOc1ccc(F)c(B(O)O)c1Br', 'COc1nccc(N)c1Br', 'OCc1coc(Br)n1']",[]
4,"[20.4, 18.6, 81.1]",4.470534777583885,"['Brc1ncccn1', 'CC(C)(C)OC(=O)N1CCCC1c1nc(Br)c[nH]1', 'Brc1cnc2ncccn12']",[]
5,"[0.6, 0.0, 0.0]",4.642237108140045,"['Brc1cc2ncncc2s1', 'FC(F)(F)c1cnc2cc(Br)ncc2n1', 'CC(C)(C)OC(=O)N1CCC(Nc2ccc(Br)cc2)CC1']",[]
6,"[21.0, 43.5, 15.7]",4.73187711373251,"['Cn1cnc(Br)c1', 'Brc1ccc2[nH]ccc2n1', 'Brc1cnc2nncn2c1']",[]
7,"[0.3, 85.9, 3.0]",4.741633739647531,"['Brc1cnn2ccccc12', 'Cc1cc(Br)ccn1', 'OB(O)c1ccc(Br)s1']",[]
8,"[1.5, 0.0, 44.7]",4.7347001954915715,"['Brc1ccc(-c2nnc(-c3ccccc3)o2)cc1', 'Brc1ncn[nH]1', 'Brc1ncccc1OC1CCCCO1']",[]
