,obj_values ['yield'],Vendi_score,eval_samples,cut_samples
0,"[0.3, 0.4, 57.1]",1.204055751347851,"['Nc1cc(Br)ccn1', 'NCCc1ccc(Br)cc1', 'Brc1cnc2[nH]ccc2c1']",[]
1,"[15.2, 0.0, 0.0]",2.2488234842873083,"['Brc1ncc[nH]1', 'Oc1ccc2cccnc2c1Br', 'CCOc1ccc(F)c(B(O)O)c1Br']",[]
2,"[0.0, 0.0, 0.0]",3.4212017695951564,"['FC(F)(F)c1cnc2nc(Br)ccc2c1', 'Brc1nncs1', 'CC(C)(C)OC(=O)N1CCN(Cc2ccc(Br)cc2)CC1']",[]
3,"[0.3, 0.0, 18.6]",4.09088306861327,"['Cc1ccc(S(=O)(=O)n2cc(Br)c3ccccc32)cc1', 'OCc1coc(Br)n1', 'CC(C)(C)OC(=O)N1CCCC1c1nc(Br)c[nH]1']",[]
4,"[0.0, 20.4, 0.3]",4.444412836987468,"['Fc1ncc(Br)c(F)n1', 'Brc1ncccn1', 'COc1ccc(COc2cccc(Br)n2)cc1']",[]
5,"[3.0, 81.1, 0.0]",4.62141181120663,"['OB(O)c1ccc(Br)s1', 'Brc1cnc2ncccn12', 'CC(C)(C)OC(=O)N1CCC(Nc2ccc(Br)cc2)CC1']",[]
6,"[15.7, 43.5, 0.0]",4.673776562592175,"['Brc1cnc2nncn2c1', 'Brc1ccc2[nH]ccc2n1', 'FC(F)(F)c1cnc2cc(Br)ncc2n1']",[]
7,"[0.0, 0.0, 21.0]",4.708704641825623,"['O=S(=O)(Nc1ccccc1Br)C(F)(F)F', 'COc1nccc(N)c1Br', 'Cn1cnc(Br)c1']",[]
8,"[0.6, 1.5, 0.0]",4.800009497522353,"['Nc1ncnn2c(Br)ccc12', 'CC(C)(C)OC(=O)N1CCN(c2ncc(Br)cn2)CC1', 'Brc1ncn[nH]1']",[]
