,obj_values ['yield'],Vendi_score,eval_samples,cut_samples
0,"[43.8, 0.0, 59.0]",1.4317866187163681,"['CC(C)(C#N)c1ccc(Br)cn1', 'Brc1cccc(N2CCCC2)c1', 'NS(=O)(=O)Cc1cccc(Br)c1']",[]
1,"[0.0, 0.0, 0.0]",2.7534331247056456,"['OCc1coc(Br)n1', 'CCOc1ccc(F)c(B(O)O)c1Br', 'CC(C)(C)OC(=O)N1CCN(Cc2ccc(Br)cc2)CC1']",[]
2,"[0.3, 20.4, 0.0]",3.61268753624616,"['Brc1cnn2ccccc12', 'Brc1ncccn1', 'FC(F)(F)c1cnc2cc(Br)ncc2n1']",[]
3,"[0.0, 18.6, 0.0]",4.190717004806624,"['Brc1nncs1', 'CC(C)(C)OC(=O)N1CCCC1c1nc(Br)c[nH]1', 'O=C(Nc1ccc(Br)c(F)c1)c1ccccn1']",[]
4,"[0.3, 21.0, 0.6]",4.447379141095227,"['COc1ccc(COc2cccc(Br)n2)cc1', 'Cn1cnc(Br)c1', 'Nc1ncnn2c(Br)ccc12']",[]
5,"[0.0, 30.6, 0.0]",4.462843879964741,"['CC(C)(C)OC(=O)NCCc1c[nH]c2ccc(Br)cc12', 'N#Cc1cc(Br)cs1', 'COc1nccc(N)c1Br']",[]
6,"[15.7, 0.3, 43.5]",4.51233785343436,"['Brc1cnc2nncn2c1', 'Brc1ccc(-c2ccn[nH]2)s1', 'Brc1ccc2[nH]ccc2n1']",[]
7,"[0.0, 1.5, 44.7]",4.612668111615256,"['Brc1ncn[nH]1', 'CC(C)(C)OC(=O)N1CCN(c2ncc(Br)cn2)CC1', 'Brc1ncccc1OC1CCCCO1']",[]
8,"[17.2, 15.5, 0.0]",4.527773653401613,"['FC(F)(F)c1ncc(Br)cn1', 'Cn1cc(Br)nn1', 'Brc1ccccc1N1CCNCC1']",[]
