,obj_values ['yield'],Vendi_score,eval_samples,cut_samples
0,"[0.3, 0.3, 0.0]",1.484362433473425,"['Brc1cccc2ncncc12', 'Brc1ncnc2ccccc12', 'FC(F)(F)c1cnc2cc(Br)ncc2n1']",[]
1,"[28.5, 0.0, 18.6]",3.0498971621684405,"['CC(C)(C)OC(=O)N1CCCCC1c1ccc(Br)cc1', 'Brc1ncn[nH]1', 'CC(C)(C)OC(=O)N1CCCC1c1nc(Br)c[nH]1']",[]
2,"[3.0, 0.0, 0.3]",3.6839259114000096,"['OB(O)c1ccc(Br)s1', 'CCOc1ccc(F)c(B(O)O)c1Br', 'COc1ccc(COc2cccc(Br)n2)cc1']",[]
3,"[0.0, 81.1, 0.3]",4.183532529175082,"['Brc1nncs1', 'Brc1cnc2ncccn12', 'Cc1ccc(S(=O)(=O)n2cc(Br)c3ccccc32)cc1']",[]
4,"[0.0, 20.4, 0.0]",4.62672030622556,"['COc1nccc(N)c1Br', 'Brc1ncccn1', 'OCc1coc(Br)n1']",[]
5,"[30.6, 21.0, 0.0]",4.801448737999242,"['N#Cc1cc(Br)cs1', 'Cn1cnc(Br)c1', 'CC(C)(C)OC(=O)N1CCN(Cc2ccc(Br)cc2)CC1']",[]
6,"[0.0, 43.5, 0.0]",4.756096441946838,"['Brc1cccc(N2CCCC2)c1', 'Brc1ccc2[nH]ccc2n1', 'Cc1nc2cccc(Br)n2n1']",[]
7,"[15.7, 85.9, 0.0]",4.736801662122246,"['Brc1cnc2nncn2c1', 'Cc1cc(Br)ccn1', 'O=S(=O)(Nc1ccccc1Br)C(F)(F)F']",[]
8,"[4.0, 0.0, 0.3]",4.840970079000183,"['CC(C)(C)OC(=O)N1C[C@H](F)C[C@H]1c1nc(Br)c[nH]1', 'CC(C)(C)OC(=O)N1CCC(Nc2ccc(Br)cc2)CC1', 'Brc1cnn2ccccc12']",[]
