,obj_values ['yield'],Vendi_score,eval_samples,cut_samples
0,"[0.0, 69.7, 0.0]",1.2189314708112975,"['O=c1cc(O)c2ccc(Br)cc2o1', 'CC(C)(CO)c1cc(Br)ccn1', 'CC(=O)/C=C/c1ccc(Br)cc1']",[]
1,"[7.3, 0.3, 28.9]",1.8360152037755513,"['Brc1cccc2nccnc12', 'Brc1ccc(-c2ccn[nH]2)s1', 'Oc1ccc(Br)nc1']",[]
2,"[0.0, 0.0, 4.0]",3.038760323070794,"['CC(C)(C)OC(=O)N1CCN(Cc2ccc(Br)cc2)CC1', 'Brc1ncn[nH]1', 'CC(C)(C)OC(=O)N1C[C@H](F)C[C@H]1c1nc(Br)c[nH]1']",[]
3,"[0.0, 20.4, 0.0]",3.5801098980108224,"['COc1nccc(N)c1Br', 'Brc1ncccn1', 'CCOc1ccc(F)c(B(O)O)c1Br']",[]
4,"[0.3, 0.0, 0.3]",4.039442196712499,"['Cc1ccc(S(=O)(=O)n2cc(Br)c3ccccc32)cc1', 'Brc1nncs1', 'COc1ccc(COc2cccc(Br)n2)cc1']",[]
5,"[21.0, 81.1, 0.0]",4.427975773977437,"['Cn1cnc(Br)c1', 'Brc1cnc2ncccn12', 'OCc1coc(Br)n1']",[]
6,"[0.0, 0.0, 0.0]",4.597102964373809,"['FC(F)(F)c1cnc2cc(Br)ncc2n1', 'CC(C)(C)OC(=O)N1CCC(Nc2ccc(Br)cc2)CC1', 'Fc1ncc(Br)c(F)n1']",[]
7,"[15.2, 43.5, 3.0]",4.6638955667305515,"['Brc1ncc[nH]1', 'Brc1ccc2[nH]ccc2n1', 'OB(O)c1ccc(Br)s1']",[]
8,"[15.7, 0.3, 18.6]",4.701173181939254,"['Brc1cnc2nncn2c1', 'Brc1cnn2ccccc12', 'CC(C)(C)OC(=O)N1CCCC1c1nc(Br)c[nH]1']",[]
