,obj_values ['yield'],Vendi_score,eval_samples,cut_samples
0,"[0.6, 0.3, 24.7]",1.6824390728936416,"['Nc1ncnn2c(Br)ccc12', 'Brc1cnc2ncoc2c1', 'Brc1cccc(-c2nnc(C3CC3)o2)c1']",[]
1,"[0.0, 0.0, 10.2]",2.4918669329081347,"['CCOc1ccc(F)c(B(O)O)c1Br', 'OCc1coc(Br)n1', 'O=c1cc(Br)c(-c2ccccc2)n[nH]1']",[]
2,"[0.0, 0.3, 0.3]",3.2492502508596983,"['CC(C)(C)OC(=O)N1CCN(Cc2ccc(Br)cc2)CC1', 'Cc1ccc(S(=O)(=O)n2cc(Br)c3ccccc32)cc1', 'COc1ccc(COc2cccc(Br)n2)cc1']",[]
3,"[0.0, 20.4, 21.0]",4.0994454698981455,"['Brc1nncs1', 'Brc1ncccn1', 'Cn1cnc(Br)c1']",[]
4,"[4.0, 0.0, 43.5]",4.429790951785368,"['CC(C)(C)OC(=O)N1C[C@H](F)C[C@H]1c1nc(Br)c[nH]1', 'COc1nccc(N)c1Br', 'Brc1ccc2[nH]ccc2n1']",[]
5,"[0.0, 3.0, 85.9]",4.569899425125994,"['FC(F)(F)c1cnc2cc(Br)ncc2n1', 'OB(O)c1ccc(Br)s1', 'Cc1cc(Br)ccn1']",[]
6,"[0.3, 0.0, 0.0]",4.756957946271001,"['Brc1cnn2ccccc12', 'CC(C)(C)OC(=O)N1CCC(Nc2ccc(Br)cc2)CC1', 'Brc1ncn[nH]1']",[]
7,"[3.7, 0.0, 15.7]",4.555050349365943,"['O=C1Nc2ccc(Br)cc2C12OCCO2', 'Brc1ccn2nnnc2c1', 'Brc1cnc2nncn2c1']",[]
8,"[0.0, 18.6, 0.0]",4.568449553233598,"['O=S(=O)(Nc1ccccc1Br)C(F)(F)F', 'CC(C)(C)OC(=O)N1CCCC1c1nc(Br)c[nH]1', 'Brc1cccc(N2CCCC2)c1']",[]
