,obj_values ['yield'],Vendi_score,eval_samples,cut_samples
0,"[39.0, 0.0, 0.4]",1.253195809808108,"['O=C1CCc2ncc(Br)cc2N1', 'Nc1cnc(-c2cccc(Br)c2)nc1', 'NCCc1ccc(Br)cc1']",[]
1,"[0.0, 0.0, 15.2]",2.1883583979522996,"['CCOc1ccc(F)c(B(O)O)c1Br', 'CC(C)(C)OC(=O)n1cc(CO)c2c(Br)cccc21', 'Brc1ncc[nH]1']",[]
2,"[0.3, 20.4, 0.3]",3.1222767522988972,"['Brc1cnn2ccccc12', 'Brc1ncccn1', 'COc1ccc(COc2cccc(Br)n2)cc1']",[]
3,"[0.0, 4.0, 0.0]",3.9921523670502257,"['Brc1nncs1', 'CC(C)(C)OC(=O)N1C[C@H](F)C[C@H]1c1nc(Br)c[nH]1', 'OCc1coc(Br)n1']",[]
4,"[0.0, 0.0, 0.3]",4.301514242526305,"['FC(F)(F)c1cnc2cc(Br)ncc2n1', 'CC(C)(C)OC(=O)N1CCN(Cc2ccc(Br)cc2)CC1', 'Cc1ccc(S(=O)(=O)n2cc(Br)c3ccccc32)cc1']",[]
5,"[0.6, 0.0, 43.5]",4.467792457853599,"['Nc1ncnn2c(Br)ccc12', 'Fc1ncc(Br)c(F)n1', 'Brc1ccc2[nH]ccc2n1']",[]
6,"[21.0, 3.0, 0.0]",4.604519009734739,"['Cn1cnc(Br)c1', 'OB(O)c1ccc(Br)s1', 'COc1nccc(N)c1Br']",[]
7,"[15.7, 0.0, 85.9]",4.646456631002703,"['Brc1cnc2nncn2c1', 'CC(C)(C)OC(=O)N1CCC(Nc2ccc(Br)cc2)CC1', 'Cc1cc(Br)ccn1']",[]
8,"[0.0, 0.6, 16.2]",4.535938383741082,"['Brc1ccn2nnnc2c1', 'Brc1cc2ncncc2s1', 'Oc1ccccc1Br']",[]
