,obj_values ['yield'],Vendi_score,eval_samples,cut_samples
0,"[43.9, 7.6, 81.1]",1.6657927397848038,"['O=C1CN(Cc2cccc(Br)c2)C(=O)N1', 'Cn1cnc2ccc(Br)cc21', 'Brc1cnc2ncccn12']",[]
1,"[0.0, 0.0, 20.4]",2.920467349739242,"['CCOc1ccc(F)c(B(O)O)c1Br', 'Brc1ncn[nH]1', 'Brc1ncccn1']",[]
2,"[0.0, 0.3, 0.0]",3.5567324967316423,"['CC(C)(C)OC(=O)N1CCN(Cc2ccc(Br)cc2)CC1', 'COc1ccc(COc2cccc(Br)n2)cc1', 'CC(C)(C)OC(=O)N1CCC(Nc2ccc(Br)cc2)CC1']",[]
3,"[0.0, 18.6, 0.0]",4.20152964785106,"['Brc1nncs1', 'CC(C)(C)OC(=O)N1CCCC1c1nc(Br)c[nH]1', 'FC(F)(F)c1cnc2cc(Br)ncc2n1']",[]
4,"[0.0, 3.0, 0.0]",4.589325558260594,"['COc1nccc(N)c1Br', 'OB(O)c1ccc(Br)s1', 'OCc1coc(Br)n1']",[]
5,"[43.5, 0.3, 15.7]",4.742354963070495,"['Brc1ccc2[nH]ccc2n1', 'Cc1ccc(S(=O)(=O)n2cc(Br)c3ccccc32)cc1', 'Brc1cnc2nncn2c1']",[]
6,"[21.0, 85.9, 0.6]",4.810535441318666,"['Cn1cnc(Br)c1', 'Cc1cc(Br)ccn1', 'Brc1cc2ncncc2s1']",[]
7,"[0.0, 0.3, 4.0]",4.813173481957998,"['O=S(=O)(Nc1ccccc1Br)C(F)(F)F', 'Brc1cnn2ccccc12', 'CC(C)(C)OC(=O)N1C[C@H](F)C[C@H]1c1nc(Br)c[nH]1']",[]
8,"[0.0, 15.2, 0.6]",4.876615309293875,"['FC(F)(F)c1cnc2nc(Br)ccc2c1', 'Brc1ncc[nH]1', 'Nc1ncnn2c(Br)ccc12']",[]
