,obj_values ['yield'],Vendi_score,eval_samples,cut_samples
0,"[0.0, 0.0, 0.0]",1.9404619054939043,"['Brc1ccc(CN2CCOCC2)cc1', 'Brc1ccc(C2CCCN2)cc1', 'Brc1nncs1']",[]
1,"[20.4, 0.0, 0.0]",3.3095778552135853,"['Brc1ncccn1', 'OCc1coc(Br)n1', 'Oc1ccc2cccnc2c1Br']",[]
2,"[0.0, 0.3, 0.0]",3.901449936368834,"['FC(F)(F)c1cnc2cc(Br)ncc2n1', 'Cc1ccc(S(=O)(=O)n2cc(Br)c3ccccc32)cc1', 'CC(C)(C)OC(=O)N1CCN(Cc2ccc(Br)cc2)CC1']",[]
3,"[18.6, 15.7, 0.0]",4.273709693292,"['CC(C)(C)OC(=O)N1CCCC1c1nc(Br)c[nH]1', 'Brc1cnc2nncn2c1', 'CCOc1ccc(F)c(B(O)O)c1Br']",[]
4,"[85.9, 3.0, 43.5]",4.41576113949922,"['Cc1cc(Br)ccn1', 'OB(O)c1ccc(Br)s1', 'Brc1ccc2[nH]ccc2n1']",[]
5,"[0.0, 0.3, 15.2]",4.679338883230877,"['CC(C)(C)OC(=O)N1CCC(Nc2ccc(Br)cc2)CC1', 'COc1ccc(COc2cccc(Br)n2)cc1', 'Brc1ncc[nH]1']",[]
6,"[0.6, 21.0, 0.0]",4.814404055239879,"['Nc1ncnn2c(Br)ccc12', 'Cn1cnc(Br)c1', 'COc1nccc(N)c1Br']",[]
7,"[0.0, 17.7, 0.6]",4.690606601765897,"['Brc1ccn2nnnc2c1', 'Nc1ncncc1Br', 'Brc1cc2ncncc2s1']",[]
8,"[4.0, 0.0, 0.0]",4.773645317193292,"['CC(C)(C)OC(=O)N1C[C@H](F)C[C@H]1c1nc(Br)c[nH]1', 'Brc1ncn[nH]1', 'O=S(=O)(Nc1ccccc1Br)C(F)(F)F']",[]
