,obj_values ['yield'],Vendi_score,eval_samples,cut_samples
0,"[37.2, 24.7, 68.5]",1.2380829854799469,"['Oc1ncnc2ccc(Br)cc12', 'Brc1cccc(-c2nnc(C3CC3)o2)c1', 'O=C(c1ccc(Br)cc1)N1CCOCC1']",[]
1,"[0.0, 28.4, 9.6]",1.640657738540086,"['CCOc1ccc(F)c(B(O)O)c1Br', 'Brc1ccc(-n2cnnc2)nc1', 'O=C1CCc2cccc(Br)c2N1']",[]
2,"[20.4, 4.0, 0.0]",2.9973361709327775,"['Brc1ncccn1', 'CC(C)(C)OC(=O)N1C[C@H](F)C[C@H]1c1nc(Br)c[nH]1', 'OCc1coc(Br)n1']",[]
3,"[0.0, 81.1, 0.3]",3.6934220591259233,"['Brc1nncs1', 'Brc1cnc2ncccn12', 'COc1ccc(COc2cccc(Br)n2)cc1']",[]
4,"[1.5, 21.0, 0.0]",4.0324498332507455,"['CC(C)(C)OC(=O)N1CCN(c2ncc(Br)cn2)CC1', 'Cn1cnc(Br)c1', 'FC(F)(F)c1cnc2cc(Br)ncc2n1']",[]
5,"[3.0, 0.0, 0.3]",4.245236025614351,"['OB(O)c1ccc(Br)s1', 'CC(C)(C)OC(=O)N1CCN(Cc2ccc(Br)cc2)CC1', 'Cc1ccc(S(=O)(=O)n2cc(Br)c3ccccc32)cc1']",[]
6,"[0.0, 0.0, 43.5]",4.305266326831321,"['O=S(=O)(Nc1ccccc1Br)C(F)(F)F', 'COc1nccc(N)c1Br', 'Brc1ccc2[nH]ccc2n1']",[]
7,"[0.0, 0.0, 85.9]",4.4643301154645405,"['CC(C)(C)OC(=O)N1CCC(Nc2ccc(Br)cc2)CC1', 'Brc1ncn[nH]1', 'Cc1cc(Br)ccn1']",[]
8,"[44.1, 1.4, 10.2]",4.342615934256274,"['Nc1cc(Br)ncn1', 'Brc1cnc2cncn2c1', 'O=c1cc(Br)c(-c2ccccc2)n[nH]1']",[]
