,obj_values ['yield'],Vendi_score,eval_samples,cut_samples
0,"[15.4, 60.9, 18.3]",1.7818056575083032,"['FC(F)(F)c1nc2ccc(Br)cn2n1', 'Brc1cncnc1', 'Cc1ccc2ccc(Br)nc2n1']",[]
1,"[0.0, 15.2, 0.0]",2.8815436926884623,"['CCOc1ccc(F)c(B(O)O)c1Br', 'Brc1ncc[nH]1', 'Brc1ccccc1N1CCNCC1']",[]
2,"[0.0, 0.0, 4.0]",3.8965830206999668,"['Brc1nncs1', 'CC(C)(C)OC(=O)N1CCN(Cc2ccc(Br)cc2)CC1', 'CC(C)(C)OC(=O)N1C[C@H](F)C[C@H]1c1nc(Br)c[nH]1']",[]
3,"[0.3, 0.3, 0.0]",4.386319856339732,"['Cc1ccc(S(=O)(=O)n2cc(Br)c3ccccc32)cc1', 'Brc1cnn2ccccc12', 'OCc1coc(Br)n1']",[]
4,"[0.3, 0.3, 0.0]",4.529964998609311,"['Nc1cc(Br)ccn1', 'COc1ccc(COc2cccc(Br)n2)cc1', 'FC(F)(F)c1cnc2cc(Br)ncc2n1']",[]
5,"[0.6, 20.4, 0.0]",4.763888829821735,"['Nc1ncnn2c(Br)ccc12', 'Brc1ncccn1', 'CC(C)(C)OC(=O)N1CCC(Nc2ccc(Br)cc2)CC1']",[]
6,"[0.0, 3.0, 0.0]",4.731455623453344,"['Fc1ncc(Br)c(F)n1', 'OB(O)c1ccc(Br)s1', 'O=S(=O)(Nc1ccccc1Br)C(F)(F)F']",[]
7,"[21.0, 0.0, 43.5]",4.846578658064127,"['Cn1cnc(Br)c1', 'COc1nccc(N)c1Br', 'Brc1ccc2[nH]ccc2n1']",[]
8,"[15.7, 0.0, 1.5]",4.911521745763534,"['Brc1cnc2nncn2c1', 'Brc1ncn[nH]1', 'CC(C)(C)OC(=O)N1CCN(c2ncc(Br)cn2)CC1']",[]
