,obj_values ['yield'],Vendi_score,eval_samples,cut_samples
0,"[20.4, 66.6, 21.9]",1.3245399374281277,"['Brc1ccc(-c2nc3ccccc3[nH]2)cc1', 'COc1ccc(Cn2cnc3cc(Br)ccc32)cc1', 'CC(C)(C)OC(=O)NC1(c2ccc(Br)cc2)CC(=O)C1']",[]
1,"[21.0, 0.0, 0.0]",2.812720674067682,"['Cn1cnc(Br)c1', 'CCOc1ccc(F)c(B(O)O)c1Br', 'OCc1coc(Br)n1']",[]
2,"[20.4, 0.3, 0.3]",3.751810826218985,"['Brc1ncccn1', 'Brc1cnn2ccccc12', 'COc1ccc(COc2cccc(Br)n2)cc1']",[]
3,"[15.7, 0.0, 85.9]",4.201860670745376,"['Brc1cnc2nncn2c1', 'Brc1nncs1', 'Cc1cc(Br)ccn1']",[]
4,"[4.0, 0.3, 0.0]",4.522356409891458,"['CC(C)(C)OC(=O)N1C[C@H](F)C[C@H]1c1nc(Br)c[nH]1', 'Cc1ccc(S(=O)(=O)n2cc(Br)c3ccccc32)cc1', 'FC(F)(F)c1cnc2cc(Br)ncc2n1']",[]
5,"[0.0, 0.6, 0.0]",4.657892865918299,"['COc1nccc(N)c1Br', 'Nc1ncnn2c(Br)ccc12', 'CC(C)(C)OC(=O)N1CCN(Cc2ccc(Br)cc2)CC1']",[]
6,"[43.5, 3.0, 27.0]",4.719824931180759,"['Brc1ccc2[nH]ccc2n1', 'OB(O)c1ccc(Br)s1', 'N#Cc1cccc(Br)c1']",[]
7,"[44.7, 0.0, 0.0]",4.762195560325709,"['Brc1ncccc1OC1CCCCO1', 'Brc1cccc(N2CCCC2)c1', 'Brc1ncn[nH]1']",[]
8,"[0.6, 15.2, 1.5]",4.851904232063235,"['Brc1cc2ncncc2s1', 'Brc1ncc[nH]1', 'CC(C)(C)OC(=O)N1CCN(c2ncc(Br)cn2)CC1']",[]
