,obj_values ['yield'],Vendi_score,eval_samples,cut_samples
0,"[22.0, 0.0, 7.1]",1.4259466937914866,"['O=C1CCC(Oc2cccc(Br)c2)CC1', 'Brc1ccc(CN2CCOCC2)cc1', 'N#Cc1cc2cc(Br)ccc2s1']",[]
1,"[43.5, 15.2, 0.0]",2.695744945023869,"['Brc1ccc2[nH]ccc2n1', 'Brc1ncc[nH]1', 'Oc1ccc2cccnc2c1Br']",[]
2,"[20.4, 0.0, 0.0]",3.576383512020278,"['Brc1ncccn1', 'Brc1nncs1', 'CC(C)(C)OC(=O)N1CCC(Nc2ccc(Br)cc2)CC1']",[]
3,"[0.0, 4.0, 0.3]",3.982725035734316,"['CCOc1ccc(F)c(B(O)O)c1Br', 'CC(C)(C)OC(=O)N1C[C@H](F)C[C@H]1c1nc(Br)c[nH]1', 'COc1ccc(COc2cccc(Br)n2)cc1']",[]
4,"[15.7, 0.3, 0.0]",4.2041315380989435,"['Brc1cnc2nncn2c1', 'Cc1ccc(S(=O)(=O)n2cc(Br)c3ccccc32)cc1', 'FC(F)(F)c1cnc2cc(Br)ncc2n1']",[]
5,"[3.0, 66.7, 0.0]",4.53052469061341,"['OB(O)c1ccc(Br)s1', 'Fc1ccc(Br)cc1', 'OCc1coc(Br)n1']",[]
6,"[0.0, 0.0, 81.1]",4.670049285786945,"['CC(C)(C)OC(=O)N1CCN(Cc2ccc(Br)cc2)CC1', 'COc1nccc(N)c1Br', 'Brc1cnc2ncccn12']",[]
7,"[0.0, 21.0, 44.7]",4.652219395503046,"['O=S(=O)(Nc1ccccc1Br)C(F)(F)F', 'Cn1cnc(Br)c1', 'Brc1ncccc1OC1CCCCO1']",[]
8,"[0.6, 30.6, 15.5]",4.616427097798117,"['Brc1cc2ncncc2s1', 'N#Cc1cc(Br)cs1', 'Cn1cc(Br)nn1']",[]
