,obj_values ['yield'],Vendi_score,eval_samples,cut_samples
0,"[43.8, 34.1, 0.0]",1.246607827037271,"['CC(C)(C#N)c1ccc(Br)cn1', 'Cc1cc(Br)cnc1C', 'Brc1ccc(N2CCOCC2)nc1']",[]
1,"[0.0, 0.0, 15.2]",2.578317554008499,"['Brc1nncs1', 'CCOc1ccc(F)c(B(O)O)c1Br', 'Brc1ncc[nH]1']",[]
2,"[20.4, 0.3, 0.3]",3.5347506581012884,"['Brc1ncccn1', 'COc1ccc(COc2cccc(Br)n2)cc1', 'Cc1ccc(S(=O)(=O)n2cc(Br)c3ccccc32)cc1']",[]
3,"[18.6, 0.0, 0.3]",3.801926243617915,"['CC(C)(C)OC(=O)N1CCCC1c1nc(Br)c[nH]1', 'COc1nccc(N)c1Br', 'Nc1cc(Br)ccn1']",[]
4,"[0.0, 0.0, 3.0]",3.979011965550278,"['Brc1cccc(N2CCCC2)c1', 'CC(C)(C)OC(=O)N1CCN(Cc2ccc(Br)cc2)CC1', 'OB(O)c1ccc(Br)s1']",[]
5,"[0.6, 17.2, 0.0]",4.2756114723513114,"['Nc1ncnn2c(Br)ccc12', 'FC(F)(F)c1ncc(Br)cn1', 'OCc1coc(Br)n1']",[]
6,"[0.0, 15.7, 0.0]",4.325355938139827,"['Brc1ccccc1N1CCNCC1', 'Brc1cnc2nncn2c1', 'Brc1ncn[nH]1']",[]
7,"[18.3, 0.0, 43.5]",4.457040865289757,"['Cc1ccc2ccc(Br)nc2n1', 'FC(F)(F)c1cnc2nc(Br)ccc2c1', 'Brc1ccc2[nH]ccc2n1']",[]
8,"[0.0, 0.0, 0.0]",4.526928119717824,"['CC(C)(C)OC(=O)N1CCC(Nc2ccc(Br)cc2)CC1', 'FC(F)(F)c1cnc2cc(Br)ncc2n1', 'O=S(=O)(Nc1ccccc1Br)C(F)(F)F']",[]
