,obj_values ['rate'],Vendi_score,eval_samples,cut_samples
0,"[2.9451064617513167, 1.8532881425733927]",1.4395240965415836,"['OC1=C(Cl)C=C(Br)C(I)=C1', 'COC1=CC=C(OC)C(I)=C1']",[]
1,"[1.6666498365934002, 2.4073654824538173]",1.6954101872991556,"['CC(=O)C1=CC=C(I)C(Br)=C1', 'BrC1=C(I)C=CC(=C1)C#N']","['CCOC1=C(I)C=CC=C1', 'COC1=C(I)C=C(Br)C=C1F', 'FC(F)OC1=CC=CC=C1I', 'FC1=CC(I)=C(NC(=O)CCl)C=C1', 'NC1=C(I)C=C(Br)C=C1F', 'NC1=CC(Br)=C(Cl)C=C1I', 'CC1=CC(Cl)=CC(I)=C1N', 'COC1=CC(CO)=CC(I)=C1O', 'OC(=O)COC1=C(I)C=C(Cl)C=C1', 'NC1=CC=CC(I)=C1Br', 'NC1=C(I)C=C(C=C1F)C(F)(F)F', 'NC1=C(I)C=C(OC(F)(F)F)C=C1', 'CCOC(=O)C1=CC(I)=C(OC)C=C1', 'CC1=C(Br)C=CC(I)=C1Cl', 'CC1=CC(Cl)=C(I)C=C1C', 'COC1=C(I)C=C(C=C1)C(O)=O', 'NC(=O)C1=CC(O)=C(I)C=C1', 'COC1=C(I)C=C(O)C=C1', 'COC(=O)CCC1=CC(I)=C(O)C=C1', 'COC1=C(I)C=C(N)C=C1I', 'COC1=CC(I)=C(Cl)C=C1', 'COC(=O)C1=C(I)C=CC=C1OC', 'COC1=CC(I)=C(F)C=C1Cl', 'OCC1=CC(I)=C(Br)C=C1', 'NC1=C(C=C(I)C=C1)C(F)(F)F', 'NC1=CC(I)=C(Br)C=C1', 'COC1=CC(I)=C(F)C=C1', 'NC1=CC=C(C=C1I)C(F)(F)F', 'COC1=CC=CC(I)=C1OC', 'OC1=C(O)C(I)=CC=C1', 'SC1=CC(Cl)=CC=C1I', 'COC1=C(I)C=CC(=C1)C(C)C', 'OC1=C(Cl)C=C(Br)C=C1I', 'CC1=CC=C(Br)C(I)=C1', 'NC1=C(OC(F)(F)F)C=C(I)C=C1', 'CCOC(=O)COC1=CC=CC=C1I', 'OC1=CC=C(OC(F)(F)F)C=C1I', 'OC1=CC(F)=C(Cl)C=C1I', 'COCOC1=C(I)C=CC=C1F', 'COC1=CC(I)=C(Br)C=C1', 'COC1=C(Br)C=C(N)C(I)=C1', 'BrC1=CC=CC=C1I', 'IC1=CC=CC=C1N=C=O', 'CC1=CC(I)=C(O)C=C1Cl', 'CC1=CC(I)=C(Br)C=C1F', 'NC1=CC(I)=C(F)C=C1Cl', 'COC1=CC=C(C=C1I)C(F)(F)F', 'COC1=C(F)C=CC=C1I', 'COC1=C(NCC(O)=O)C=C(I)C(Cl)=C1', 'OC1=CC(I)=C(Br)C=C1', 'COC1=CC=CC(I)=C1Br', 'COC1=CC=C(I)C(C(O)=O)=C1F']"
2,"[1.5425488792143491, 1.8901455151623148]",1.8030377167972658,"['CC1=CC=C(I)C(C(O)=O)=C1F', 'FC(F)(F)C1=CC=C(Br)C=C1I']","['COC(=O)C1=C(OC)C=C(I)C(Cl)=C1', 'BrC1=CC(I)=C(I)C=C1', 'CC(=O)C1=CC(I)=C(Br)C=C1', 'COC1=C(C=C(Cl)C(I)=C1)C(O)=O', 'ClC1=C(Cl)C(I)=CC=C1', 'COC(=O)C1=C(Br)C(I)=CC=C1', 'OC(=O)C1=CC=CC(I)=C1Cl', 'CC(C)(C)C1=CC=C(I)C(Br)=C1', 'OC(=O)C1=C(I)C=CC(F)=C1Cl', 'COC(=O)C1=C(I)C=CC=C1Cl', 'BrC1=C(C=CC=C1I)C#N', 'ClC1=CC(Cl)=C(I)C=C1', 'COC(=O)C1=C(F)C(Br)=CC=C1I', 'ClC1=CC(Cl)=C(I)C=C1Cl', 'ClC1=CC=CC=C1I', 'COC(=O)C1=CC(I)=C(Cl)C=C1C', 'ClC1=C(I)C=CC(=C1)C#N', 'BrC1=C(I)C=C(C=C1)C#N', 'FC(F)(F)OC1=CC(Br)=C(I)C=C1', 'COC1=C(Cl)C(I)=CC(I)=C1Cl', 'BrC1=C(I)C=CC(C=O)=C1', 'COC(=O)C1=C(F)C(F)=C(Br)C(I)=C1', 'OC(=O)C1=C(F)C=C(I)C(Br)=C1', 'ClCC1=CC(Br)=CC=C1I', 'FC(F)(F)C1=CC(I)=C(Br)C=C1', 'OC(=O)C1=C(F)C=C(Br)C(I)=C1', 'ClC1=CC(I)=C(Cl)C=C1', 'COC(=O)C1=CC(I)=C(Br)C=C1', 'ClC1=C(I)C=C(C=O)C=C1', 'OC(=O)C1=CC(I)=C(Br)C=C1', 'COC(=O)C1=C(Cl)C=C(Cl)C(I)=C1', 'BrC1=C(I)C=C(C=O)C=C1', 'CC1=C(Br)C=C(I)C(Br)=C1', 'COC(=O)C1=C(F)C=C(I)C(Br)=C1', 'FC1=CC(I)=C(Cl)C=C1', 'OC(=O)C1=C(I)C=CC(Br)=C1F', 'ClC1=C(I)C=C(C=C1)C#N', 'BrC1=C(I)C(=CC=C1)C#N', 'COC(=O)C1=CC(I)=C(Cl)C=C1', 'OC(=O)C1=CC=C(Cl)C(I)=C1', 'IC1=C(C=CC=C1)N=C=S', 'FC(F)(F)OC1=C(I)C=C(Br)C=C1', 'BrC1=C(C=O)C=CC=C1I', 'FC1=CC(Cl)=C(I)C=C1', 'OC(=O)C1=C(I)C=CC=C1Cl', 'FC(F)(F)C1=CC=C(I)C(Br)=C1', 'NC(=O)C1=C(I)C=CC(Br)=C1F', 'CC1=C(C=C(I)C(Br)=C1)C(O)=O', 'OC(=O)C1=C(Br)C=CC=C1I']"
3,"[1.6214499046289743, 1.5982512774005724]",1.9958091481544449,"['BrC1=CC(I)=C(Br)C=C1I', 'FC1=C(F)C=C(I)C(I)=C1']","['ClC1=CC(I)=CC=C1Br', 'CNC(=O)C1=CC=CC=C1I', 'FC1=CC=CC(I)=C1CBr', 'CC1=C(I)C=C(F)C(Br)=C1', 'ClC1=C(Br)C=C(I)C=C1', 'FC(F)C1=C(Br)C=CC(I)=C1', 'NC(=O)C1=C(Br)C=C(I)C=C1', 'ClC1=CC(I)=CC(Cl)=C1Br', 'FC(F)(F)OC1=CC=CC=C1I', 'CC1=CC=C(I)C=C1Br', 'COC(=O)C1=CC(I)=C(OC(F)F)C=C1', 'CCOC(=O)C1=C(I)C=CC=C1F', 'ClC1=CC=C(I)C=C1CBr', 'CC1=C(Cl)C=C(I)C=C1Cl', 'FC(F)(F)C1=C(Br)C=CC(I)=C1', 'OC(=O)CC1=C(I)C=C(Cl)C=C1', 'IC1=CC=CC=C1[N+]#[C-]', 'ClC1=C(CBr)C=CC(I)=C1', 'BrC1=C(CC#N)C=C(I)C=C1', 'OCC1=C(Cl)C=CC=C1I', 'CC1=C(I)C=C(Br)C=C1', 'OC(=O)CC1=CC=C(Br)C=C1I', 'ClC1=C(Cl)C=C(I)C=C1', 'CC1=C(I)C=C(C=C1)C(F)(F)F', 'FC(F)(F)C1=CC=C(I)C(CBr)=C1', 'OS(=O)(=O)C1=CC=CC(I)=C1', 'OCC1=C(Cl)C=C(I)C=C1Cl', 'CCNC(=O)C1=CC(Br)=CC=C1I', 'FC(F)(F)OC1=C(Cl)C=C(I)C=C1', 'FC(F)(F)C1=C(Cl)C=CC(I)=C1', 'CC1=C(I)C=C(C=C1)C#N', 'FC1=C(Cl)C=C(I)C=C1Cl', 'COC1=C(C(O)=O)C(I)=CC=C1', 'COC(=O)C1=C(I)C=CC=C1F', 'COC(=O)C1=C(I)C=C(Br)C=C1C', 'CON(C)C(=O)C1=C(I)C=CC(Br)=C1', 'OC(=O)C1=C(I)C=CC=C1F', 'CCCNC(=O)C1=CC=CC=C1I', 'OCC1=C(I)C=C(C=C1)C(F)(F)F', 'ClCC1=CC(I)=C(CCl)C=C1', 'OS(=O)(=O)C1=C(I)C=CC=C1', 'FC(F)C1=CC(Br)=CC(I)=C1', 'CC1=C(Br)C(F)=CC(I)=C1', 'NS(=O)(=O)C1=CC=CC=C1I', 'COC1=C(I)C=C(C=C1I)C(F)(F)F', 'CC1=CC(Br)=CC(I)=C1', 'CC1=C(Cl)C=C(I)C=C1']"
4,"[1.5656259984479897, 1.3089319393787477]",2.120302562292546,"['COC1=CC(=C(I)C=C1)S(F)(=O)=O', 'COC1=C(I)C(Cl)=C(Cl)C=C1']","['CS(=O)(=O)NC1=CC=CC=C1I', 'OCC1=CC(Br)=CC(I)=C1', 'IC1=CC(I)=CC=C1', 'OC1=C(Cl)C=C(I)C=C1I', 'CCOC(=O)C1=C(I)C=CC(C)=C1', 'COC(=O)C1=C(F)C=C(Cl)C(I)=C1', 'COC(=O)C1=C(I)C=CC(C)=C1', 'FC(F)C(F)(F)OC1=CC=C(I)C=C1', 'OC1=CC=C(I)C=C1C(F)(F)F', 'COS(=O)(=O)C1=CC=CC=C1I', 'CCOC(=O)C1=CC=CC=C1I', 'FC1=C(Cl)C=C(Br)C=C1I', 'FC(F)(F)C1=CC=C(I)C=C1Br', 'OB(O)C1=CC(Br)=CC(I)=C1', 'CC1=C(Cl)C=C(I)C(O)=C1I', 'FC1=CC(I)=CC(F)=C1Br', 'CS(=O)(=O)NC1=CC=C(I)C=C1F', 'CC1=C(C=C(I)C(Cl)=C1)C(O)=O', 'FC(F)(F)OC1=CC=C(I)C=C1Br', 'CC1=CC(I)=CC(I)=C1', 'FC1=C(I)C=C(Br)C=C1', 'CC(=O)NC1=C(Cl)C=C(I)C=C1', 'OC(=O)C1=C(Cl)C=C(I)C=C1Cl', 'OC1=C(Br)C=C(I)C=C1', 'COC(=O)C1=CC(I)=C(O)C(I)=C1', 'OC(=O)C1=CC(I)=C(I)C=C1', 'BrC1=CC=CC(I)=C1', 'FC1=CC(I)=C(C=C1)C#N', 'CC1=C(F)C=C(F)C=C1I', 'ClC1=CC=C(I)C=C1I', 'COC1=C(Cl)C=CC(I)=C1', 'FC(F)(F)C1=CC(Br)=CC(I)=C1', 'FC(F)(F)C1=CC(I)=CC=C1I', 'NCC1=C(I)C=CC(Br)=C1', 'SC1=CC=C(I)C=C1Cl', 'ClC1=CC(Br)=CC(I)=C1', 'OC(=O)C1=CC(I)=CC(I)=C1', 'COC1=C(F)C=C(I)C=C1F', 'COC(=O)C1=C(C)C(Cl)=CC(I)=C1', 'COC(=O)C1=C(Br)C=C(I)C=C1', 'BrCC1=CC=C(Br)C=C1I', 'CC(C)C1=CC(I)=CC(Br)=C1', 'FC(F)(F)C1=CC(Cl)=CC(I)=C1', 'COC(=O)C1=C(Cl)C=C(I)C=C1']"
5,"[1.860670760369815, 1.9710629533713049]",2.301208421197173,"['OC1=CC(I)=CC(O)=C1', 'NC1=CC(I)=CC(F)=C1']","['CS(=O)(=O)NC1=CC=C(I)C=C1', 'FC1=CC(I)=CC=C1CBr', 'NS(=O)(=O)C1=CC=CC(I)=C1', 'FC(F)OC1=CC=C(I)C=C1', 'COC1=CC(=CC(I)=C1)C(F)(F)F', 'BrC1=C(I)C=CC=C1N(=O)=O', 'OC(=O)C1=C(Br)C=CC(I)=C1F', 'IC1=CC(=CC(I)=C1)C#N', 'FC1=C(I)C=CC=C1Cl', 'COC1=C(C=O)C=C(Br)C=C1I', 'CS(=O)(=O)C1=CC=CC(I)=C1', 'CC1=C(I)C=C(CBr)C=C1', 'OC1=C(I)C=C(C=C1I)C(F)(F)F', 'OC1=C(I)C=C(I)C=C1', 'CC1=CC(Cl)=CC(I)=C1', 'COC1=CC(Br)=CC(I)=C1', 'FC1=C(I)C=CC(CBr)=C1', 'CC(=O)NC1=C(OC(F)(F)F)C=C(I)C=C1', 'CC(=O)NC1=C(C=C(I)C=C1)C(F)(F)F', 'CCOC(=O)C1=C(Cl)C=C(I)C=C1', 'CS(=O)(=O)NC1=CC(=C(C=C1I)C#N)C(F)(F)F', 'CC1=CC=CC(Br)=C1I', 'COC1=C(I)C=C(C=C1I)C#N', 'COC1=CC(I)=C(I)C=C1OC', 'CC1=C(I)C=CC(Cl)=C1', 'CS(=O)(=O)NC1=CC(I)=CC=C1', 'OC1=CC(Br)=CC(I)=C1', 'OC1=C(F)C=C(I)C=C1I', 'COC1=C(F)C=CC(I)=C1', 'FC(F)(F)C(=O)NC1=CC(I)=CC=C1', 'FC(F)OC1=CC(I)=CC=C1', 'OC1=C(Cl)C=CC(I)=C1', 'COC(=O)C1=C(I)C=C(OC)C(OC)=C1', 'COC(=O)C1=C(I)C=CC(O)=C1', 'FC1=C(I)C=CC=C1Br', 'COC1=C(Br)C=CC(I)=C1', 'BrC1=C(C(I)=CC=C1)N(=O)=O', 'FC1=C(I)C=CC(Br)=C1Cl', 'ClC1=CC(I)=CC(Cl)=C1', 'FC(F)(F)C(=O)NC1=CC=C(I)C=C1', 'COC(=O)C1=C(OC)C=C(Cl)C(I)=C1', 'FC(F)(F)OC1=CC(Br)=CC(I)=C1']"
6,"[3.7260913716977924, 1.7851831182301456]",2.37144940343386,"['FC1=CC(I)=CC(Br)=C1', 'BrCC1=CC=C(I)C=C1Br']","['IC1=CC=C(C=C)C=C1', 'OC(=O)COC1=CC=CC(I)=C1', 'IC1=CC(OC2=CC=CC=C2)=CC=C1', 'IC1=CC=C(C=C1)C#C', 'OC1=C(F)C=CC(I)=C1', 'NC1=CC(Cl)=CC(I)=C1', 'ClCC(=O)NC1=CC(I)=CC=C1', 'CC1=CC=C(I)C=C1F', 'OC(=O)COC1=CC=C(I)C=C1', 'CCOC1=CC=CC(I)=C1', 'FC(F)C1=CC(I)=CC=C1', 'FC1=CC=C(OC2=CC=CC(I)=C2)C=C1', 'COC1=CC(Cl)=CC(I)=C1', 'IC1=CC=CC(=C1)N=C=O', 'CC(=O)OC1=CC=CC(I)=C1', 'OC1=C(F)C=C(I)C=C1F', 'IC1=CC=C(C=C1)N1C=CC=N1', 'OCC1=CC(I)=CC(Cl)=C1', 'OCC1=CC=C(I)C=C1O', 'COC1=CC=C(C#N)C(I)=C1', 'CC1=C(O)C=C(I)C=C1', 'CC(=O)OC1=CC=C(I)C=C1', 'IC1=CC=CC(OCC#C)=C1', 'CC1=C(Br)C=CC(I)=C1', 'IC1=CC=CC(=C1)C1=CC=CC=C1', 'NC(=O)NC1=CC(I)=CC=C1', 'CC1=CC(I)=CC(F)=C1', 'COCCOC1=CC(I)=CC=C1', 'COC1=C(F)C=C(I)C=C1', 'NC1=C(F)C=CC(I)=C1', 'CC1=CC(I)=CC=C1Cl', 'CSC1=CC=C(I)C=C1', 'COC1=CC(F)=CC(I)=C1', 'FC1=CC(I)=CC=C1CC#N', 'IC1=CC=CC(C=C)=C1', 'COC1=CC(I)=CC=C1CO', 'IC1=CC=C(OCC#N)C=C1', 'FC1=C2C=CC=CC2=CC(I)=C1', 'COC1=CC(I)=CC=C1I', 'CC(=C)C1=CC=C(I)C=C1']"
7,"[1.637920522992149, 1.6139120615618865]",2.5063599142475437,"['OC(=O)C1=C(I)C=C(I)C=C1I', 'BrC1=C(Br)C=C(I)C(I)=C1']","['BrC1=CC(I)=CC(Br)=C1', 'OC1=C(F)C=C(I)C=C1', 'CC(=O)SCC1=CC(I)=CC=C1', 'BrC1=CC=C(I)C=C1', 'NNS(=O)(=O)C1=CC=C(I)C=C1', 'OC(=O)C1(CC1)C1=CC=C(I)C=C1', 'OCC1=CC(I)=CC(I)=C1', 'OC(=O)CC1=CC=CC(I)=C1', 'NNC(=O)C1=CC=C(I)C=C1', 'BrC1=CC(I)=CC(I)=C1', 'IC1=CC=C(C=C1)N1C=NN=N1', 'ClCC(=O)NC1=CC=C(I)C=C1', 'BrCC1=C(Br)C=CC(I)=C1', 'COC(=O)C1=CC=C(I)C=C1C', 'FC1=CC(I)=CC=C1C(F)(F)F', 'COC1=C(Br)C=C(I)C=C1Br', 'FC(F)(F)OC1=CC=C(I)C=C1', 'NS(=O)(=O)C1=CC=C(I)C=C1', 'FC(F)C1=CC=C(I)C=C1', 'FC1=CC(I)=CC=C1', 'FS(F)(F)(F)(F)C1=CC=C(I)C=C1', 'BrCC1=CC=C(I)C=C1', 'IC1=CC=C(C=C1)N=C=O', 'BrC1=CC=C(C=C1)C1=CC=CC(I)=C1', 'IC1=CC=C(CN2C=CN=C2)C=C1', 'COC(=O)CC1=CC=CC(I)=C1', 'CN(C)C(=O)C1=CC(I)=CC=C1', 'CC(C)(C)C1=CC(I)=CC(Br)=C1', 'FC1=CC(=CC(I)=C1)C(F)(F)F', 'OCC1=CC(I)=CC(F)=C1', 'NC1=C(Cl)C=C(I)C=C1Cl', 'NC(=O)CC1=CC=C(I)C=C1', 'CC1=CC(I)=CC(C)=C1Br', 'IC1=CC(CC#N)=CC=C1', 'OC(=O)CC1=CC=C(I)C=C1', 'ClC1=CC=C(I)C=C1', 'OS(=O)(=O)C1=CC=C(I)C=C1']"
8,"[2.108266379961024, 3.8473120184418352]",2.6229532137849647,"['FC1=CC(F)=C(F)C=C1I', 'CC1=CC=CC(I)=C1']","['CNC(=O)C1=CC=CC(I)=C1', 'CN(C)C1=C(Br)C=C(I)C=C1', 'CCOC(=O)CC1=CC(I)=CC=C1', 'CCNS(=O)(=O)C1=CC=C(I)C=C1', 'IC1=CC=CC(=C1)C(=O)N1CCCC1', 'IC1=CC=CC(=C1)C(=O)N1CCOCC1', 'NC1=CC(I)=CC(I)=C1', 'OC(=O)CCC1=CC(I)=CC=C1', 'FC1=CC(I)=CC(F)=C1', 'IC1=CC=C(C=C1)C1(CC1)C#N', 'COC(=O)COC1=CC=C(I)C=C1', 'CC(=O)C1=C(Br)C=CC(I)=C1', 'CC1=C(C=CC(I)=C1)C#N', 'CS(=O)(=O)C1=CC=C(I)C=C1', 'OC(=O)C1=CC=C(I)C=C1', 'CC(C)(C)OC(=O)C1=C(Br)C=C(I)C=C1', 'CC1=C(N=NN1C1=CC=C(I)C=C1)C(O)=O', 'FC(F)(F)C(F)(C1=CC=C(I)C=C1)C(F)(F)F', 'CNS(=O)(=O)C1=CC=C(I)C=C1', 'CN(C)S(=O)(=O)C1=CC=C(I)C=C1', 'OB(O)C1=CC=C(I)C=C1', 'CCOC(=O)C1=CC=C(I)C=C1F', 'NCCC1=CC=C(I)C=C1', 'CC(Br)C(=O)N(C)C1=CC=C(I)C=C1', 'OC(=O)C1=C(Br)C=C(I)C=C1', 'CC1=C(C=C(I)C=C1Cl)C(O)=O', 'IC1=CC=C(CC#C)C=C1', 'COC(=O)C1=CC(I)=CC=C1Br', 'IC1=CC=C(C=C1)N1C=CC=C1', 'IC1=CC=C(OC2=CC=C(C=C2)C#N)C=C1', 'IC1=CC=C(C=C1)C1=CC=CC=C1', 'OCCC1=CC=C(I)C=C1', 'C[C@H](O)C1=CC=C(I)C=C1', 'IC1=CC=C(C=C1)N1CCC(=O)NC1=O', 'CON(C)C(=O)C1=CC=C(I)C=C1', 'BrC1=CC=CC(=C1)C1=CC=C(I)C=C1']"
9,"[2.4413183653343107, 1.5893851535598733]",2.6746754033295304,"['NC(=O)C1=CC(I)=CC=C1', 'OCC1=CC=CC=C1I']","['ClC1=CC=C(C=C1)C1=CC=C(I)C=C1', 'CC1=C(O)C=CC(I)=C1', 'CC1=C(F)C=CC=C1I', 'IC1=CC=C(C=C1)C(=O)N1CCOCC1', 'CC(C)C1=CC=C(I)C=C1', 'OC(=O)CCCC1=CC=C(I)C=C1', 'IC1=CC(CC2=CC=CC=C2)=CC=C1', 'CCCCC1=CC=C(I)C=C1', 'CC1=CC(I)=C(F)C=C1Cl', 'OC(C1=CC=CC=C1)C1=CC(I)=CC=C1', 'FC1=C(Br)C=CC(I)=C1F', 'IC1=CC=C(C=C1)C(=O)N1CCCC1', 'OC1=C(I)C=C(Cl)C=C1I', 'CC(C)CC1=CC=C(I)C=C1', 'COC1=C(O)C=CC(I)=C1', 'CCOC1=CC=C(I)C=C1', 'ClC1=CC=C(OC2=CC=C(I)C=C2)C=C1Cl', 'ONC(=O)C1=CC(I)=CC=C1', 'CC(C)(C)C1=CC=C(I)C=C1', 'CC(O)C1=CC=C(I)C=C1', 'CCCNC(=O)C1=CC=CC(I)=C1', 'OB(O)C1=C(F)C(F)=C(I)C=C1', 'NC(CC1=CC=CC(I)=C1)C(O)=O', 'OCC1=C(O)C=CC(I)=C1', 'COC(=O)C1=CC(I)=C(O)C=C1', 'COC(=O)CCC1=CC=C(I)C=C1', 'CC(C)C1=CC=CC(I)=C1', 'CC1=CC(Br)=C(C)C=C1I', 'CC(N)C1=CC=C(I)C=C1', 'IC1=CC=CC(CNC2CC2)=C1', 'FC1=CC(I)=C(F)C=C1', 'NC1(CC1)C1=CC=C(I)C=C1', 'NCCOC1=CC=C(I)C=C1', 'COC1=C(C)C=C(I)C=C1']"
