,obj_values ['rate'],Vendi_score,eval_samples,cut_samples
0,"[2.1071454731126193, 1.8198328243924435]",1.4360483704224762,"['ClC1=CC(Cl)=C(I)C=C1Cl', 'OC(=O)CCCOC1=CC=C(I)C=C1']",[]
1,"[2.844321048968423, 1.3156617643002328]",1.5406698186507075,"['BrC1=C(I)C=C(C=C1)C#N', 'BrC1=C(C=CC=C1I)C#N']","['COC(=O)CCC1=CC=C(I)C=C1', 'CS(=O)(=O)NC1=CC=C(I)C=C1', 'COC1=C(F)C=C(I)C=C1', 'OC[C@H]1CN(C(=O)O1)C1=CC=C(I)C=C1', 'ClC1=CC=C(OC2=CC=C(I)C=C2)C=C1', 'FC(F)OC1=CC=C(I)C=C1', 'IC1=CC=C(C=C1)C1=CC=CC=C1', 'OC(=O)COC1=CC=C(I)C=C1', 'OC(=O)CCCCC1=CC=C(I)C=C1', 'CC(C)OC1=CC=C(I)C=C1', 'FC(F)(F)C(=O)NC1=CC=C(I)C=C1', 'CC1=C(Br)C=CC(I)=C1Cl', 'CC(=O)NC1=C(C=C(I)C=C1)C(F)(F)F', 'IC1=CC=C(C=C1)N1CCC(=O)NC1=O', 'IC1=CC=C(C=C1)N1C=CC=N1', 'ClC1=CC=C(COC2=CC=C(I)C=C2)C=C1', 'CCCCC1=CC=C(I)C=C1', 'CS(=O)(=O)NC1=CC=C(I)C=C1F', 'SC1=CC(Cl)=CC=C1I', 'ClC1=CC(Cl)=C(I)C=C1', 'ClC1=CC(I)=C(Cl)C=C1', 'OC1=CC=C(OC2=CC=C(I)C=C2)C=C1', 'OC1=CC=C(I)C=C1C(F)(F)F', 'ClC1=CC=C(OC2=CC=C(I)C=C2)C=C1Cl', 'CC(C)CC1=CC=C(I)C=C1', 'IC1=CC=C(OCC2CC2)C=C1', 'CC(=O)NC1=C(Cl)C=C(I)C=C1', 'CCOC1=CC=C(I)C=C1', 'CC(C)(C)C1=CC=C(I)C=C1', 'NCCOC1=CC=C(I)C=C1', 'COC(=O)C1=CC(I)=C(Cl)C=C1C', 'IC1=CC=CC(=C1)C1=CC=CC=C1', 'CC(C)(C)OC(=O)NC1=CC=C(I)C=C1F', 'ClCC(=O)NC1=CC=C(I)C=C1', 'FC1=CC(Cl)=C(I)C=C1', 'FC1=CC(I)=C(Cl)C=C1', 'COC(=O)C1=CC(I)=C(Cl)C=C1', 'CCCCOC1=CC=C(I)C=C1', 'CC(=O)NC1=C(OC(F)(F)F)C=C(I)C=C1', 'OC(=O)CCCC1=CC=C(I)C=C1', 'COC(=O)COC1=CC=C(I)C=C1', 'OC(=O)C1=C(I)C=CC(F)=C1Cl', 'IC1=CC=C(OCC#N)C=C1', 'FC(F)C(F)(F)OC1=CC=C(I)C=C1', 'CC(=O)CC(=O)NC1=CC=C(I)C=C1', 'CC1=CC(Cl)=C(I)C=C1C', 'IC1=CC=C(CN2C=CN=C2)C=C1', 'CC(C)(C)OC(=O)NC1=CC=C(I)C=C1', 'NC(=O)C1=CN=C(OC2=CC=C(I)C=C2)C=C1', 'CC(=O)OC1=CC=C(I)C=C1', 'CCCCCC1=CC=C(I)C=C1', 'IC1=CC=C(OC2=CC=C(C=C2)C#N)C=C1']"
2,"[1.426167698675516, 1.734048543331484]",1.6536687113037554,"['CCOC(=O)C1=CC(I)=C(OC)C=C1', 'OC(=O)COC1=C(I)C=C(Cl)C=C1']","['NC(=O)C1=C(I)C=CC(Br)=C1F', 'CC1=CC(I)=C(Br)C=C1F', 'BrC1=C(I)C(=CC=C1)C#N', 'OCC1=CC(I)=C(Br)C=C1', 'CC1=CC=C(I)C(C(O)=O)=C1F', 'FC(F)(F)C1=CC=C(I)C(Br)=C1', 'BrC1=C(I)C=CC(=C1)C#N', 'OS(=O)(=O)C1=C(I)C=CC=C1', 'OC(=O)C1=CC=CC(I)=C1Cl', 'CC(C)(C)C1=CC=C(I)C(Br)=C1', 'ClC1=CC=CC=C1I', 'COC(=O)C1=C(F)C(Br)=CC=C1I', 'IC1=C(C=CC=C1)N=C=S', 'CC1=CC=C(I)C=C1Br', 'COC1=CC(I)=C(Cl)C=C1', 'FC(F)C1=C(Br)C=CC(I)=C1', 'OC(=O)C1=C(I)C=CC=C1Cl', 'FC(F)(F)OC1=CC(Br)=C(I)C=C1', 'ClC1=C(Cl)C(I)=CC=C1', 'ClC1=C(I)C=CC(=C1)C#N', 'OC1=C(Cl)C=C(Br)C(I)=C1', 'FC(F)(F)C1=C(Cl)C=CC(I)=C1', 'OC(=O)C1=C(Br)C=CC=C1I', 'FC(F)(F)C1=C(Br)C=CC(I)=C1', 'NS(=O)(=O)C1=CC=CC=C1I', 'COC(=O)C1=C(Br)C(I)=CC=C1', 'OC(=O)C1=CC(I)=C(Br)C=C1', 'BrC1=CC=CC=C1I', 'COC1=C(Cl)C(I)=CC(I)=C1Cl', 'COC(=O)C1=C(F)C=C(I)C(Br)=C1', 'COC(=O)C1=C(I)C=CC=C1Cl', 'FC(F)(F)C1=CC(I)=C(Br)C=C1', 'COC1=CC=C(I)C(C(O)=O)=C1F', 'COC(=O)C1=CC(I)=C(OC(F)F)C=C1', 'CC1=C(Br)C=C(I)C(Br)=C1', 'CC1=CC=C(Br)C(I)=C1', 'IC1=CC=CC=C1N=C=O', 'ClC1=C(I)C=C(C=C1)C#N', 'OC(=O)C1=CC=C(Cl)C(I)=C1', 'OC1=CC(I)=C(Br)C=C1', 'BrC1=C(CC#N)C=C(I)C=C1', 'FC(F)(F)OC1=C(I)C=C(Br)C=C1', 'COC1=CC=CC(I)=C1Br', 'COC1=CC(I)=C(Br)C=C1', 'CC1=C(C=C(I)C(Br)=C1)C(O)=O', 'FC(F)(F)OC1=CC=CC=C1I', 'COC(=O)C1=CC(I)=C(Br)C=C1', 'OC(=O)C1=CC(I)=C(I)C=C1', 'COC(=O)C1=C(F)C(F)=C(Br)C(I)=C1']"
3,"[1.8703582717404925, 3.7260913716977924]",1.7907849735503076,"['ClC1=CC(Br)=CC(I)=C1', 'FC1=CC(I)=CC(Br)=C1']","['CCN(CC)C(=O)C1=CC(O)=C(I)C=C1', 'OC1=CC(F)=C(Cl)C=C1I', 'COC1=C(I)C=C(C=C1)C(O)=O', 'COC(=O)C1=CC(I)=C(F)C=C1C', 'COC(=O)C1=C(I)C=CC=C1F', 'CC1=CC(I)=C(F)C=C1Cl', 'COC1=CC(I)=C(F)C=C1Cl', 'FC1=C(I)C=CC(CBr)=C1', 'OC1=C(Cl)C=C(Br)C=C1I', 'COC1=C(I)C=CC(=C1)C(C)C', 'NC1=C(OC(F)(F)F)C=C(I)C=C1', 'COC(=O)CCC1=CC(I)=C(O)C=C1', 'CN(C)C(=O)C1=CC(I)=CC=C1', 'FC(F)(F)C(=O)NC1=CC(I)=CC=C1', 'OC1=CC=C(OC(F)(F)F)C=C1I', 'COC(=O)C1=CC(I)=C(O)C=C1', 'COC(=O)C1=CC(I)=C(O)C(I)=C1', 'FC1=C(I)C=C(Br)C=C1', 'OC(=O)CC1=CC=C(I)C(F)=C1', 'CC1=CC(I)=C(O)C=C1Cl', 'ClCC1=CC(I)=C(CCl)C=C1', 'COC1=C(I)C=C(Br)C=C1F', 'COC(=O)C1=CC(I)=C(OC2=CC=CC=C2)C=C1', 'COCOC1=C(I)C=CC=C1F', 'COC1=C(F)C=C(I)C=C1F', 'CCOC(=O)COC1=CC=CC=C1I', 'COC1=CC=C(C=C1I)C(F)(F)F', 'FC1=C(I)C=CC=C1Br', 'CS(=O)(=O)NC1=CC=CC=C1I', 'COC1=C(F)C=CC=C1I', 'SC1=CC=C(I)C=C1Cl', 'OC1=CC(=CC=C1I)C(=O)N1CCOCC1', 'IC1=CC=CC=C1[N+]#[C-]', 'NC(=O)C1=CC(O)=C(I)C=C1', 'NC1=C(C=C(I)C=C1)C(F)(F)F', 'FC1=CC(I)=C(NC(=O)CCl)C=C1', 'COC(=O)C1=C(I)C=CC=C1OC', 'CCOC1=C(I)C=CC=C1', 'OC1=CC=C(C=C1I)C#N', 'ClCC(=O)NC1=CC=CC=C1I', 'CCOC(=O)C1=C(I)C=CC=C1F', 'FC(F)OC1=CC=CC=C1I', 'CCNC(=O)C1=CC(Br)=CC=C1I', 'CC1=C(Cl)C=C(I)C=C1', 'ClCC1=CC(Br)=CC=C1I', 'NC1=C(I)C=C(C=C1F)C(F)(F)F', 'FC1=C(I)C=CC=C1Cl']"
4,"[2.626504030750194, 2.106560746516958]",1.837414735006379,"['FC1=CC(I)=CC(F)=C1', 'FC1=CC(I)=CC=C1CC#N']","['FC(F)(F)OC1=CC=C(I)C=C1', 'BrCC1=CC=C(I)C=C1', 'FC(F)(F)C1=CC=C(I)C=C1Br', 'FC(F)(F)OC1=C(Cl)C=C(I)C=C1', 'ClC1=C(Cl)C=C(I)C=C1', 'FC(F)OC1=CC(I)=CC=C1', 'OB(O)C1=CC(Br)=CC(I)=C1', 'OCC1=CC(I)=CC(Cl)=C1', 'FC(F)(F)C1=CC(Br)=CC(I)=C1', 'ClC1=CC(I)=CC=C1Br', 'CC1=C(Br)C(F)=CC(I)=C1', 'CC(C)(C)C1=CC(I)=CC(Br)=C1', 'FC(F)C1=CC(Br)=CC(I)=C1', 'FC(F)(F)OC1=CC=C(I)C=C1Br', 'CC(=O)SCC1=CC(I)=CC=C1', 'ClC1=CC(I)=CC(Cl)=C1Br', 'OS(=O)(=O)C1=CC=CC(I)=C1', 'CS(=O)(=O)NC1=CC(I)=CC=C1', 'CC1=CC(Br)=CC(I)=C1', 'CC(=O)OC1=CC=CC(I)=C1', 'ClC1=C(CBr)C=CC(I)=C1', 'ClC1=CC(I)=CC(Cl)=C1', 'OCC1=C(Cl)C=C(I)C=C1Cl', 'OCC1=CC(Br)=CC(I)=C1', 'CC1=CC(Cl)=CC(I)=C1', 'FC(F)(F)OC1=CC(Br)=CC(I)=C1', 'FC1=CC(I)=CC(F)=C1Br', 'FC(F)(F)C1=CC(Cl)=CC(I)=C1', 'FC1=CC(I)=CC=C1CBr', 'ClC1=CC=C(I)C=C1CBr', 'NC(=O)C1=C(Br)C=C(I)C=C1', 'CC1=C(Cl)C=C(I)C=C1Cl', 'CC(C)C1=CC(I)=CC(Br)=C1', 'BrC1=CC=CC(I)=C1', 'FC1=CC(=CC(I)=C1)C(F)(F)F', 'COC1=C(Cl)C=CC(I)=C1', 'CC1=CC(I)=CC(C)=C1Br', 'FC1=C(Cl)C=C(I)C=C1Cl', 'ClC1=C(Br)C=C(I)C=C1', 'CC1=C(I)C=C(F)C(Br)=C1', 'OC1=C(Br)C=C(I)C=C1', 'COC(=O)C1=C(I)C=C(Br)C=C1C', 'CC1=C(Br)C=CC(I)=C1', 'OC(=O)C1=C(Cl)C=C(I)C=C1Cl']"
5,"[2.8096931916501395, 2.4281582406508706]",1.9240672250303494,"['BrC1=CC(I)=CC(I)=C1', 'COC1=C(Br)C=C(I)C=C1Br']","['OCCC1=CC=C(I)C=C1', 'COC1=CC(=CC(I)=C1)C(F)(F)F', 'NS(=O)(=O)C1=CC=CC(I)=C1', 'FC1=CC(I)=CC=C1C(F)(F)F', 'IC1=CC=C(CC#C)C=C1', 'IC1=CC=C(C=C1)C1(CC1)C#N', 'NS(=O)(=O)C1=CC=C(I)C=C1', 'OC(=O)CC1=CC=C(I)C=C1', 'NC(=O)CC1=CC=C(I)C=C1', 'OC1=C(F)C=CC(I)=C1', 'OB(O)C1=CC=C(I)C=C1', 'OCC1=CC(I)=CC(F)=C1', 'IC1=CC(CC#N)=CC=C1', 'FC(F)(F)C(F)(C1=CC=C(I)C=C1)C(F)(F)F', 'CC1=CC(I)=CC=C1Cl', 'OC(=O)CC1=CC=CC(I)=C1', 'NNC(=O)C1=CC=C(I)C=C1', 'FC1=CC(I)=CC=C1', 'CS(=O)(=O)C1=CC=CC(I)=C1', 'COC(=O)C1=C(Cl)C=C(I)C=C1', 'COC(=O)CC1=CC=CC(I)=C1', 'OC(=O)C1=C(I)C=CC=C1F', 'CC1=CC=C(I)C=C1F', 'CCOC(=O)C1=C(Cl)C=C(I)C=C1', 'ClC1=CC=C(I)C=C1', 'OC(=O)C1(CC1)C1=CC=C(I)C=C1', 'NNS(=O)(=O)C1=CC=C(I)C=C1', 'BrC1=CC=C(I)C=C1', 'IC1=CC=CC(=C1)N=C=O', 'IC1=CC=C(C=C1)N1C=NN=N1', 'OC(=O)COC1=CC=CC(I)=C1', 'OC1=C(Cl)C=CC(I)=C1', 'IC1=CC=C(C=C1)N=C=O', 'OS(=O)(=O)C1=CC=C(I)C=C1', 'FC(F)C1=CC=C(I)C=C1', 'FC(F)C1=CC(I)=CC=C1', 'CC1=CC(I)=CC(F)=C1', 'CCOC(=O)CC1=CC(I)=CC=C1', 'FS(F)(F)(F)(F)C1=CC=C(I)C=C1', 'IC1=CC=CC(=C1)C(=O)N1CCCC1', 'OC(=O)CCC1=CC(I)=CC=C1', 'COC1=C(F)C=CC(I)=C1']"
6,"[1.637920522992149, 2.2916484009332447]",2.0560640350483697,"['OC(=O)C1=C(I)C=C(I)C=C1I', 'IC1=CC(I)=CC(I)=C1']","['FC1=CC=C(OC2=CC=CC(I)=C2)C=C1', 'CC(C)NC(=O)CC1=CC=C(I)C=C1', 'CON(C)C(=O)C1=CC=C(I)C=C1', 'CC1=C(N=NN1C1=CC=C(I)C=C1)C(O)=O', 'BrC1=CC(I)=CC(Br)=C1', 'CN(C)S(=O)(=O)C1=CC=C(I)C=C1', 'OC(C1=CC=CC=C1)C1=CC(I)=CC=C1', 'COC1=C(Br)C=CC(I)=C1', 'OC1=CC(Br)=CC(I)=C1', 'CC(N)C1=CC=C(I)C=C1', 'BrCC1=C(Br)C=CC(I)=C1', 'CC1=C(C=CC(I)=C1)C#N', 'CC(C)C1=CC=C(I)C=C1', 'CNS(=O)(=O)C1=CC=C(I)C=C1', 'CCNS(=O)(=O)C1=CC=C(I)C=C1', 'OC(=O)C1=C(I)C=CC(Br)=C1F', 'COC1=CC(Br)=CC(I)=C1', 'CC1=CC(I)=CC(I)=C1', 'IC1=CC=CC(=C1)C(=O)N1CCOCC1', 'IC1=CC=C(C=C1)C(=O)N1CCOCC1', 'OCC1=CC(I)=CC(I)=C1', 'BrCC1=CC=C(I)C=C1Br', 'ClC1=CC=C(I)C=C1I', 'IC1=CC=CC(OCC#C)=C1', 'OC(=O)C1=CC=C(I)C=C1', 'C[C@H](O)C1=CC=C(I)C=C1', 'ClCC(=O)NC1=CC(I)=CC=C1', 'IC1=CC=C(C=C1)C(=O)N1CCCC1', 'BrC1=CC=C(C=C1)C1=CC=CC(I)=C1', 'IC1=CC(CC2=CC=CC=C2)=CC=C1', 'CC(Br)C(=O)N(C)C1=CC=C(I)C=C1', 'OC(=O)C1=CC(I)=CC(I)=C1', 'BrC1=CC=CC(=C1)C1=CC=C(I)C=C1', 'COC(=O)C1=CC=C(I)C=C1C', 'OC1=C(F)C=C(I)C=C1F', 'NC1(CC1)C1=CC=C(I)C=C1', 'IC1=CC=C(C=C1)C#C', 'CC(O)C1=CC=C(I)C=C1', 'IC1=CC(I)=CC=C1', 'CS(=O)(=O)C1=CC=C(I)C=C1']"
7,"[2.0124566189914446, 1.8481425650532493]",2.1260836630652507,"['IC1=CC=C(C=C1)C1=CC=C(I)C=C1', 'OC(=O)C1=C(Br)C=C(I)C=C1']","['CCOC(=O)C1=CC=C(I)C=C1F', 'FC1=CC=CC(I)=C1CBr', 'CC1=C(I)C=C(Br)C=C1', 'CC(=C)C1=CC=C(I)C=C1', 'CNC(=O)C1=CC=CC(I)=C1', 'OC1=C(F)C=C(I)C=C1I', 'OCC1=C(Cl)C=CC=C1I', 'ClC1=CC=C(C=C1)C1=CC=C(I)C=C1', 'NCCC1=CC=C(I)C=C1', 'CC1=C(I)C=C(C=C1)C(F)(F)F', 'FC(F)(F)C1=CC=C(Br)C=C1I', 'IC1=CC=CC(C=C)=C1', 'COC1=CC(Cl)=CC(I)=C1', 'CC1=C(Cl)C=C(I)C(O)=C1I', 'COC1=CC(I)=CC=C1CO', 'IC1=CC(OC2=CC=CC=C2)=CC=C1', 'COC(=O)C1=C(C)C(Cl)=CC(I)=C1', 'O[C@@H]1CCN(C1)S(=O)(=O)C1=CC=C(I)C=C1', 'OC1=C(F)C=C(I)C=C1', 'FC(F)(F)C1=CC(I)=CC=C1I', 'CCCNC(=O)C1=CC=CC(I)=C1', 'COC1=CC(I)=CC=C1I', 'COC(=O)C1=C(Br)C=C(I)C=C1', 'OC1=C(I)C=C(C=C1I)C(F)(F)F', 'OCC1=C(I)C=C(C=C1)C(F)(F)F', 'NC(CC1=CC=CC(I)=C1)C(O)=O', 'OC1=C(Cl)C=C(I)C=C1I', 'IC1=CC(=CC(I)=C1)C#N', 'IC1=CC=C(C=C)C=C1', 'CC1=C(F)C=C(F)C=C1I', 'COC1=C(I)C=C(C=C1I)C(F)(F)F', 'FC1=C2C=CC=CC2=CC(I)=C1', 'CC(C)(C)OC(=O)C1=C(Br)C=C(I)C=C1', 'IC1=CC=CC(CNC2CC2)=C1', 'IC1=CC=C(CC(=O)N[C@H]2CCOC2=O)C=C1', 'CC(C)C1=CC=CC(I)=C1', 'IC1=CC=C(C=C1)N1C=CC=C1']"
8,"[1.6139120615618865, 2.347322754471227]",2.260309461075166,"['BrC1=C(Br)C=C(I)C(I)=C1', 'FC1=CC(I)=C(C=C1)C#N']","['FC1=CC=C(C=C1)C(=O)C1=C(Cl)C=CC(I)=C1', 'NCC1(CCCC1)C1=CC=C(I)C=C1', 'CC(C)NC(=O)C1=CC=CC(I)=C1', 'IC1=CC=CC(OC2=NC=CC=N2)=C1', 'CCOC(=O)C1=C(I)C=CC(C)=C1', 'CNC(=O)C1=CC=CC=C1I', 'COC(=O)C1=CC(I)=CC=C1Br', 'NC1=C(Cl)C=C(I)C=C1Cl', 'CC(=O)C1=C(Br)C=CC(I)=C1', 'OC(=O)C1=CC(Br)=CC(I)=C1', 'IC1=CC=CC(=C1)C(=O)NC1CC1', 'OC(=O)C1=CC(I)=CC=C1Br', 'BrC1=CC(C=O)=CC(I)=C1', 'NC(=O)C1=CC(I)=CC=C1', 'OC(=O)CC1=C(I)C=C(Cl)C=C1', 'CC(OC1=CC=C(I)C=C1)C(C)=O', 'CC1=C(I)C=C(CBr)C=C1', 'CC(=O)C1=CC(Br)=CC(I)=C1', 'ONC(=O)C1=CC(I)=CC=C1', 'CC(C)(C)OC(=O)CC1=CC(I)=CC=C1', 'CCCNC(=O)C1=CC=CC=C1I', 'IC1=CC(=CC=C1)C(=O)NCC1=CC=CC=C1', 'OC(=O)CCCCNC(=O)C1=CC(I)=CC=C1', 'CC1(C)COB(OC1)C1=CC=C(I)C=C1', 'CC1=CC=C(C=C1)C1=CC=C(I)C=C1', 'CC1=C(C=C(I)C=C1Cl)C(O)=O', 'CC1(C)OB(OC1(C)C)C1=CC(I)=CC=C1', 'FC(F)(F)C(=O)CC1=CC=C(I)C=C1', 'IC1=CC(C=O)=CC(I)=C1', 'COC(=O)C1=CC(I)=CC(Br)=C1', 'IC1=CC=C(OC2=CC=C(I)C=C2)C=C1', 'CC1=CC=CC(I)=C1', 'IC1=CC=CC(=C1)N=C=S', 'COC(=O)C1=C(Cl)C=CC(I)=C1', 'FC(F)(F)C1=CC=C(I)C(CBr)=C1', 'COC1=C(C(O)=O)C(I)=CC=C1']"
9,"[1.3961302263246071, 1.9725186679385271]",2.3193815036285215,"['OC(=O)C1=C(I)C=C(F)C=C1', 'CC1=C(F)C=CC=C1I']","['FC(F)(F)C1=CC(C=O)=CC(I)=C1', 'CC1=C(I)C=C(C=C1)C#N', 'BrCC(=O)C1=CC(I)=CC=C1', 'BrC1=CC(I)=C(I)C=C1', 'CCOC(=O)C1=CC=CC=C1I', 'COC1=CC(=CC(I)=C1)C(O)=O', 'COC1=C(I)C=C(C=C1I)C#N', 'OC(=O)CC1=CC=C(Br)C=C1I', 'CC1=CC(=CC=C1I)C#N', 'BrC1=C(C=O)C=C(I)C=C1', 'FC1=C(Cl)C=C(Br)C=C1I', 'COC(=O)C1=CC(I)=CC(O)=C1', 'ClC1(Cl)CCCN(C2=CC=C(I)C=C2)C1=O', 'COC(=O)C1=CC(Cl)=CC(I)=C1', 'COC(=O)C1=C(OC)C=C(I)C(Cl)=C1', 'CC1=C(I)C=CC(Cl)=C1', 'COC1=CC(F)=CC(I)=C1', 'IC1=CC=C(CC(=O)N2CCOCC2)C=C1', 'BrC1=CN=C(OC2=CC=C(I)C=C2)N=C1', 'OC(=O)C1=C(Cl)C=C(I)C=C1', 'COC(=O)C1=CC(OC)=CC(I)=C1', 'COCCOC1=CC(I)=CC=C1', 'OC(=O)C1=CC(I)=CC(O)=C1', 'IC1=CC=C(CC(=O)N2CCCCC2)C=C1', 'CN(C)C1=C(Br)C=C(I)C=C1', 'CCOC1=CC=CC(I)=C1', 'CCOC(=O)C1=CC(I)=CC(Br)=C1', 'IC1=CC=C(OC2=NC=CC=N2)C=C1', 'CCOC(=O)C1=CC(OC)=CC(I)=C1', 'BrC1=CC(I)=CC=C1C=O', 'IC1=CC=C(CC(=O)N2CCCC2)C=C1', 'CC1=C(O)C=C(I)C=C1', 'CCOC(=O)CC(=O)C1=CC=CC(I)=C1', 'COC(=O)C1=CC(C)=C(I)C=C1']"
