,obj_values ['rate'],Vendi_score,eval_samples,cut_samples
0,"[1.9500485522201294, 1.7285970216629605]",1.7388007734387958,"['IC1=CC=CC(=C1)C(=O)N1CCCC1', 'FC1=CC=CC(C=O)=C1I']",[]
1,"[1.4071457004095278, 1.679334304353482]",1.6795931587839155,"['IC1=CC=C(CC(=O)N[C@H]2CCOC2=O)C=C1', 'CC1(C)COB(OC1)C1=CC=C(I)C=C1']","['COC(=O)CCC1=CC=C(I)C=C1', 'IC1=CC=C(CN2C=CN=C2)C=C1', 'NC(=O)C1=CN=C(OC2=CC=C(I)C=C2)C=C1', 'COC(=O)C1=C(I)C=CC(C)=C1', 'CC(C)NC(=O)CC1=CC=C(I)C=C1', 'CC(=O)OC1=CC=CC(I)=C1', 'IC1=CC=CC(=C1)C1=CC=CC=C1', 'COC1=C(I)C=CC(C=O)=C1', 'CCOC(=O)C1=C(I)C=CC(C)=C1', 'CS(=O)(=O)NC1=CC=C(I)C=C1', 'COC1=CC(=CC=C1I)C(O)=O', 'IC1=CC=CC(=C1)C(=O)N1CCOCC1', 'IC1=CC=C(OC2=CC=C(C=C2)C#N)C=C1', 'IC1=CC=C(C=C1)C(=O)N1CCOCC1', 'IC1=C(C=CC=C1)N=C=S', 'ClCC(=O)NC1=CC(I)=CC=C1', 'CS(=O)(=O)NC1=CC=C(I)C=C1F', 'COC(=O)C1=C(Cl)C(O)=C(I)C=C1', 'CC(C)NC(=O)C1=CC=CC(I)=C1', 'IC1=CC=C(C=C1)C(=O)N1CCCC1', 'IC1=CC=C(C=C1)N1CCC(=O)NC1=O', 'OC(=O)CCCC1=CC=C(I)C=C1', 'FC(F)(F)C(=O)NC1=CC(I)=CC=C1', 'FC1=C(I)C=CC(C=O)=C1', 'CC1=C(I)C=C(C=C1)C(F)(F)F', 'COC1=C(OC)C(I)=CC(C=O)=C1', 'CCOC(=O)CC1=CC(I)=CC=C1', 'OC(C1=CC=CC=C1)C1=CC(I)=CC=C1', 'IC1=CC(CC2=CC=CC=C2)=CC=C1', 'IC1=CC=C(C=C1)C1(CC1)C#N', 'CON(C)C(=O)C1=CC=C(I)C=C1', 'OC(=O)C1=CC=C(I)C(O)=C1', 'COC1=CC=CC(C(O)=O)=C1I', 'CC(=O)SCC1=CC(I)=CC=C1', 'CN(C)C(=O)C1=CC(I)=CC=C1', 'CNC(=O)C1=CC=CC(I)=C1', 'COC(=O)C1=CC=C(I)C(O)=C1', 'IC1=CC(=CC=C1)C(=O)NCC1=CC=CC=C1', 'IC1=CC=C(CC(=O)N2CCCC2)C=C1', 'FC1=C(C=O)C=CC=C1I', 'COC(=O)C1=C(C)C(I)=CC=C1', 'CS(=O)(=O)NC1=CC(I)=CC=C1', 'OC(=O)C1(CC1)C1=CC=C(I)C=C1', 'CCCNC(=O)C1=CC=CC(I)=C1', 'CCCNC(=O)C1=CC=CC=C1I', 'CC1=C(I)C=C(C=C1)C#N', 'COC(=O)CC1=CC=CC(I)=C1', 'CC1=C(N=NN1C1=CC=C(I)C=C1)C(O)=O', 'ClCC1=CC(I)=C(CCl)C=C1', 'IC1=CC=CC(=C1)C(=O)NC1CC1', 'NC(CC1=CC=CC(I)=C1)C(O)=O', 'COC1=C(OCC=C)C(I)=CC(C=O)=C1']"
2,"[2.37501494835547, 2.4413183653343107]",1.8477907752933966,"['COC1=C(OC)C(=CC(I)=C1)C(O)=O', 'NC(=O)C1=CC(I)=CC=C1']","['OC(=O)COC1=CC=CC(I)=C1', 'OC(=O)CCCCNC(=O)C1=CC(I)=CC=C1', 'CCNS(=O)(=O)C1=CC=C(I)C=C1', 'CC1(C)OB(OC1(C)C)C1=CC(I)=CC=C1', 'FC(F)(F)C(=O)NC1=CC=C(I)C=C1', 'CC1=CC=C(C=C1)C1=CC=C(I)C=C1', 'IC1=CC(CC#N)=CC=C1', 'FC(F)OC1=CC(I)=CC=C1', 'OC[C@H]1CN(C(=O)O1)C1=CC=C(I)C=C1', 'FC1=CC=C(OC2=CC=CC(I)=C2)C=C1', 'OC(=O)CC1=CC=CC(I)=C1', 'OC(=O)CCCCC1=CC=C(I)C=C1', 'CC(C)C1=CC=CC(I)=C1', 'CC(C)(C)C1=CC=C(I)C=C1', 'O[C@@H]1CCN(C1)S(=O)(=O)C1=CC=C(I)C=C1', 'NC(=O)CC1=CC=C(I)C=C1', 'CC1CC(C)(C)OB(O1)C1=CC=C(I)C=C1', 'CN(C)S(=O)(=O)C1=CC=C(I)C=C1', 'IC1=CC=C(CC(=O)N2CCOCC2)C=C1', 'NNC(=O)C1=CC=C(I)C=C1', 'OC(=O)CC1=CC=C(I)C=C1', 'IC1=CC=CC(CNC2CC2)=C1', 'CCCCCC1=CC=C(I)C=C1', 'OC[C@H]1N=C(O[C@@H]1C1=CC=C(I)C=C1)C1=CC=CC=C1', 'IC1=CC=C(CC(=O)N2CCCCC2)C=C1', 'CCCCC1=CC=C(I)C=C1', 'OCC1=CC(I)=CC(Cl)=C1', 'NC1(CC1)C1=CC=C(I)C=C1', 'IC1=CC=C(C=C1)C1=CC=CC=C1', 'CC(C)(C)[Si](C)(C)OCC1=CC=C(I)C=C1', 'OC(=O)CCC1=CC(I)=CC=C1', 'FC(F)C(F)(F)OC1=CC=C(I)C=C1', 'CCC[C@H]1CC[C@@H](CC1)C1=CC=C(I)C=C1', 'IC1=CC(OC2=CC=CC=C2)=CC=C1', 'ClC1(Cl)CCCN(C2=CC=C(I)C=C2)C1=O', 'CC(C)(C)OC(=O)NC1=CC=C(I)C=C1F', 'ClC1=CC=C(OC2=CC=C(I)C=C2)C=C1Cl', 'CC(C)CC1=CC=C(I)C=C1', 'IC1=CC=C(C=C1)N1C=CC=N1', 'ClCC(=O)NC1=CC=C(I)C=C1', 'CC(=O)OC1=CC=C(I)C=C1', 'CC(C)(C)OC(=O)CC1=CC(I)=CC=C1', 'OCCC1=CC=C(I)C=C1', 'ClC1=CC=C(C=C1)C1=CC=C(I)C=C1', 'NCC1(CCCC1)C1=CC=C(I)C=C1', 'CC(=O)NC1=C(C=C(I)C=C1)C(F)(F)F', 'CC(=O)NC1=C(OC(F)(F)F)C=C(I)C=C1', 'C[C@H](O)C1=CC=C(I)C=C1', 'CC(C)(C)OC(=O)N[C@@H](CC1=CC=C(I)C=C1)C(O)=O']"
3,"[1.5029065600910783, 3.6568711061352808]",1.8327629279916051,"['CC1=CC(=CC(I)=C1)C#N', 'CC1=C(C=C(I)C=C1)C#N']","['CC1=C(Cl)C=C(I)C=C1', 'IC1=CC=C(C=C1)S(=O)(=O)N1CCCC1', 'CC(C)(C)C1=CC(I)=CC(Br)=C1', 'CC(O)C1=CC=C(I)C=C1', 'FC(F)C1=CC(I)=CC=C1', 'CC(C)C1=CC=C(I)C=C1', 'IC1=CC=C(C=C1)C(=O)NCC1CC1', 'IC1=CC=C(C=C1)C(=O)NC1CC1', 'NCCC1=CC=C(I)C=C1', 'COC1=CC(=CC(I)=C1)C(F)(F)F', 'CC(C)NC(=O)C1=CC=C(I)C=C1', 'CCOC(=O)C1=CC(OC)=CC(I)=C1', 'OB(O)C1=CC=C(I)C=C1', 'CC1=C(F)C=C(C=C1I)C(=O)NC1CC1', 'COC1=CC(=CC(I)=C1)C(O)=O', 'CCOC(=O)CC(=O)C1=CC=CC(I)=C1', 'CC1=CC(I)=CC(I)=C1', 'CCOC(=O)C1=CC=C(I)C=C1F', 'COC(=O)C1=CC(I)=CC(O)=C1', 'OCC1=CC(I)=CC(I)=C1', 'CC(C)(C)NC(=O)C1=CC=C(I)C=C1', 'FC1=CC(I)=CC=C1CC#N', 'IC1=CC=CC(=C1)N=C=S', 'CC(OC1=CC=C(I)C=C1)C(C)=O', 'CNS(=O)(=O)C1=CC=C(I)C=C1', 'CS(=O)(=O)C1=CC=CC(I)=C1', 'NNS(=O)(=O)C1=CC=C(I)C=C1', 'COC(=O)C1=C(C)C(Cl)=CC(I)=C1', 'IC1=CC=C(C=C1)N1C=NN=N1', 'COC1=CC(I)=CC=C1CO', 'COC(=O)COC1=CC=C(I)C=C1', 'CC(C)(C)OC(=O)NC1=CC(I)=CC=C1', 'COC(=O)C1=CC(OC)=CC(I)=C1', 'CC(=O)C1=CC(I)=CC=C1', 'CC1=CC(Cl)=CC(I)=C1', 'CC(=O)NC1=C(Cl)C=C(I)C=C1', 'IC1=CC=CC(OC2=NC=CC=N2)=C1', 'COCCOC1=CC(I)=CC=C1', 'NS(=O)(=O)C1=CC=CC(I)=C1', 'COC(=O)C1=CC=C(I)C=C1C', 'IC1=CC=C(OC2=NC=CC=N2)C=C1', 'FC(F)(F)C(=O)CC1=CC=C(I)C=C1', 'ONC(=O)C1=CC(I)=CC=C1', 'IC1=CC=CC(=C1)C(=O)C1=CC=CC=C1', 'CCCNC(=O)C1=CC=C(I)C=C1', 'CC(C)(C)NC(=O)C1=CC=CC(I)=C1', 'IC1=CC=CC(OCC#C)=C1']"
4,"[4.049616759638588, 1.4569770777604691]",1.8919288594346695,"['OC(=O)C1=CC(I)=CC=C1O', 'COC1=C(C=C(I)C=C1)N(=O)=O']","['CC1=CC=C(I)C=C1C=O', 'IC1=CC=CC(=C1)C(=O)CC#N', 'CC1=C(C=C(I)C=C1Cl)C(O)=O', 'IC1=CC=C(I)C(=C1)C#N', 'OC(=O)CCC(=O)C1=CC=C(I)C=C1', 'ClC1=CC=C(I)C=C1C=O', 'CC1=CC=C(C=C1)C(=O)C1=CC(I)=CC=C1', 'CCC(=O)C1=CC=C(I)C=C1', 'COC(=O)C1=CC=C(I)C=C1OC', 'COC(=O)C1=CC(I)=CC(F)=C1F', 'COC(=O)C1=CC(Cl)=CC(I)=C1', 'OC(=O)C1=CC(Cl)=CC(I)=C1', 'CCOC(=O)C1=C(F)C=CC(I)=C1', 'IC1=CC=C(C=C1)C(=O)CCCC#N', 'CC1=CC(=CC(I)=C1)C(O)=O', 'OC(=O)C1=CC(I)=CC=C1Cl', 'FC(F)(F)C1=CC(I)=CC=C1I', 'FC1=C(C=C(I)C=C1)C#N', 'COC(=O)C1=C(F)C=CC(I)=C1', 'CCOC(=O)C1=CC=CC=C1I', 'COC(=O)C1=C(C)C=CC(I)=C1', 'COC(=O)C1=CC(I)=CC(=C1)C(O)=O', 'ClC1=CC=C(I)C=C1I', 'OC(=O)\\C=C\\C1=CC=CC(I)=C1', 'COC1=C(C=CC(I)=C1)C(O)=O', 'IC1=CC=CC(=C1)C#N', 'IC1=CC(C=O)=CC=C1', 'CNC(=O)C1=C(F)C=C(I)C=C1', 'COC(=O)C1=CC=C(I)C=C1C(=O)OC', 'CCOC(=O)C1=CC=CC(I)=C1', 'OC(=O)C1=CC(I)=CC(O)=C1', 'CCOC(=O)C1=CC(I)=CC=C1C', 'IC1=CC(I)=CC=C1', 'CC(=O)C1=CC=C(I)C=C1', 'OC(=O)C1=CC(=CC=C1)C1=CC=C(I)C=C1', 'COC(=O)C1=CC(I)=CC(F)=C1', 'CC(C)(C)OC(=O)C1=CC(I)=CC=C1', 'OC(=O)C1=C(C=C(I)C=C1)C(O)=O', 'COC(=O)C1=C(Cl)C=CC(I)=C1', 'CCC1=CC=C(I)C=C1C(O)=O', 'COC1=CC=C(I)C=C1C(O)=O', 'COC(=O)C1=CC=CC(I)=C1', 'ONC(=O)C1=CC=C(I)C=C1', 'CC(C)(C)OC(=O)C1=CC=C(I)C=C1']"
5,"[1.55780884202017, 2.366497012150013]",2.0013168333888323,"['CC1=CC(I)=CC(C(O)=O)=C1N', 'NC1=C(C=O)C=C(I)C=C1']","['COC(=O)C1=CC=CC=C1I', 'COC(=O)C1=C(Cl)C=C(C)C(I)=C1', 'OC(=O)\\C=C\\C1=CC=C(I)C=C1', 'OC(=O)C1=CC=CC(I)=C1C(O)=O', 'CC1=C(I)C=C(C=C1F)C(O)=O', 'CC1=CC=C(I)C=C1N(=O)=O', 'IC1=CC=C(C=C1)C(=O)C1=CC=CC=C1', 'CCOC(=O)C1=C(O)C=CC(I)=C1', 'OC(=O)C1=CC(I)=CC(F)=C1F', 'FC1=CC(I)=CC(C=O)=C1', 'CC(=O)C1=C(I)C=CC(F)=C1', 'CC(=O)C1=CC(I)=CC=C1O', 'COC(=O)C1=CC(=CC(I)=C1)C(F)(F)F', 'OC(=O)C1=C(Cl)C=C(I)C=C1', 'CC1=C(C=CC=C1I)C#N', 'NC1=CC=C(I)C=C1C#N', 'IC1=CC(C=O)=CC(C=O)=C1', 'ClC1=CC(=CC(I)=C1)C#N', 'FC(F)(F)C1=CC(C=O)=CC(I)=C1', 'NC(=O)C1=C(O)C=CC(I)=C1', 'NNC(=O)C1=C(O)C=CC(I)=C1', 'OC(=O)C1=CC(I)=CC(I)=C1O', 'OC(=O)C1=CC(I)=CC(Cl)=C1F', 'CC1=CC(I)=C(O)C(=C1)C(O)=O', 'IC1=CC=C(C=C1)C1=CC=C(O1)C=O', 'IC1=CC=C(OC2=C(C=O)C=CC=C2)C=C1', 'COC(=O)C1=CC(I)=CC(N)=C1', 'IC1=CC=C(NC(=O)C2=CC=CC=C2)C=C1', 'NC1=CC(I)=CC(=C1)C(O)=O', 'FC1=CC=C(C=C1)C(=O)C1=C(Cl)C=CC(I)=C1', 'OC1=C(F)C=C(I)C=C1I', 'COC(=O)C1=C(I)C=CC(O)=C1', 'FS(F)(F)(F)(F)C1=CC=CC(I)=C1', 'OC1=CC=C(I)C=C1C=O', 'OC(=O)C1=CC(I)=CC(=C1)C(F)(F)F', 'CC(=O)C1=C(Br)C=CC(I)=C1', 'COC(=O)C1=C(O)C=CC(I)=C1', 'COC(=O)C1=CC(=CC(I)=C1)C(=O)OC', 'CC1=C(C=C(Cl)C=C1I)C(O)=O', 'ClCC(=O)C1=CC=C(I)C=C1', 'COC1=CC(I)=CC=C1C#N', 'OC(=O)C1=C(C=C(I)C=C1)C(F)(F)F']"
6,"[2.8707967836926254, 3.5157328051341223]",2.052023972250632,"['IC1=CC(=CC=C1)N(=O)=O', 'FC(F)(F)C1=CC(I)=CC(=C1)C#N']","['IC1=CC(=CC=C1)C(=O)ON1C(=O)CCC1=O', 'CC(C)(C)OC(=O)NC1=CC(=CC(I)=C1)C(O)=O', 'CCOC(=O)CC(=O)C1=CC=C(I)C=C1', 'CNC1=CC=C(I)C=C1N(=O)=O', 'OCC(=O)C1=CC=C(I)C=C1', 'NC1=CC=C(I)C=C1N(=O)=O', 'OC(=O)C1=C(NC2=CC=C(I)C=C2F)C=NC=C1', 'CCOC(=O)C1=CC(I)=CC=C1N', 'IC1=CC=C(C=C1)C(=O)C1=CC=CC=N1', 'OC1=C(C=O)C=C(I)C=C1I', 'OC(=O)C1=CC(I)=C(C=C1)N1C=CC=N1', 'CC1=CC=C(C=O)C=C1I', 'OC(=O)C1=CC(I)=CC=C1Br', 'COC1=CC(I)=CC=C1I', 'COC(=O)C1=C(C(=O)OC)C(I)=CC=C1', 'IC1=CC=C(NC2=NC=CC=N2)C=C1', 'OC(=O)C1=CC(I)=CC(I)=C1', 'OC1=C(Cl)C=C(I)C=C1I', 'IC1=CC=C(C=C1)C(=O)CC#N', 'CC1=CC=C(C(O)=O)C(I)=C1', 'CC(C)(C)C1=CC(I)=CC(C=O)=C1O', 'BrC1=C(C=C(I)C=C1)C#N', 'OC(=O)COC1=CC=C(I)C=C1', 'CC1=CC(I)=CC(=C1)N(=O)=O', 'COC(=O)C1=CC2=CC=CC=C2C=C1I', 'NC1=C(C=O)C=C(I)C=C1I', 'ClC1=CC2=C(C=C1)C=C(I)C=C2', 'CC1=CC(I)=CC(I)=C1N', 'COC(=O)C1=CC(I)=CC=C1Br', 'IC1=CC(C=O)=CC(I)=C1', 'BrCC(=O)C1=CC(I)=CC=C1', 'CC1=CC=C(I)C(C)=C1N(=O)=O', 'CC(C)(C)OC(=O)C1=C(O)C=CC(I)=C1', 'OCC1=CC=C(I)C=C1N(=O)=O', 'IC1=CC=C(C=C1)C(=O)NCC1=CC=CC=C1', 'COC1=CC(I)=CC(C=O)=C1O', 'CC1=CC=C(C=C1I)C(O)=O', 'IC1=CC2=C(C=C1)C1=C(C=CC=C1)C1=C2C=CC=C1', 'OC(=O)CCCOC1=CC=C(I)C=C1', 'CC1=CC(C)=C(I)C=C1C(O)=O']"
7,"[4.647237671241276, 3.8616941420701876]",2.142828841763866,"['IC1=CC(=CC(=C1)C#N)N(=O)=O', 'IC1=CC(=CC(=C1)N(=O)=O)N(=O)=O']","['FC1=C(C=C(I)C=C1)N(=O)=O', 'ClC1=CC(I)=CC(=C1)N(=O)=O', 'COC(=O)C1=CC=C(I)C=C1N(=O)=O', 'OC(=O)CCC1=NN=C(O1)C1=CC=CC=C1I', 'COC1=CC(I)=CC(=C1N)N(=O)=O', 'ClC1=C(C=C(I)C=C1)N(=O)=O', 'OC1=C(C=C(I)C=C1)N(=O)=O', 'OCC1=CC(=CC(I)=C1)N(=O)=O', 'COC1=CC(I)=C(C=O)C=C1OC', 'COC(=O)C1=C(C=C(I)C=C1)S(N)(=O)=O', 'IC1=CC=C(C=C1)N1C(=O)C=CC1=O', 'CCOC(=O)C1=CC(I)=CC(Br)=C1', 'COC1=CC(=CC(I)=C1)N(=O)=O', 'CC(=O)C1=CC(Br)=CC(I)=C1', 'IC1=CC=C(C=C1)C(=O)CC1=CC=CC=C1', 'FC1=CC(C=O)=C(I)C=C1', 'CS(=O)(=O)C1=CC(=CC(I)=C1)S(C)(=O)=O', 'COC(=O)C1=CC(I)=CC(Br)=C1', 'OC(=O)C1=CC=C(I)C=C1F', 'OC(=O)C1=CC(Br)=CC(I)=C1', 'CC1=C(I)C=CC=C1N(=O)=O', 'IC1=CC=C(C=C1)C(=O)C1=CC=CC(=C1)C#N', 'FC(F)(F)C1=C(C=C(I)C=C1)C#N', 'IC1=CC=C(C=O)C=C1', 'IC1=CC(=C(I)C=C1)N(=O)=O', 'OC(=O)C1=CC(I)=CC(=C1)N(=O)=O', 'OC(=O)C1=C(C=C(I)C=C1)N(=O)=O', 'COC1=C(C=O)C=CC(I)=C1', 'BrC1=CC(I)=CC(=C1)C#N', 'CC(=O)C1=CC(I)=C(C=C1)C(O)=O', 'BrC1=C(C=O)C=C(I)C=C1', 'OC(=O)CCCCC(=O)C1=CC=C(I)C=C1', 'CC1=C(C=CC(I)=C1)N(=O)=O', 'BrC1=CC(C=O)=CC(I)=C1', 'FC1=CC=C(C=C1)C(=O)C1=CC=C(I)C=C1', 'IC1=C(C=CC=C1)C#N', 'FC1=CC(=CC(I)=C1)N(=O)=O']"
8,"[3.0249785385876597, 2.9480392762976435]",2.254694921797582,"['IC1=C(C=C(C=C1)C#N)N(=O)=O', 'IC1=C(C=CC(=C1)N(=O)=O)C#N']","['COC(=O)C1=CC(I)=C(C=C1)C(=O)OC', 'FC1=CC=CC(I)=C1C#N', 'CCOC(=O)C1=CC(I)=C(C=C1)C#N', 'IC1=CC(=CC(I)=C1)C#N', 'NC(=O)C1=C(I)C=C(C=C1)N(=O)=O', 'ClC1=C(C=CC(I)=C1)N(=O)=O', 'OC(=O)C1=C(I)C=C(C=C1)C#N', 'OC1=C(I)C=CC=C1N(=O)=O', 'FC1=C(Cl)C=CC(I)=C1C=O', 'COC(=O)C1=C(I)C=C(C=C1)C(O)=O', 'COC(=O)C1=C(Cl)C=C(I)C=C1', 'FC(F)(F)C1=CC(I)=C(C=C1)C#N', 'BrC1=C(C=C(I)C=C1)N(=O)=O', 'CC1=C(C)C=C(C(I)=C1)N(=O)=O', 'CCOC(=O)C1=C(I)C=CC(Cl)=C1', 'CC1=C(C(I)=CC=C1)N(=O)=O', 'COC1=CC(C=O)=C(I)C=C1', 'OC(=O)C1=C(C=CC(I)=C1)N(=O)=O', 'COC1=C(I)C=CC(=C1)N(=O)=O', 'FC(F)(F)C1=CC(I)=CC=C1C#N', 'FC1=C(C=CC(I)=C1)C#N', 'IC1=CC=C(C#N)C(=C1)C#N', 'CC1=C(I)C=C(Cl)C=C1N(=O)=O', 'COC1=C(C=CC(I)=C1)N(=O)=O', 'OC(=O)C1=CC(I)=C(C=C1)C(O)=O', 'OCC1=CC(=C(I)C=C1)N(=O)=O', 'IC1=CC(=C(C=O)C=C1)N(=O)=O', 'OC1=C(C=O)C=C(OC(F)(F)F)C=C1I', 'ClC1=CC(I)=C(C=C1)C#N', 'FC1=C(C=O)C=CC(I)=C1', 'FC(F)(F)C1=C(C=O)C=CC(I)=C1', 'IC1=CC(=CC(I)=C1)N(=O)=O', 'OC(=O)C1=CC=C(I)C=C1O', 'BrCC1=CC=C(I)C=C1N(=O)=O', 'FC(F)(F)C1=CC(=CC(I)=C1)N(=O)=O', 'ClC1=C(C=CC(I)=C1)C#N']"
9,"[1.8851762989967558, 1.9867125967751507]",2.314198321429282,"['FS(=O)(=O)C1=CC=C(I)C=C1', 'ClC1=C(I)C=C(C=C1)N(=O)=O']","['FC(F)(F)C1=CC(I)=C(C=C1)N(=O)=O', 'FC1=C(C(I)=CC=C1)N(=O)=O', 'OC(=O)C1=CC=C(I)C(=C1)N(=O)=O', 'FC1=CC(I)=CC=C1N(=O)=O', 'FC1=CC=C(C(I)=C1)N(=O)=O', 'FC(F)(F)C1=CC=C(I)C(=C1)C#N', 'OC(=O)C1=C(I)C=C(C=C1)C(F)(F)F', 'CC(C)C1=CC=C(I)C(=C1)N(=O)=O', 'FC1=CC=CC(I)=C1C=O', 'COC(=O)C1=C(I)C=C(C=C1)N(=O)=O', 'IC1=CC=C(C=C1)N(=O)=O', 'ClC1=CC(I)=CC(Cl)=C1C=O', 'BrC1=CC(I)=CC(=C1)N(=O)=O', 'IC1=CC=CC=C1C(=O)CC#N', 'IC1=CC(C=O)=CC=C1C=O', 'FC1=CC(=C(I)C=C1)N(=O)=O', 'CCOC(=O)C1=C(I)C=C(Cl)C=C1', 'OC(=O)C1=C(I)C=CC(I)=C1', 'COC1=C(C(I)=CC=C1)N(=O)=O', 'OC1=C(C(I)=CC=C1)N(=O)=O', 'IC1=CC2=CC=CC=C2C=C1N(=O)=O', 'FC(F)(F)C1=CC(=C(I)C=C1)N(=O)=O', 'FC(F)(F)C1=CC=C(I)C(C=O)=C1', 'OC(=O)C1=C(I)C=CC=C1N(=O)=O', 'NC(=O)C1=CC=C(I)C(=C1)N(=O)=O', 'BrC1=CC=C(I)C(=C1)C#N', 'COC1=CC=C(I)C(=C1)N(=O)=O', 'FC(F)(F)C1=CC=C(C=O)C(I)=C1', 'FC(F)(F)OC1=CC=C(I)C(=C1)N(=O)=O', 'ClC1=C(C=O)C(I)=CC=C1', 'COC(=O)C1=CC(=C(I)C=C1)N(=O)=O', 'OC(=O)C1=CC(I)=C(C=C1)C(F)(F)F', 'CCOC(=O)C1=CC(=C(I)C=C1)N(=O)=O', 'ClC1=CC=C(I)C(=C1)N(=O)=O']"
