,obj_values ['rate'],Vendi_score,eval_samples,cut_samples
0,"[2.7175526555236056, 1.6645406474501432]",1.566675743239965,"['ClCC(=O)NC1=CC(I)=CC=C1', 'OC(=O)C1=CC(I)=C(C=C1)C(F)(F)F']",[]
1,"[2.268218180762977, 1.887042558878771]",1.592783448650943,"['NC(=O)NC1=CC(I)=CC=C1', 'CC(C)(C)OC(=O)NC1=CC(I)=CC=C1']","['FC(F)OC1=CC(I)=CC=C1', 'FC1=CC=C(OC2=CC=CC(I)=C2)C=C1', 'ClC1=CC=C(I)C=C1I', 'CCOC(=O)C1=C(I)C=CC(C)=C1', 'CC1=CC(I)=CC(I)=C1', 'CNC(=O)C1=CC=CC(I)=C1', 'CC1=CC=C(I)C(C(O)=O)=C1F', 'COC(=O)C1=CC(OC)=CC(I)=C1', 'IC1=CC(I)=CC=C1', 'CCOC(=O)C1=CC=CC=C1I', 'COC(=O)C1=CC=CC=C1I', 'ONC(=O)C1=CC(I)=CC=C1', 'OC(=O)CCC1=NN=C(O1)C1=CC=CC=C1I', 'IC1=CC=CC(=C1)N=C=S', 'IC1=CC=CC(=C1)C1=CC=CC=C1', 'CCOC(=O)C1=CC=C(I)C=C1F', 'CS(=O)(=O)NC1=CC(I)=CC=C1', 'CS(=O)(=O)NC1=CC=C(I)C=C1F', 'CC1=C(C=C(Cl)C=C1I)C(O)=O', 'CCOC(=O)C1=C(I)C=C(Cl)C=C1', 'IC1=CC=CC(OCC#C)=C1', 'COC(=O)C1=C(C)C(Cl)=CC(I)=C1', 'OCC1=CC(I)=CC(I)=C1', 'COC(=O)C1=C(I)C=CC(C)=C1', 'FC(F)(F)C(=O)NC1=CC(I)=CC=C1', 'CCOC(=O)C1=C(I)C=CC(Cl)=C1', 'COC1=C(Cl)C=CC(I)=C1', 'COC(=O)C1=C(C(=O)OC)C(I)=CC=C1', 'CC1=C(C=C(I)C=C1Cl)C(O)=O', 'NC(=O)C1=CC(I)=CC=C1', 'OC(=O)C1=CC(I)=C(C=C1)N1C=CC=N1', 'CC1=CC=C(C(O)=O)C(I)=C1', 'OC(=O)C1=CC=CC(I)=C1C(O)=O', 'OCC1=CC(I)=CC(Cl)=C1', 'CCCNC(=O)C1=CC=CC(I)=C1', 'IC1=CC(OC2=CC=CC=C2)=CC=C1', 'OC(=O)COC1=CC=CC(I)=C1', 'OC(=O)C1=C(I)C=C(C=C1)C(F)(F)F', 'CC(=O)C1=CC(I)=C(C=C1)C(O)=O', 'IC1=CC=CC(=C1)C(=O)N1CCCC1', 'COC1=CC(=CC(I)=C1)C(O)=O', 'COC(=O)C1=CC(Cl)=CC(I)=C1', 'COC(=O)C1=C(Cl)C=CC(I)=C1', 'FC(F)(F)C1=CC(I)=CC=C1I', 'COC1=CC(=CC(I)=C1)C(F)(F)F', 'IC1=CC=CC(=C1)C(=O)NC1CC1', 'COC(=O)C1=CC(I)=CC(O)=C1', 'CC(C)NC(=O)C1=CC=CC(I)=C1', 'CON(C)C(=O)C1=CC=C(I)C=C1', 'OC(=O)C1=C(I)C=CC(I)=C1', 'CN(C)C(=O)C1=CC(I)=CC=C1', 'COC1=C(C(O)=O)C(I)=CC=C1']"
2,"[2.6641390447637354, 1.3996546710358886]",1.670010395401801,"['FC(F)(F)C1=CC(Cl)=CC(I)=C1', 'FC1=CC(=CC(I)=C1)C(F)(F)F']","['IC1=CC=C(OC2=CC=C(C=C2)C#N)C=C1', 'NC1=CC(Cl)=CC(I)=C1', 'CC(=O)NC1=C(OC(F)(F)F)C=C(I)C=C1', 'CC(=O)SCC1=CC(I)=CC=C1', 'CC(=C)C1=CC=C(I)C=C1', 'CN(C)CCOC1=CC=CC(I)=C1', 'CCOC1=CC=CC(I)=C1', 'CCCCC1=CC=C(I)C=C1', 'COC(=O)C1=C(I)C=CC=C1OC', 'IC1=CC=CC(C=C)=C1', 'COC1=C(F)C=CC(I)=C1', 'COC1=CC(F)=CC(I)=C1', 'IC1=CC=C(CN2C=CN=C2)C=C1', 'IC1=CC=CC(CNC2CC2)=C1', 'IC1=CC(CC2=CC=CC=C2)=CC=C1', 'NC(CC1=CC=CC(I)=C1)C(O)=O', 'OC1=C(F)C=CC(I)=C1', 'OC(C1=CC=CC=C1)C1=CC(I)=CC=C1', 'OC(=O)CCCC1=CC=C(I)C=C1', 'COC1=CC(Br)=CC(I)=C1', 'CC(=O)NC1=C(Cl)C=C(I)C=C1', 'OC(=O)CCCCC1=CC=C(I)C=C1', 'FC1=C2C=CC=CC2=CC(I)=C1', 'CC1=C(O)C=C(I)C=C1', 'IC1=CC=C(C=C1)C(=O)N1CCCC1', 'COC1=CC(I)=CC=C1CO', 'CC(=O)OC1=CC=CC(I)=C1', 'FC(F)(F)C(=O)NC1=CC=C(I)C=C1', 'CS(=O)(=O)NC1=CC=C(I)C=C1', 'IC1=CC=CC(=C1)C(=O)N1CCOCC1', 'COC1=CC(Cl)=CC(I)=C1', 'OC1=CC=C(C=C1)C1=CC=C(I)C=C1', 'COC(=O)CC1=CC=CC(I)=C1', 'IC1=CC=C(C=C1)N1C=CC=N1', 'IC1=CC=C(C=C1)C1=CC=CC=C1', 'CC(=O)CC(=O)NC1=CC=C(I)C=C1', 'IC1=CC=C(C=C1)N1CCC(=O)NC1=O', 'OC1=C(Cl)C=CC(I)=C1', 'CCOC(=O)CC1=CC(I)=CC=C1', 'COC(=O)CCC1=CC=C(I)C=C1', 'OCC1=CC=C(I)C=C1O', 'COCCOC1=CC(I)=CC=C1', 'CC(C)CC1=CC=C(I)C=C1', 'OC(=O)CCC1=CC(I)=CC=C1', 'NCCC1=CC=C(I)C=C1', 'CC1=CC=C(C=C1)C1=CC=C(I)C=C1', 'IC1=CC=C(C=C1)C(=O)N1CCOCC1', 'OC(=O)C1(CC1)C1=CC=C(I)C=C1', 'ClCC(=O)NC1=CC=C(I)C=C1']"
3,"[2.085521648220391, 4.123298089232229]",1.6580216896912945,"['CC(C)(C)C1=CC(I)=CC(Br)=C1', 'COC1=C(Br)C=CC(I)=C1']","['OC(=O)CC1=CC=CC(I)=C1', 'FC1=CC(I)=CC=C1CC#N', 'CS(=O)(=O)C1=CC=CC(I)=C1', 'FC(F)(F)OC1=C(Cl)C=C(I)C=C1', 'CS(=O)(=O)C1=CC=C(I)C=C1', 'ClC1=C(Cl)C=C(I)C=C1', 'OC(=O)C1=C(Cl)C=C(I)C=C1Cl', 'CC1=C(Cl)C=C(I)C=C1', 'OC(=O)CC1=CC=C(I)C=C1', 'CC1=C(Cl)C=C(I)C=C1Cl', 'CC(=O)OC1=CC=C(I)C=C1', 'CN(C)S(=O)(=O)C1=CC=C(I)C=C1', 'IC1=CC(CC#N)=CC=C1', 'CNS(=O)(=O)C1=CC=C(I)C=C1', 'OS(=O)(=O)C1=CC=CC(I)=C1', 'NS(=O)(=O)C1=CC=CC(I)=C1', 'IC1=CC=C(C=C1)C1(CC1)C#N', 'CC1=CC(Cl)=CC(I)=C1', 'CC1=CC=C(I)C=C1Br', 'OCCC1=CC=C(I)C=C1', 'FC(F)C(F)(F)OC1=CC=C(I)C=C1', 'FC(F)OC1=CC=C(I)C=C1', 'FC1=C(Cl)C=C(I)C=C1Cl', 'IC1=CC=C(C=C1)N1C=NN=N1', 'OCC1=CC(I)=CC(F)=C1', 'NC(=O)CC1=CC=C(I)C=C1', 'OB(O)C1=CC=C(I)C=C1', 'CCNS(=O)(=O)C1=CC=C(I)C=C1', 'NNC(=O)C1=CC=C(I)C=C1', 'OCC1=C(Cl)C=C(I)C=C1Cl', 'CC1=CC(I)=CC(F)=C1', 'FC(F)(F)C1=C(Cl)C=CC(I)=C1', 'NNS(=O)(=O)C1=CC=C(I)C=C1', 'FS(F)(F)(F)(F)C1=CC=C(I)C=C1', 'FC(F)C1=CC=C(I)C=C1', 'COC(=O)C1=CC=C(I)C=C1C', 'OCC1=CC(Br)=CC(I)=C1', 'FC(F)C1=CC(I)=CC=C1', 'NS(=O)(=O)C1=CC=C(I)C=C1', 'FC1=CC(I)=CC=C1C(F)(F)F', 'CCOC(=O)C1=C(Cl)C=C(I)C=C1', 'IC1=CC=CC(=C1)N=C=O', 'COC1=C(F)C=C(I)C=C1F', 'CC1=CC(Br)=CC(I)=C1', 'ClC1=CC(I)=CC(Cl)=C1', 'CC1=CC=C(I)C=C1F', 'COC(=O)C1=C(Cl)C=C(I)C=C1']"
4,"[2.3115496715391, 1.325661328437521]",1.7175244730029295,"['BrCC1=C(Br)C=CC(I)=C1', 'BrC1=CC=C(I)C=C1']","['FC(F)(F)OC1=CC=C(I)C=C1Br', 'BrC1=CC=CC(=C1)C1=CC=C(I)C=C1', 'NC(=O)C1=CN=C(OC2=CC=C(I)C=C2)C=C1', 'CC1=C(Br)C(F)=CC(I)=C1', 'OB(O)C1=CC(Br)=CC(I)=C1', 'FC(F)(F)OC1=CC=C(I)C=C1', 'BrCC1=CC=C(I)C=C1', 'CC1(C)COB(OC1)C1=CC=C(I)C=C1', 'BrC1=C(CC#N)C=C(I)C=C1', 'ClC1=CC=C(I)C=C1', 'FC(F)(F)C(F)(C1=CC=C(I)C=C1)C(F)(F)F', 'CCCCCC1=CC=C(I)C=C1', 'CC1=CC(I)=CC=C1Cl', 'ClC1=C(Br)C=C(I)C=C1', 'SC1=CC=C(I)C=C1Cl', 'BrC1=CC=CC(I)=C1', 'FC(F)(F)C1=C(Br)C=CC(I)=C1', 'IC1=CC=C(C=C1)C#C', 'O[C@@H]1CCN(C1)S(=O)(=O)C1=CC=C(I)C=C1', 'ClC1=C(CBr)C=CC(I)=C1', 'FC(F)(F)C1=CC(Br)=CC(I)=C1', 'OC1=CC(Br)=CC(I)=C1', 'CC(=O)NC1=C(C=C(I)C=C1)C(F)(F)F', 'CC(C)C1=CC=CC(I)=C1', 'FC1=CC(I)=CC=C1CBr', 'ClC1=CC=C(I)C=C1CBr', 'BrC1=CC=C(C=C1)C1=CC=CC(I)=C1', 'C[C@H](O)C1=CC=C(I)C=C1', 'ClC1=CC(I)=CC=C1Br', 'FC(F)C1=C(Br)C=CC(I)=C1', 'CC1=C(Br)C=CC(I)=C1', 'CC1=C(N=NN1C1=CC=C(I)C=C1)C(O)=O', 'FC1=CC(I)=CC=C1', 'FC(F)C1=CC(Br)=CC(I)=C1', 'CC1=CC(I)=CC(C)=C1Br', 'COC1=CC(I)=CC=C1I', 'CC(C)C1=CC(I)=CC(Br)=C1', 'NC1(CC1)C1=CC=C(I)C=C1', 'NC(=O)C1=C(Br)C=C(I)C=C1', 'FC1=CC(I)=CC(F)=C1Br', 'OS(=O)(=O)C1=CC=C(I)C=C1', 'FC1=CC(I)=CC(Br)=C1', 'CC(C)NC(=O)CC1=CC=C(I)C=C1', 'FC(F)(F)C1=CC=C(I)C=C1Br']"
5,"[2.6742562277791073, 3.4995427797365037]",1.806543932304283,"['NC1=CC(I)=CC(I)=C1', 'CN(C)C1=CC(F)=CC(I)=C1']","['NCC1(CCCC1)C1=CC=C(I)C=C1', 'OC(=O)C1=C(Br)C=CC=C1I', 'IC1=CC=C(C=C)C=C1', 'OC(=O)COC1=CC=C(I)C=C1', 'IC1=CC=C(CC(=O)N[C@H]2CCOC2=O)C=C1', 'CC(C)(C)OC(=O)C1=C(Br)C=C(I)C=C1', 'COC(=O)C1=C(I)C=CC=C1Cl', 'ClC1=CC(I)=CC(Cl)=C1Br', 'COC1=C(F)C=C(I)C=C1', 'OC1=CC=C(I)C=C1C(F)(F)F', 'ClC1=CC=C(OC2=CC=C(I)C=C2)C=C1', 'OC(=O)C1=CC=C(I)C=C1', 'OC(=O)C1=C(I)C=CC=C1Cl', 'OC(=O)C1=C(I)C=CC=C1F', 'COC(=O)C1=C(F)C(Br)=CC=C1I', 'IC1=CC=C(C=C1)N1C=CC=C1', 'OC1=C(F)C=C(I)C=C1F', 'ClC1=CC=C(C=C1)C1=CC=C(I)C=C1', 'CC(O)C1=CC=C(I)C=C1', 'CC(C)(C)C1=CC=C(I)C=C1', 'IC1=CC=C(CC#C)C=C1', 'COC(=O)C1=C(I)C=C(Br)C=C1C', 'COC(=O)C1=C(I)C=CC=C1F', 'CC1=CC=CC(I)=C1', 'FC1=CC(I)=CC(F)=C1', 'FC(F)(F)OC1=CC(Br)=CC(I)=C1', 'OC(=O)C1=CC(I)=CC(I)=C1', 'IC1=CC=C(CC(=O)N2CCOCC2)C=C1', 'ClC1=CC(Br)=CC(I)=C1', 'BrCC1=CC=C(I)C=C1Br', 'ClC1=CC=C(OC2=CC=C(I)C=C2)C=C1Cl', 'CC1=C(I)C=C(F)C(Br)=C1', 'CC1=C(C=CC(I)=C1)C#N', 'CC(C)C1=CC=C(I)C=C1', 'COC(=O)COC1=CC=C(I)C=C1', 'OC1=C(Br)C=C(I)C=C1', 'CCOC(=O)C1=C(I)C=CC=C1F', 'CC(N)C1=CC=C(I)C=C1', 'CC(Br)C(=O)N(C)C1=CC=C(I)C=C1', 'CC(C)(C)OC(=O)CC1=CC(I)=CC=C1', 'IC1=CC=C(OCC#N)C=C1', 'IC1=CC=C(C=C1)N=C=O']"
6,"[1.8070789161363876, 1.430002427291616]",1.897972455326387,"['NC1=CC(I)=CC(=C1)C(O)=O', 'NC1=C(OC2=CC(I)=CC=C2)C=CC=C1']","['CCCCOC1=CC=C(I)C=C1', 'CC1=C(I)C=C(Br)C=C1', 'IC1=CC=C(CN2CCCCC2)C=C1', 'CNC1=CC(I)=CC=C1', 'CN(C)C1=C(Br)C=C(I)C=C1', 'COC(=O)C1=C(Br)C=C(I)C=C1', 'CC1(C)OB(OC1(C)C)C1=CC(I)=CC=C1', 'CC(C)(C)OC(=O)NC1=CC=C(I)C=C1', 'OC(=O)C1=C(I)C=CC(F)=C1Cl', 'IC1=CC=C(CC(=O)N2CCCC2)C=C1', 'ClC1(Cl)CCCN(C2=CC=C(I)C=C2)C1=O', 'OC1=CC=C(OC2=CC=C(I)C=C2)C=C1', 'IC1=CC(=CC(I)=C1)C#N', 'IC1=CC=C(OCC2CC2)C=C1', 'OC(=O)CCCCNC(=O)C1=CC(I)=CC=C1', 'OC1=C(F)C=C(I)C=C1I', 'NC1=CC=CC(I)=C1', 'CC(C)(C)OC(=O)NC1=C(N)C=C(I)C=C1', 'CCOC1=CC=C(I)C=C1', 'IC1=CC=CC=C1N=C=O', 'IC1=CC(=CC=C1)C(=O)NCC1=CC=CC=C1', 'OC1=C(F)C=C(I)C=C1', 'IC1=C(C=CC=C1)N=C=S', 'FC1=CC(I)=CC=C1NC(=O)NC1CC1', 'CC(C)(C)OC(=O)NC1=CC=C(I)C=C1F', 'NC(=O)C1=C(I)C=CC(Br)=C1F', 'COC1=C(O)C=CC(I)=C1', 'OC(=O)CCCOC1=CC=C(I)C=C1', 'CC(C)OC1=CC=C(I)C=C1', 'NCCOC1=CC=C(I)C=C1', 'OC(=O)C1=C(I)C=CC(Br)=C1F', 'NC1=C(F)C=CC(I)=C1', 'IC1=CC=CC(=C1)N1CCCCC1', 'OC1=CC(I)=CC(O)=C1', 'IC1=CC=C(CC(=O)N2CCCCC2)C=C1', 'OC[C@H]1CN(C(=O)O1)C1=CC=C(I)C=C1', 'CC1CC(C)(C)OB(O1)C1=CC=C(I)C=C1', 'OCC1=C(Cl)C=CC=C1I', 'CSC1=CC=C(I)C=C1', 'NC1=CC(I)=CC(F)=C1']"
7,"[1.5656259984479897, 1.8213344273755523]",2.084937031604598,"['COC1=CC(=C(I)C=C1)S(F)(=O)=O', 'NC1=CC(I)=C(C=C1)C#N']","['COC(=O)C1=CC(I)=CC(N)=C1', 'NC1=C(OC(F)(F)F)C=C(I)C=C1', 'COC1=C(C=CC(I)=C1)C(O)=O', 'CC(=O)C1=C(Br)C=CC(I)=C1', 'CC(C)(C)NC(=O)C1=CC=CC(I)=C1', 'IC1=CC=CC(OC2=NC=CC=N2)=C1', 'ONC(=O)C1=CC=C(I)C=C1', 'COC(=O)C1=CC=C(I)C=C1OC', 'IC1=CC=C(C=C1)C1=CC=C(I)C=C1', 'FC(F)(F)C(=O)CC1=CC=C(I)C=C1', 'ClCC1=CC(Br)=CC=C1I', 'IC1=CC=C(OC2=NC=CC=N2)C=C1', 'OC(=O)C1=CC(=CC=C1)C1=CC=C(I)C=C1', 'OCC1=C(O)C=CC(I)=C1', 'CC1=C(F)C=C(F)C=C1I', 'OC1=C(Cl)C=C(I)C=C1I', 'CC1=C(I)C=C(Cl)C=C1N', 'NC1=C(Cl)C=C(I)C=C1Cl', 'NC1=CC(I)=CC=C1O', 'CC(OC1=CC=C(I)C=C1)C(C)=O', 'FS(F)(F)(F)(F)C1=CC=CC(I)=C1', 'ClC1=CC=C(COC2=CC=C(I)C=C2)C=C1', 'CC1=C(O)C=CC(I)=C1', 'CCN(CC)CC1=CC(I)=CC=C1', 'COC1=C(C)C=C(I)C=C1', 'ClCC1=CC(I)=C(CCl)C=C1', 'NC1=C(O)C=C(I)C=C1', 'CCOC(=O)C1=CC(OC)=CC(I)=C1', 'IC1=CC=C(OC2=CC=C(I)C=C2)C=C1', 'CCOC1=CC=C(C=C1)C(O)C1=CC(I)=CC=C1Cl', 'CC(=O)C1=CC(I)=CC=C1', 'IC1=CC=C(C=C1)S(=O)(=O)N1CCCC1', 'COC(=O)C1=C(I)C=C(OC)C(OC)=C1', 'BrC1=CC(I)=CC(I)=C1', 'COC1=C(N)C=C(I)C=C1', 'OC(=O)C1=CC(I)=CC(O)=C1', 'COC1=CC=C(I)C(C(O)=O)=C1F']"
8,"[2.3150828323224255, 2.8388713109975274]",2.1726801362197774,"['BrC1=CC(I)=CC(Br)=C1', 'COC1=C(N)C=CC(I)=C1']","['COC(=O)C1=C(O)C=C(I)C=C1', 'CCC(=O)C1=CC=C(I)C=C1', 'COC1=C(I)C=C(N)C=C1I', 'IC1=CC=C(C=C1)C1=CN2C=CSC2=N1', 'CC(C)C1=CC(I)=CC(C(C)C)=C1O', 'CCCNC(=O)C1=CC=C(I)C=C1', 'OC(=O)COC1=C(I)C=C(Cl)C=C1', 'COC1=CC(I)=C(Cl)C=C1', 'OCC1=C(I)C=C(C=C1)C(F)(F)F', 'COC1=CC(I)=C(Br)C=C1', 'OC(=O)C1=CC=C(I)C=C1O', 'COC1=C(I)C=C(Br)C=C1F', 'COC1=CC(I)=CC=C1C#N', 'OC(=O)CNC1=CC=C(I)C=C1', 'NS(=O)(=O)C1=CC=CC=C1I', 'CC1=C(I)C=C(CBr)C=C1', 'FC1=CC(I)=C(NC(=O)CCl)C=C1', 'FC1=CC(I)=C(C=C1)C#N', 'ClC1=C(Cl)C(I)=CC=C1', 'CNC(=O)C1=CC=CC=C1I', 'CNC(=O)C1=C(F)C=C(I)C=C1', 'IC1=CC=C(C=C1)C(=O)NC1CC1', 'CC1=C(I)C=C(C=C1)C(F)(F)F', 'FC1=CC(I)=C(Cl)C=C1', 'CC(C)(C)[Si](C)(C)OCC1=CC=C(I)C=C1', 'COC(=O)C1=CC(I)=CC=C1Br', 'NC1=C(C=C(I)C=C1)C(F)(F)F', 'NC1=C(Br)C=C(I)C=C1', 'COC1=CC=C(C#N)C(I)=C1', 'IC1=CC=CC=C1[N+]#[C-]', 'FC1=CC=CC(I)=C1CBr', 'CCCNC(=O)C1=CC=CC=C1I', 'CCOC(=O)CC(=O)C1=CC=CC(I)=C1', 'COC1=C(Br)C=C(I)C=C1Br', 'CC(=O)NC1=CC(I)=C(C)C=C1', 'CCNC(=O)C1=CC(Br)=CC=C1I']"
9,"[1.8532881425733927, 1.7415390325909947]",2.2498418924944095,"['COC1=CC=C(OC)C(I)=C1', 'CNC1=CC=C(I)C=C1']","['SC1=CC(Cl)=CC=C1I', 'OC(=O)C1=C(Br)C=C(I)C=C1', 'CCC1=CC=C(I)C=C1C(O)=O', 'FC(F)(F)C1=CC=C(Br)C=C1I', 'CC1=CC(I)=CC(I)=C1N', 'CC(=O)C1=CC(Br)=CC(I)=C1', 'ClC1=CC(I)=C(Cl)C=C1', 'CC1=C(I)C=CC(Cl)=C1', 'OC1=C(Cl)C=C(Br)C=C1I', 'IC1=CC=C(C=C1)N1CCOCC1', 'CC(C)NC(=O)C1=CC=C(I)C=C1', 'COC1=CC=CC(I)=C1Br', 'ClC1=CC2=C(C=C1)C=C(I)C=C2', 'NNC(=O)CNC1=CC=C(I)C=C1', 'OC(=O)CC1=C(I)C=C(Cl)C=C1', 'COC1=CC=C(COC2=CC=C(I)C=C2)C=C1', 'FC(F)OC1=CC=CC=C1I', 'OS(=O)(=O)C1=C(I)C=CC=C1', 'NCC1=C(I)C=CC(Br)=C1', 'CC(C)(C)OC(=O)C1=CC=C(I)C=C1', 'OC(=O)C1=CC(I)=CC=C1Cl', 'CC1=CC(Br)=C(C)C=C1I', 'COC(=O)C1=C(I)C=CC(O)=C1', 'COC1=C(F)C=CC=C1I', 'NC1=C(N)C=C(I)C=C1', 'CC(C)(C)C1=C(N)C=CC(I)=C1', 'IC1=CC=C(C=C1)N1CCNCC1', 'CC1=CC(Cl)=C(I)C=C1C', 'COC1=CC(B(O)O)=C(I)C=C1', 'OC(=O)C1=CC=CC(I)=C1Cl', 'OC(=O)C1=CC(I)=CC=C1Br', 'OC[C@H]1N=C(O[C@@H]1C1=CC=C(I)C=C1)C1=CC=CC=C1', 'CC1=CC(=CC(I)=C1)C(O)=O', 'OC1=CC(I)=C(Br)C=C1']"
