,obj_values ['rate'],Vendi_score,eval_samples,cut_samples
0,"[1.9527358255334042, 2.011357186811579]",1.2286078734806043,"['COC(=O)C1=C(I)C=C(C=C1)C(O)=O', 'CC(=O)C1=CC(Br)=CC(I)=C1']",[]
1,"[2.4347610035470084, 2.5711253844266295]",1.439906413149189,"['COC1=CC(=CC(I)=C1)N(=O)=O', 'CC1=CC=C(C(O)=O)C(I)=C1']","['OC(=O)C1=C(I)C=CC(I)=C1', 'BrCC(=O)C1=C(I)C=CC=C1', 'COC(=O)C1=CC=C(I)C=C1C(=O)OC', 'CC(=O)C1=C(Br)C=CC(I)=C1', 'COC(=O)C1=CC(I)=CC(Br)=C1', 'BrC1=C(C=O)C=C(I)C=C1', 'BrC1=CC(I)=CC=C1C=O', 'OC(=O)C1=CC(I)=CC(Cl)=C1F', 'COC(=O)C1=CC(I)=CC(F)=C1F', 'ClC1=CC(=CC(I)=C1)C#N', 'BrC1=CC(C=O)=CC(I)=C1', 'IC1=CC(=CC=C1)C(=O)ON1C(=O)CCC1=O', 'COC(=O)C1=CC(I)=CC(=C1)C(O)=O', 'CC1=C(C=C(I)C=C1Cl)C(O)=O', 'CCOC(=O)C1=CC(I)=CC(Br)=C1', 'OC(=O)C1=CC(I)=CC(=C1)C(F)(F)F', 'COC(=O)C1=CC(=CC(I)=C1)C(F)(F)F', 'CCOC(=O)C1=C(I)C=CC(Cl)=C1', 'COC(=O)C1=CC(=CC(I)=C1)C(=O)OC', 'OC(=O)C1=CC=CC(I)=C1C(O)=O', 'BrC1=C(C=C(I)C=C1)C#N', 'BrCC(=O)C1=CC=C(I)C=C1', 'COC(=O)C1=C(Cl)C=CC(I)=C1', 'OC(=O)C1=C(I)C=CC(Br)=C1', 'OC(=O)C1=C(C=C(I)C=C1)C(O)=O', 'FC1=CC=C(C=C1)C(=O)C1=C(Cl)C=CC(I)=C1', 'OC(=O)C1=CC(Br)=CC(I)=C1', 'COC(=O)C1=C(I)C=CC(Br)=C1', 'IC1=CC=CC(=C1)C(=O)C1=CC=CC=C1', 'COC(=O)C1=CC(I)=CC(F)=C1', 'CCOC(=O)C1=C(I)C=C(Cl)C=C1', 'FC1=C(Cl)C=CC(I)=C1C=O', 'OC(=O)C1=CC(I)=C(C=C1)C(O)=O', 'COC(=O)C1=CC(I)=CC=C1Br', 'OC(=O)C1=CC(I)=CC=C1Br', 'CC(=O)C1=CC(I)=C(C=C1)C(O)=O', 'FC(F)(F)C1=CC(C=O)=CC(I)=C1', 'BrC1=CC(I)=CC(=C1)C#N', 'OC(=O)C1=CC(I)=C(C=C1)C(F)(F)F', 'BrCC(=O)C1=CC(I)=CC=C1', 'COC(=O)C1=CC(I)=C(C=C1)C(=O)OC', 'COC(=O)C1=C(C(=O)OC)C(I)=CC=C1', 'OC(=O)C1=C(C=C(I)C=C1)C(F)(F)F', 'CCOC(=O)CC(=O)C1=CC=CC(I)=C1', 'BrC1=CC=C(I)C(=C1)C#N', 'OC(=O)C1=CC(Cl)=CC(I)=C1', 'COC(=O)C1=CC(Cl)=CC(I)=C1', 'OC(=O)C1=C(I)C=C(C=C1)C#N', 'OC(=O)C1=C(I)C=C(C=C1)C(F)(F)F', 'CCOC(=O)C1=CC(I)=C(C=C1)C#N', 'ClC1=CC=C(I)C=C1C=O', 'OC(=O)C1=CC(I)=CC=C1Cl']"
2,"[1.3996546710358886, 2.4268080900333784]",1.8155641672215328,"['FC1=CC(=CC(I)=C1)C(F)(F)F', 'IC1=CC=C(C=C1)C#C']","['OC(=O)CCC(=O)C1=CC=C(I)C=C1', 'OCC(=O)C1=CC=C(I)C=C1', 'OCC1=CC=C(I)C=C1N(=O)=O', 'COC(=O)C1=CC=CC(I)=C1', 'COC(=O)C1=CC=C(I)C=C1N(=O)=O', 'ClCC(=O)C1=CC=C(I)C=C1', 'IC1=CC=CC(=C1)N=C=S', 'FC(F)(F)C1=C(C=O)C=CC(I)=C1', 'CC1=CC(=CC(I)=C1)C(O)=O', 'CCOC(=O)C1=CC=CC(I)=C1', 'FC(F)(F)C1=CC=C(I)C(C=O)=C1', 'OC(=O)C1=C(Cl)C=C(I)C=C1', 'FC(F)(F)C1=CC(I)=CC(=C1)C#N', 'CC1=CC(=CC(I)=C1)C#N', 'IC1=CC=C(C=C1)C(=O)CC#N', 'OC(=O)C1=C(C=C(I)C=C1)N(=O)=O', 'IC1=CC(C=O)=CC(C=O)=C1', 'COC(=O)C1=C(C)C(Cl)=CC(I)=C1', 'CC1=C(C=C(I)C=C1)C#N', 'FC1=CC(I)=CC(C=O)=C1', 'COC(=O)C1=CC(OC)=CC(I)=C1', 'COC(=O)C1=CC(I)=CC(O)=C1', 'COC(=O)C1=C(I)C=CC(C)=C1', 'CC1=CC=C(I)C=C1N(=O)=O', 'COC1=CC(=CC(I)=C1)C(O)=O', 'CCC(=O)C1=CC=C(I)C=C1', 'COC(=O)C1=CC(=CC=C1I)C(F)(F)F', 'OC(=O)C1=CC(I)=CC(F)=C1F', 'ONC(=O)C1=CC(I)=CC=C1', 'IC1=CC=C(I)C(=C1)C#N', 'COC1=C(C=CC(I)=C1)N(=O)=O', 'IC1=CC=CC(=C1)C(=O)CC#N', 'IC1=CC(C=O)=CC=C1', 'IC1=CC(C=O)=CC(I)=C1', 'ClC1=C(C=C(I)C=C1)N(=O)=O', 'OC(=O)\\C=C\\C1=CC=CC(I)=C1', 'OC(=O)C1=CC(I)=CC(O)=C1', 'ClC1=C(C=O)C(I)=CC=C1', 'IC1=CC=C(C=C1)C(=O)CCCC#N', 'ClC1=C(C=CC(I)=C1)N(=O)=O', 'COC(=O)C1=CC=CC=C1I', 'CC1=CC(I)=CC(=C1)N(=O)=O', 'CCOC(=O)C1=CC=CC=C1I', 'CC1=C(C=CC(I)=C1)N(=O)=O', 'OCC1=CC(=CC(I)=C1)N(=O)=O', 'CC(=O)C1=CC(I)=CC=C1', 'FC1=CC=CC(I)=C1C=O', 'COC(=O)C1=CC=C(I)C(=C1)C(O)=O', 'OC(=O)C1=C(C=CC(I)=C1)N(=O)=O']"
3,"[2.018341642277374, 1.6956511148151798]",2.0445432623380886,"['NCC1=CC=CC=C1I', 'IC1=CC2=C(C=CC=C2)C2=C1C=CC=C2']","['CC1=CC(Cl)=CC(I)=C1', 'IC1=CC=CC(=C1)N=C=O', 'FC(F)OC1=CC(I)=CC=C1', 'COC1=C(C=O)C=CC(I)=C1', 'COC1=C(C=CC(I)=C1)C(O)=O', 'CCOC(=O)C1=CC=C(I)C=C1F', 'CC1=CC(I)=CC(I)=C1', 'FS(F)(F)(F)(F)C1=CC=CC(I)=C1', 'CNC(=O)C1=C(F)C=C(I)C=C1', 'OCC1=CC(I)=CC(I)=C1', 'OC(=O)C1=C(I)C=C(F)C=C1', 'CC1=C(Cl)C=C(I)C=C1Cl', 'CC1=CC=C(I)C=C1C=O', 'CCCNC(=O)C1=CC=CC(I)=C1', 'CC1=C(C=C(Cl)C=C1I)C(O)=O', 'CC1=C(Cl)C=C(I)C=C1', 'FC(F)(F)C1=CC(Cl)=CC(I)=C1', 'ClC1=C(Cl)C=C(I)C=C1', 'ClC1=CC(I)=CC(Cl)=C1', 'CCOC(=O)C1=C(I)C=CC(C)=C1', 'IC1=CC=CC(OC2=NC=CC=N2)=C1', 'IC1=CC=C(C=C1)C(=O)C1=CC=CC=C1', 'COC(=O)C1=C(Cl)C=C(I)C=C1', 'ONC(=O)C1=CC=C(I)C=C1', 'CCOC(=O)C1=C(F)C=CC(I)=C1', 'NNC(=O)C1=CC=C(I)C=C1', 'CC(C)NC(=O)C1=CC=CC(I)=C1', 'OCC1=C(Cl)C=C(I)C=C1Cl', 'IC1=CC=CC(=C1)C(=O)NC1CC1', 'FC(F)(F)C1=CC(I)=CC=C1I', 'FC1=C(C=O)C=CC(I)=C1', 'COC(=O)C1=C(F)C=CC(I)=C1', 'OCC1=CC(I)=CC(Cl)=C1', 'IC1=CC(=CC(I)=C1)C#N', 'FC1=C(Cl)C=C(I)C=C1Cl', 'FC(F)(F)C(=O)CC1=CC=C(I)C=C1', 'CCC1=CC=C(I)C=C1C(O)=O', 'CCOC(=O)C1=CC(OC)=CC(I)=C1', 'ClC1=CC=C(I)C=C1I', 'CC(=O)C1=CC=C(I)C=C1', 'OC(=O)\\C=C\\C1=CC=C(I)C=C1', 'CCOC(=O)CC(=O)C1=CC=C(I)C=C1', 'NC(=O)C1=CC(I)=CC=C1', 'OC(=O)C1=CC(I)=CC(I)=C1', 'CNC(=O)C1=CC=CC(I)=C1', 'COC(=O)C1=C(Br)C=C(I)C=C1', 'IC1=CC(I)=CC=C1']"
4,"[1.492565332407508, 2.0938916998928834]",2.102402855720981,"['COC1=C(C=O)C(I)=CC=C1', 'NC1=CC(I)=C(C=C1)N(=O)=O']","['CC(C)(C)NC(=O)C1=CC=CC(I)=C1', 'COC(=O)C1=C(I)C=CC(O)=C1', 'COC1=C(Cl)C=CC(I)=C1', 'CC(C)(C)OC(=O)C1=CC(I)=CC=C1', 'IC1=CC=C(OC2=C(C=O)C=CC=C2)C=C1', 'COC(=O)C1=C(Cl)C=C(C)C(I)=C1', 'COC(=O)C1=C(I)C=CC=C1Cl', 'IC1=CC=CC(=C1)C1=CC=CC=C1', 'CC1=C(F)C=C(C=C1I)C(=O)NC1CC1', 'OC(=O)C1=C(I)C=CC=C1Cl', 'ClCC1=CC(I)=C(CCl)C=C1', 'COC(=O)C1=CC(I)=CC(N)=C1', 'OC(=O)CC1=CC=CC(I)=C1', 'OC(=O)C1=C(I)C=CC=C1F', 'CC1=CC=C(I)C=C1F', 'COC(=O)C1=C(C)C=CC(I)=C1', 'CC(=O)OC1=CC=CC(I)=C1', 'FC1=CC=C(C=C1)C(=O)C1=CC=C(I)C=C1', 'CC1=CC=C(I)C(C(O)=O)=C1F', 'IC1=CC=C(C=C1)C(=O)C1=CC=CC=N1', 'COC(=O)C1=C(I)C=CC=C1F', 'COC(=O)C1=CC2=CC=CC=C2C=C1I', 'CC1=CC=C(I)C(C)=C1N(=O)=O', 'CC1=C(I)C=C(C=C1F)C(O)=O', 'CC1=CC(I)=CC(F)=C1', 'OC1=C(Cl)C=CC(I)=C1', 'NC1=CC(I)=CC(=C1)C(O)=O', 'OC(=O)C1=CC(=CC=C1)C1=CC=C(I)C=C1', 'OC(=O)CCC1=NN=C(O1)C1=CC=CC=C1I', 'CC1=CC=C(C=C1)C(=O)C1=CC(I)=CC=C1', 'COC(=O)C1=CC=C(I)C=C1OC', 'CCOC(=O)C1=CC2=CC=CC=C2C=C1I', 'CCOC(=O)C1=CC(I)=CC=C1C', 'COC(=O)C1=C(C)C(I)=CC=C1', 'CC(=O)C1=C(I)C=CC(F)=C1', 'IC1=CC=C(OC2=NC=CC=N2)C=C1', 'COC1=CC(I)=CC=C1I', 'OCC1=C(Cl)C=CC=C1I', 'CC1=C(F)C=C(F)C=C1I', 'OCC1=CC(I)=CC(F)=C1', 'CC1=CC=C(C=O)C=C1I', 'FC(F)C1=CC(I)=CC=C1', 'ClC1=CC2=C(C=C1)C=C(I)C=C2', 'FC(F)(F)C(=O)NC1=CC(I)=CC=C1']"
5,"[2.7952971175111547, 2.8707967836926254]",2.1231318755113118,"['FC1=CC(=CC(I)=C1)N(=O)=O', 'IC1=CC(=CC=C1)N(=O)=O']","['CC(C)(C)OC(=O)C1=CC=C(I)C=C1', 'CC1=CC(I)=C(C=O)C=C1', 'OC(=O)C1=C(I)C=CC(Br)=C1F', 'CC1=C(C=CC=C1I)C#N', 'OC(=O)C1=C(Br)C=C(I)C=C1', 'OC1=C(C=O)C(I)=CC=C1', 'IC1=CC=C(C=C1)C(=O)NC1CC1', 'FC(F)(F)C1=CC=C(C=O)C(I)=C1', 'IC1=C(C=O)C=CC=C1', 'COC1=C(C(O)=O)C(I)=CC=C1', 'ClC1=CC=C(C=C1)C(=O)C1=CC=C(I)C=C1', 'CC1=CC=C(C=C1I)C(O)=O', 'CCOC(=O)C1=CC(I)=C(C)C=C1', 'CC1=C(I)C=CC=C1N(=O)=O', 'IC1=CC=C(C=C1)C1=CC=C(O1)C=O', 'IC1=C(C=CC=C1)C#N', 'CC1=C(C)C=C(C=O)C(I)=C1', 'IC1=CC=C(C=O)C=C1', 'IC1=C(C=CC=C1)C(=O)CC1=CC=CC=C1', 'OC(=O)C1=CC=C(I)C=C1O', 'IC1=C(C=CC=C1)N=C=S', 'IC1=CC=CC(=C1)C#N', 'FC1=CC=C(C=O)C(I)=C1', 'CCC1=C(I)C=C(C=C1)C(O)=O', 'OC(=O)C1=C(O)C=CC=C1I', 'CC1=C(I)C=CC=C1C=O', 'FC1=CC(C=O)=C(I)C=C1', 'COC1=CC(I)=CC=C1C#N', 'COC(=O)C1=C(O)C=C(I)C=C1', 'OC(=O)C1=CC(I)=C(C=C1)N1C=CC=N1', 'COC1=CC(I)=C(C=O)C=C1OC', 'OC(=O)C1=CC=C(I)C=C1F', 'IC1=CC=C(C=C1)C(=O)C1=CC=CC(=C1)C#N', 'CCCNC(=O)C1=CC=C(I)C=C1', 'IC1=CC=CC=C1C(=O)CC#N', 'COC1=CC(I)=C(C=O)C=C1', 'CC1=CC(C=O)=C(I)C=C1', 'OC1=CC2=C(C=CC=C2)C(I)=C1', 'CC1=CC(I)=C(C)C=C1N(=O)=O', 'CC1=CC(C=O)=C(C)C=C1I', 'IC1=CC=C(C=C1)C(=O)CC1=CC=CC=C1', 'NC1=C(C(O)=O)C(I)=CC=C1']"
6,"[3.4794571114751234, 4.647237671241276]",2.150769082093608,"['IC1=CC=C(C#N)C(=C1)C#N', 'IC1=CC(=CC(=C1)C#N)N(=O)=O']","['IC1=CC=C(C=C1)N(=O)=O', 'BrCC1=CC=C(I)C=C1N(=O)=O', 'OC(=O)C1=CC(I)=CC=C1O', 'FC1=CC(I)=CC=C1N(=O)=O', 'IC1=CC(=CC(I)=C1)N(=O)=O', 'OC1=C(C(I)=CC=C1)N(=O)=O', 'FC1=CC=CC(I)=C1C#N', 'FC(F)(F)C1=CC(=CC(I)=C1)N(=O)=O', 'ClC1=CC(I)=CC(=C1)N(=O)=O', 'ClC1=CC(I)=CC(Cl)=C1C=O', 'CC1=C(C)C=C(C(I)=C1)N(=O)=O', 'FC(F)(F)C1=CC(I)=C(C=C1)C#N', 'CC1=C(C(I)=CC=C1)N(=O)=O', 'FC1=CC(I)=CC(F)=C1C=O', 'FC(F)(F)C1=C(C=C(I)C=C1)C#N', 'OC(=O)CCCCC(=O)C1=CC=C(I)C=C1', 'FC1=C(C(I)=CC=C1)N(=O)=O', 'NC(=O)C1=C(I)C=C(C=C1)N(=O)=O', 'FC1=C(C=O)C(I)=CC=C1Br', 'CC1=C(I)C=C(Cl)C=C1N(=O)=O', 'OCC1=CC(=C(I)C=C1)N(=O)=O', 'IC1=CC(=C(I)C=C1)N(=O)=O', 'ClC1=CC(I)=C(C=C1)C#N', 'BrC1=C(C=C(I)C=C1)N(=O)=O', 'BrC1=C(C=O)C(I)=CC=C1', 'FC1=C(C=C(I)C=C1)C#N', 'IC1=CC(C=O)=CC=C1C=O', 'ClC1=C(C=CC(I)=C1)C#N', 'COC(=O)C1=C(C=C(I)C=C1)S(N)(=O)=O', 'FC(F)(F)C(=O)C1=CC=C(I)C=C1', 'FC(F)(F)C1=CC=C(I)C(=C1)C#N', 'FC1=C(C=C(I)C=C1)N(=O)=O', 'IC1=CC(=C(C=O)C=C1)N(=O)=O', 'OC(=O)C1=CC(I)=CC(=C1)N(=O)=O', 'COC1=CC(C=O)=C(I)C=C1', 'FC1=C(C=CC(I)=C1)C#N', 'IC1=CC2=CC=CC=C2C=C1N(=O)=O', 'IC1=CC=C(C=C1)N1C(=O)C=CC1=O', 'COC(=O)C1=CC(=CC=C1I)C#N', 'COC1=C(C(I)=CC=C1)N(=O)=O']"
7,"[1.815649625979656, 1.9867125967751507]",2.282791875706419,"['BrC1=C(I)C=C(C=C1)N(=O)=O', 'ClC1=C(I)C=C(C=C1)N(=O)=O']","['IC1=CC=C(C=C1)C(=O)NCC1CC1', 'CCOC(=O)C1=CC(=C(I)C=C1)N(=O)=O', 'OC(=O)C1=CC=C(I)C(=C1)N(=O)=O', 'BrC1=C(C=CC(I)=C1)C#N', 'BrC1=CC=C(C=O)C(I)=C1', 'COC(=O)C1=CC(=C(I)C=C1)N(=O)=O', 'ClC1=CC=C(I)C(=C1)N(=O)=O', 'COC1=CC=C(I)C=C1C(O)=O', 'OC1=C(C=C(I)C=C1)N(=O)=O', 'CC1=CC(=CC=C1I)C(O)=O', 'FC(F)(F)C1=CC(I)=CC=C1C#N', 'CC1=CC(C)=C(I)C=C1C(O)=O', 'CC1=C(C=C(C=C1I)N(=O)=O)C(O)=O', 'COC(=O)C1=C(I)C=C(C=C1)N(=O)=O', 'COC(=O)C1=CC=C(I)C(=C1)C(F)(F)F', 'CS(=O)(=O)C1=CC(=CC(I)=C1)S(C)(=O)=O', 'OC(=O)C1=C(I)C=CC=C1N(=O)=O', 'BrC1=CC=CC(I)=C1C#N', 'FC1=C(Br)C=CC(I)=C1C#N', 'IC1=CC=C(C=C1)C(=O)ON1C(=O)CCC1=O', 'FC(F)(F)C1=CC(=C(I)C=C1)N(=O)=O', 'COC1=CC(I)=CC(C=O)=C1O', 'IC1=CC(=CC(=C1)N(=O)=O)N(=O)=O', 'BrC1=CC(I)=CC(=C1)N(=O)=O', 'COC1=C(OC)C(I)=CC(C=O)=C1', 'CC(C)C1=CC=C(I)C(=C1)N(=O)=O', 'COC(=O)C1=C(I)C=CC(=C1)N(=O)=O', 'OC(=O)C1=CC=C(Br)C=C1I', 'FC1=CC=C(C(I)=C1)N(=O)=O', 'FS(=O)(=O)C1=CC=C(I)C=C1', 'COC1=C(C=C(I)C=C1)N(=O)=O', 'NC(=O)C1=CC=C(I)C(=C1)N(=O)=O', 'IC1=CC(=CC=C1N(=O)=O)C1=CC=CC=C1', 'BrC1=CC=C(C#N)C(I)=C1', 'COC1=C(OC)C(=CC(I)=C1)C(O)=O', 'CC(C)NC(=O)C1=CC=C(I)C=C1', 'OC(=O)C1=C(I)C=CC(=C1)C#N']"
8,"[2.2589462862418674, 2.9480392762976435]",2.387666611937589,"['FC1=C(I)C=C(C=C1)N(=O)=O', 'IC1=C(C=CC(=C1)N(=O)=O)C#N']","['IC1=CC=CC=C1C(=O)C1=NC=CC=C1', 'FC(F)(F)C1=CC(I)=C(C=C1)N(=O)=O', 'OC(=O)C1=CC=CC(I)=C1Cl', 'BrC1=CC(=C(I)C=C1)N(=O)=O', 'COC1=C(C=O)C=C(Br)C=C1I', 'ClC1=C(C(I)=CC=C1)N(=O)=O', 'OC(=O)C1=CC=C(Cl)C(I)=C1', 'BrC1=C(I)C=CC(C=O)=C1', 'CC(=O)C1=CC=C(I)C(Br)=C1', 'COC1=CC=C(I)C(=C1)N(=O)=O', 'OC1=CC=C(I)C=C1C=O', 'BrC1=C(C(I)=CC=C1)N(=O)=O', 'FC(F)(F)C1=CC=C(CBr)C(I)=C1', 'COC(=O)C1=C(OC)C=C(I)C(Cl)=C1', 'COC1=C(I)C=CC(=C1)N(=O)=O', 'COC(=O)C1=C(Cl)C(O)=C(I)C=C1', 'OC1=CC(I)=CC=C1N(=O)=O', 'OC(=O)C1=CC=C(CBr)C(I)=C1', 'COC1=C(C=C(Cl)C(I)=C1)C(O)=O', 'FC(F)(F)OC1=CC=C(I)C(=C1)N(=O)=O', 'CC1=C(I)C=CC(=C1)N(=O)=O', 'IC1=C(C=C(C=C1)C#N)N(=O)=O', 'CC1=C(C=C(I)C(Cl)=C1)C(O)=O', 'ClC1=C(I)C=C(C=O)C=C1', 'BrC1=CC(I)=C(C=C1)N(=O)=O', 'CC(C)(C)OC(=O)CC1=CC(I)=CC=C1N(=O)=O', 'CC(=O)C1=CC(I)=CC=C1O', 'OC(=O)C1=CC(Br)=C(Cl)C=C1I', 'BrC1=C(I)C=CC=C1N(=O)=O', 'FC(F)(F)C1=C(I)C=CC(=C1)C#N', 'COC1=CC(I)=C(C=C1I)N(=O)=O', 'OC1=C(C=O)C=C(I)C=C1I', 'BrCC1=CC=C(C=C1I)N(=O)=O', 'COC(=O)C1=C(Cl)C=C(Cl)C(I)=C1', 'OC(=O)C1=CC(I)=CC(I)=C1O', 'FC1=CC(=C(I)C=C1)N(=O)=O']"
9,"[1.3135086870444423, 2.5018282309646542]",2.4487108408688196,"['IC1=CC=C(OC2=CC=C(C=C2)N(=O)=O)C=C1', 'IC1=CC=C(C=C1)C1=CC=C(C=C1)N(=O)=O']","['CC(=O)C1=CC(I)=C(Br)C=C1', 'CC(=O)OC1=C(I)C=C(C=O)C=C1I', 'OC1=C(I)C=CC=C1N(=O)=O', 'IC1=CC(=CC=C1)C(=O)NCC1=CC=CC=C1', 'COC(=O)C1=CC(I)=C(C)C=C1C', 'OC(=O)C1=C(Cl)C=C(I)C=C1Cl', 'BrC1=C(I)C=CC(=C1)N(=O)=O', 'CCOC(=O)C1=C(O)C=CC(I)=C1', 'COC(=O)C1=CC=C(I)C(O)=C1', 'CC1=CC(I)=C(O)C(=C1)C(O)=O', 'OC1=C(I)C=CC(=C1)N(=O)=O', 'OC1=C(C=O)C=C(OC(F)(F)F)C=C1I', 'OC(=O)C1=CC=C(I)C(O)=C1', 'OC1=C(F)C=C(I)C=C1I', 'COC1=C(OCC=C)C(I)=CC(C=O)=C1', 'COC1=CC(C=O)=C(OC)C=C1I', 'BrC1=C(I)C=C(C=O)C=C1', 'FC1=C(Br)C=C(C(I)=C1)N(=O)=O', 'COC1=CC(=CC=C1I)C(O)=O', 'CCOC(=O)C1=C(I)C=CC=C1F', 'COC(=O)C1=C(O)C=CC(I)=C1', 'FC1=CC=C(C=C1)C(=O)C1=C(I)C=CC=C1', 'IC1=CC=C(C=C1)S(=O)(=O)N1CCCC1', 'OC1=C(I)C=C(C=C1C=O)N(=O)=O', 'OC(=O)C1=CC(OC(F)(F)F)=C(I)C=C1', 'FC1=CC(=CC=C1)C(=O)C1=C(I)C=CC=C1', 'COC(=O)C1=C(F)C=C(Cl)C(I)=C1', 'CC(C)(C)NC(=O)C1=CC=C(I)C=C1', 'COC1=C(I)C=CC(C=O)=C1', 'CC(C)(C)OC(=O)NC1=CC(=CC(I)=C1)C(O)=O', 'OS(=O)(=O)C1=CC=CC(I)=C1', 'BrC1=C(C=O)C=CC=C1I', 'NNC(=O)C1=C(O)C=CC(I)=C1', 'CCOC(=O)C1=C(Cl)C=C(I)C=C1']"
