,obj_values ['rate'],Vendi_score,eval_samples,cut_samples
0,"[1.4808472359897986, 2.6741010984539253]",1.4064028273511227,"['OC1=C(F)C=C(I)C=C1', 'COC(=O)C1=CC=CC(I)=C1']",[]
1,"[1.355342621995295, 1.5029065600910783]",1.5013098228358863,"['IC1=CC=CC(=C1)C1=CC=CC=C1', 'CC1=CC(=CC(I)=C1)C#N']","['OC(=O)C1=CC(I)=CC=C1Cl', 'SC1=CC=C(I)C=C1Cl', 'CC(OC1=CC=C(I)C=C1)C(C)=O', 'ONC(=O)C1=CC(I)=CC=C1', 'CC1=C(Cl)C=C(I)C=C1', 'CC1=CC=C(I)C=C1C=O', 'IC1=CC(I)=CC=C1', 'IC1=CC=CC(OC2=NC=CC=N2)=C1', 'COC1=C(F)C=C(I)C=C1F', 'COC1=C(F)C=CC(I)=C1', 'COC(=O)C1=CC(OC)=CC(I)=C1', 'OC1=C(Cl)C=CC(I)=C1', 'CC(=O)OC1=CC=C(I)C=C1', 'IC1=CC=CC(=C1)N=C=S', 'COC1=C(F)C=C(I)C=C1', 'OC1=C(F)C=C(I)C=C1F', 'CC1=CC(=CC(I)=C1)C(O)=O', 'CCOC(=O)C1=CC(I)=CC=C1C', 'CC(=O)NC1=C(Cl)C=C(I)C=C1', 'CC1=C(C=C(I)C=C1)C#N', 'CC1=C(C=C(I)C=C1Cl)C(O)=O', 'OC(=O)COC1=CC=C(I)C=C1', 'CCOC(=O)C1=CC=CC(I)=C1', 'CC(C)(C)OC(=O)C1=CC(I)=CC=C1', 'CNC(=O)C1=CC=CC(I)=C1', 'OC1=C(F)C=CC(I)=C1', 'IC1=CC=C(C=C1)N1C=CC=N1', 'COC(=O)C1=CC(I)=CC(F)=C1', 'NC(=O)C1=CC(I)=CC=C1', 'IC1=CC=C(C=C1)N=C=O', 'IC1=CC=C(OCC#N)C=C1', 'FC(F)(F)C(=O)CC1=CC=C(I)C=C1', 'CC1=CC=C(I)C=C1F', 'IC1=CC=C(OC2=NC=CC=N2)C=C1', 'COC(=O)C1=CC(I)=CC(F)=C1F', 'CCCNC(=O)C1=CC=CC(I)=C1', 'CCC1=CC=C(I)C=C1C(O)=O', 'COC(=O)C1=CC(Cl)=CC(I)=C1', 'CCOC(=O)C1=C(F)C=CC(I)=C1', 'COC(=O)C1=C(F)C=CC(I)=C1', 'OC1=CC=C(I)C=C1C(F)(F)F', 'COC1=CC(=CC(I)=C1)C(O)=O', 'COC1=C(Cl)C=CC(I)=C1', 'COC(=O)C1=C(C)C=CC(I)=C1', 'FC(F)OC1=CC=C(I)C=C1', 'COC(=O)C1=C(Cl)C=CC(I)=C1', 'OC(=O)C1=CC(I)=CC(O)=C1', 'COC(=O)C1=CC(I)=CC(O)=C1', 'IC1=CC=CC(=C1)C(=O)NC1CC1', 'COC(=O)C1=C(C)C(Cl)=CC(I)=C1', 'CC(=O)C1=CC(I)=CC=C1', 'CC1=CC(I)=CC(I)=C1']"
2,"[1.8267691546488731, 2.0210348529315234]",1.5207545149361648,"['COC(=O)C1=CC(=CC(I)=C1)C(=O)OC', 'COC(=O)C1=CC(I)=CC(=C1)C(O)=O']","['ONC(=O)C1=CC=C(I)C=C1', 'CCOC(=O)C1=CC(OC)=CC(I)=C1', 'CC(C)CC1=CC=C(I)C=C1', 'OCC1=CC(I)=CC(Cl)=C1', 'COC(=O)CC1=CC=CC(I)=C1', 'OC(=O)CC1=CC=CC(I)=C1', 'CC1=CC(Cl)=CC(I)=C1', 'CS(=O)(=O)NC1=CC=C(I)C=C1', 'IC1=CC=CC(CNC2CC2)=C1', 'IC1=CC=CC(=C1)C#N', 'CC(C)(C)NC(=O)C1=CC=CC(I)=C1', 'IC1=CC=CC(OCC#C)=C1', 'CC(=C)C1=CC=C(I)C=C1', 'ClC1=CC=C(I)C=C1I', 'IC1=CC=CC(C=C)=C1', 'IC1=CC=CC(=C1)N=C=O', 'CS(=O)(=O)NC1=CC(I)=CC=C1', 'IC1=CC(C=O)=CC=C1', 'IC1=CC=C(C=C1)C1=CC=CC=C1', 'FC(F)(F)C(=O)NC1=CC(I)=CC=C1', 'NCCC1=CC=C(I)C=C1', 'CC(N)C1=CC=C(I)C=C1', 'OC(=O)CC1=CC=C(I)C=C1', 'IC1=CC=C(CC#C)C=C1', 'IC1=CC=C(C=C1)C#C', 'OC(=O)CCC1=CC(I)=CC=C1', 'C[C@H](O)C1=CC=C(I)C=C1', 'OCCC1=CC=C(I)C=C1', 'IC1=CC=C(C=C)C=C1', 'OC(=O)COC1=CC=CC(I)=C1', 'OC(=O)C1(CC1)C1=CC=C(I)C=C1', 'CC1=CC(I)=CC(F)=C1', 'CC(C)C1=CC=C(I)C=C1', 'CC(=O)SCC1=CC(I)=CC=C1', 'CCCCC1=CC=C(I)C=C1', 'FC(F)OC1=CC(I)=CC=C1', 'CN(C)C(=O)C1=CC(I)=CC=C1', 'OCC1=CC(I)=CC(I)=C1', 'IC1=CC=C(C=C1)N1C=CC=C1', 'CC(O)C1=CC=C(I)C=C1', 'FC(F)(F)C(=O)NC1=CC=C(I)C=C1', 'NC1(CC1)C1=CC=C(I)C=C1', 'OC(=O)C1=CC(Cl)=CC(I)=C1', 'FC(F)C(F)(F)OC1=CC=C(I)C=C1', 'CC(C)NC(=O)C1=CC=CC(I)=C1', 'NC(=O)CC1=CC=C(I)C=C1', 'ClCC(=O)NC1=CC(I)=CC=C1', 'COC1=CC(I)=CC=C1CO', 'CC(=O)OC1=CC=CC(I)=C1']"
3,"[2.315881138546483, 2.9045642978908734]",1.5465893822371408,"['COC(=O)C1=C(O)C=CC(I)=C1', 'CCOC(=O)C1=C(O)C=CC(I)=C1']","['ClC1=CC2=C(C=C1)C=C(I)C=C2', 'CC1=CC=C(C=C1)C(=O)C1=CC(I)=CC=C1', 'IC1=CC=C(C=C1)C(=O)NC1CC1', 'COC(=O)C1=CC(I)=CC(Br)=C1', 'CC(C)NC(=O)C1=CC=C(I)C=C1', 'OC(=O)\\C=C\\C1=CC=C(I)C=C1', 'OC(=O)C1=C(C=C(I)C=C1)C(F)(F)F', 'CCCNC(=O)C1=CC=C(I)C=C1', 'OC(=O)C1=CC(I)=CC(F)=C1F', 'IC1=CC(=CC=C1)C(=O)NCC1=CC=CC=C1', 'IC1=CC=C(C=C1)C(=O)CCCC#N', 'ClC1=CC=C(I)C=C1C=O', 'CCC(=O)C1=CC=C(I)C=C1', 'FC1=CC(I)=CC(C=O)=C1', 'CCOC(=O)CC(=O)C1=CC=CC(I)=C1', 'IC1=CC(C=O)=CC(I)=C1', 'OC(=O)C1=CC(I)=CC(Cl)=C1F', 'OC(=O)C1=C(C=C(I)C=C1)C(O)=O', 'CC(=O)C1=CC=C(I)C=C1', 'FS(F)(F)(F)(F)C1=CC=CC(I)=C1', 'IC1=CC=CC(=C1)C(=O)CC#N', 'IC1=CC=C(I)C(=C1)C#N', 'COC(=O)C1=CC(=CC(I)=C1)C(F)(F)F', 'OC(=O)C1=CC(I)=CC(=C1)C(F)(F)F', 'FC1=C(C=C(I)C=C1)C#N', 'COC(=O)C1=CC=C(I)C=C1OC', 'CCOC(=O)C1=CC=C(I)C=C1F', 'FC1=CC=C(C=C1)C(=O)C1=C(Cl)C=CC(I)=C1', 'ClC1=CC(=CC(I)=C1)C#N', 'OC(=O)C1=CC(=CC=C1)C1=CC=C(I)C=C1', 'IC1=CC(=CC=C1)C(=O)ON1C(=O)CCC1=O', 'OC(=O)C1=CC(I)=CC=C1O', 'IC1=CC=CC(=C1)C(=O)C1=CC=CC=C1', 'FC(F)(F)C1=CC(I)=CC(=C1)C#N', 'COC(=O)C1=CC=C(I)C=C1C(=O)OC', 'OC(=O)C1=CC(I)=CC(I)=C1', 'OC(=O)CCC(=O)C1=CC=C(I)C=C1', 'CNC(=O)C1=C(F)C=C(I)C=C1', 'FC(F)(F)C1=CC(C=O)=CC(I)=C1', 'OC(=O)C1=C(Cl)C=C(I)C=C1', 'CC(C)(C)OC(=O)C1=CC=C(I)C=C1', 'OC(=O)C1=CC(I)=CC=C1Br', 'OC(=O)\\C=C\\C1=CC=CC(I)=C1', 'COC1=C(C=CC(I)=C1)C(O)=O', 'COC(=O)C1=CC(I)=CC=C1Br', 'IC1=CC(C=O)=CC(C=O)=C1', 'IC1=CC=C(C=C1)C(=O)C1=CC=CC=C1']"
4,"[1.9064183963225692, 1.414210892123264]",1.6479411562284703,"['NC1=C(C=C(I)C=C1)C(=O)C1=CC=CC=C1', 'CCOC(=O)C1=CC(I)=CC=C1N']","['OCC(=O)C1=CC=C(I)C=C1', 'COC(=O)C1=C(C(=O)OC)C(I)=CC=C1', 'CC(=O)C1=CC(Br)=CC(I)=C1', 'IC1=CC=C(NC(=O)C2=CC=CC=C2)C=C1', 'CC1=C(C=C(Cl)C=C1I)C(O)=O', 'CC1=CC=C(I)C=C1N(=O)=O', 'CC1=C(I)C=C(C=C1F)C(O)=O', 'ClCC(=O)C1=CC=C(I)C=C1', 'IC1=CC=C(NC2=NC=CC=N2)C=C1', 'CC(C)(C)C1=CC(I)=CC(C=O)=C1O', 'NC1=CC(I)=CC(=C1)C(O)=O', 'CCOC(=O)CC(=O)C1=CC=C(I)C=C1', 'CC(C)(C)OC(=O)NC1=CC(=CC(I)=C1)C(O)=O', 'NC1=CC=C(I)C=C1C#N', 'COC1=CC=C(I)C=C1C(O)=O', 'CC(C)(C)OC(=O)C1=C(O)C=CC(I)=C1', 'COC1=C(OC)C(=CC(I)=C1)C(O)=O', 'OC1=C(F)C=C(I)C=C1I', 'CC(=O)C1=C(Br)C=CC(I)=C1', 'COC(=O)C1=C(I)C=CC(O)=C1', 'IC1=CC=C(C=C1)C(=O)NCC1CC1', 'OC1=CC=C(I)C=C1C=O', 'NC(=O)C1=C(O)C=CC(I)=C1', 'COC(=O)C1=C(Cl)C=C(C)C(I)=C1', 'IC1=CC=C(OC2=C(C=O)C=CC=C2)C=C1', 'BrCC(=O)C1=CC(I)=CC=C1', 'CC(=O)C1=CC(I)=CC=C1O', 'COC(=O)C1=CC2=CC=CC=C2C=C1I', 'FC1=CC=C(C=C1)C(=O)C1=CC=C(I)C=C1', 'OC(=O)C1=CC(I)=CC(I)=C1O', 'IC1=CC=C(C=C1)C(=O)CC1=CC=CC=C1', 'IC1=CC2=C(C=C1)C1=C(C=CC=C1)C1=C2C=CC=C1', 'OC(=O)C1=CC=CC(I)=C1C(O)=O', 'OC1=C(Cl)C=C(I)C=C1I', 'CCOC(=O)C1=CC(I)=CC(Br)=C1', 'OC1=C(C=O)C=C(I)C=C1I', 'COC1=CC(I)=CC(C=O)=C1O', 'COC(=O)C1=C(I)C=CC(C)=C1', 'COC1=CC(I)=CC=C1I', 'FC(F)(F)C1=CC(I)=CC=C1I', 'COC(=O)C1=CC(I)=CC(N)=C1', 'OC(=O)C1=CC(Br)=CC(I)=C1', 'NNC(=O)C1=C(O)C=CC(I)=C1', 'CCOC(=O)C1=C(I)C=CC(C)=C1']"
5,"[3.512549900548402, 3.3228389856010927]",1.8012570658299105,"['CC1=NN=C(N=N1)C1=CC=C(I)C=C1', 'OC1=C(C=C(I)C=C1)N(=O)=O']","['CC1=CC(I)=C(O)C(=C1)C(O)=O', 'COC1=C(C=C(I)C=C1)N(=O)=O', 'NC1=C(C=O)C=C(I)C=C1', 'OC(=O)CCCCC(=O)C1=CC=C(I)C=C1', 'OC(=O)C1=CC(I)=C(C=C1)N1C=CC=N1', 'ClCC(=O)NC1=CC=C(I)C=C1', 'CCOC(=O)C1=C(I)C=CC(Cl)=C1', 'IC1=CC=C(C=C1)C(=O)NCC1=CC=CC=C1', 'COC1=C(OC)C(I)=CC(C=O)=C1', 'CC1=CC=C(C=C1I)C(O)=O', 'IC1=CC(=CC(=C1)C1=CC=CC=C1)C1=CC=CC=C1', 'CC(=O)NC1=C(OC(F)(F)F)C=C(I)C=C1', 'IC1=CC=C(C=C1)C(=O)C1=CC=CC(=C1)C#N', 'CC1=CC(I)=CC(I)=C1N', 'BrC1=CN=C(OC2=CC=C(I)C=C2)N=C1', 'NC1=C(Cl)C=C(I)C=C1Cl', 'COC(=O)C1=CC(I)=C(C)C=C1C', 'NC1=C(C=O)C=C(I)C=C1I', 'CC(=O)NC1=C(C=C(I)C=C1)C(F)(F)F', 'NC1=CC=C(I)C=C1N(=O)=O', 'CS(=O)(=O)C1=CC(=CC(I)=C1)S(C)(=O)=O', 'ClC1=CC=C(C=C1)C(=O)C1=CC=C(I)C=C1', 'COC(=O)C1=CC=CC=C1I', 'CC(C)(C)NC(=O)C1=CC=C(I)C=C1', 'CCOC(=O)C1=CC2=CC=CC=C2C=C1I', 'IC1=CC=C(OC2=CC=C(I)C=C2)C=C1', 'IC1=CC=C(C=C1)C(=O)C1=CC=CC=N1', 'CC1=CC(I)=CC(C(O)=O)=C1N', 'IC1=CC=C(C=C1)C1=CC=C(O1)C=O', 'OC(=O)C1=C(NC2=CC=C(I)C=C2Cl)C(F)=C(F)C=C1', 'BrC1=CC2=CC=C(I)C=C2C=C1', 'BrC1=C(C=C(I)C=C1)C#N', 'OC(=O)C1=C(NC2=CC=C(I)C=C2F)C=NC=C1', 'NC1=C(C=C(I)C=C1I)C(O)=O', 'OCC1=CC=C(I)C=C1N(=O)=O', 'OC(=O)C1=CC=C(I)C=C1F', 'BrC1=CC(C=O)=CC(I)=C1', 'CCOC(=O)C1=CC=CC=C1I', 'BrC1=CC(I)=CC(=C1)C#N', 'CCOC(=O)C1=CC(I)=C(C)C=C1', 'BrC1=C(C=O)C=C(I)C=C1', 'CC1=CC(C)=C(I)C=C1C(O)=O']"
6,"[2.5018282309646542, 3.1493731755393135]",1.9537321763005355,"['IC1=CC=C(C=C1)C1=CC=C(C=C1)N(=O)=O', 'IC1=CC=C(C=C1)\\N=N\\C1=CC=C(I)C=C1']","['ClC1=CC(I)=CC(=C1)N(=O)=O', 'IC1=CC=C(C=C1)N(=O)=O', 'CC1=CC(I)=CC(=C1)N(=O)=O', 'CC(C)(C)OC(=O)NC1=C(C=C(I)C=C1)N(=O)=O', 'ClC1=CC=C2OC(=O)C(=CC2=C1)C1=CC=C(I)C=C1', 'FC1=C(C=O)C=CC(I)=C1', 'IC1=CC=C(C=O)C=C1', 'OC(=O)C1=CC(I)=CC(=C1)N(=O)=O', 'ClC1=C(C=CC(I)=C1)N(=O)=O', 'CC1=CC=C(I)C(C)=C1N(=O)=O', 'IC1=CC=C(C=C1)C(=O)CC#N', 'CC1=CC=C(C=O)C=C1I', 'CC(=O)C1=CC(I)=C(C=C1)C(O)=O', 'CC1=C(I)C=CC=C1N(=O)=O', 'BrCC(=O)C1=CC=C(I)C=C1', 'FC1=C(C=C(I)C=C1)N(=O)=O', 'OC(=O)C1=C(C=CC(I)=C1)N(=O)=O', 'COC1=CC(I)=CC(=C1N)N(=O)=O', 'CNC1=CC=C(I)C=C1N(=O)=O', 'COC(=O)C1=CC(I)=C(C=C1)C(=O)OC', 'CC1=C(Cl)C=C(I)C(O)=C1I', 'COC(=O)C1=CC=C(I)C=C1N(=O)=O', 'FC(F)(F)C1=C(C=C(I)C=C1)C#N', 'COC1=C(C=CC(I)=C1)N(=O)=O', 'COC1=C(C=O)C=CC(I)=C1', 'OC(=O)C1=C(C=C(I)C=C1)N(=O)=O', 'FC(F)(F)C1=C(C=O)C=CC(I)=C1', 'FC1=CC(=CC(I)=C1)N(=O)=O', 'ClC1=C(C=C(I)C=C1)N(=O)=O', 'OC(=O)C1=CC=C(I)C=C1O', 'COC1=CC(=CC(I)=C1)N(=O)=O', 'COC(=O)C1=C(O)C=C(I)C=C1', 'IC1=CC=C(C=C1)N1C(=O)C=CC1=O', 'CC1=C(C=CC(I)=C1)N(=O)=O', 'COC1=CC(I)=CC=C1C#N', 'IC1=CC(=CC=C1)N(=O)=O', 'COC(=O)C1=C(C=C(I)C=C1)S(N)(=O)=O', 'OCC1=CC(=CC(I)=C1)N(=O)=O', 'FC(F)(F)C(=O)C1=CC=C(I)C=C1', 'IC1=CC(=C(I)C=C1)N(=O)=O']"
7,"[2.2750940565493107, 3.621671409253185]",2.0499912294320417,"['FC1=CC(I)=CC(F)=C1C=O', 'OC1=CC(I)=CC=C1N(=O)=O']","['NC1=NC(=CS1)C1=CC=C(I)C=C1', 'IC1=CC=C(C=C1)C1=CC=C(I)C=C1', 'CC(C)(C)OC(=O)C1=CC(Br)=CC(I)=C1', 'IC1=CC(=CC(I)=C1)N(=O)=O', 'CC1=C(I)C=C(Cl)C=C1N(=O)=O', 'CC1=C(F)C=C(C=C1I)C(=O)NC1CC1', 'CCOC(=O)C1=CC=C(C=C1)C(=O)C1=CC=C(I)C=C1', 'BrC1=C(C=C(I)C=C1)N(=O)=O', 'COC(=O)C1=C(I)C=C(C=C1)C(O)=O', 'BrC1=CC(I)=CC=C1C=O', 'BrC1=CC=C(C=C1)C(=O)C1=CC=C(I)C=C1', 'OC(=O)CCC1=NN=C(O1)C1=CC=CC=C1I', 'OC(=O)C1=C(I)C=CC(I)=C1', 'FC1=C2C=CC=CC2=CC(I)=C1', 'COC(=O)C1=C(Br)C=C(I)C=C1', 'COC1=C(OCC=C)C(I)=CC(C=O)=C1', 'COC(=O)C1=C(Cl)C=C(I)C=C1', 'CC(=O)C1=C(I)C=CC(F)=C1', 'IC1=CC(=C(C=O)C=C1)N(=O)=O', 'COC(=O)C1=CC=C(I)C=C1N', 'IC1=CC=C(C=C1)C1=CC2=CC=CC=C2OC1=O', 'CC1=CC=C(C(O)=O)C(I)=C1', 'IC1=CC2=C(C=CC=C2)C2=C1C=CC=C2', 'OC1=CC(I)=CC=C1C1=C(O)C=C(I)C=C1', 'OC(=O)C1=C(Br)C=C(I)C=C1', 'BrCC1=CC=C(I)C=C1N(=O)=O', 'IC1=CC=C(\\C=C\\C2=CC=C(I)C=C2)C=C1', 'IC1=CC=C(OC2=CC=C(C=C2)N(=O)=O)C=C1', 'OC(=O)C1=CC(I)=C(C=C1)C(O)=O', 'NC1=CC(I)=CC(I)=C1', 'CC(C)(C)OC(=O)CC1=CC(I)=CC=C1N(=O)=O', 'IC1=CC=C(C=C1)C(=O)ON1C(=O)CCC1=O', 'IC1=CC(=CC(I)=C1)C#N', 'FC(F)(F)C1=CC(=CC(I)=C1)N(=O)=O', 'COC(=O)C1=C(Cl)C(O)=C(I)C=C1', 'IC1=CC=C(C=C1)C(=O)OCC1=CC=CC=C1', 'CC1=C(Cl)C=C(I)C=C1Cl']"
8,"[1.5326316602144154, 2.9480392762976435]",2.195664500106198,"['OC1=C(I)C=CC=C1N(=O)=O', 'IC1=C(C=CC(=C1)N(=O)=O)C#N']","['IC1=C(C=CC=C1)N=C=S', 'IC1=CC(=CC(=C1)C#N)N(=O)=O', 'COC(=O)C1=CC=C(I)C(O)=C1', 'COC1=CC(C=O)=C(I)C=C1', 'IC1=CC(C=O)=CC=C1C=O', 'IC1=CC=C(OC2=CC=C(C=C2)C#N)C=C1', 'COC1=CC(=CC=C1I)C(O)=O', 'FC1=C(Cl)C=CC(I)=C1C=O', 'CCOC(=O)C1=CC(I)=C(C=C1)C#N', 'ClC1=C(C=CC(I)=C1)C#N', 'BrC1=C(C=CC(I)=C1)C#N', 'FC(F)(F)C1=CC=C(I)C(C=O)=C1', 'COC1=C(I)C=CC(=C1)N(=O)=O', 'FC(F)(F)C1=CC(I)=C(C=C1)C#N', 'FC1=CC(C=O)=C(I)C=C1', 'FC1=CC=CC(I)=C1C=O', 'COC1=CC(I)=C(C=O)C=C1OC', 'FC1=CC=C(C=O)C(I)=C1', 'BrC1=CC=C(C=C1)C1=CC=CC(I)=C1', 'OC(=O)C1=C(O)C=CC=C1I', 'CC1=C(C=CC=C1I)C#N', 'IC1=CC=C(C=C1)S(=O)(=O)N1CCCC1', 'FC1=CC(I)=CC=C1N(=O)=O', 'BrC1=CC(I)=CC(=C1)N(=O)=O', 'ClC1=CC(I)=C(C=C1)C#N', 'ClC1=CC(I)=CC(Cl)=C1C=O', 'CCOC(=O)C1=C(I)C=C(Cl)C=C1', 'OC1=C(C=O)C(I)=CC=C1', 'CC1=CC(I)=C(C)C=C1N(=O)=O', 'FC(F)(F)C1=CC=C(C=O)C(I)=C1', 'FC1=C(C=CC(I)=C1)C#N', 'ClC1=C(C=O)C(I)=CC=C1', 'IC1=CC(C=O)=C(I)C(I)=C1', 'CC1=CC(C=O)=C(I)C=C1', 'CC1=C(I)C=CC=C1C=O', 'OC(=O)C1=C(I)C=C(C=C1)C(F)(F)F']"
9,"[2.2095940483171823, 2.2916484009332447]",2.2747263598871994,"['FC1=CC=C(C(I)=C1)N(=O)=O', 'IC1=CC(I)=CC(I)=C1']","['NC1=C(I)C=C(C=C1N(=O)=O)C(F)(F)F', 'CC1=CC(I)=C(C=O)C=C1', 'CC1=C(C=C(C=C1I)N(=O)=O)C(O)=O', 'OCC1=CC(=C(I)C=C1)N(=O)=O', 'IC1=C(C=O)C=CC=C1', 'CC1=C(I)C=CC(=C1)N(=O)=O', 'FC1=C(C(I)=CC=C1)N(=O)=O', 'OC(=O)C1=CC=C(I)C(O)=C1', 'OC(=O)C1=C(I)C=C(F)C=C1', 'OC1=C(I)C=C(C=C1C=O)N(=O)=O', 'FC(F)(F)C1=CC=C(I)C(=C1)C#N', 'COC(=O)C1=CC(I)=C(O)C(I)=C1', 'FC(F)(F)C1=CC(I)=CC=C1C#N', 'OC(=O)C1=C(I)C=CC=C1N(=O)=O', 'FC1=CC=CC(I)=C1C#N', 'OC1=C(I)C=CC(=C1)N(=O)=O', 'CC1=C(C(I)=CC=C1)N(=O)=O', 'NC(=O)C1=C(I)C=C(C=C1)N(=O)=O', 'COC1=CC(O)=C(C=O)C=C1I', 'COC1=CC(C=O)=C(OC)C=C1I', 'OC1=C(C=O)C=C(OC(F)(F)F)C=C1I', 'IC1=CC2=CC=CC=C2C=C1N(=O)=O', 'OC1=C(C(I)=CC=C1)N(=O)=O', 'BrC1=CC=C(I)C(=C1)C#N', 'IC1=CC(=CC(=C1)N(=O)=O)N(=O)=O', 'OC(=O)C1=C(I)C=C(C=C1)C#N', 'CC1=CC(C=O)=C(C)C=C1I', 'IC1=C(C=CC=C1)C#N', 'COC(=O)C1=CC(I)=C(N)C(=C1)N(=O)=O', 'COC(=O)C1=C(I)C=C(C=C1)N(=O)=O', 'NC1=C(I)C=C(Cl)C=C1N(=O)=O', 'NC1=C(I)C=C(I)C=C1N(=O)=O', 'OC(=O)C1=CC(I)=C(C=C1)C(F)(F)F', 'COC1=C(I)C=CC(C=O)=C1']"
