,obj_values ['rate'],Vendi_score,eval_samples,cut_samples
0,"[2.328498338102231, 1.426167698675516]",1.3330389142069452,"['COC(=O)C1=C(I)C=C(Br)C=C1C', 'CCOC(=O)C1=CC(I)=C(OC)C=C1']",[]
1,"[2.2120880098210063, 1.395552944076068]",1.5475479185318033,"['BrCC1=CC=C(Br)C=C1I', 'CCOC(=O)C1=C(Cl)C=C(I)C=C1']","['COC(=O)C1=CC(I)=C(O)C=C1', 'COC1=C(I)C=C(C=C1)C(O)=O', 'OC(=O)COC1=C(I)C=C(Cl)C=C1', 'CON(C)C(=O)C1=C(I)C=CC(Br)=C1', 'ClCC1=CC(Br)=CC=C1I', 'CC1=C(I)C=C(F)C(Br)=C1', 'COC1=C(F)C=CC=C1I', 'FC(F)(F)C1=CC=C(I)C(CBr)=C1', 'FC(F)OC1=CC=CC=C1I', 'IC1=C(C=CC=C1)N=C=S', 'COC(=O)C1=C(F)C(Br)=CC=C1I', 'CC1=C(I)C=C(CBr)C=C1', 'COC(=O)C1=C(I)C=CC=C1Cl', 'COC(=O)C1=C(I)C=CC=C1OC', 'COC(=O)C1=C(I)C=CC=C1F', 'CC1=C(I)C=C(Br)C=C1', 'CS(=O)(=O)NC1=CC=CC=C1I', 'OC(=O)C1=C(Br)C=CC=C1I', 'CCOC(=O)C1=C(I)C=CC=C1F', 'OCC1=C(I)C=C(C=C1)C(F)(F)F', 'OC(=O)C1=C(I)C=CC(F)=C1Cl', 'OC(=O)CC1=CC=C(Br)C=C1I', 'NC(=O)C1=C(I)C=CC(Br)=C1F', 'COC(=O)C1=CC(I)=C(OC2=CC=CC=C2)C=C1', 'CC(=O)NC1=C(OC(F)(F)F)C=C(I)C=C1', 'OC(=O)C1=C(I)C=CC=C1Cl', 'CCNC(=O)C1=CC(Br)=CC=C1I', 'FC1=CC(I)=C(NC(=O)CCl)C=C1', 'COC1=CC=C(I)C(C(O)=O)=C1F', 'IC1=CC=CC=C1N=C=O', 'OC(=O)CC1=C(I)C=C(Cl)C=C1', 'NCC1=C(I)C=CC(Br)=C1', 'COC(=O)C1=CC(I)=C(OC(F)F)C=C1', 'ClCC(=O)NC1=CC=CC=C1I', 'OC1=C(Cl)C=C(Br)C=C1I', 'NC(=O)C1=CC(O)=C(I)C=C1', 'OC1=CC(=CC=C1I)C(=O)N1CCOCC1', 'FC1=CC=CC(I)=C1CBr', 'ClCC1=CC(I)=C(CCl)C=C1', 'COC1=C(I)C=C(Br)C=C1F', 'CCN(CC)C(=O)C1=CC(O)=C(I)C=C1', 'COCOC1=C(I)C=CC=C1F', 'CCCNC(=O)C1=CC=CC=C1I', 'CCOC(=O)COC1=CC=CC=C1I', 'FC(F)(F)OC1=C(I)C=C(Br)C=C1', 'CC(=O)NC1=C(C=C(I)C=C1)C(F)(F)F', 'COC1=CC=C(C=C1I)C(F)(F)F', 'CC(C)(C)NC(=O)C1=CC=CC=C1I', 'CC1=CC=C(I)C(C(O)=O)=C1F', 'BrC(C1=CC=CC=C1)C1=C(I)C=CC=C1', 'OC1=CC=C(OC(F)(F)F)C=C1I', 'CC1=C(I)C=C(C=C1)C(F)(F)F']"
2,"[1.279428069014106, 1.3112651604718912]",1.872825886365813,"['COC(=O)C1=CC(Br)=CC(C(=O)OC)=C1I', 'CC(C)(C)C1=CC=C(I)C(Br)=C1']","['FC(F)(F)C(=O)NC1=CC(I)=CC=C1', 'ClC1=CC=C(I)C=C1CBr', 'CC1=CC=C(I)C=C1Br', 'OCC1=CC(Br)=CC(I)=C1', 'OC(=O)C1=C(I)C=CC(Br)=C1F', 'FC(F)(F)C1=CC(Br)=CC(I)=C1', 'OS(=O)(=O)C1=CC=CC(I)=C1', 'CC1=C(N=NN1C1=CC=C(I)C=C1)C(O)=O', 'CS(=O)(=O)NC1=CC(I)=CC=C1', 'CC(C)(C)C1=CC(I)=CC(Br)=C1', 'NNS(=O)(=O)C1=CC=C(I)C=C1', 'CC1=CC(Br)=CC(I)=C1', 'IC1=CC=C(OC2=CC=C(C=C2)C#N)C=C1', 'IC1=CC=CC(=C1)C(=O)N1CCOCC1', 'CS(=O)(=O)NC1=CC=C(I)C=C1F', 'CC(Br)C(=O)N(C)C1=CC=C(I)C=C1', 'ClC1=CC(I)=CC=C1Br', 'CNS(=O)(=O)C1=CC=C(I)C=C1', 'CC1=C(Cl)C=C(I)C=C1Cl', 'CN(C)C(=O)C1=CC(I)=CC=C1', 'FC(F)(F)OC1=C(Cl)C=C(I)C=C1', 'FC(F)(F)C1=C(Cl)C=CC(I)=C1', 'BrC1=CC=C(C=C1)C1=CC=CC(I)=C1', 'FC1=CC(I)=CC=C1CBr', 'FC(F)C1=CC(Br)=CC(I)=C1', 'COC(=O)C1=C(Cl)C=C(I)C=C1', 'BrC1=C(CC#N)C=C(I)C=C1', 'CN(C)S(=O)(=O)C1=CC=C(I)C=C1', 'FC(F)(F)OC1=CC=C(I)C=C1Br', 'NS(=O)(=O)C1=CC=C(I)C=C1', 'CC(C)C1=CC(I)=CC(Br)=C1', 'FC(F)(F)C1=CC=C(I)C=C1Br', 'O[C@@H]1CCN(C1)S(=O)(=O)C1=CC=C(I)C=C1', 'FC(F)C(F)(F)OC1=CC=C(I)C=C1', 'FC(F)(F)C1=CC=C(Br)C=C1I', 'FC(F)(F)C(F)(C1=CC=C(I)C=C1)C(F)(F)F', 'OCC1=C(Cl)C=C(I)C=C1Cl', 'NC(=O)C1=C(Br)C=C(I)C=C1', 'OC(=O)C1=C(I)C=CC=C1F', 'OB(O)C1=CC(Br)=CC(I)=C1', 'FC(F)(F)C1=C(Br)C=CC(I)=C1', 'ClC1=C(Br)C=C(I)C=C1', 'FS(F)(F)(F)(F)C1=CC=C(I)C=C1', 'CCNS(=O)(=O)C1=CC=C(I)C=C1', 'FC(F)C1=C(Br)C=CC(I)=C1', 'ClC1=C(CBr)C=CC(I)=C1', 'BrCC1=CC=C(I)C=C1', 'IC1=CC=CC(=C1)C(=O)N1CCCC1', 'CON(C)C(=O)C1=CC=C(I)C=C1']"
3,"[2.768328946279068, 1.883677798580273]",1.9721319018436587,"['COC(=O)C1=CC=CC(C)=C1I', 'OC(=O)C1(CC1)C1=C(I)C=CC=C1']","['CC1=CC(Cl)=C(I)C=C1C', 'CC1=C(Br)C=CC(I)=C1', 'COC(=O)C1=C(Br)C(I)=CC=C1', 'FC(F)(F)OC1=CC(Br)=C(I)C=C1', 'FC(F)(F)C1=CC=C(CBr)C(I)=C1', 'FC(F)(F)C1=CC(I)=C(Br)C=C1', 'BrC1=CC=CC=C1I', 'ClC1=C(Cl)C=C(I)C=C1', 'NC(=O)C1=CN=C(OC2=CC=C(I)C=C2)C=C1', 'CCOC(=O)CC1=CC(I)=CC=C1', 'CNC(=O)C1=CC=CC=C1I', 'ClC1=CC(I)=CC(Cl)=C1Br', 'OC(=O)C1=C(Cl)C=C(I)C=C1Cl', 'CC1=CC(I)=C(Br)C=C1F', 'FC1=CC(I)=CC(Br)=C1', 'OC1=C(Cl)C=C(Br)C(I)=C1', 'CC1=C(Br)C(F)=CC(I)=C1', 'OCC1=CC(I)=C(Br)C=C1', 'OCC1=C(Cl)C=CC=C1I', 'CC(=O)OC1=CC=CC(I)=C1', 'FC(F)(F)C(=O)NC1=CC=C(I)C=C1', 'CC1=C(Br)C=CC(I)=C1Cl', 'COC(=O)C1=C(F)C=C(I)C(Br)=C1', 'CC1=C(C=C(I)C(Br)=C1)C(O)=O', 'COC(=O)C1=CC(I)=C(Br)C=C1', 'CC1=CC=C(Br)C(I)=C1', 'BrC1=CC=CC(=C1)C1=CC=C(I)C=C1', 'CC(=O)SCC1=CC(I)=CC=C1', 'COC(=O)C1=CC(I)=C(Cl)C=C1C', 'ClC1=CC(Br)=CC(I)=C1', 'OC(=O)C1=CC=CC(I)=C1Cl', 'CC(C)(C)OC(=O)C1=C(I)C=CC(Br)=C1', 'CS(=O)(=O)C1=CC=CC(I)=C1', 'OCC1=CC(I)=CC(Cl)=C1', 'COC(=O)C1=CC(I)=C(Cl)C=C1', 'OC(=O)CCC1=NN=C(O1)C1=CC=CC=C1I', 'FC(F)(F)C1=CC(Cl)=CC(I)=C1', 'FC(F)(F)C1=CC=C(I)C(Br)=C1', 'IC1=CC=C(C=C1)C(=O)N1CCOCC1', 'FC(F)(F)OC1=CC(Br)=CC(I)=C1', 'BrCC1=C(Br)C=CC(I)=C1', 'NNC(=O)C1=CC=C(I)C=C1', 'COC1=C(I)C=C(C=C1I)C(F)(F)F', 'CC(C)(C)OC(=O)C1=C(Br)C=C(I)C=C1', 'CCOC(=O)C1=C(I)C=CC(C)=C1', 'COC(=O)C1=CC=C(I)C=C1C', 'CC1=CC(Br)=C(C)C=C1I']"
4,"[1.8002786936086466, 2.3686231233116026]",2.042084029362716,"['CC(C)C1=C(I)C=CC=C1', 'FC(F)C1=CC=C(I)C=C1']","['IC1=CC=C(C=C1)C1(CC1)C#N', 'OC(=O)C1(CC1)C1=CC=C(I)C=C1', 'IC1=C(C=CC=C1)C(=O)N1CCCC1', 'COC(=O)C1=C(I)C=CC(O)=C1', 'CCOC(=O)C1=CC=CC=C1I', 'COC(=O)CCC1=CC=C(I)C=C1', 'CC1=C(I)C=CC(Cl)=C1', 'FC(F)OC1=CC(I)=CC=C1', 'CC1=CC=CC(Br)=C1I', 'NCC1=CC=CC=C1I', 'IC1=CC=C(C=C1)N1CCC(=O)NC1=O', 'COC(=O)C1=C(I)C=CC(C)=C1', 'IC1=CC=CC(=C1)C1=CC=CC=C1', 'IC1=CC=C(C=C1)N1C=NN=N1', 'CC1=CC(I)=C(CO)C=C1C', 'CC1=CC(=CC=C1I)C#N', 'OC(C1=CC=CC=C1)C1=CC(I)=CC=C1', 'NS(=O)(=O)C1=CC=CC=C1I', 'SC1=CC(Cl)=CC=C1I', 'CC(C)(C)OC(=O)NCC1=CC=CC=C1I', 'ClC1=CC(Cl)=C(I)C=C1', 'CC(C)NC(=O)CC1=CC=C(I)C=C1', 'ClC1=CC(I)=C(Cl)C=C1', 'COC(=O)C1=C(C)C(I)=CC=C1', 'IC1=CC=C(C=C1)C(=O)N1CCCC1', 'CCOC(=O)CC1=C(I)C=CC=C1', 'CC1=C(F)C=C(F)C=C1I', 'COC(OC)C1=C(I)C=CC=C1', 'OCC1=CC=CC=C1I', 'CS(=O)(=O)NC1=CC=C(I)C=C1', 'OC(=O)CCC1=CC(I)=CC=C1', 'COC1=C(C(O)=O)C(I)=CC=C1', 'SCCC1=CC=CC=C1I', 'CN(C(=O)C1=C(I)C=CC=C1)C1=CC=CC=C1', 'IC1=CC=C(CN2C=CN=C2)C=C1', 'OC(=O)CCCC1=CC=C(I)C=C1', 'CC1=C(Cl)C=C(I)C=C1', 'CC1=C(F)C=CC=C1I', 'FC(F)(F)OC1=CC=CC=C1I', 'CC1=C(I)C=C(C=C1)C#N', 'CC(=O)OC1=CC=C(I)C=C1', 'COC(=O)CC1=CC=CC(I)=C1', 'OC(=O)CC1=CC=CC(I)=C1', 'COC(=O)C1=CC(C)=C(I)C=C1']"
5,"[1.259538629422343, 2.626504030750194]",2.073260646291964,"['FC1=CC(I)=CC=C1', 'FC1=CC(I)=CC(F)=C1']","['OC(=O)COC1=CC=CC(I)=C1', 'FC1=CC(I)=CC=C1CC#N', 'BrC1=CC=CC(I)=C1', 'OCC1=CC(I)=CC(F)=C1', 'IC1=CC=C(OCC#N)C=C1', 'CC1=CC(I)=CC=C1Cl', 'ClCC(=O)NC1=CC=C(I)C=C1', 'CC(C)C1=CC=C(I)C=C1', 'IC1=CC=C(CC#C)C=C1', 'CC(N)C1=CC=C(I)C=C1', 'ClC1=CC=C(I)C=C1', 'OS(=O)(=O)C1=CC=C(I)C=C1', 'OC(=O)CC1=CC=C(I)C=C1', 'CC1=CC(I)=CC(C)=C1Br', 'NC1(CC1)C1=CC=C(I)C=C1', 'FC(F)OC1=CC=C(I)C=C1', 'CC1=CC(I)=CC(F)=C1', 'OC1=CC=C(I)C=C1C(F)(F)F', 'NC(=O)CC1=CC=C(I)C=C1', 'CC(C)CC1=CC=C(I)C=C1', 'C[C@H](O)C1=CC=C(I)C=C1', 'FC(F)(F)OC1=CC=C(I)C=C1', 'CC(C)C1=CC=CC(I)=C1', 'CC1=CC(Cl)=CC(I)=C1', 'OC(=O)COC1=CC=C(I)C=C1', 'CC(O)C1=CC=C(I)C=C1', 'CC1=CC=C(I)C=C1F', 'FC(F)C1=CC(I)=CC=C1', 'OB(O)C1=CC=C(I)C=C1', 'CS(=O)(=O)C1=CC=C(I)C=C1', 'IC1=CC=CC(=C1)N=C=O', 'CCCCC1=CC=C(I)C=C1', 'CC(C)(C)C1=CC=C(I)C=C1', 'IC1=CC(CC2=CC=CC=C2)=CC=C1', 'OCCC1=CC=C(I)C=C1', 'IC1=CC=C(C=C1)N1C=CC=N1', 'ClCC(=O)NC1=CC(I)=CC=C1', 'CCCCCC1=CC=C(I)C=C1', 'NC(CC1=CC=CC(I)=C1)C(O)=O', 'IC1=CC(CC#N)=CC=C1', 'OC(=O)CCCCC1=CC=C(I)C=C1', 'FC1=CC(=CC(I)=C1)C(F)(F)F']"
6,"[2.4377330178683367, 2.3150828323224255]",2.2246501121253512,"['FC1=C(Cl)C=C(C=C1I)C(F)(F)F', 'BrC1=CC(I)=CC(Br)=C1']","['ClC1=C(Cl)C(I)=CC=C1', 'COC1=CC(I)=CC=C1CO', 'NCC1(CCCC1)C1=CC=C(I)C=C1', 'COC1=CC(=CC(I)=C1)C(F)(F)F', 'CC1=C(C=CC(I)=C1)C#N', 'FC1=C(Cl)C=C(I)C=C1Cl', 'COC1=C(Cl)C=CC(I)=C1', 'OCC1=CC(I)=CC(I)=C1', 'ClC1=CC(I)=CC(Cl)=C1', 'ClC1=CC=CC=C1I', 'IC1=CC=C(C=C)C=C1', 'BrC1=CC=C(I)C=C1', 'CC(=O)NC1=C(Cl)C=C(I)C=C1', 'NCCC1=CC=C(I)C=C1', 'CC(=C)C1=CC=C(I)C=C1', 'IC1=CC=C(C=C1)C#C', 'NS(=O)(=O)C1=CC=CC(I)=C1', 'COC1=C(Br)C=CC(I)=C1', 'IC1=CC=CC(OCC#C)=C1', 'CC1=CC=CC(I)=C1', 'FC1=CC(I)=C(Cl)C=C1', 'IC1=CC=CC(C=C)=C1', 'ClC1=CC=C(I)C=C1I', 'IC1=CC(I)=CC=C1', 'OC1=C(F)C=CC(I)=C1', 'IC1=CC=CC(CNC2CC2)=C1', 'FC1=CC(I)=CC=C1C(F)(F)F', 'SC1=CC=C(I)C=C1Cl', 'FC1=CC(I)=CC(F)=C1Br', 'IC1=CC=C(C=C1)C1=CC=CC=C1', 'CC(C)(C)OC(=O)CC1=CC(I)=CC=C1', 'COC1=C(F)C=CC(I)=C1', 'OC1=C(Cl)C=CC(I)=C1', 'FC1=CC=C(OC2=CC=CC(I)=C2)C=C1', 'IC1=CC=C(C=C1)N=C=O', 'OC(=O)C1=CC=C(I)C=C1', 'IC1=CC=CC=C1[N+]#[C-]', 'IC1=CC=C(CC(=O)N[C@H]2CCOC2=O)C=C1', 'CC1=CC(I)=CC(I)=C1', 'COC1=C(F)C=C(I)C=C1F']"
7,"[2.7373625571325864, 1.4357633405144137]",2.3077126751461132,"['FC1=C(I)C=CC(I)=C1', 'FC1=C(F)C(I)=CC(Br)=C1F']","['CCOC(=O)C1=CC=C(I)C=C1F', 'COC(=O)C1=C(C)C(Cl)=CC(I)=C1', 'ClC1=CC(Cl)=C(I)C=C1Cl', 'OB(O)C1=C(F)C(F)=C(I)C=C1', 'OC1=C(F)C=C(I)C=C1F', 'ClC1=CC=C(C=C1)C1=CC=C(I)C=C1', 'FC1=C(I)C=CC=C1Cl', 'COC1=CC(Cl)=CC(I)=C1', 'BrCC1=CC=C(I)C=C1Br', 'OC(C1=CC=C(I)C(F)=C1)(C(F)(F)F)C(F)(F)F', 'COC1=C(Br)C=C(I)C=C1Br', 'FC(F)(F)C1=CC(I)=CC=C1I', 'OC1=C(Br)C=C(I)C=C1', 'ClC1=CC=C(OC2=CC=C(I)C=C2)C=C1Cl', 'OC1=C(F)C=C(I)C=C1', 'CCCNC(=O)C1=CC=CC(I)=C1', 'ClC1=CC=C(OC2=CC=C(I)C=C2)C=C1', 'IC1=CC(OC2=CC=CC=C2)=CC=C1', 'IC1=CC=C(C=C1)N1C=CC=C1', 'CNC(=O)C1=CC=CC(I)=C1', 'CC1=C(O)C=C(I)C=C1', 'OC1=CC(Br)=CC(I)=C1', 'COC1=C(F)C=C(I)C=C1', 'CC1=C(C=C(Cl)C=C1I)C(O)=O', 'COC(=O)C1=C(Br)C=C(I)C=C1', 'COC1=CC(I)=CC=C1I', 'CC1(C)COB(OC1)C1=CC=C(I)C=C1', 'OC(=O)C1=CC(I)=CC(I)=C1', 'OC(=O)CCCCNC(=O)C1=CC(I)=CC=C1', 'FC1=C(I)C=CC(Br)=C1Cl', 'COC(=O)COC1=CC=C(I)C=C1', 'FC1=CC(Cl)=C(I)C=C1', 'CC1(C)OB(OC1(C)C)C1=CC(I)=CC=C1', 'FC1=C(I)C=C(Br)C=C1', 'FC1=C(I)C=CC=C1Br', 'COC1=CC(Br)=CC(I)=C1', 'FC1=C(I)C=CC(CBr)=C1']"
8,"[2.0991580046504854, 2.0124566189914446]",2.3910436523276077,"['COC1=CC(I)=C(OC)C=C1I', 'IC1=CC=C(C=C1)C1=CC=C(I)C=C1']","['FC1=C(Br)C=CC(I)=C1F', 'FC1=C(I)C=CC(OC(F)(F)F)=C1', 'OC(=O)C1=C(Br)C=CC(I)=C1F', 'OC(=O)C1=CC=C(I)C(F)=C1F', 'OC1=C(F)C=C(I)C=C1I', 'FC1=CC(I)=C(F)C=C1', 'FC1=CC=C(I)C(F)=C1', 'FC1=C(Cl)C=C(Br)C=C1I', 'FC1=CC(F)=C(F)C=C1I', 'BrC1=CC(I)=CC(I)=C1', 'FC1=CC(F)=C(Cl)C=C1I', 'CCOC1=C(I)C=CC=C1', 'OC1=CC=C(C=C1I)C#N', 'FC1=CC(I)=C(C=C1)C#N', 'CC(C)NC(=O)C1=CC=CC(I)=C1', 'NC1=C(I)C=C(C=C1F)C(F)(F)F', 'IC1=CC(=CC(I)=C1)C#N', 'OC1=C(I)C=C(C=C1I)C(F)(F)F', 'COC(=O)C1=CC(I)=C(O)C(I)=C1', 'COC(=O)C1=CC(I)=C(F)C=C1C', 'CC(OC1=CC=C(I)C=C1)C(C)=O', 'CC1=CC(I)=C(F)C=C1Cl', 'OC1=C(I)C=C(I)C=C1', 'FC1=C(F)C(I)=CC=C1', 'CC1=CC(I)=C(O)C=C1Cl', 'OC1=CC(F)=C(Cl)C=C1I', 'NCCOC1=CC=C(I)C=C1', 'COC1=CC(B(O)O)=C(I)C=C1', 'OC(=O)CC1=CC=C(I)C(F)=C1', 'OC(=O)C1=CC=C(I)C(O)=C1', 'OC(=O)C1=CC(I)=C(Br)C=C1', 'CC1=C(Cl)C=C(I)C(O)=C1I', 'FC1=CC=C(I)C(F)=C1F', 'COC1=C(I)C=C(C=C1I)C#N', 'COC1=CC(I)=C(F)C=C1Cl', 'OCC1=CC(F)=C(I)C=C1']"
9,"[3.504150713837424, 1.5850165953653483]",2.4892427886324775,"['CC(=O)CC1=C(I)C=CC=C1', 'CC1=CC=CC(C(O)=O)=C1I']","['CC1=C(F)C=C(C=C1I)C(=O)NC1CC1', 'CC1(C)OB(OC1(C)C)C1=CC(O)=CC=C1I', 'IC1=CC=C(CC(=O)N2CCCC2)C=C1', 'CCC1=C(I)C=CC(O)=C1', 'COC(=O)C1=CC=CC=C1I', 'IC1=CC(=CC=C1)C(=O)NCC1=CC=CC=C1', 'COC(=O)C1=C(I)C=C(OC)C(OC)=C1', 'COC(=O)CCC1=CC(I)=C(O)C=C1', 'IC1=CC=CC(=C1)C(=O)NC1CC1', 'CCOC1=CC=C(I)C=C1', 'IC1=CC=C(OCC2CC2)C=C1', 'OCC1=C(O)C=CC(I)=C1', 'COC(=O)C1=CC=C(I)C(O)=C1', 'OC1=CC=C(OC2=CC=C(I)C=C2)C=C1', 'CC(C)OC1=CC=C(I)C=C1', 'ClC1=CC=C(COC2=CC=C(I)C=C2)C=C1', 'IC1=CC=C(CC(=O)N2CCOCC2)C=C1', 'OC1=C(Cl)C=C(I)C=C1I', 'CC1=CC=C(C=C1)C1=CC=C(I)C=C1', 'OC1=C(I)C=C(Cl)C=C1I', 'COC(=O)C1=C(Cl)C(O)=C(I)C=C1', 'CC(C)(C)OC(=O)NC1=CC=C(I)C=C1F', 'COC(=O)C1=CC(I)=C(N)C(Br)=C1', 'CCCCOC1=CC=C(I)C=C1', 'CC1CC(C)(C)OB(O1)C1=CC=C(I)C=C1', 'COCCOC1=CC(I)=CC=C1', 'OC1=CC(I)=C(O)C=C1I', 'CC1=C(C=C(I)C=C1Cl)C(O)=O', 'FC1=C2C=CC=CC2=CC(I)=C1', 'COC1=C(I)C=CC(=C1)C(C)C', 'CCOC1=CC=CC(I)=C1', 'IC1=CC=C(CC(=O)N2CCCCC2)C=C1', 'OC(=O)CCCOC1=CC=C(I)C=C1', 'IC1=CC=C(OC2=CC=C(I)C=C2)C=C1']"
