,obj_values ['rate'],Vendi_score,eval_samples,cut_samples
0,"[2.911746510510452, 2.4253796564460917]",1.4413935950129775,"['CC1=C(I)C=C(CBr)C=C1', 'OC(=O)C1=CC=C(I)C=C1O']",[]
1,"[2.431788734604339, 1.5191675149758788]",1.4702961244442305,"['SCCC1=CC=CC=C1I', 'CCOC(=O)CC1=C(I)C=CC=C1']","['CC1=CC(Br)=C(C)C=C1I', 'ClCC1=CC(Br)=CC=C1I', 'COC(=O)C1=CC(I)=CC(O)=C1', 'CC1=C(I)C=C(F)C(Br)=C1', 'CNC(=O)C1=CC=CC(I)=C1', 'COC(=O)C1=CC(OC)=CC(I)=C1', 'IC1=CC=C(C=O)C=C1', 'ONC(=O)C1=CC=C(I)C=C1', 'CC(C)NC(=O)C1=CC=CC(I)=C1', 'COC1=CC(I)=CC=C1C#N', 'IC1=CC=CC(OC2=NC=CC=N2)=C1', 'CC1=CC(I)=CC(I)=C1', 'CCCNC(=O)C1=CC=CC(I)=C1', 'CC1=C(I)C=C(Br)C=C1', 'OCC1=CC(I)=CC(I)=C1', 'IC1=CC(I)=CC=C1', 'COC(=O)C1=C(Br)C=C(I)C=C1', 'CCC(=O)C1=CC=C(I)C=C1', 'OC(=O)CCC(=O)C1=CC=C(I)C=C1', 'COC(=O)C1=C(C)C(I)=CC=C1', 'OC(=O)CC1=CC=C(Br)C=C1I', 'CC(=O)C1=CC=C(I)C=C1', 'OC(=O)C1=CC(I)=CC(O)=C1', 'NC(=O)C1=CC(I)=CC=C1', 'CC1=CC(Br)=CC(I)=C1', 'ClCC(=O)C1=CC=C(I)C=C1', 'IC1=CC=C(C=C1)C(=O)NC1CC1', 'ONC(=O)C1=CC(I)=CC=C1', 'CCOC(=O)C1=C(I)C=CC(C)=C1', 'CNC(=O)C1=C(F)C=C(I)C=C1', 'COC(=O)C1=C(O)C=C(I)C=C1', 'COC1=C(C=CC(I)=C1)C(O)=O', 'OCC(=O)C1=CC=C(I)C=C1', 'CCOC(=O)C1=CC(OC)=CC(I)=C1', 'COC(=O)C1=CC=C(I)C=C1OC', 'FC(F)(F)C(=O)CC1=CC=C(I)C=C1', 'FC1=CC=CC(I)=C1CBr', 'COC(=O)C1=CC(C)=C(I)C=C1', 'OCC1=C(Cl)C=CC=C1I', 'IC1=CC=CC(=C1)N=C=S', 'ClCC1=CC(I)=C(CCl)C=C1', 'CC(=O)C1=CC(I)=CC=C1', 'CCOC(=O)C1=CC=C(I)C=C1F', 'IC1=CC=C(C=C1)C(=O)CCCC#N', 'CCOC(=O)C1=CC=CC=C1I', 'CC1=C(I)C=C(C=C1)C(F)(F)F', 'NCC1=C(I)C=CC(Br)=C1', 'OC(=O)CC1=C(I)C=C(Cl)C=C1', 'COC1=CC(=CC(I)=C1)C(O)=O', 'IC1=CC=CC(=C1)C(=O)NC1CC1', 'COC1=C(C=O)C=CC(I)=C1', 'OC(=O)C1=C(Cl)C=C(I)C=C1']"
2,"[1.7851831182301456, 2.3115496715391]",1.6971008720982772,"['BrCC1=CC=C(I)C=C1Br', 'BrCC1=C(Br)C=CC(I)=C1']","['CN(C)C(=O)C1=CC(I)=CC=C1', 'COC(=O)C1=C(I)C=CC=C1F', 'COC(=O)C1=C(I)C=C(Br)C=C1C', 'CCCNC(=O)C1=CC=CC=C1I', 'COC(=O)C1=C(I)C=CC=C1Cl', 'CCOC(=O)CC1=CC(I)=CC=C1', 'CCOC(=O)C1=C(I)C=CC=C1F', 'ClCC(=O)NC1=CC=CC=C1I', 'CC1=CC(I)=C(CO)C=C1C', 'CN(C(=O)C1=C(I)C=CC=C1)C1=CC=CC=C1', 'COC(=O)C1=CC=CC(C)=C1I', 'CC1=C(I)C=C(C=C1)C#N', 'OC(=O)CCC1=CC(I)=CC=C1', 'FC1=CC(I)=C(NC(=O)CCl)C=C1', 'FC(F)(F)C1=CC=C(I)C(CBr)=C1', 'OCC1=CC=CC=C1I', 'CC1=C(F)C=C(F)C=C1I', 'COC(=O)C1=C(I)C=CC=C1OC', 'NNC(=O)C1=CC=C(I)C=C1', 'IC1=CC=CC=C1N=C=O', 'CC1=C(F)C=CC=C1I', 'OC(=O)CC1=CC=CC(I)=C1', 'OC(=O)C1=C(I)C=CC=C1Cl', 'COC1=C(C(O)=O)C(I)=CC=C1', 'CCNC(=O)C1=CC(Br)=CC=C1I', 'OC(=O)C1(CC1)C1=CC=C(I)C=C1', 'OCC1=C(I)C=C(C=C1)C(F)(F)F', 'CNC(=O)C1=CC=CC=C1I', 'CC(C)(C)OC(=O)NCC1=CC=CC=C1I', 'OC(=O)C1=C(I)C=CC=C1F', 'CC(C)(C)NC(=O)C1=CC=CC=C1I', 'NCC1=CC=CC=C1I', 'BrC(C1=CC=CC=C1)C1=C(I)C=CC=C1', 'CC1=CC=C(I)C(C(O)=O)=C1F', 'CC(=O)NC1=CC(I)=C(C)C=C1', 'CC1=C(I)C=CC(Cl)=C1', 'COC(OC)C1=C(I)C=CC=C1', 'CC1=CC(=CC=C1I)C#N', 'CC(=O)SCC1=CC(I)=CC=C1', 'OC(=O)C1(CC1)C1=C(I)C=CC=C1', 'CC1=C(C=C(Cl)C=C1I)C(O)=O', 'COC(=O)CC1=CC=CC(I)=C1', 'IC1=C(C=CC=C1)C(=O)N1CCCC1', 'COC1=CC(B(O)O)=C(I)C=C1', 'COC(=O)C1=C(I)C=CC(C)=C1', 'IC1=CC=CC(=C1)C1=CC=CC=C1', 'CC(C)C1=C(I)C=CC=C1', 'CC(=O)OC1=CC=CC(I)=C1', 'CS(=O)(=O)NC1=CC=CC=C1I']"
3,"[2.0382164335809025, 2.1484903426078277]",1.8988182427571507,"['OC1=CC2=C(C=CC=C2)C(I)=C1', 'OC1=CC2=C(C=CC=C2I)C=C1']","['CC(C)(C)C1=CC(I)=CC(Br)=C1', 'ClC1=C(Br)C=C(I)C=C1', 'CC1=CC(Cl)=CC(I)=C1', 'BrC1=CC=C(C=C1)C1=CC=CC(I)=C1', 'OC(=O)C1=C(Br)C=CC=C1I', 'CC1=C(Br)C=CC(I)=C1', 'BrCC1=CC=C(Br)C=C1I', 'NC(=O)C1=C(I)C=CC(Br)=C1F', 'COC1=CC(Br)=CC(I)=C1', 'CC1=C(Cl)C=C(I)C=C1', 'ClC1=CC(Br)=CC(I)=C1', 'FC(F)C1=CC(Br)=CC(I)=C1', 'OB(O)C1=CC(Br)=CC(I)=C1', 'OCC1=CC(Br)=CC(I)=C1', 'CC1=CC(I)=CC(C)=C1Br', 'CC1=CC=C(I)C=C1Br', 'FC(F)OC1=CC(I)=CC=C1', 'FC(F)(F)OC1=CC=C(I)C=C1Br', 'BrC1=CC=CC(=C1)C1=CC=C(I)C=C1', 'FC1=CC(I)=CC(Br)=C1', 'FC(F)C1=C(Br)C=CC(I)=C1', 'FC(F)(F)C1=CC=C(I)C=C1Br', 'COC(=O)C1=C(F)C(Br)=CC=C1I', 'FC(F)(F)OC1=CC(Br)=CC(I)=C1', 'FC(F)(F)C(=O)NC1=CC(I)=CC=C1', 'COC(=O)C1=C(Cl)C=C(I)C=C1', 'ClC1=CC=C(I)C=C1CBr', 'CS(=O)(=O)NC1=CC(I)=CC=C1', 'OCC1=CC(I)=CC(Cl)=C1', 'OCC1=C(Cl)C=C(I)C=C1Cl', 'BrC1=C(CC#N)C=C(I)C=C1', 'COC1=C(Br)C=CC(I)=C1', 'ClC1=CC(I)=CC=C1Br', 'CC1=C(Br)C(F)=CC(I)=C1', 'BrCC1=CC=C(I)C=C1', 'COC1=C(Br)C=C(I)C=C1Br', 'ClC1=CC(I)=CC(Cl)=C1Br', 'OC1=CC(Br)=CC(I)=C1', 'CC(C)(C)OC(=O)C1=C(Br)C=C(I)C=C1', 'ClC1=C(CBr)C=CC(I)=C1', 'NC(=O)C1=C(Br)C=C(I)C=C1', 'FC(F)(F)C1=CC(Br)=CC(I)=C1', 'FC(F)(F)C1=C(Br)C=CC(I)=C1', 'CC(Br)C(=O)N(C)C1=CC=C(I)C=C1', 'BrC1=CC=CC(I)=C1', 'CC(C)C1=CC(I)=CC(Br)=C1', 'FC1=CC(I)=CC=C1CBr']"
4,"[3.8473120184418352, 2.178703585586915]",1.9647758796316974,"['CC1=CC=CC(I)=C1', 'IC1=CC=CC(C=C)=C1']","['CC1=C(Cl)C=C(I)C=C1Cl', 'FC(F)(F)C(=O)NC1=CC=C(I)C=C1', 'OB(O)C1=CC=C(I)C=C1', 'FC(F)(F)OC1=C(Cl)C=C(I)C=C1', 'COC1=C(Cl)C=CC(I)=C1', 'CC1=CC(C=O)=C(C)C=C1I', 'CC(OC1=CC=C(I)C=C1)C(C)=O', 'COC(=O)C1=C(I)C=CC(O)=C1', 'COC(=O)C1=C(C)C(Cl)=CC(I)=C1', 'CCOC(=O)C1=C(Cl)C=C(I)C=C1', 'BrC1=CC2=CC=C(I)C=C2C=C1', 'BrC1=CC=C(I)C=C1', 'ClCC(=O)NC1=CC(I)=CC=C1', 'IC1=CC=CC(=C1)C(=O)N1CCOCC1', 'CON(C)C(=O)C1=CC=C(I)C=C1', 'NC1=CC(I)=CC(=C1)C(O)=O', 'IC1=CC=CC(=C1)N=C=O', 'COC(=O)C1=CC=CC=C1I', 'IC1=CC=CC(=C1)C(=O)N1CCCC1', 'CC(=O)CC1=C(I)C=CC=C1', 'COC(=O)C1=CC(I)=CC(N)=C1', 'COC1=CC(I)=CC=C1I', 'CC1=C(F)C=C(C=C1I)C(=O)NC1CC1', 'COC(=O)C1=CC=C(I)C=C1C', 'BrC1=CC=C(I)C2=C1C=CC=C2', 'ClC1=CC2=C(C=C1)C=C(I)C=C2', 'OC(=O)CC1=CC=C(I)C=C1', 'OC(=O)C1=C(I)C=CC(Br)=C1F', 'NC1=C(C(O)=O)C(I)=CC=C1', 'OC(=O)C1=C(Br)C=C(I)C=C1', 'FC(F)C(F)(F)OC1=CC=C(I)C=C1', 'CC(=O)C1=C(Br)C=CC(I)=C1', 'CS(=O)(=O)NC1=CC=C(I)C=C1', 'ClC1=CC=C(I)C=C1I', 'IC1=CC=C(CN2C=CN=C2)C=C1', 'OC(=O)COC1=CC=CC(I)=C1', 'IC1=CC=C(OC2=NC=CC=N2)C=C1', 'CS(=O)(=O)NC1=CC=C(I)C=C1F', 'NC(=O)CC1=CC=C(I)C=C1', 'COC(=O)C1=CC(I)=CC=C1Br', 'CC1=CC=C(C(O)=O)C(I)=C1', 'IC1=CC2=C(C=CC=C2)C2=C1C=CC=C2', 'ClC1=C(Cl)C=C(I)C=C1', 'COC(=O)C1=CC=C(I)C=C1N']"
5,"[2.483667661052211, 1.8973694780450256]",2.1216762275618555,"['NC1=CC=CC(I)=C1', 'NC1=C(N)C=C(I)C=C1']","['NC1(CC1)C1=CC=C(I)C=C1', 'CC(N)C1=CC=C(I)C=C1', 'IC1=CC=C(CC#C)C=C1', 'IC1=CC=CC(OCC#C)=C1', 'IC1=CC(CC#N)=CC=C1', 'IC1=CC=C(C=C1)C#C', 'IC1=CC=C(C=C)C=C1', 'IC1=CC=C(C=C1)C1=CC=CC=C1', 'ClC1=CC=C(I)C=C1', 'CC1=CC(I)=CC=C1Cl', 'C[C@H](O)C1=CC=C(I)C=C1', 'CC(=C)C1=CC=C(I)C=C1', 'OC1=C(F)C=CC(I)=C1', 'FC(F)C1=CC=C(I)C=C1', 'CC(C)C1=CC=C(I)C=C1', 'CC1=CC(I)=CC(F)=C1', 'SC1=CC=C(I)C=C1Cl', 'COC1=C(F)C=CC(I)=C1', 'OCCC1=CC=C(I)C=C1', 'CC(C)(C)C1=CC=C(I)C=C1', 'CC(O)C1=CC=C(I)C=C1', 'CC(C)C1=CC=CC(I)=C1', 'IC1=CC=C(C=C1)N1C=CC=N1', 'NCCC1=CC=C(I)C=C1', 'CCCCC1=CC=C(I)C=C1', 'IC1=CC=C(C=C1)N=C=O', 'CC1=C(O)C=C(I)C=C1', 'OC1=C(Cl)C=CC(I)=C1', 'COC1=CC(I)=CC=C1CO', 'CC(=O)OC1=CC=C(I)C=C1', 'FC(F)C1=CC(I)=CC=C1', 'FC1=CC(I)=CC=C1', 'IC1=CC=CC(CNC2CC2)=C1', 'CC(=O)NC1=C(Cl)C=C(I)C=C1', 'COC(=O)CCC1=CC=C(I)C=C1', 'IC1=CC=C(C=C1)C1(CC1)C#N', 'FC(F)(F)OC1=CC=C(I)C=C1', 'CC1=CC=C(I)C=C1F', 'OC(=O)CCCC1=CC=C(I)C=C1', 'OCC1=CC(I)=CC(F)=C1', 'FC(F)OC1=CC=C(I)C=C1', 'CC(C)CC1=CC=C(I)C=C1']"
6,"[1.4993699071466273, 2.727365127435091]",2.117257977564796,"['CC1=C(C=CC(I)=C1)C#N', 'OC(=O)C1=CC=C(I)C=C1']","['OC1=CC=C(I)C=C1C(F)(F)F', 'FC1=CC=C(OC2=CC=CC(I)=C2)C=C1', 'CC1=C(I)C=C(Cl)C=C1N', 'IC1=CC=C(C=C1)N1CCC(=O)NC1=O', 'COC1=CC(Cl)=CC(I)=C1', 'OC(=O)COC1=CC=C(I)C=C1', 'IC1=CC=C(C=C1)N1C=CC=C1', 'IC1=CC(CC2=CC=CC=C2)=CC=C1', 'NCCOC1=CC=C(I)C=C1', 'OCC1=CC=C(I)C=C1O', 'CCCCCC1=CC=C(I)C=C1', 'COC1=C(F)C=C(I)C=C1F', 'NC1=C(O)C=C(I)C=C1', 'COC1=C(C)C=C(I)C=C1', 'NC1=CC(Cl)=CC(I)=C1', 'NC(CC1=CC=CC(I)=C1)C(O)=O', 'OCC1=C(O)C=CC(I)=C1', 'OC1=C(Br)C=C(I)C=C1', 'CCOC1=CC=CC(I)=C1', 'COC1=CC(=CC(I)=C1)C(F)(F)F', 'IC1=CC=C(OCC#N)C=C1', 'CC1=C(O)C=CC(I)=C1', 'CSC1=CC=C(I)C=C1', 'COCCOC1=CC(I)=CC=C1', 'NC1=C(F)C=CC(I)=C1', 'OC(C1=CC=CC=C1)C1=CC(I)=CC=C1', 'NC(=O)NC1=CC(I)=CC=C1', 'COC1=CC(F)=CC(I)=C1', 'COC(=O)COC1=CC=C(I)C=C1', 'FC1=C2C=CC=CC2=CC(I)=C1', 'COC1=C(F)C=C(I)C=C1', 'CCOC1=CC=C(I)C=C1', 'IC1=CC(OC2=CC=CC=C2)=CC=C1', 'ClCC(=O)NC1=CC=C(I)C=C1', 'COC1=C(O)C=CC(I)=C1', 'FC1=CC(I)=CC=C1CC#N', 'OC1=C(F)C=C(I)C=C1', 'NC1=CC(I)=CC=C1O', 'COC1=C(N)C=C(I)C=C1', 'IC1=CC=C(OCC2CC2)C=C1']"
7,"[2.7436483281422004, 2.626504030750194]",2.1464540232849534,"['CNC1=CC(I)=CC=C1', 'FC1=CC(I)=CC(F)=C1']","['CC(=O)NC1=C(OC(F)(F)F)C=C(I)C=C1', 'IC1=CC=C(C=C1)C(=O)N1CCCC1', 'CC(C)NC(=O)CC1=CC=C(I)C=C1', 'FS(F)(F)(F)(F)C1=CC=C(I)C=C1', 'OC1=CC(I)=CC(O)=C1', 'ClC1=CC(I)=CC(Cl)=C1', 'FC(F)(F)C(F)(C1=CC=C(I)C=C1)C(F)(F)F', 'IC1=CC=C(OC2=CC=C(C=C2)C#N)C=C1', 'FC1=C(Cl)C=C(I)C=C1Cl', 'FC1=CC(=CC(I)=C1)C(F)(F)F', 'CS(=O)(=O)C1=CC=CC(I)=C1', 'OC(=O)CCCCC1=CC=C(I)C=C1', 'NS(=O)(=O)C1=CC=CC(I)=C1', 'NC1=CC(I)=CC(F)=C1', 'CC(C)OC1=CC=C(I)C=C1', 'CN(C)S(=O)(=O)C1=CC=C(I)C=C1', 'ClC1=CC=C(C=C1)C1=CC=C(I)C=C1', 'OC1=C(F)C=C(I)C=C1F', 'OS(=O)(=O)C1=CC=CC(I)=C1', 'CCCCOC1=CC=C(I)C=C1', 'CS(=O)(=O)C1=CC=C(I)C=C1', 'IC1=CC=C(C=C1)N1C=NN=N1', 'NNS(=O)(=O)C1=CC=C(I)C=C1', 'CCNS(=O)(=O)C1=CC=C(I)C=C1', 'OS(=O)(=O)C1=CC=C(I)C=C1', 'NC1=CC(I)=CC(I)=C1', 'OC(=O)C1=C(Cl)C=C(I)C=C1Cl', 'FC1=CC(I)=CC=C1C(F)(F)F', 'CC1=CC=C(C=C1)C1=CC=C(I)C=C1', 'NCC1(CCCC1)C1=CC=C(I)C=C1', 'CNS(=O)(=O)C1=CC=C(I)C=C1', 'FC1=CC(I)=CC(F)=C1Br', 'FC(F)(F)C1=C(Cl)C=CC(I)=C1', 'IC1=CC=C(C=C1)C(=O)N1CCOCC1', 'FC(F)(F)C1=CC(Cl)=CC(I)=C1', 'CC(=O)NC1=C(C=C(I)C=C1)C(F)(F)F', 'NS(=O)(=O)C1=CC=C(I)C=C1']"
8,"[1.509247248220096, 1.6888139270256608]",2.2302697766836492,"['CC1=CC(=CC(I)=C1)C(O)=O', 'ClC1=CC=CC=C1I']","['OC1=C(F)C=C(I)C=C1I', 'CC(C)(C)OC(=O)CC1=CC(I)=CC=C1', 'CC(C)(C)OC(=O)NC1=CC(I)=CC=C1', 'COC1=C(F)C=CC=C1I', 'OC(=O)C1=CC(I)=CC(I)=C1', 'CC1(C)COB(OC1)C1=CC=C(I)C=C1', 'CC(=O)CC(=O)NC1=CC=C(I)C=C1', 'NC1=C(OC(F)(F)F)C=C(I)C=C1', 'CN(C)C1=C(Br)C=C(I)C=C1', 'IC1=CC=C(CN2CCCCC2)C=C1', 'OC1=CC=C(C=C1)C1=CC=C(I)C=C1', 'OC(=O)CNC1=CC=C(I)C=C1', 'OC[C@H]1CN(C(=O)O1)C1=CC=C(I)C=C1', 'ClC1=CC=C(OC2=CC=C(I)C=C2)C=C1', 'OC(=O)C1=C(I)C=CC(F)=C1Cl', 'COCOC1=C(I)C=CC=C1F', 'IC1=C(C=CC=C1)N=C=S', 'OC(=O)CCCOC1=CC=C(I)C=C1', 'NC1=C(C=C(I)C=C1)C(F)(F)F', 'O[C@@H]1CCN(C1)S(=O)(=O)C1=CC=C(I)C=C1', 'COC1=C(N)C=CC(I)=C1', 'CCC1=C(I)C=CC(O)=C1', 'FC(F)OC1=CC=CC=C1I', 'OC1=CC=C(OC2=CC=C(I)C=C2)C=C1', 'CC1=C(N=NN1C1=CC=C(I)C=C1)C(O)=O', 'IC1=CC=C(CC(=O)N2CCOCC2)C=C1', 'IC1=CC=C(CC(=O)N2CCCC2)C=C1', 'ClC1=CC=C(OC2=CC=C(I)C=C2)C=C1Cl', 'COC1=CC=C(I)C(C(O)=O)=C1F', 'FC(F)(F)C1=CC(I)=CC=C1I', 'NC(=O)C1=CN=C(OC2=CC=C(I)C=C2)C=C1', 'CN(C)CCOC1=CC=CC(I)=C1', 'COC(=O)C1=C(I)C=C(OC)C(OC)=C1', 'IC1=CC=C(CC(=O)N[C@H]2CCOC2=O)C=C1', 'NC1=C(Br)C=C(I)C=C1', 'NC1=C(Cl)C=C(I)C=C1Cl']"
9,"[2.185466703838173, 3.4995427797365037]",2.3100802646256406,"['CC1=C(N)C(I)=CC=C1', 'CN(C)C1=CC(F)=CC(I)=C1']","['IC1=CC=CC(=C1)C(=O)C1=CC=CC=C1', 'IC1=CC(C=O)=CC=C1', 'COC(=O)C1=CC(Cl)=CC(I)=C1', 'FC1=CC(I)=C(Cl)C=C1', 'CC(C)(C)NC(=O)C1=CC=CC(I)=C1', 'COC(=O)C1=CC(I)=CC(F)=C1', 'OC(=O)C1=CC(I)=CC=C1Cl', 'COC(=O)C1=C(Cl)C=CC(I)=C1', 'OC(=O)COC1=C(I)C=C(Cl)C=C1', 'OC(=O)C1=CC(=CC=C1)C1=CC=C(I)C=C1', 'CCOC(=O)C1=CC(I)=CC=C1C', 'SC1=CC(Cl)=CC=C1I', 'CC1=CC=C(I)C=C1C=O', 'FS(F)(F)(F)(F)C1=CC=CC(I)=C1', 'CCCNC(=O)C1=CC=C(I)C=C1', 'OC(=O)\\C=C\\C1=CC=C(I)C=C1', 'CCC1=CC=C(I)C=C1C(O)=O', 'CC1=C(C=C(I)C=C1Cl)C(O)=O', 'ClC1=CC(I)=C(Cl)C=C1', 'CCOC(=O)C1=CC=CC(I)=C1', 'COC(=O)C1=CC=CC(I)=C1', 'ClC1=CC(Cl)=C(I)C=C1', 'CC1=CC(Cl)=CC(I)=C1N', 'FC(F)(F)OC1=CC=CC=C1I', 'IC1=CC(=CC=C1)C(=O)NCC1=CC=CC=C1', 'FC1=CC(I)=CC(C=O)=C1', 'CC1=CC(Cl)=C(I)C=C1C', 'NC(=O)C1=CC(O)=C(I)C=C1', 'IC1=CC=CC=C1[N+]#[C-]', 'ClC1=C(Cl)C(I)=CC=C1', 'COC1=C(I)C=C(N)C=C1I', 'COC1=CC(I)=C(Cl)C=C1', 'COC(=O)C1=C(C)C=CC(I)=C1', 'OC(=O)C1=CC=CC(I)=C1Cl']"
