,obj_values ['rate'],Vendi_score,eval_samples,cut_samples
0,"[1.981100035587699, 1.5982512774005724]",1.5736890858811414,"['CC1=CC=C(C=C1)C1=CC=C(I)C=C1', 'FC1=C(F)C=C(I)C(I)=C1']",[]
1,"[1.8485876116969935, 2.1241371852557647]",1.648331654034512,"['CCC[C@H]1CC[C@@H](CC1)C1=CC=C(I)C=C1', 'CCCCCC1=CC=C(C=C1)C1=CC=C(I)C=C1']","['CS(=O)(=O)NC1=CC=C(I)C=C1', 'CC(C)(C)OC(=O)NC1=CC=C(I)C=C1', 'CC(=O)NC1=C(Cl)C=C(I)C=C1', 'CC(=O)NC1=C(C=C(I)C=C1)C(F)(F)F', 'CCCCC1=CC=C(I)C=C1', 'IC1=CC=C(C=C1)C(=O)N1CCOCC1', 'NC1(CC1)C1=CC=C(I)C=C1', 'ClCC(=O)NC1=CC(I)=CC=C1', 'IC1=CC=CC(CNC2CC2)=C1', 'NCC1(CCCC1)C1=CC=C(I)C=C1', 'ClC1=CC=C(OC2=CC=C(I)C=C2)C=C1', 'FC(F)(F)C(=O)NC1=CC(I)=CC=C1', 'OC(=O)C1=CC(I)=C(I)C=C1', 'IC1=CC=C(OC2=CC=C(C=C2)C#N)C=C1', 'OC[C@H]1CN(C(=O)O1)C1=CC=C(I)C=C1', 'COC1=CC(I)=CC=C1CO', 'IC1=CC=CC(=C1)C(=O)N1CCOCC1', 'IC1=CC=CC(=C1)C1=CC=CC=C1', 'CC(C)NC(=O)CC1=CC=C(I)C=C1', 'CC(C)(C)OC(=O)NC1=CC=C(I)C=C1F', 'CS(=O)(=O)NC1=CC=C(I)C=C1F', 'OC(C1=CC=CC=C1)C1=CC(I)=CC=C1', 'CCCCCC1=CC=C(I)C=C1', 'COC(=O)COC1=CC=C(I)C=C1', 'OC(=O)CCCC1=CC=C(I)C=C1', 'COC1=C(Cl)C=CC(I)=C1', 'ClC1=CC(I)=C(Cl)C=C1', 'OC1=CC=C(OC2=CC=C(I)C=C2)C=C1', 'FC(F)(F)C(=O)NC1=CC=C(I)C=C1', 'CC(=O)CC(=O)NC1=CC=C(I)C=C1', 'OC(=O)CCCCC1=CC=C(I)C=C1', 'IC1=CC=C(C=C1)N1C=CC=C1', 'IC1=CC(OC2=CC=CC=C2)=CC=C1', 'OC(=O)COC1=CC=C(I)C=C1', 'OC(=O)CCCOC1=CC=C(I)C=C1', 'CC(=O)NC1=C(OC(F)(F)F)C=C(I)C=C1', 'CC(=C)C1=CC=C(I)C=C1', 'CC(C)(C)C1=CC=C(I)C=C1', 'IC1=CC=C(CN2CCCCC2)C=C1', 'ClC1=CC=C(C=C1)C1=CC=C(I)C=C1', 'OC1=CC=C(C=C1)C1=CC=C(I)C=C1', 'IC1=CC=C(C=C1)C1=CC=CC=C1', 'ClC1=CC=C(OC2=CC=C(I)C=C2)C=C1Cl', 'CC(C)CC1=CC=C(I)C=C1', 'IC1=CC=C(CN2C=CN=C2)C=C1', 'SC1=CC=C(I)C=C1Cl', 'FC(F)C(F)(F)OC1=CC=C(I)C=C1', 'IC1=CC=C(C=C1)N1C=CC=N1', 'COC(=O)CCC1=CC=C(I)C=C1', 'FC1=CC=C(OC2=CC=CC(I)=C2)C=C1', 'ClCC(=O)NC1=CC=C(I)C=C1', 'IC1=CC=C(C=C1)N1CCC(=O)NC1=O']"
2,"[3.2956536905104463, 1.6583280079368328]",1.7677586148157114,"['CC(C)(C)OC(=O)N1CCC[C@H]1C1=NC=C(N1)C1=CC=C(I)C=C1', 'IC1=CC=C(C=C1)C1=CN2C=CSC2=N1']","['IC1=CC=C(CC(=O)N2CCCCC2)C=C1', 'CC1(C)COB(OC1)C1=CC=C(I)C=C1', 'CON(C)C(=O)C1=CC=C(I)C=C1', 'CC1(C)OB(OC1(C)C)C1=CC(I)=CC=C1', 'IC1=CC=CC(=C1)C(=O)N1CCCC1', 'IC1=CC=C(CC(=O)N[C@H]2CCOC2=O)C=C1', 'COC(=O)[C@@H](CC1=CC=C(I)C=C1)NC(=O)OC(C)(C)C', 'CN(C)CCOC1=CC=CC(I)=C1', 'IC1=CC(CC2=CC=CC=C2)=CC=C1', 'NC(CC1=CC=CC(I)=C1)C(O)=O', 'CC(C)OC1=CC=C(I)C=C1', 'CN(C)C(=O)C1=CC(I)=CC=C1', 'IC1=CC=C(CC(=O)N2CCCC2)C=C1', 'IC1=CC=C(NC(=O)NCC2=CC=CC=C2)C=C1', 'FC1=CC(I)=CC=C1NC(=O)NC1CC1', 'CC1CC(C)(C)OB(O1)C1=CC=C(I)C=C1', 'CCOC1=CC=C(C=C1)C(O)C1=CC(I)=CC=C1Cl', 'IC1=CC=C(C=C1)C(=O)N1CCCC1', 'CCCCOC1=CC=C(I)C=C1', 'CC(C)(C)OC(=O)NC1=C(N)C=C(I)C=C1', 'IC1=CC=C(OC2CCN(CC2)C2CCC2)C=C1', 'COCCOC1=CC(I)=CC=C1', 'OC[C@H]1N=C(O[C@@H]1C1=CC=C(I)C=C1)C1=CC=CC=C1', 'CC(C)(C)OC(=O)NC1=CC(I)=CC=C1', 'NC(=O)C1=CN=C(OC2=CC=C(I)C=C2)C=C1', 'CCCCCCCCOC1=CC=C(I)C=C1', 'BrC1=CC=CC(=C1)C1=CC=C(I)C=C1', 'CC(C)C1=CC(I)=CC(C(C)C)=C1O', 'NCCC1=CC=C(I)C=C1', 'COC(=O)CC1=CC=CC(I)=C1', 'CCOC(=O)CC1=CC(I)=CC=C1', 'COC1=CC=C(COC2=CC=C(I)C=C2)C=C1', 'CC(C)(C)OC(=O)CC1=CC(I)=CC=C1', 'IC1=CC=C(OCC2CC2)C=C1', 'OCCC1=CC=C(I)C=C1', 'CC(C)(C)[Si](C)(C)OCC1=CC=C(I)C=C1', 'CC(C)(C)OC(=O)N[C@@H](CC1=CC(I)=CC=C1)C(O)=O', 'IC1=CC=C(CC(=O)N2CCOCC2)C=C1', 'CC(N)C1=CC=C(I)C=C1', 'OC(=O)CCC1=CC(I)=CC=C1', 'CC(C)(C)OC(=O)N[C@H](CC1=CC(I)=CC=C1)C(O)=O', 'OC(=O)C1(CC1)C1=CC=C(I)C=C1', 'ClC1=CC=C(COC2=CC=C(I)C=C2)C=C1', 'IC1=CC=C(OCCCN2CCOCC2)C=C1', 'CC(C)(C)OC(=O)N[C@@H](CC1=CC=C(I)C=C1)C(O)=O', 'NCCOC1=CC=C(I)C=C1', 'OC(=O)CCCCNC(=O)C1=CC(I)=CC=C1', 'CC(C)(C)OC(=O)NC(CC1=CC(I)=CC=C1F)C(O)=O', 'CC(=O)SCC1=CC(I)=CC=C1']"
3,"[1.8310525563005826, 2.3425490400204714]",1.9064592258426591,"['BrC1=CC=C(I)C=C1CC1=CC=C2OCCOC2=C1', 'CN(C)C1=CC=C(CNC2=CC=C(I)C=C2)C=C1']","['OC(=O)COC1=CC=CC(I)=C1', 'ClC1(Cl)CCCN(C2=CC=C(I)C=C2)C1=O', 'CCOC1=CC=C(I)C=C1', 'CSC1=CC=C(I)C=C1', 'CC(O)C1=CC=C(I)C=C1', 'IC1=CC=C(OCC#N)C=C1', 'OCC1=CC=C(I)C=C1O', 'OC(=O)CNC1=CC=C(I)C=C1', 'COC1=C(C)C=C(I)C=C1', 'CC(=O)OC1=CC=C(I)C=C1', 'NC(=O)CC1=CC=C(I)C=C1', 'IC1=CC=C(C=C1)C1=CC=C(I)C=C1', 'COC1=C(F)C=C(I)C=C1', '[H][C@@](CC1=CC=C(I)C=C1)(NC(=O)OCC1=CC=CC=C1)C(O)=O', 'CC(C)(C)C1=CC(I)=CC(Br)=C1', 'COC1=CC(=CC(I)=C1)C(F)(F)F', 'CN(C)C1=C(Br)C=C(I)C=C1', 'IC1=CC(=CC=C1)C(=O)NCC1=CC=CC=C1', 'CCN(CC)CC1=CC(I)=CC=C1', 'NCCOCCOCCNC(=O)C1=CC=C(I)C=C1', 'CCOC1=CC=CC(I)=C1', 'FC(F)OC1=CC=C(I)C=C1', 'OC(=O)CC1=CC=CC(I)=C1', 'OC1=CC=C(I)C=C1C(F)(F)F', 'CC(OC1=CC=C(I)C=C1)C(C)=O', 'CC(C)C1=CC=CC(I)=C1', 'NNC(=O)CNC1=CC=C(I)C=C1', 'IC1=CC=C(C=C1)N1CCOCC1', 'IC1=CC=C(C=C1)N1CCCCC1', 'COC(=O)C1=C(I)C=C(OC)C(OC)=C1', 'IC1=CC=C(OC2=CC=C(I)C=C2)C=C1', 'IC1=CC=C(C=C1)N(C1=CC=CC=C1)C1=CC=CC=C1', 'BrC1=CC=C(C=C1)C1=CC=CC(I)=C1', 'CC1(C)OB(OC1(C)C)C1=CC(O)=CC=C1I', 'COC1=C(F)C=CC(I)=C1', 'COC(=O)C1=C(I)C=CC=C1OC', 'OC(=O)CC1=CC=C(I)C=C1', 'IC1=CC=CC(OCC#C)=C1', 'NC1=C(OC2=CC(I)=CC=C2)C=CC=C1', 'IC1=CC=C(C=C1)C1(CC1)C#N', 'CC(C)C1=CC=C(I)C=C1', 'C[C@H](O)C1=CC=C(I)C=C1', 'CS(=O)(=O)NC1=CC(I)=CC=C1', 'IC1=CC=C(C=C)C=C1', 'IC1=CC=C(C=C1)N1CCNCC1', 'CC(C)(C)OC(=O)N1CCN(CC1)C1=CC=C(I)C=C1', 'NC1=C(OC(F)(F)F)C=C(I)C=C1']"
4,"[1.9459474104983077, 1.6388310887793525]",2.411958804226389,"['CC(C)(C)OC(=O)NC1=C(I)C2=C(C=CC=C2)C(OCC2=CC=CC=C2)=C1', 'OC[C@@H](O)CONC(=O)C1=C(NC2=C(F)C=C(I)C=C2)C(F)=C(F)C=C1']","['CC(Br)C(=O)N(C)C1=CC=C(I)C=C1', 'COC1=C(NCC(O)=O)C=C(I)C(Cl)=C1', 'CCCNC(=O)C1=CC=CC(I)=C1', 'CC1=C(O)C=C(I)C=C1', 'OCC1=CC(I)=CC(Cl)=C1', 'OB(O)C1=CC(Br)=CC(I)=C1', 'CC1=C(Cl)C=C(I)C=C1', 'BrCC1=CC=C(I)C=C1', 'CCN(CC)C(=O)C1=CC(OCC(C)C)=C(I)C=C1', 'IC1=CC=CC(=C1)N1CCCCC1', 'IC1=CC=C(C=C1)C#C', 'COC1=C(F)C=C(I)C=C1F', 'COC1=C(Br)C=CC(I)=C1', 'NC1=C(Br)C=C(I)C=C1', 'NC1=C(C=C(I)C=C1)C(F)(F)F', 'IC1=CC=C(CC#C)C=C1', 'O[C@@H]1CCN(C1)S(=O)(=O)C1=CC=C(I)C=C1', 'CC1=CC(I)=CC(I)=C1N', 'FC1=C2C=CC=CC2=CC(I)=C1', 'COC1=CC=C(I)C(C(O)=O)=C1F', 'CC1=C(O)C=CC(I)=C1', 'COC1=C(O)C=CC(I)=C1', 'CCN(CC)C(=O)C1=CC(OCC(F)(F)F)=C(I)C=C1', 'CC(C)(C)C1=C(N)C=CC(I)=C1', 'COC1=C(N)C=C(I)C=C1', 'NC1=C(Cl)C=C(I)C=C1Cl', 'COC1=CC(Br)=CC(I)=C1', 'CC1=C(N=NN1C1=CC=C(I)C=C1)C(O)=O', 'NC1=CC(I)=CC=C1O', 'OCC1=C(O)C=CC(I)=C1', 'OC1=CC(=CC=C1I)C(=O)N1CCOCC1', 'CC1=CC(I)=CC(C)=C1Br', 'COC(=O)C1=CC=C(I)C=C1C', 'CCN(CC)C(=O)C1=CC(O)=C(I)C=C1', 'IC1=CC(=CC(=C1)C1=CC=CC=C1)C1=CC=CC=C1', 'FC(F)OC1=CC(I)=CC=C1', 'CC(=O)OC1=CC=CC(I)=C1', 'NC1=C(O)C=C(I)C=C1', 'COC1=C(N)C=CC(I)=C1', 'CC(C)C1=CC(I)=CC(Br)=C1', 'NC(=O)NC1=CC(I)=CC=C1', 'CC1=CC=C(I)C=C1Br', 'OC1=C(F)C=CC(I)=C1', 'IC1=CC=CC(C=C)=C1']"
5,"[2.8329839741206793, 1.2997613105659385]",2.6267577224879366,"['CC1=CC(=CC=C1)N(C1=CC=CC=C1)C1=CC=C(C=C1)C1=CC=C(I)C=C1', 'CNC1=CC=C(I)C=C1C']","['[H][C@@](CC1=CC(I)=C(O)C(I)=C1)(NC(C)=O)C(O)=O', 'IC1=CC=C(C=C1)N1C2=C(C=CC=C2)C2=C1C=CC=C2', 'CC(C)NC(=O)C1=CC=CC(I)=C1', 'CC(C)(C)NC(=O)C1=CC=CC=C1I', 'CCCNC(=O)C1=CC=CC=C1I', 'CCOC(=O)COC1=CC=CC=C1I', 'COC1=C(I)C=C(N)C=C1I', 'COC1=C(I)C=C(C=C1C(C)(C)C)N1C=CC(=O)NC1=O', 'OC1=C(F)C=C(I)C=C1I', 'COC(=O)C1=CC(I)=C(N)C(Br)=C1', 'OC1=CC(I)=CC=C1C1=C(O)C=C(I)C=C1', 'COC(=O)CCC1=CC(I)=C(O)C=C1', 'OC(=O)C1=CC(=CC=C1)C1=CC=C(I)C=C1', 'COC1=CC(I)=CC=C1I', 'FC1=CC(I)=C(NC(=O)CCl)C=C1', 'OC1=C(Cl)C=C(I)C=C1I', 'OC[C@@H](O)CNC(=O)C1=C(NC2=CC=C(I)C=C2F)C=NC=C1', 'CN1C(=O)C(C)=CC(C(=O)NOCCO)=C1NC1=C(F)C=C(I)C=C1', 'ClC1=C(C=C(I)C=C1)C(=O)C1=CC=C(O[C@H]2CCOC2)C=C1', 'CCOC(=O)C(=CNC1=C(I)C=CC=C1)C(=O)OCC', 'COC(=O)C1=CC(I)=C(OC2=CC=CC=C2)C=C1', 'CC(C)(C)OC(=O)NCC1=CC=CC=C1I', 'IC1=CC=C(NC2=NC=CC=N2)C=C1', 'CC(C)(C)OC(=O)NC1=CC(=CC(I)=C1)C(O)=O', 'CC1=CC=C(I)C=C1F', 'CC1=CC(I)=CC(I)=C1', 'CCOC(=O)C1=CC(I)=C(OC)C=C1', 'CN(C)C1=CC(F)=CC(I)=C1', 'IC1=CC=CC(=C1)C(=O)NC1CC1', 'CC(C)(C)OC(=O)C1=C(Br)C=C(I)C=C1', 'COC1=C(I)C=CC(=C1)C(C)C', 'OC(=O)C1=C(NC2=CC=C(I)C=C2F)C=NC=C1', 'COC1=CC=C(C=C1)C(=O)NC1=CC=C(I)C=C1', 'OC(=O)C1=C(NC2=CC=C(I)C=C2Cl)C(F)=C(F)C=C1', 'ClCC(=O)NC1=CC=CC=C1I', 'IC1=CC=C(NC(=O)C2=CC=CC=C2)C=C1', 'CN1C(C)=C(C(O)=O)C(=C1C1=CC=C(Cl)C=C1)C1=CC(I)=CC=C1', 'CCOC(=O)C(=CNC1=CC=C(I)C=C1C)C(=O)OCC', 'OCC1=CC(I)=CC(I)=C1', 'CC(=O)NC1=CC(I)=C(C)C=C1', 'IC1=CC2=C(C=C1)C1=C(C=CC=C1)C1=C2C=CC=C1', 'NC1=CC(I)=CC(I)=C1']"
6,"[2.289022526319771, 2.715374778456439]",2.7787321087744767,"['IC1=CC=C(C=C1)C(=O)NC1CCN(CC2=CC=CC=C2)CC1', 'C[C@@H]1CN(CCN1S(=O)(=O)C1=CC=C(I)C=C1)C(=O)C1=CC=CC=C1']","['OC1=C(Br)C=C(I)C=C1', 'NC1=C(C=C(I)C=C1I)C(O)=O', 'FC(F)(F)OC1=CC=C(I)C=C1', 'NNC(=O)C1=CC=C(I)C=C1', 'CC1=CC(I)=CC=C1Cl', 'CNC1=CC(I)=CC=C1', 'NC1=CC(Cl)=CC(I)=C1', 'IC1=CC=C(C=C1)C1=CC=C(C=C1)C1=CC=C(I)C=C1', 'CC1=CC(Br)=CC(I)=C1', 'COC1=CC(I)=C(Cl)C=C1', 'SC1=CC(Cl)=CC=C1I', 'NC1=C(I)C=C(OC(F)(F)F)C=C1', 'COC1=CC(Cl)=CC(I)=C1', 'NC1=NC(=CS1)C1=CC=C(I)C=C1', 'IC1=CC=C(OC2=C(C=O)C=CC=C2)C=C1', 'OB(O)C1=CC=C(I)C=C1', 'CC(C)(C)NC(=O)C1=CC=CC(I)=C1', 'OC1=C(F)C=C(I)C=C1', 'CC1=CC(I)=C(CO)C=C1C', 'BrC1=C(CC#N)C=C(I)C=C1', 'CC1=CC(Cl)=CC(I)=C1N', 'NC1=C(F)C=CC(I)=C1', 'NC1=C(N)C=C(I)C=C1', 'COC1=CC=C(OC)C(I)=C1', 'CNC1=CC=C(I)C=C1', 'OC1=CC(OCC2=CC=CC=C2)=CC=C1I', 'IC1=CC(CC#N)=CC=C1', 'OC(=O)COC1=C(I)C=C(Cl)C=C1', 'CCOC1=C(I)C=CC=C1', 'IC1=CC=CC(=C1)N=C=O', 'COC1=CC(B(O)O)=C(I)C=C1', 'NC1=CC=C(I)C2=CC=CC=C12', 'OC1=C(Cl)C=CC(I)=C1', 'CC1=C(Br)C=CC(I)=C1', 'CC(C)(C)[C@@H](CO)\\N=C\\C1=CC(I)=CC(I)=C1O', 'OCC1=CC(Br)=CC(I)=C1', 'NC1=CC=C(C=C1I)C(F)(F)F', 'CC1=C(C=C(I)C=C1)C(=O)C1=CC=C(S1)C1=CC=C(F)C=C1', 'CC1=CC(Cl)=C(I)C=C1C', 'IC1=CC=C(C=C1)N=C=O']"
7,"[1.7520013158772074, 2.4242101201086674]",3.1506577755427645,"['CCCCCC1=CC=C(C=C1)C(=O)C1=CC=CC=C1I', 'CC(C)(C)OC(=O)N(C(=O)OC(C)(C)C)C1=C(I)C=C(C=C1)N(=O)=O']","['COC(=O)C1=CC(I)=CC(N)=C1', 'CCNC(=O)C1=CC(Br)=CC=C1I', 'BrC1=CN=C(OC2=CC=C(I)C=C2)N=C1', 'CC(C)(C)OC(=O)C1=CC=C(I)C=C1', 'CC1=C(I)C=C(NC(=O)C2=CC=NC(Cl)=C2)C=C1', 'IC1=CC=C(C=C1)C1=CC2=CC=CC=C2OC1=O', 'FC1=CC=C(C=C1)C(=O)C1=C(Cl)C=CC(I)=C1', 'COC(=O)C1=C(C)C(Cl)=CC(I)=C1', 'IC1=CC=C(C=C1)C(=O)NC1CCCCC1', 'CCCNC(=O)C1=CC=C(I)C=C1', 'CC(C)(C)NC(=O)C1=CC=C(I)C=C1', 'IC1=CC=C(OC2=NC=CC=N2)C=C1', 'IC1=CC=C(C=C1)C(=O)NCC1=CC=CC=C1', 'IC1=CC=C(C=C1)C(=O)CC1=CC=CC=C1', 'OC(=O)CCCCC(=O)C1=CC=C(I)C=C1', 'ClC1=CC=C(I)C=C1I', 'IC1=CC=C(C=C1)C(=O)OCC1=CC=CC=C1', 'CCNS(=O)(=O)C1=CC=C(I)C=C1', 'OCCONC(=O)C1=C(NC2=CC=C(I)C=C2F)N2C=NC=C2C=C1', 'CCOC(=O)C1=C(I)C=CC(C)=C1', 'CC(C)(C)OC(=O)C1=C(O)C=CC(I)=C1', 'CNC1=CC(=O)N(C2CC2)C(=O)N1C1=CC=C(I)C=C1F', 'CCOC(=O)C1=CC(OC)=CC(I)=C1', 'CCOC(=O)C1=C(Cl)C=C(I)C=C1', 'COC1=C(C(O)=O)C(I)=CC=C1', 'IC1=CC=C(C=C1)C(=O)NCC1CC1', 'CCN1CCN(CC1)C(=O)C1=CC=C(I)C=C1', 'CNC(=O)C1=CC=CC(I)=C1', 'IC1=CC=C(C=C1)S(=O)(=O)N1CCCC1', '[H][C@@](N)(CC1=CC(I)=C(O)C(I)=C1)C(O)=O', 'CC1=CC=C(C=C1)C(=O)C1=CC(I)=CC=C1', 'CC(C)NC(=O)C1=CC=C(I)C=C1', 'COC1=CC=C2OC(=O)C(=CC2=C1)C1=CC=C(I)C=C1', 'ClC1=CC=C2OC(=O)C(=CC2=C1)C1=CC=C(I)C=C1', 'FC(F)(F)C(=O)CC1=CC=C(I)C=C1', 'IC1=C(C=CC=C1)N=C=S', 'ClC1=CC=C(I)C=C1CBr']"
8,"[1.4053247717914918, 3.414951317954121]",3.3073981617531434,"['COC1=CC=C(OC2=C(I)C=C(C=C2I)C(O)=O)C=C1', 'CC(C)(C)OC(=O)CC1=CC(I)=CC=C1N(=O)=O']","['CC(C)(C)OC(=O)C1=CC(Br)=CC(I)=C1', 'CC1=CC=C(C=C1)C(=O)C1=C(I)C=CC=C1', 'COC1=CC(I)=C(I)C=C1OC', 'CCOC(=O)C1=CC2=CC=CC=C2C=C1I', 'ClCC1=CC(I)=C(CCl)C=C1', 'CCOC(=O)C1=CC(I)=CC=C1C', 'COC(=O)C1=CC(OC)=CC(I)=C1', 'COC(=O)C1=CC(I)=C(O)C(I)=C1', 'CCOC(=O)C1=C(I)C=CC=C1F', 'COC(=O)C1=C(I)C=CC(C)=C1', 'FC1=CC=C(C=C1)C(=O)C1=C(I)C=CC=C1', 'IC1=CC=C(C=C1)C1=CC=C(O1)C=O', 'OC1=CC=C(C=C1I)C1=CC=C(C=C1)C#N', 'IC1=C(C=CC=C1)C(=O)N1CCCC1', 'CCOC(=O)CC(=O)C1=CC=C(I)C=C1', 'COC(=O)C1=CC2=CC=CC=C2C=C1I', 'OC1=CC=C(Cl)C=C1\\C=C\\C1=C(I)C=CC=C1', 'OC(=O)CCC1=NN=C(O1)C1=CC=CC=C1I', 'COC(=O)C1=C(I)C=CC(O)=C1', 'CC(C)(C)OC(=O)C1=C(I)C=CC(Br)=C1', 'CC1=C(I)C=C(CBr)C=C1', 'CC1=C(Cl)C=C(I)C(O)=C1I', 'COC1=C(O)C(I)=CC(\\C=N\\NC(=O)C2=CC=CC(F)=C2)=C1', 'IC1=CC=CC(=C1)C(=O)C1=CC=CC=C1', 'CN(C(=O)C1=C(I)C=CC=C1)C1=CC=CC=C1', 'CC1=C(I)C=C(Cl)C=C1N', 'CC1=C(F)C=C(C=C1I)C(=O)NC1CC1', 'BrC(C1=CC=CC=C1)C1=C(I)C=CC=C1', 'IC1=CC=C(C=C1)C(=O)NC1CC1', 'COC1=C(OC)C(=CC(I)=C1)C(O)=O', 'IC1=CC=C(C=C1)C(=O)CCCC#N', 'CCOC(=O)CC(=O)C1=CC=CC(I)=C1', 'CC1=C(I)C=CC(=C1)C(=O)OC(C)(C)C', 'CCOC(=O)C1=CC=C(C=C1)C(=O)C1=CC=C(I)C=C1', 'ClC1=CC=C(C=C1)C(=O)C1=CC=CC=C1I', 'IC1=C(C=CC=C1)C(=O)CC1=CC=CC=C1']"
9,"[3.621671409253185, 3.1493731755393135]",3.54279828336771,"['OC1=CC(I)=CC=C1N(=O)=O', 'IC1=CC=C(C=C1)\\N=N\\C1=CC=C(I)C=C1']","['IC1=CC=CC=C1C(=O)C1=CC=CC=C1', 'CC(=O)OC1=C(I)C=C(C=O)C=C1I', 'IC1=CC=C(C=C1)C(=O)C1=CC=CC=N1', 'CCOC(=O)C1=CC=C(I)C=C1F', 'COC(=O)C1=CC=C(I)C=C1OC', 'IC1=CC=C(\\C=C\\C2=CC=C(I)C=C2)C=C1', 'COC1=CC(=CC(I)=C1)C(O)=O', 'COC(=O)C1=CC=C(I)C=C1C(=O)OC', 'FC1=CC=C(C=C1)C(=O)C1=CC=C(I)C=C1', 'COC(=O)C1=C(Cl)C=C(C)C(I)=C1', 'CN(C)S(=O)(=O)C1=CC=C(I)C=C1', 'COC(=O)C1=CC(=CC(I)=C1)C(=O)OC', 'CC(C)(C)OC(=O)C1=CC(I)=CC=C1', 'IC1=CC(=CC=C1)C(=O)ON1C(=O)CCC1=O', 'COC(=O)C1=C(Cl)C=C(I)C=C1', 'IC1=CC=C(C=C1)C(=O)C1=CC=CC(=C1)C#N', 'COC(=O)C1=C(C(=O)OC)C(I)=CC=C1', 'IC1=CC=CC(OC2=NC=CC=N2)=C1', 'ONC(=O)C1=CC(I)=CC=C1', 'IC1=CC=C(OC2=CC=C(C=C2)N(=O)=O)C=C1', 'FS(F)(F)(F)(F)C1=CC=CC(I)=C1', 'ClC1=CC=C(C=C1)C(=O)C1=CC=C(I)C=C1', 'COC(=O)C1=CC(I)=CC(O)=C1', 'COC(=O)C1=C(Cl)C=CC(I)=C1', 'FC1=CC(=CC=C1)C(=O)C1=C(I)C=CC=C1', 'OC(=O)C1=CC(I)=C(C=C1)N1C=CC=N1', 'CCC1=CC=C(I)C=C1C(O)=O', 'OC(=O)C1=CC(I)=CC(I)=C1', 'OC(=O)CCC(=O)C1=CC=C(I)C=C1', 'COC1=C(OCC=C)C(I)=CC(C=O)=C1', 'COC(=O)C1=C(OC)C=C(I)C(Cl)=C1', 'IC1=CC(I)=CC=C1', 'IC1=CC=C(C=C1)C(=O)C1=CC=CC=C1', 'OC(=O)\\C=C\\C1=CC=C(I)C=C1']"
