,obj_values ['rate'],Vendi_score,eval_samples,cut_samples
0,"[1.66710508485528, 1.8699514981177312]",1.4618964305327848,"['FC1=C(C=CC(I)=C1)C#N', 'CN(C)C(=O)C1=CC(I)=CC=C1']",[]
1,"[3.658071356861666, 2.1694847321625006]",1.5276361426012928,"['CC(C)(C)NC(=O)C1=CC=CC(I)=C1', 'NC(CC1=CC=CC(I)=C1)C(O)=O']","['OC(=O)C1=C(Cl)C=C(I)C=C1', 'COC1=C(C=CC(I)=C1)C(O)=O', 'CC1=CC(=CC(I)=C1)C#N', 'CNC(=O)C1=C(F)C=C(I)C=C1', 'ONC(=O)C1=CC(I)=CC=C1', 'IC1=CC=CC(=C1)C(=O)NC1CC1', 'ONC(=O)C1=CC=C(I)C=C1', 'IC1=CC(CC#N)=CC=C1', 'CC1=CC(Cl)=CC(I)=C1', 'CC(C)NC(=O)C1=CC=CC(I)=C1', 'OCC1=CC(I)=CC(Cl)=C1', 'CCOC(=O)CC1=CC(I)=CC=C1', 'OC(=O)COC1=CC=CC(I)=C1', 'IC1=CC=CC(=C1)C(=O)N1CCCC1', 'OC(=O)C1(CC1)C1=CC=C(I)C=C1', 'CN(C)S(=O)(=O)C1=CC=C(I)C=C1', 'CCCNC(=O)C1=CC=CC(I)=C1', 'CS(=O)(=O)C1=CC=C(I)C=C1', 'COC(=O)CC1=CC=CC(I)=C1', 'FS(=O)(=O)C1=CC=C(I)C=C1', 'CC(=O)OC1=CC=CC(I)=C1', 'IC1=CC=C(CN2C=CN=C2)C=C1', 'FC(F)OC1=CC(I)=CC=C1', 'OC(=O)C1=C(C=C(I)C=C1)C(O)=O', 'CS(=O)(=O)C1=CC=CC(I)=C1', 'NNS(=O)(=O)C1=CC=C(I)C=C1', 'OS(=O)(=O)C1=CC=CC(I)=C1', 'CCNS(=O)(=O)C1=CC=C(I)C=C1', 'IC1=CC=CC(=C1)C(=O)N1CCOCC1', 'IC1=CC=C(C=C1)N1C=NN=N1', 'FC1=CC(I)=CC=C1CC#N', 'IC1=CC=C(C=C1)C1(CC1)C#N', 'CS(=O)(=O)NC1=CC=C(I)C=C1F', 'NS(=O)(=O)C1=CC=C(I)C=C1', 'FC(F)(F)C(=O)NC1=CC(I)=CC=C1', 'OC(=O)C1=C(C=C(I)C=C1)C(F)(F)F', 'CNC(=O)C1=CC=CC(I)=C1', 'NNC(=O)C1=CC=C(I)C=C1', 'COC1=CC(I)=CC=C1C#N', 'IC1=CC=C(C=C1)C(=O)N1CCCC1', 'OC(=O)CC1=CC=CC(I)=C1', 'CCOC(=O)C1=CC=C(I)C=C1F', 'ClC1=C(C=CC(I)=C1)C#N', 'CON(C)C(=O)C1=CC=C(I)C=C1', 'CCC(=O)C1=CC=C(I)C=C1', 'COC(=O)C1=C(Cl)C=C(I)C=C1', 'NS(=O)(=O)C1=CC=CC(I)=C1', 'CS(=O)(=O)NC1=CC(I)=CC=C1', 'OC(=O)C1=CC=C(I)C=C1F', 'CC(=O)SCC1=CC(I)=CC=C1', 'CNS(=O)(=O)C1=CC=C(I)C=C1', 'NC(=O)C1=CC(I)=CC=C1']"
2,"[1.5820627721900749, 4.309546859998197]",1.579682142799746,"['CC1=CC=C(C=C1)C(=O)C1=CC(I)=CC=C1', 'OC(=O)CCCCNC(=O)C1=CC(I)=CC=C1']","['OC(=O)CCC1=CC(I)=CC=C1', 'CC(C)NC(=O)C1=CC=C(I)C=C1', 'IC1=CC=CC(OC2=NC=CC=N2)=C1', 'FC(F)(F)C(=O)NC1=CC=C(I)C=C1', 'IC1=CC=CC(CNC2CC2)=C1', 'NC(=O)C1=CN=C(OC2=CC=C(I)C=C2)C=C1', 'CS(=O)(=O)NC1=CC=C(I)C=C1', 'COC(=O)C1=C(C)C(Cl)=CC(I)=C1', 'CC(C)(C)C1=CC=C(I)C=C1', 'IC1=CC=C(C=C1)C(=O)N1CCOCC1', 'CC(C)(C)NC(=O)C1=CC=C(I)C=C1', 'IC1=CC=C(CC(=O)N2CCCC2)C=C1', 'COC(=O)C1=CC(OC)=CC(I)=C1', 'OC(=O)CCCCC1=CC=C(I)C=C1', 'CC(=O)OC1=CC=C(I)C=C1', 'CCCNC(=O)C1=CC=C(I)C=C1', 'CC(C)CC1=CC=C(I)C=C1', 'IC1=CC=C(CC(=O)N[C@H]2CCOC2=O)C=C1', 'NC(=O)CC1=CC=C(I)C=C1', 'CC(C)C1=CC=CC(I)=C1', 'COC(=O)CCC1=CC=C(I)C=C1', 'IC1=CC=C(OC2=NC=CC=N2)C=C1', 'IC1=CC=C(CC(=O)N2CCCCC2)C=C1', 'OB(O)C1=CC=C(I)C=C1', 'COC(=O)C1=CC(I)=CC(O)=C1', 'C[C@H](O)C1=CC=C(I)C=C1', 'IC1=CC=C(CC(=O)N2CCOCC2)C=C1', 'IC1=CC=C(C=C1)N1C=CC=N1', 'ClCC(=O)NC1=CC(I)=CC=C1', 'IC1=CC=C(C=C1)N1CCC(=O)NC1=O', 'NCC1(CCCC1)C1=CC=C(I)C=C1', 'OCCC1=CC=C(I)C=C1', 'IC1=CC=C(C=C1)C(=O)NC1CC1', 'IC1=CC(=CC=C1)C(=O)NCC1=CC=CC=C1', 'CC1=CC(I)=CC(I)=C1', 'OC(C1=CC=CC=C1)C1=CC(I)=CC=C1', 'CCCCC1=CC=C(I)C=C1', 'OC(=O)CC1=CC=C(I)C=C1', 'CC1(C)COB(OC1)C1=CC=C(I)C=C1', 'CC(C)(C)OC(=O)C1=CC=C(I)C=C1', 'COC1=CC(=CC(I)=C1)C(F)(F)F', 'IC1=CC(CC2=CC=CC=C2)=CC=C1', 'IC1=CC=C(C=C1)S(=O)(=O)N1CCCC1', 'OC(=O)CCCC1=CC=C(I)C=C1', 'IC1=CC=C(C=C1)C(=O)NCC1CC1', 'IC1=CC=C(OC2=CC=C(C=C2)C#N)C=C1', 'IC1=CC=CC(=C1)C1=CC=CC=C1', 'CC(C)NC(=O)CC1=CC=C(I)C=C1', 'CCCCCC1=CC=C(I)C=C1']"
3,"[1.5266477018978144, 1.535029075208998]",1.683270384017719,"['FC(F)(F)C(F)(C1=CC=C(I)C=C1)C(F)(F)F', 'CCOC1=CC=C(C=C1)C(O)C1=CC(I)=CC=C1Cl']","['ClCC(=O)NC1=CC=C(I)C=C1', 'IC1=CC=CC(=C1)C(=O)CC#N', 'CC(=O)C1=CC=C(I)C=C1', 'CCOC(=O)C1=CC(OC)=CC(I)=C1', 'IC1=CC=C(C=C1)C(=O)CC1=CC=CC=C1', 'CC(C)(C)OC(=O)NC1=CC(=CC(I)=C1)C(O)=O', 'COC(=O)C1=CC(Cl)=CC(I)=C1', 'FC1=CC=C(OC2=CC=CC(I)=C2)C=C1', 'CC1CC(C)(C)OB(O1)C1=CC=C(I)C=C1', 'CCOC(=O)CC(=O)C1=CC=C(I)C=C1', 'OC(=O)CCCCC(=O)C1=CC=C(I)C=C1', 'CCOC(=O)C1=CC=CC(I)=C1', 'CC(C)(C)OC(=O)C1=CC(I)=CC=C1', 'IC1=CC(=CC(=C1)C1=CC=CC=C1)C1=CC=CC=C1', 'COC(=O)C1=CC=CC(I)=C1', 'COC1=CC(=CC(I)=C1)C(O)=O', 'IC1=CC=C(C=C1)C(=O)CCCC#N', 'O[C@@H]1CCN(C1)S(=O)(=O)C1=CC=C(I)C=C1', 'FC(F)(F)C(=O)CC1=CC=C(I)C=C1', 'FC1=CC=C(C=C1)C(=O)C1=C(Cl)C=CC(I)=C1', 'COC(=O)C1=C(Cl)C=CC(I)=C1', 'CCOC(=O)C1=CC(I)=CC=C1C', 'IC1=CC=CC(=C1)N=C=S', 'CCOC(=O)C1=C(Cl)C=C(I)C=C1', 'CC(OC1=CC=C(I)C=C1)C(C)=O', 'COC(=O)C1=CC=C(I)C=C1C(=O)OC', 'FC1=CC=C(C=C1)C(=O)C1=CC=C(I)C=C1', 'OC(=O)C1=CC(=CC=C1)C1=CC=C(I)C=C1', 'IC1=CC=C(C=C1)C(=O)C1=CC=CC(=C1)C#N', 'IC1=CC=C(C=C1)C(=O)NCC1=CC=CC=C1', 'OCC1=CC(I)=CC(I)=C1', 'CC(=O)C1=CC(I)=CC=C1', 'COC(=O)C1=CC=C(I)C=C1OC', 'IC1=CC=C(C=C1)C(=O)C1=CC=CC=N1', 'IC1=CC=C(C=C1)C(=O)OCC1=CC=CC=C1', 'IC1=CC=C(C=C1)C1=CC=CC=C1', 'IC1=CC=C(C=C1)C(=O)CC#N', 'IC1=CC=C(C=C1)C(=O)C1=CC=CC=C1', 'CC(C)(C)OC(=O)CC1=CC(I)=CC=C1', 'CCOC(=O)CC(=O)C1=CC=CC(I)=C1', 'CC1(C)OB(OC1(C)C)C1=CC(I)=CC=C1', 'OC(=O)C1=CC(I)=CC(O)=C1', 'OC(=O)CCC(=O)C1=CC=C(I)C=C1', 'CCC1=CC=C(I)C=C1C(O)=O', 'ClCC(=O)C1=CC=C(I)C=C1', 'CC1=C(N=NN1C1=CC=C(I)C=C1)C(O)=O', 'IC1=CC=CC(=C1)C(=O)C1=CC=CC=C1']"
4,"[2.0210348529315234, 1.8267691546488731]",1.7368303277416757,"['COC(=O)C1=CC(I)=CC(=C1)C(O)=O', 'COC(=O)C1=CC(=CC(I)=C1)C(=O)OC']","['FC(F)(F)OC1=C(Cl)C=C(I)C=C1', 'FC(F)C(F)(F)OC1=CC=C(I)C=C1', 'COC1=CC(I)=CC=C1CO', 'CC1=C(Cl)C=C(I)C=C1', 'CC(=O)NC1=C(Cl)C=C(I)C=C1', 'CC(C)(C)C1=CC(I)=CC(Br)=C1', 'COCCOC1=CC(I)=CC=C1', 'CC(C)C1=CC(I)=CC(Br)=C1', 'CC(=O)NC1=C(C=C(I)C=C1)C(F)(F)F', 'BrC1=CC=C(C=C1)C1=CC=CC(I)=C1', 'OCC1=CC(Br)=CC(I)=C1', 'NC1(CC1)C1=CC=C(I)C=C1', 'COC(=O)C1=CC=C(I)C=C1C', 'CC1=CC=C(I)C=C1Br', 'CC1=CC=C(C=C1)C1=CC=C(I)C=C1', 'OC[C@H]1N=C(O[C@@H]1C1=CC=C(I)C=C1)C1=CC=CC=C1', 'OB(O)C1=CC(Br)=CC(I)=C1', 'FS(F)(F)(F)(F)C1=CC=C(I)C=C1', 'CC(=O)NC1=C(OC(F)(F)F)C=C(I)C=C1', 'CC(C)(C)OC(=O)N[C@@H](CC1=CC=C(I)C=C1)C(O)=O', 'IC1=CC(OC2=CC=CC=C2)=CC=C1', 'ClC1=CC=C(OC2=CC=C(I)C=C2)C=C1Cl', 'OC[C@H]1CN(C(=O)O1)C1=CC=C(I)C=C1', 'CC1=CC(I)=CC(F)=C1', 'FC(F)C1=CC(I)=CC=C1', 'FC(F)(F)C1=C(Cl)C=CC(I)=C1', 'OCC1=CC(I)=CC(F)=C1', 'BrC1=C(CC#N)C=C(I)C=C1', 'IC1=CC=CC(OCC#C)=C1', 'ClC1=CC=C(I)C=C1I', 'CC(C)(C)OC(=O)NC1=CC=C(I)C=C1F', 'CC1=CC(Br)=CC(I)=C1', 'IC1=CC=CC(=C1)N=C=O', 'CC(C)(C)OC(=O)C1=C(Br)C=C(I)C=C1', 'COC1=CC(I)=CC=C1I', 'CC(C)(C)OC(=O)NC1=CC(I)=CC=C1', 'CC(C)(C)[Si](C)(C)OCC1=CC=C(I)C=C1', 'IC1=CC(I)=CC=C1', 'CCC[C@H]1CC[C@@H](CC1)C1=CC=C(I)C=C1', 'ClC1(Cl)CCCN(C2=CC=C(I)C=C2)C1=O', 'ClC1=CC=C(C=C1)C1=CC=C(I)C=C1', 'OCC1=C(Cl)C=C(I)C=C1Cl', 'CC(C)(C)OC(=O)N[C@@H](CC1=CC(I)=CC=C1)C(O)=O', 'CC(Br)C(=O)N(C)C1=CC=C(I)C=C1']"
5,"[2.2498302218231667, 1.3637239360088234]",1.866940682246838,"['COC(=O)[C@@H](CC1=CC=C(I)C=C1)NC(=O)OC(C)(C)C', '[H][C@@](CC1=CC=C(I)C=C1)(NC(=O)OCC1=CC=CC=C1)C(O)=O']","['IC1=CC2=C(C=C1)C1=C(C=CC=C1)C1=C2C=CC=C1', 'IC1=CC=C(C=C1)C1=CC=C(I)C=C1', 'OC(=O)C1=CC(I)=CC=C1Cl', 'OC(=O)\\C=C\\C1=CC=CC(I)=C1', 'COC(=O)C1=CC(I)=CC(Br)=C1', 'OC(=O)C1=CC(Cl)=CC(I)=C1', 'IC1=CC=C(C=C1)C(=O)NC1CCCCC1', 'COC(=O)C1=C(Br)C=C(I)C=C1', 'CCOC(=O)C1=C(F)C=CC(I)=C1', 'CCOC(=O)C1=CC(I)=CC(Br)=C1', 'FC(F)(F)C1=CC(C=O)=CC(I)=C1', 'COC(=O)C1=C(C=C(I)C=C1)S(N)(=O)=O', 'ClC1=CC=C(C=C1)C(=O)C1=CC=C(I)C=C1', 'CC(=O)C1=CC(Br)=CC(I)=C1', 'COC(=O)C1=CC(I)=CC(F)=C1F', 'OC(=O)C1=CC(I)=CC(Cl)=C1F', 'COC(=O)C1=CC(I)=CC(F)=C1', 'ClC1=CC(=CC(I)=C1)C#N', 'FC(F)(F)C1=CC(I)=CC=C1I', 'IC1=CC(C=O)=CC=C1', 'CC1=CC=C(I)C=C1C=O', 'COC(=O)C1=CC(=CC(I)=C1)C(F)(F)F', 'OC(=O)C1=CC(I)=CC(=C1)C(F)(F)F', 'CCOC(=O)C1=C(I)C=CC(C)=C1', 'COC(=O)C1=C(F)C=CC(I)=C1', 'OC(=O)C1=CC(I)=CC(I)=C1', 'IC1=CC=C(I)C(=C1)C#N', 'NCCOCCOCCNC(=O)C1=CC=C(I)C=C1', 'FS(F)(F)(F)(F)C1=CC=CC(I)=C1', 'IC1=CC=C(OC2=C(C=O)C=CC=C2)C=C1', 'CC1=C(C=C(I)C=C1Cl)C(O)=O', 'COC(=O)C1=C(C)C=CC(I)=C1', 'IC1=CC(=CC=C1)C(=O)ON1C(=O)CCC1=O', 'OCC(=O)C1=CC=C(I)C=C1', 'IC1=CC=CC(=C1)C#N', 'ClC1=CC=C(I)C=C1C=O', 'COC(=O)C1=CC(I)=CC=C1Br', 'CC1=CC(=CC(I)=C1)C(O)=O', 'COC1=C(OC)C(=CC(I)=C1)C(O)=O', 'CC1=C(Cl)C=C(I)C=C1Cl', 'IC1=CC(=CC(I)=C1)C#N', 'CC1=C(C=C(I)C=C1)C#N']"
6,"[2.293630961448409, 1.6956511148151798]",2.0036601684795614,"['CCOC(=O)C1=CC(I)=C(C)C=C1', 'IC1=CC2=C(C=CC=C2)C2=C1C=CC=C2']","['CC1=CC=C(I)C=C1F', 'COC1=CC=C(COC2=CC=C(I)C=C2)C=C1', 'BrC1=CC=CC(=C1)C1=CC=C(I)C=C1', 'ClC1=CC=C(OC2=CC=C(I)C=C2)C=C1', 'ClC1=C(Cl)C=C(I)C=C1', 'IC1=CC=C(NC(=O)C2=CC=CC=C2)C=C1', 'CC(C)(C)OC(=O)C1=CC(Br)=CC(I)=C1', 'CC(O)C1=CC=C(I)C=C1', 'IC1=CC=C(CN2CCCCC2)C=C1', 'CC(=O)CC(=O)NC1=CC=C(I)C=C1', 'FC1=CC(I)=CC=C1CBr', 'IC1=CC=C(OC2=CC=C(I)C=C2)C=C1', 'COC(=O)COC1=CC=C(I)C=C1', 'COC(=O)C1=C(I)C=CC(C)=C1', 'BrCC1=CC=C(I)C=C1', 'IC1=CC(C=O)=CC(I)=C1', 'FC(F)C1=C(Br)C=CC(I)=C1', 'CC(C)(C)OC(=O)NC1=CC=C(I)C=C1', 'OC1=CC(I)=CC=C1C1=C(O)C=C(I)C=C1', 'CC(C)C1=CC=C(I)C=C1', 'OC(=O)CCC1=NN=C(O1)C1=CC=CC=C1I', 'FC(F)OC1=CC=C(I)C=C1', 'CC(=O)C1=C(Br)C=CC(I)=C1', 'NC(=O)C1=C(Br)C=C(I)C=C1', 'OC(=O)CCCOC1=CC=C(I)C=C1', 'COC1=C(Cl)C=CC(I)=C1', 'CCOC(=O)C1=C(I)C=CC=C1F', 'CC(C)(C)OC(=O)N[C@H](CC1=CC(I)=CC=C1)C(O)=O', 'OC(=O)\\C=C\\C1=CC=C(I)C=C1', 'ClC1=CC=C(I)C=C1CBr', 'FC(F)C1=CC=C(I)C=C1', 'CC(C)(C)OC(=O)NC(CC1=CC(I)=CC=C1F)C(O)=O', 'BrC1=CN=C(OC2=CC=C(I)C=C2)N=C1', 'FC1=CC(I)=CC=C1NC(=O)NC1CC1', 'OC1=CC=C(OC2=CC=C(I)C=C2)C=C1', 'CCCCCC1=CC=C(C=C1)C1=CC=C(I)C=C1', 'FC(F)(F)C1=CC(Cl)=CC(I)=C1', 'CC(N)C1=CC=C(I)C=C1', 'CC1=C(F)C=C(C=C1I)C(=O)NC1CC1', 'ClC1=CC=C(COC2=CC=C(I)C=C2)C=C1']"
7,"[3.504150713837424, 3.8473120184418352]",2.103027553904004,"['CC(=O)CC1=C(I)C=CC=C1', 'CC1=CC=CC(I)=C1']","['COC(=O)C1=C(C(=O)OC)C(I)=CC=C1', 'COC1=C(C=O)C=CC(I)=C1', 'CCCNC(=O)C1=CC=CC=C1I', 'OC(=O)C1=CC(I)=CC=C1Br', 'COC(=O)C1=CC=CC=C1I', 'CCOC(=O)C1=CC=CC=C1I', 'OC(=O)C1=CC=C(I)C=C1O', 'ClCC1=CC(I)=C(CCl)C=C1', 'COC(=O)C1=CC(I)=CC(N)=C1', 'OC(=O)C1=CC(Br)=CC(I)=C1', 'CC1(C)OB(OC1(C)C)C1=CC(O)=CC=C1I', 'CC1=CC=C(C(O)=O)C(I)=C1', 'COC(=O)C1=CC(I)=C(C)C=C1C', 'CC1=C(I)C=CC(=C1)C(=O)OC(C)(C)C', 'COC(=O)C1=C(Cl)C=C(C)C(I)=C1', 'CCOC(=O)C1=C(O)C=CC(I)=C1', 'COC(=O)C1=CC2=CC=CC=C2C=C1I', 'ClC1=CC2=C(C=C1)C=C(I)C=C2', 'CC1=CC(C)=C(I)C=C1C(O)=O', 'CC(C)(C)NC(=O)C1=CC=CC=C1I', 'COC1=CC=C(C=C1)C(=O)NC1=CC=C(I)C=C1', 'CS(=O)(=O)C1=CC(=CC(I)=C1)S(C)(=O)=O', 'FC1=CC(I)=CC(C=O)=C1', 'COC(=O)C1=C(C)C(I)=CC=C1', 'OC(=O)C1=CC(I)=CC(F)=C1F', 'CCOC(=O)C1=CC2=CC=CC=C2C=C1I', 'CC1=C(I)C=C(C=C1F)C(O)=O', 'IC1=CC(C=O)=CC(C=O)=C1', 'OCC1=C(Cl)C=CC=C1I', 'NC1=CC(I)=CC(=C1)C(O)=O', 'CCOC(=O)C1=C(I)C=CC(Cl)=C1', 'FC(F)(F)C1=CC(I)=CC(=C1)C#N', 'IC1=CC=C(C=C1)C1=CC=C(O1)C=O', 'CC1=CC=C(C=C1I)C(O)=O', 'BrCC(=O)C1=CC(I)=CC=C1', 'CC1=C(C=C(Cl)C=C1I)C(O)=O', 'CC(C)(C)OC(=O)C1=C(O)C=CC(I)=C1']"
8,"[1.5893851535598733, 1.8002786936086466]",2.158748509845795,"['OCC1=CC=CC=C1I', 'CC(C)C1=C(I)C=CC=C1']","['IC1=CC=CC(C=C)=C1', 'OS(=O)(=O)C1=CC=C(I)C=C1', 'CC1=CC(I)=CC=C1Cl', 'COC1=C(F)C=CC(I)=C1', 'FC(F)(F)OC1=CC=C(I)C=C1', 'OC(=O)COC1=CC=C(I)C=C1', 'FC1=CC(=CC(I)=C1)C(F)(F)F', 'COC(=O)C1=C(I)C=CC=C1OC', 'NCCC1=CC=C(I)C=C1', 'CCC1=C(I)C=C(C=C1)C(O)=O', 'OCC1=C(I)C=C(C=C1)C(F)(F)F', 'COC1=C(C(O)=O)C(I)=CC=C1', 'ClC1=CC=C(I)C=C1', 'CCOC1=CC=CC(I)=C1', 'OC(=O)C1=CC=CC(I)=C1C(O)=O', 'IC1=CC=C(C=C1)N=C=O', 'IC1=CC=C(OCC#N)C=C1', 'CC(=C)C1=CC=C(I)C=C1', 'CC(C)(C)OC(=O)NCC1=CC=CC=C1I', 'OC1=C(F)C=CC(I)=C1', 'IC1=C(C=CC=C1)C(=O)CC1=CC=CC=C1', 'CC1=C(I)C=C(C=C1)C(F)(F)F', 'CC1=CC=C(C=O)C=C1I', 'COC(=O)C1=C(I)C=CC=C1F', 'COC(=O)C1=C(O)C=C(I)C=C1', 'COC(=O)C1=CC(C)=C(I)C=C1', 'CC1=C(I)C=C(Br)C=C1', 'COC1=CC(Cl)=CC(I)=C1', 'COC(=O)C1=C(I)C=CC(O)=C1', 'OC1=C(Cl)C=CC(I)=C1', 'COC(=O)C1=C(I)C=CC=C1Cl', 'IC1=CC=C(C=C1)C#C', 'IC1=CC=C(CC#C)C=C1', 'CC1=CC=C(I)C(C(O)=O)=C1F', 'CNC(=O)C1=CC=CC=C1I', 'CC1=C(C=CC=C1I)C#N']"
9,"[1.3767393908226484, 2.626504030750194]",2.246769733261963,"['CCOC(=O)CC(=O)C1=C(I)C=CC=C1', 'FC1=CC(I)=CC(F)=C1']","['CC1=C(I)C=C(F)C(Br)=C1', 'CC1=C(O)C=C(I)C=C1', 'CC1=C(F)C=CC=C1I', 'IC1=CC=C(C=C1)N1C=CC=C1', 'FC1=CC(I)=CC=C1', 'FC1=CC(I)=CC=C1C(F)(F)F', 'CC1=C(F)C=C(F)C=C1I', 'SCCC1=CC=CC=C1I', 'CC1=C(I)C=CC=C1C=O', 'OC(=O)CC1=C(I)C=C(Cl)C=C1', 'IC1=CC=C(OCC2CC2)C=C1', 'OCC1=CC=C(I)C=C1O', 'CC1=C(C=CC(I)=C1)C#N', 'CC1=CC(I)=C(CO)C=C1C', 'OC1=CC=C(I)C=C1C(F)(F)F', 'IC1=CC=CC=C1N=C=O', 'OC(=O)C1=C(I)C=CC=C1F', 'CC1=C(I)C=C(CBr)C=C1', 'CC(=O)C1=C(I)C=CC(F)=C1', 'OC(=O)C1=C(I)C=CC=C1Cl', 'IC1=CC=C(C=C)C=C1', 'CC1=CC(I)=CC(C)=C1Br', 'COC1=C(F)C=C(I)C=C1', 'CC1=C(Br)C=CC(I)=C1', 'SC1=CC=C(I)C=C1Cl', 'CC1=C(I)C=CC(Cl)=C1', 'CCCCOC1=CC=C(I)C=C1', 'NCCOC1=CC=C(I)C=C1', 'NCC1=CC=CC=C1I', 'CN(C)CCOC1=CC=CC(I)=C1', 'CC1=CC(=CC=C1I)C#N', 'COC(OC)C1=C(I)C=CC=C1', 'OC(=O)C1=CC=C(I)C=C1', 'CCOC(=O)CC1=C(I)C=CC=C1']"
