,obj_values ['rate'],Vendi_score,eval_samples,cut_samples
0,"[2.178778626718425, 1.8418100256456311]",1.6176626960701943,"['OC(=O)C1=C(I)C=CC(=C1)C#N', 'IC1=CC=C(OC2=CC=C(I)C=C2)C=C1']",[]
1,"[2.5074289024122995, 1.2946583403355416]",1.7224319599615214,"['CC1=C(C=CC(I)=C1)N(=O)=O', 'FC1=CC=CC(I)=C1C#N']","['OC(=O)C1=C(Cl)C=C(I)C=C1', 'ONC(=O)C1=CC(I)=CC=C1', 'CC(C)(C)OC(=O)C1=CC=C(I)C=C1', 'COC(=O)C1=CC(I)=CC(O)=C1', 'CCOC(=O)C1=C(I)C=CC(C)=C1', 'ONC(=O)C1=CC=C(I)C=C1', 'OC(=O)C1=C(I)C=CC(I)=C1', 'CNC(=O)C1=C(F)C=C(I)C=C1', 'COC(=O)C1=CC=C(I)C=C1C(=O)OC', 'COC1=CC(=CC(I)=C1)C(O)=O', 'OC(=O)C1=CC(I)=C(C=C1)C(O)=O', 'OC(=O)CCC1=NN=C(O1)C1=CC=CC=C1I', 'COC(=O)C1=CC=C(I)C(=C1)C(O)=O', 'COC(=O)C1=CC=C(I)C(=C1)C(F)(F)F', 'COC(=O)C1=CC(I)=CC(F)=C1F', 'COC(=O)C1=C(I)C=C(C=C1)C(O)=O', 'IC1=CC=C(C=C1)C1=CC=C(I)C=C1', 'FC(F)(F)C(=O)CC1=CC=C(I)C=C1', 'CC1=C(C=C(I)C=C1Cl)C(O)=O', 'COC(=O)C1=CC(=CC(I)=C1)C(F)(F)F', 'CCOC(=O)C1=C(I)C=CC(Cl)=C1', 'IC1=CC=C(OC2=NC=CC=N2)C=C1', 'OC(=O)C1=C(I)C=C(F)C=C1', 'COC(=O)C1=C(Cl)C=CC(I)=C1', 'COC(=O)C1=C(C)C(Cl)=CC(I)=C1', 'COC(=O)C1=C(I)C=CC(C)=C1', 'OCC1=CC(I)=CC(I)=C1', 'OC(=O)C1=C(C=C(I)C=C1)C(O)=O', 'COC(=O)C1=CC(OC)=CC(I)=C1', 'IC1=CC=CC(=C1)N=C=S', 'CCOC(=O)C1=CC=C(I)C=C1F', 'CCOC(=O)C1=C(I)C=C(Cl)C=C1', 'COC(=O)C1=CC(I)=CC(F)=C1', 'IC1=CC=CC(OC2=NC=CC=N2)=C1', 'ClC1=CC=C(I)C=C1I', 'OC(=O)C1=CC(Cl)=CC(I)=C1', 'FC(F)(F)C1=CC=C(I)C(=C1)C#N', 'CC1=CC=C(C(O)=O)C(I)=C1', 'COC(=O)C1=CC(I)=C(C=C1)C(=O)OC', 'COC(=O)C1=CC(=CC=C1I)C#N', 'OC(=O)C1=C(C=C(I)C=C1)C(F)(F)F', 'CCOC(=O)CC(=O)C1=CC=CC(I)=C1', 'COC(=O)C1=CC(Cl)=CC(I)=C1', 'OC(=O)C1=C(I)C=C(C=C1)C(F)(F)F', 'CCC(=O)C1=CC=C(I)C=C1', 'COC(=O)C1=CC(=CC=C1I)C(F)(F)F', 'CCOC(=O)C1=CC=CC(I)=C1', 'CCOC(=O)C1=CC=CC=C1I', 'COC(=O)C1=CC=CC=C1I', 'OC(=O)C1=CC=C(I)C=C1F', 'CCOC(=O)C1=CC(OC)=CC(I)=C1', 'OC(=O)C1=CC(I)=CC=C1Cl']"
2,"[3.512549900548402, 3.1493731755393135]",1.8867497678358063,"['CC1=NN=C(N=N1)C1=CC=C(I)C=C1', 'IC1=CC=C(C=C1)\\N=N\\C1=CC=C(I)C=C1']","['CCOC(=O)CC(=O)C1=CC=C(I)C=C1', 'IC1=CC=C(C=C1)N(=O)=O', 'IC1=CC=CC(=C1)C#N', 'IC1=CC=C(C=O)C=C1', 'IC1=C(C=CC=C1)C#N', 'COC(=O)C1=CC=CC(I)=C1', 'OC(=O)C1=CC=CC(I)=C1C(O)=O', 'CC1=CC(=CC(I)=C1)C#N', 'FC(F)(F)C1=C(C=O)C=CC(I)=C1', 'FC(F)(F)C1=CC(I)=CC(=C1)C#N', 'FC(F)(F)C1=CC(I)=C(C=C1)C#N', 'IC1=CC(C=O)=CC(C=O)=C1', 'IC1=CC=CC(=C1)C(=O)C1=CC=CC=C1', 'FC(F)(F)C(=O)C1=CC=C(I)C=C1', 'OC(=O)C1=C(I)C=C(C=C1)C#N', 'IC1=CC(C=O)=CC(I)=C1', 'FC1=CC(I)=CC(C=O)=C1', 'IC1=CC=C(C=C1)C(=O)CC#N', 'IC1=CC=C(C=C1)C(=O)C1=CC=CC=C1', 'FC(F)(F)C1=CC(C=O)=CC(I)=C1', 'FC1=C(Cl)C=CC(I)=C1C=O', 'FC1=CC=C(C=C1)C(=O)C1=CC=C(I)C=C1', 'FC1=C(C=O)C=CC(I)=C1', 'FC(F)(F)C1=C(C=C(I)C=C1)C#N', 'COC(=O)C1=C(C=C(I)C=C1)S(N)(=O)=O', 'FC1=CC(I)=CC(F)=C1C=O', 'ClCC(=O)C1=CC=C(I)C=C1', 'ClC1=CC=C(I)C=C1C=O', 'OC(=O)C1=CC(I)=CC(O)=C1', 'OCC(=O)C1=CC=C(I)C=C1', 'OC(=O)C1=CC(I)=CC(=C1)C(F)(F)F', 'IC1=CC=C(I)C(=C1)C#N', 'COC1=C(C=CC(I)=C1)N(=O)=O', 'ClC1=CC(=CC(I)=C1)C#N', 'CC(=O)C1=CC(I)=C(C=C1)C(O)=O', 'ClC1=CC(I)=C(C=C1)C#N', 'IC1=CC(C=O)=CC=C1', 'OC(=O)\\C=C\\C1=CC=C(I)C=C1', 'ClC1=C(C=CC(I)=C1)N(=O)=O', 'FC1=C(C=CC(I)=C1)C#N', 'ClC1=CC(I)=CC(Cl)=C1C=O', 'IC1=CC=C(C=C1)C(=O)CCCC#N', 'COC(=O)C1=CC(I)=CC(=C1)C(O)=O', 'FC1=CC=CC(I)=C1C=O', 'OC(=O)CCC(=O)C1=CC=C(I)C=C1', 'OC(=O)C1=C(C=CC(I)=C1)N(=O)=O', 'CC(=O)C1=CC(I)=CC=C1', 'CC(=O)C1=CC=C(I)C=C1', 'ClC1=C(C=CC(I)=C1)C#N']"
3,"[3.344527528032054, 2.8527501657143026]",1.9089576130363628,"['ClC1=CC=C2OC(=O)C(=CC2=C1)C1=CC=C(I)C=C1', 'CCOC(=O)C1=CC=C(C=C1)C(=O)C1=CC=C(I)C=C1']","['OC(=O)C1=CC(=CC=C1)C1=CC=C(I)C=C1', 'CCOC(=O)C1=C(F)C=CC(I)=C1', 'IC1=CC=C(C=C1)C(=O)C1=CC=CC(=C1)C#N', 'FC1=CC=C(C=C1)C(=O)C1=C(Cl)C=CC(I)=C1', 'COC(=O)C1=CC=C(I)C=C1N(=O)=O', 'CC1=CC=C(I)C=C1C=O', 'CC1=CC(I)=C(C)C=C1N(=O)=O', 'OC(=O)C1=C(C=C(I)C=C1)N(=O)=O', 'COC(=O)C1=CC(=CC(I)=C1)C(=O)OC', 'BrC1=CC(C=O)=CC(I)=C1', 'CCC1=CC=C(I)C=C1C(O)=O', 'COC(=O)C1=CC=C(I)C=C1OC', 'OC(=O)C1=CC(I)=CC(Cl)=C1F', 'BrC1=CC(I)=CC=C1C=O', 'IC1=CC=C(C=C1)C(=O)CC1=CC=CC=C1', 'ClC1=CC=C(C=C1)C(=O)C1=CC=C(I)C=C1', 'COC1=C(C=O)C=CC(I)=C1', 'IC1=CC(C=O)=CC=C1C=O', 'IC1=CC=C(C=C1)C(=O)C1=CC=CC=N1', 'FC(F)(F)C1=CC=C(I)C(C=O)=C1', 'OC1=CC(I)=CC=C1N(=O)=O', 'IC1=CC(=C(C=O)C=C1)N(=O)=O', 'CC1=CC(=CC(I)=C1)C(O)=O', 'OC(=O)\\C=C\\C1=CC=CC(I)=C1', 'FC1=CC=C(C=O)C(I)=C1', 'IC1=CC=C(OC2=C(C=O)C=CC=C2)C=C1', 'IC1=CC=C(C=C1)C(=O)ON1C(=O)CCC1=O', 'CC(C)(C)OC(=O)CC1=CC(I)=CC=C1N(=O)=O', 'CC(=O)C1=C(Br)C=CC(I)=C1', 'COC(=O)C1=C(O)C=C(I)C=C1', 'IC1=CC(=CC=C1)C(=O)ON1C(=O)CCC1=O', 'FC1=CC(I)=CC=C1N(=O)=O', 'COC1=C(C=CC(I)=C1)C(O)=O', 'IC1=CC=CC(=C1)C(=O)CC#N', 'OC(=O)CCCCC(=O)C1=CC=C(I)C=C1', 'CCOC(=O)C1=CC(I)=C(C=C1)C#N', 'FC(F)(F)C1=CC=C(C=O)C(I)=C1', 'OC(=O)C1=CC=C(I)C=C1O', 'ClC1=C(C=O)C(I)=CC=C1', 'CC1=CC=C(C=C1)C(=O)C1=CC(I)=CC=C1', 'ClC1=CC2=C(C=C1)C=C(I)C=C2', 'BrCC(=O)C1=CC(I)=CC=C1', 'BrCC(=O)C1=CC=C(I)C=C1', 'IC1=CC=C(C=C1)C1=CC=C(O1)C=O', 'CC(=O)C1=CC(Br)=CC(I)=C1', 'BrC1=C(C=O)C=C(I)C=C1', 'OC(=O)C1=CC(I)=CC(F)=C1F']"
4,"[2.5018282309646542, 1.583628522340212]",1.9996886107393421,"['IC1=CC=C(C=C1)C1=CC=C(C=C1)N(=O)=O', 'COC1=CC=C2OC(=O)C(=CC2=C1)C1=CC=C(I)C=C1']","['IC1=CC=CC(=C1)C(=O)NC1CC1', 'CC(C)NC(=O)C1=CC=CC(I)=C1', 'COC(=O)C1=C(F)C=CC(I)=C1', 'IC1=CC=C(C=C1)C1=CC2=CC=CC=C2OC1=O', 'IC1=CC(=C(I)C=C1)N(=O)=O', 'IC1=CC=C(C=C1)N1C(=O)C=CC1=O', 'IC1=CC(=CC(=C1)C1=CC=CC=C1)C1=CC=CC=C1', 'OC1=CC(I)=CC=C1C1=C(O)C=C(I)C=C1', 'COC1=CC(I)=CC=C1C#N', 'COC(=O)C1=CC2=CC=CC=C2C=C1I', 'COC(=O)C1=CC(I)=CC(Br)=C1', 'CC(C)(C)OC(=O)C1=CC(I)=CC=C1', 'IC1=CC=C(C=C1)C(=O)NC1CC1', 'OCC1=CC=C(I)C=C1N(=O)=O', 'CCCNC(=O)C1=CC=C(I)C=C1', 'COC(=O)C1=C(C(=O)OC)C(I)=CC=C1', 'OC(=O)C1=CC(Br)=CC(I)=C1', 'BrC1=CN=C(OC2=CC=C(I)C=C2)N=C1', 'CCCNC(=O)C1=CC=CC(I)=C1', 'COC(=O)C1=C(C)C=CC(I)=C1', 'CC1=CC(I)=CC(I)=C1', 'IC1=CC(=CC=C1)C(=O)NCC1=CC=CC=C1', 'OC(=O)C1=CC(I)=CC(I)=C1', 'COC(=O)C1=C(I)C=CC(=C1)N(=O)=O', 'CC(C)(C)OC(=O)NC1=CC(=CC(I)=C1)C(O)=O', 'CC(C)(C)NC(=O)C1=CC=CC(I)=C1', 'OC(=O)C1=C(Br)C=C(I)C=C1', 'BrC1=CC=C(C=C1)C(=O)C1=CC=C(I)C=C1', 'ClC1=C(C=C(I)C=C1)C(=O)C1=CC=C(O[C@H]2CCOC2)C=C1', 'CC1=C(C=C(I)C=C1)C#N', 'IC1=CC2=C(C=C1)C1=C(C=CC=C1)C1=C2C=CC=C1', 'CCOC(=O)C1=CC(I)=CC(Br)=C1', 'OC(=O)C1=C(NC2=CC=C(I)C=C2F)C=NC=C1', 'CCOC(=O)C1=CC2=CC=CC=C2C=C1I', 'CC(C)NC(=O)C1=CC=C(I)C=C1', 'CCOC(=O)C1=CC(I)=CC=C1C', 'IC1=CC=C(\\C=C\\C2=CC=C(I)C=C2)C=C1', 'COC(=O)C1=CC(I)=CC=C1Br', 'IC1=CC=C(C=C1)C(=O)NCC1=CC=CC=C1', 'IC1=CC=C(C=C1)C(=O)OCC1=CC=CC=C1', 'CC1=CC=C(I)C=C1N(=O)=O', 'IC1=CC=C(C=C1)C(=O)NCC1CC1', 'COC(=O)C1=C(Br)C=C(I)C=C1', 'OC(=O)C1=CC(I)=CC=C1Br']"
5,"[1.3379089887253337, 2.2009616623057218]",2.0746434314748594,"['COC(=O)C1=C(I)C=CC(Br)=C1', 'CC(C)(C)OC(=O)C1=C(I)C=CC(Br)=C1']","['CC1=CC=C(I)C(C)=C1N(=O)=O', 'OC1=C(C=O)C(I)=CC=C1', 'COC1=CC(I)=C(C=O)C=C1OC', 'COC1=CC(=CC(I)=C1)N(=O)=O', 'BrC1=CC(I)=CC(=C1)C#N', 'ClC1=C(C=CC(I)=C1)C1=NN=C(Br)S1', 'IC1=CC(C=O)=C(I)C(I)=C1', 'CC(C)(C)NC(=O)C1=CC=C(I)C=C1', 'CC(C)(C)OC(=O)C1=CC(Br)=CC(I)=C1', 'FC1=CC(=CC(I)=C1)N(=O)=O', 'CS(=O)(=O)C1=CC(=CC(I)=C1)S(C)(=O)=O', 'ClC1=C(C=C(I)C=C1)N(=O)=O', 'CC1=C(C=C(I)C=C1)C(=O)C1=CC=C(S1)C1=CC=C(F)C=C1', 'IC1=CC=C(NC(=O)C2=CC=CC=C2)C=C1', 'OCC1=CC(=CC(I)=C1)N(=O)=O', 'IC1=CC=C(OC2=CC=C(C=C2)N(=O)=O)C=C1', 'COC1=C(C=O)C(I)=CC=C1', 'BrC1=CC2=CC=C(I)C=C2C=C1', 'IC1=CC(=CC(I)=C1)N(=O)=O', 'CC1=CC(I)=CC(=C1)N(=O)=O', 'COC1=C(OC)C(=CC(I)=C1)C(O)=O', 'ClC1=CC(I)=CC(=C1)N(=O)=O', 'FS(F)(F)(F)(F)C1=CC=CC(I)=C1', 'FC1=C(C=C(I)C=C1)C#N', 'OC(=O)C1=C(NC2=CC=C(I)C=C2Cl)C(F)=C(F)C=C1', 'CC1=C(I)C=C(Cl)C=C1N(=O)=O', 'COC(=O)C1=CC(I)=CC(N)=C1', 'BrC1=CC=C(I)C(=C1)C#N', 'NC(=O)C1=CC(I)=CC=C1', 'CC1=C(C=C(Cl)C=C1I)C(O)=O', 'IC1=CC=C(C=C1)S(=O)(=O)N1CCCC1', 'OC(=O)C1=CC(I)=C(C=C1)C(F)(F)F', 'BrC1=C(C=C(I)C=C1)C#N', 'CC1=C(I)C=C(C=C1F)C(O)=O', 'CCOC(=O)C(=CNC1=CC=C(I)C=C1C)C(=O)OCC', 'CC1=C(I)C=CC=C1N(=O)=O', 'CC1=C(I)C=CC(=C1)N(=O)=O', 'CNC(=O)C1=CC=CC(I)=C1', 'OC(=O)C1=C(O)C=CC=C1I', 'IC1=CC(=CC=C1)N(=O)=O', 'OC(=O)C1=CC(I)=C(C=C1)N1C=CC=N1', 'NC1=CC(I)=CC(=C1)C(O)=O']"
6,"[2.727365127435091, 2.376353877547846]",2.24410538979523,"['OC(=O)C1=CC=C(I)C=C1', 'IC1=CC=C(C=C1)C1=CC=C(C=C1)C1=CC=C(I)C=C1']","['OC(=O)C1=C(I)C=CC(Br)=C1F', 'BrCC1=CC=C(I)C=C1N(=O)=O', 'COC1=CC=C(I)C=C1C(O)=O', 'OC(=O)C1=C(I)C=CC(Br)=C1', 'FC(F)(F)C1=CC(I)=CC=C1I', 'BrC1=C(C=CC(I)=C1)C#N', 'COC(=O)C1=C(I)C=CC(O)=C1', 'COC1=CC(I)=C(C=O)C=C1', 'OC(=O)C1=CC(I)=CC(I)=C1O', 'CC1=C(F)C=C(C=C1I)C(=O)NC1CC1', 'CC(C)(C)OC(=O)C1=C(Br)C=C(I)C=C1', 'IC1=CC(I)=CC=C1', 'COC1=CC=C(C=C1)C(=O)NC1=CC=C(I)C=C1', 'BrC1=C(C=C(I)C=C1)N(=O)=O', 'COC(=O)C1=C(Cl)C=C(C)C(I)=C1', 'IC1=C(C=O)C=CC=C1', 'COC1=CC(I)=CC(C=O)=C1O', 'OC(=O)C1=CC(Br)=C(Cl)C=C1I', 'BrCC(=O)C1=C(I)C=CC=C1', 'FC1=CC(C=O)=C(I)C=C1', 'FS(=O)(=O)C1=CC=C(I)C=C1', 'FC1=C(C=O)C(I)=CC=C1Br', 'OC(=O)C1=CC=C(CBr)C(I)=C1', 'OC(=O)C1=CC=C(Br)C=C1I', 'IC1=CC=C(C=C1)C(=O)NC1CCCCC1', 'OC1=C(C=O)C=C(I)C=C1I', 'CC1=C(C)C=C(C=O)C(I)=C1', 'IC1=CC=CC=C1C(=O)C1=NC=CC=C1', 'FC(F)(F)C1=CC=C(CBr)C(I)=C1', 'CCOC(=O)C1=C(O)C=CC(I)=C1', 'FC(F)(F)C1=CC(I)=CC=C1C#N', 'BrC1=CC=C(C#N)C(I)=C1', 'CC1=CC(C=O)=C(C)C=C1I', 'COC(=O)C1=CC(=C(I)C=C1)N(=O)=O', 'CC1=CC(I)=C(C=O)C=C1', 'CC1=CC(C=O)=C(I)C=C1', 'BrC1=CC=CC(I)=C1C#N', 'BrC1=C(C=O)C(I)=CC=C1', 'BrC1=CC=C(C=O)C(I)=C1', 'FC1=C(Br)C=CC(I)=C1C#N']"
7,"[2.890817285587862, 1.4993699071466273]",2.3141376126158084,"['COC(=O)C1=CC=C(I)C=C1C', 'CC1=C(C=CC(I)=C1)C#N']","['OC1=C(F)C=C(I)C=C1I', 'OC(=O)CCCCNC(=O)C1=CC(I)=CC=C1', 'COC(=O)C1=C(Cl)C=C(I)C=C1', 'NC1=CC(I)=CC(I)=C1', 'OC1=CC=C(Cl)C=C1\\C=C\\C1=C(I)C=CC=C1', 'OC[C@@H](O)CNC(=O)C1=C(NC2=CC=C(I)C=C2F)C=NC=C1', 'OC1=C(Cl)C=C(I)C=C1I', 'CC(C)(C)OC(=O)C1=C(O)C=CC(I)=C1', 'CCOC(=O)C1=C(Cl)C=C(I)C=C1', 'CC(C)(C)OC(=O)NC1=C(C=C(I)C=C1)N(=O)=O', 'OC(=O)C1=CC(I)=CC=C1O', 'IC1=CC=C(C=C1)N1C2=C(C=CC=C2)C2=C1C=CC=C2', 'FC(F)(F)C1=C(I)C=CC(=C1)C#N', 'IC1=CC=C(OC2=CC=C(C=C2)C#N)C=C1', 'CC1=CC(=CC=C1I)C(O)=O', 'BrC1=CC(I)=CC(I)=C1', 'COC(=O)C1=CC=C(I)C=C1N', 'NC1=NC(=CS1)C1=CC=C(I)C=C1', 'CCOC(=O)C1=CC(I)=C(C)C=C1', 'CC1=CC(=C(N)C=C1I)N(=O)=O', 'OCC1=C(Cl)C=C(I)C=C1Cl', 'COC1=CC(I)=CC=C1I', 'CC1=C(I)C=CC(=C1)C(=O)OC(C)(C)C', 'NC(=O)C1=C(I)C=C(C=C1)N(=O)=O', 'IC1=CC=CC=C1C(=O)CC#N', 'IC1=C(C=CC=C1)C(=O)CC1=CC=CC=C1', 'IC1=CC(=CC(I)=C1)C#N', 'BrC1=CC=C(I)C2=C1C=CC=C2', 'CC(=O)C1=C(I)C=CC(F)=C1', 'CC(OC1=CC=C(I)C=C1)C(C)=O', 'CCOC(=O)C1=CC(=C(I)C=C1)N(=O)=O', 'CC(C)(C)C1=CC(I)=CC(C=O)=C1O', 'COC(=O)C1=C(O)C=CC(I)=C1', 'OC(=O)C1=CC(I)=CC(=C1)N(=O)=O', 'BrC1=CC=C(C=C1)C1=CC=CC(I)=C1', 'IC1=CC(I)=CC(I)=C1', 'COC(=O)C1=C(Cl)C(O)=C(I)C=C1']"
8,"[1.8809973939178048, 1.7520013158772074]",2.4356836989178494,"['COC(=O)C1=CC(C)=C(I)C=C1', 'CCCCCC1=CC=C(C=C1)C(=O)C1=CC=CC=C1I']","['CC1=CC(Cl)=CC(I)=C1', 'FC(F)(F)C(=O)NC1=CC=C(I)C=C1', 'IC1=CC=C(C=C1)N1C=NN=N1', 'NNS(=O)(=O)C1=CC=C(I)C=C1', 'OS(=O)(=O)C1=CC=C(I)C=C1', 'IC1=CC=C(C=C1)C(=O)N1CCOCC1', 'CC1=C(Cl)C=C(I)C=C1Cl', 'CS(=O)(=O)C1=CC=C(I)C=C1', 'OC(=O)C1=C(Cl)C=C(I)C=C1Cl', 'CNS(=O)(=O)C1=CC=C(I)C=C1', 'FC(F)(F)OC1=C(Cl)C=C(I)C=C1', 'NS(=O)(=O)C1=CC=C(I)C=C1', 'CS(=O)(=O)NC1=CC(I)=CC=C1', 'CN(C)C(=O)C1=CC(I)=CC=C1', 'CC1=C(Cl)C=C(I)C=C1', 'OCC1=CC(I)=CC(Cl)=C1', 'ClC1=C(Cl)C=C(I)C=C1', 'CCNS(=O)(=O)C1=CC=C(I)C=C1', 'COC(=O)C1=C(I)C=CC=C1F', 'OS(=O)(=O)C1=CC=CC(I)=C1', 'IC1=CC=CC(=C1)C(=O)N1CCCC1', 'FC(F)OC1=CC(I)=CC=C1', 'CON(C)C(=O)C1=CC=C(I)C=C1', 'CN(C)S(=O)(=O)C1=CC=C(I)C=C1', 'CC(=O)OC1=CC=CC(I)=C1', 'IC1=CC=CC(=C1)C(=O)N1CCOCC1', 'ClC1=CC=C(C=C1)C1=CC=C(I)C=C1', 'FS(F)(F)(F)(F)C1=CC=C(I)C=C1', 'FC(F)(F)C(=O)NC1=CC(I)=CC=C1', 'CC1=C(N=NN1C1=CC=C(I)C=C1)C(O)=O', 'IC1=CC=CC(=C1)C1=CC=CC=C1', 'O[C@@H]1CCN(C1)S(=O)(=O)C1=CC=C(I)C=C1', 'NNC(=O)C1=CC=C(I)C=C1', 'ClC1=CC(I)=CC(Cl)=C1', 'CS(=O)(=O)NC1=CC=C(I)C=C1F', 'CC(=O)SCC1=CC(I)=CC=C1']"
9,"[2.9480392762976435, 2.4268080900333784]",2.554253726355284,"['IC1=C(C=CC(=C1)N(=O)=O)C#N', 'IC1=CC=C(C=C1)C#C']","['OC(=O)C1=C(I)C=CC=C1Cl', 'CC(C)C1=CC(I)=CC(Br)=C1', 'ClCC1=CC(I)=C(CCl)C=C1', 'CC1=CC=C(I)C(C(O)=O)=C1F', 'OC(=O)CCC1=CC(I)=CC=C1', 'COC(=O)CC1=CC=CC(I)=C1', 'IC1=CC=CC(=C1)N=C=O', 'OC(C1=CC=CC=C1)C1=CC(I)=CC=C1', 'OCC1=CC(I)=CC(F)=C1', 'FC(F)(F)C1=C(Cl)C=CC(I)=C1', 'ClC1=CC=C(C=C1)C(=O)C1=CC=CC=C1I', 'IC1=CC=C(C=C1)C(=O)N1CCCC1', 'CC1=CC(=CC=C1I)C#N', 'COC(=O)C1=C(I)C=CC=C1Cl', 'OC(=O)COC1=CC=CC(I)=C1', 'ClC1=CC=CC=C1C(=O)C1=C(I)C=CC=C1', 'CC1=CC(Br)=CC(I)=C1', 'COC(=O)C1=C(C)C(I)=CC=C1', 'NC(=O)C1=C(Br)C=C(I)C=C1', 'FC(F)(F)C1=CC(Cl)=CC(I)=C1', 'IC1=CC=CC=C1C(=O)C1=CC=CC=C1', 'CC(C)NC(=O)CC1=CC=C(I)C=C1', 'OC(=O)C1=C(I)C=CC=C1F', 'OCC1=CC(Br)=CC(I)=C1', 'FC1=CC=C(C=C1)C(=O)C1=C(I)C=CC=C1', 'CCOC(=O)C1=C(I)C=CC=C1F', 'CCOC(=O)CC1=CC(I)=CC=C1', 'FC1=CC(I)=CC=C1CC#N', 'NC(=O)C1=CN=C(OC2=CC=C(I)C=C2)C=C1', 'FC1=CC(=CC=C1)C(=O)C1=C(I)C=CC=C1', 'OCC1=C(Cl)C=CC=C1I', 'OC(=O)C1(CC1)C1=CC=C(I)C=C1', 'IC1=CC=C(CN2C=CN=C2)C=C1', 'CC1=CC=C(C=C1)C(=O)C1=C(I)C=CC=C1']"
