,obj_values ['rate'],Vendi_score,eval_samples,cut_samples
0,"[3.0265352366668985, 1.402794951423902]",1.404250109823887,"['CS(=O)(=O)C1=CC=C(I)C=C1', 'CCN(CC)C(=O)C1=CC(O)=C(I)C=C1']",[]
1,"[2.5895646538344925, 1.4993699071466273]",1.4271215662801118,"['FC1=CC(I)=CC=C1C(F)(F)F', 'CC1=C(C=CC(I)=C1)C#N']","['IC1=CC(CC#N)=CC=C1', 'ClCC(=O)NC1=CC(I)=CC=C1', 'IC1=CC=C(C=C1)C(=O)N1CCOCC1', 'FC(F)(F)C1=C(Cl)C=CC(I)=C1', 'CS(=O)(=O)NC1=CC=C(I)C=C1', 'COC(=O)CCC1=CC=C(I)C=C1', 'OC(C1=CC=CC=C1)C1=CC(I)=CC=C1', 'CC1=C(N=NN1C1=CC=C(I)C=C1)C(O)=O', 'OS(=O)(=O)C1=CC=CC(I)=C1', 'FC(F)(F)C(=O)NC1=CC=C(I)C=C1', 'O[C@@H]1CCN(C1)S(=O)(=O)C1=CC=C(I)C=C1', 'FC(F)C(F)(F)OC1=CC=C(I)C=C1', 'COC(=O)CC1=CC=CC(I)=C1', 'NC(CC1=CC=CC(I)=C1)C(O)=O', 'CN(C)C(=O)C1=CC(I)=CC=C1', 'FC(F)OC1=CC(I)=CC=C1', 'CC(=O)OC1=CC=CC(I)=C1', 'IC1=CC=C(CN2C=CN=C2)C=C1', 'CCOC(=O)C1=CC(I)=C(OC)C=C1', 'NS(=O)(=O)C1=CC=C(I)C=C1', 'CS(=O)(=O)C1=CC=CC(I)=C1', 'NNS(=O)(=O)C1=CC=C(I)C=C1', 'CCNS(=O)(=O)C1=CC=C(I)C=C1', 'IC1=CC=C(OC2=CC=C(C=C2)C#N)C=C1', 'IC1=CC=CC(=C1)C(=O)N1CCOCC1', 'NC(=O)C1=CN=C(OC2=CC=C(I)C=C2)C=C1', 'CC(C)NC(=O)CC1=CC=C(I)C=C1', 'IC1=CC=C(C=C1)N1C=NN=N1', 'CC(=O)OC1=CC=C(I)C=C1', 'CN(C)S(=O)(=O)C1=CC=C(I)C=C1', 'CCCNC(=O)C1=CC=CC=C1I', 'CCOC(=O)COC1=CC=CC=C1I', 'CNS(=O)(=O)C1=CC=C(I)C=C1', 'FC(F)(F)C(=O)NC1=CC(I)=CC=C1', 'NNC(=O)C1=CC=C(I)C=C1', 'OC(=O)CC1=CC=CC(I)=C1', 'IC1=CC=C(C=C1)C(=O)N1CCCC1', 'CON(C)C(=O)C1=CC=C(I)C=C1', 'NS(=O)(=O)C1=CC=CC(I)=C1', 'CS(=O)(=O)NC1=CC(I)=CC=C1', 'CS(=O)(=O)NC1=CC=C(I)C=C1F', 'CC(=O)SCC1=CC(I)=CC=C1', 'IC1=CC=C(C=C1)C1(CC1)C#N', 'OC(=O)C1(CC1)C1=CC=C(I)C=C1', 'FC1=CC(I)=CC=C1CC#N', 'OC(=O)COC1=CC=CC(I)=C1', 'CCOC(=O)CC1=CC(I)=CC=C1', 'IC1=CC=CC(=C1)C(=O)N1CCCC1', 'IC1=CC=C(C=C1)N1CCC(=O)NC1=O', 'OC(=O)CCCC1=CC=C(I)C=C1', 'OS(=O)(=O)C1=CC=C(I)C=C1', 'OC1=CC(=CC=C1I)C(=O)N1CCOCC1']"
2,"[2.585185692665537, 2.2751193020702916]",1.4698684080123545,"['FC(F)(F)C1=CC=C(I)C=C1Br', 'FC(F)(F)C1=CC(Br)=CC(I)=C1']","['OCC1=C(Cl)C=C(I)C=C1Cl', 'ClC1=C(Cl)C=C(I)C=C1', 'NC(=O)CC1=CC=C(I)C=C1', 'FC(F)C1=CC(I)=CC=C1', 'IC1=CC=CC(=C1)C1=CC=CC=C1', 'ClC1=CC(I)=CC(Cl)=C1', 'CC1=CC(Br)=CC(I)=C1', 'OC(=O)C1=CC=C(I)C=C1', 'OC(=O)CCC1=CC(I)=CC=C1', 'COC(=O)C1=CC=C(I)C=C1C', 'NC(=O)C1=C(Br)C=C(I)C=C1', 'CC1=C(Cl)C=C(I)C=C1', 'CC1=C(Cl)C=C(I)C=C1Cl', 'CCOC(=O)C1=C(Cl)C=C(I)C=C1', 'OC(=O)C1=C(Cl)C=C(I)C=C1Cl', 'FC(F)(F)C1=CC(Cl)=CC(I)=C1', 'FC1=CC(=CC(I)=C1)C(F)(F)F', 'BrC1=C(CC#N)C=C(I)C=C1', 'FC1=CC(I)=CC(F)=C1', 'OB(O)C1=CC=C(I)C=C1', 'FC1=C(Cl)C=C(I)C=C1Cl', 'ClC1=CC=C(I)C=C1', 'FC(F)OC1=CC=C(I)C=C1', 'OCC1=CC(I)=CC(Cl)=C1', 'FC(F)(F)C(F)(C1=CC=C(I)C=C1)C(F)(F)F', 'COC(=O)C1=C(Cl)C=C(I)C=C1', 'OCC1=CC(I)=CC(F)=C1', 'IC1=CC=C(C=C1)N1C=CC=N1', 'FC1=CC(I)=CC=C1CBr', 'CC1=CC(I)=CC=C1Cl', 'OC(=O)CC1=CC=C(I)C=C1', 'BrCC1=CC=C(I)C=C1', 'OC1=C(Cl)C=CC(I)=C1', 'FS(F)(F)(F)(F)C1=CC=C(I)C=C1', 'CCOC(=O)C1=C(I)C=CC=C1F', 'CC1=CC=C(I)C=C1F', 'OC(=O)C1=C(I)C=CC=C1F', 'FC1=CC(I)=CC=C1', 'OCCC1=CC=C(I)C=C1', 'CC1=CC(I)=CC(F)=C1', 'CC1=CC(Cl)=CC(I)=C1', 'IC1=CC=CC(=C1)N=C=O', 'FC(F)C1=CC=C(I)C=C1', 'OC(=O)C1=C(I)C=CC=C1Cl', 'COC(=O)C1=C(I)C=CC=C1F', 'COC(=O)C1=C(I)C=CC=C1Cl', 'CC1=CC=C(I)C(C(O)=O)=C1F', 'COC1=CC(=CC(I)=C1)C(F)(F)F', 'FC(F)(F)OC1=C(Cl)C=C(I)C=C1']"
3,"[1.542542050517078, 1.8851762989967558]",1.7717912790834147,"['IC1=CC=C(C=C1)S(=O)(=O)N1CCCC1', 'FS(=O)(=O)C1=CC=C(I)C=C1']","['IC1=CC=C(C=C1)C#C', 'CC(C)C1=CC(I)=CC(Br)=C1', 'ClC1=CC(Br)=CC(I)=C1', 'IC1=CC(I)=CC=C1', 'CC(=O)NC1=C(C=C(I)C=C1)C(F)(F)F', 'CC(O)C1=CC=C(I)C=C1', 'FC(F)(F)OC1=CC(Br)=CC(I)=C1', 'CC1=C(Br)C(F)=CC(I)=C1', 'IC1=CC=C(OCC#N)C=C1', 'IC1=CC=C(C=C1)N=C=O', 'COC(=O)C1=C(F)C(Br)=CC=C1I', 'OC1=CC(Br)=CC(I)=C1', 'CC1=C(Br)C=CC(I)=C1', 'BrC1=CC=C(I)C=C1', 'FC(F)C1=C(Br)C=CC(I)=C1', 'FC1=CC(I)=CC(F)=C1Br', 'CC(=O)NC1=C(Cl)C=C(I)C=C1', 'BrC1=CC=CC(I)=C1', 'FC1=CC(I)=CC(Br)=C1', 'CC1=CC=C(I)C=C1Br', 'FC(F)(F)C1=C(Br)C=CC(I)=C1', 'IC1=CC=CC=C1N=C=O', 'IC1=CC=C(CC#C)C=C1', 'CC(C)(C)C1=CC(I)=CC(Br)=C1', 'CC(Br)C(=O)N(C)C1=CC=C(I)C=C1', 'C[C@H](O)C1=CC=C(I)C=C1', 'ClC1=CC=C(I)C=C1CBr', 'ClC1=C(Br)C=C(I)C=C1', 'ClC1=CC(I)=CC(Cl)=C1Br', 'ClC1=C(CBr)C=CC(I)=C1', 'CC1=CC(I)=CC(C)=C1Br', 'FC(F)(F)OC1=CC=C(I)C=C1Br', 'CC(C)C1=CC=CC(I)=C1', 'OB(O)C1=CC(Br)=CC(I)=C1', 'OC(=O)C1=C(Br)C=CC=C1I', 'OCC1=CC(Br)=CC(I)=C1', 'CC(=O)NC1=C(OC(F)(F)F)C=C(I)C=C1', 'COC1=C(Br)C=CC(I)=C1', 'IC1=CC(CC2=CC=CC=C2)=CC=C1', 'NC(=O)C1=C(I)C=CC(Br)=C1F', 'FC(F)C1=CC(Br)=CC(I)=C1', 'FC(F)(F)OC1=CC=C(I)C=C1', 'COC1=C(Cl)C=CC(I)=C1', 'OC(=O)C1=C(I)C=CC(F)=C1Cl', 'COC1=C(F)C=C(I)C=C1F', 'OC1=CC=C(I)C=C1C(F)(F)F', 'ClC1=CC(I)=CC=C1Br']"
4,"[2.144845233392069, 3.8473120184418352]",1.8343820273480707,"['OCC1=C(I)C=C(C=C1)C(F)(F)F', 'CC1=CC=CC(I)=C1']","['COC1=CC(Br)=CC(I)=C1', 'CC1(C)COB(OC1)C1=CC=C(I)C=C1', 'FC1=CC=C(OC2=CC=CC(I)=C2)C=C1', 'OC(=O)C1=C(Cl)C=C(I)C=C1', 'COC1=C(C=CC(I)=C1)C(O)=O', 'OCC1=CC(I)=CC(I)=C1', 'CNC(=O)C1=CC=CC(I)=C1', 'IC1=CC(=CC(I)=C1)C#N', 'IC1=CC=CC(=C1)C(=O)NC1CC1', 'FC(F)(F)C1=CC(I)=CC=C1I', 'CCCNC(=O)C1=CC=CC(I)=C1', 'CC1=C(I)C=C(F)C(Br)=C1', 'CC1=C(I)C=C(C=C1)C(F)(F)F', 'ClCC(=O)NC1=CC=C(I)C=C1', 'CC(C)(C)OC(=O)C1=C(Br)C=C(I)C=C1', 'IC1=CC=CC=C1[N+]#[C-]', 'ONC(=O)C1=CC(I)=CC=C1', 'COC(=O)C1=C(I)C=C(Br)C=C1C', 'CCOC(=O)C1=CC=C(I)C=C1F', 'NC(=O)C1=CC(I)=CC=C1', 'IC1=CC=C(C=C1)C(=O)NC1CC1', 'OCC1=C(Cl)C=CC=C1I', 'ClC1(Cl)CCCN(C2=CC=C(I)C=C2)C1=O', 'ClC1=CC=C(I)C=C1I', 'IC1=C(C=CC=C1)N=C=S', 'OC(=O)C1=CC(I)=CC(I)=C1', 'ClCC1=CC(I)=C(CCl)C=C1', 'COC1=CC(Cl)=CC(I)=C1', 'CC(C)(C)OC(=O)CC1=CC(I)=CC=C1', 'BrC1=CC=C(C=C1)C1=CC=CC(I)=C1', 'CC(C)CC1=CC=C(I)C=C1', 'OC(=O)CCCCNC(=O)C1=CC(I)=CC=C1', 'IC1=CC=CC(OCC#C)=C1', 'CC(C)NC(=O)C1=CC=CC(I)=C1', 'CNC(=O)C1=C(F)C=C(I)C=C1', 'CCCNC(=O)C1=CC=C(I)C=C1', 'IC1=CC=C(CC(=O)N[C@H]2CCOC2=O)C=C1', 'COC(=O)C1=C(Br)C=C(I)C=C1', 'COC(=O)C1=C(C)C(Cl)=CC(I)=C1', 'IC1=CC(=CC=C1)C(=O)NCC1=CC=CC=C1', 'COC1=CC(I)=CC=C1I', 'OC(=O)CCCCC1=CC=C(I)C=C1', 'CCCCC1=CC=C(I)C=C1', 'CC1=CC(I)=CC(I)=C1']"
5,"[1.5893851535598733, 2.018341642277374]",1.8790778970784925,"['OCC1=CC=CC=C1I', 'NCC1=CC=CC=C1I']","['IC1=CC=CC(CNC2CC2)=C1', 'OC1=C(F)C=CC(I)=C1', 'COC(=O)COC1=CC=C(I)C=C1', 'CC1=C(I)C=CC(Cl)=C1', 'COC1=CC(I)=CC=C1CO', 'IC1=CC=C(CC(=O)N2CCOCC2)C=C1', 'COC(=O)C1=C(C)C(I)=CC=C1', 'IC1=CC=CC(C=C)=C1', 'OC(=O)COC1=CC=C(I)C=C1', 'NCC1(CCCC1)C1=CC=C(I)C=C1', 'CC(C)(C)NC(=O)C1=CC=CC=C1I', 'IC1=CC=C(C=C1)C1=CC=CC=C1', 'CC1(C)OB(OC1(C)C)C1=CC(I)=CC=C1', 'BrC1=CC=CC(=C1)C1=CC=C(I)C=C1', 'COC(=O)C1=CC(C)=C(I)C=C1', 'CC(N)C1=CC=C(I)C=C1', 'CCNC(=O)C1=CC(Br)=CC=C1I', 'CC1=C(F)C=CC=C1I', 'CC(C)C1=CC=C(I)C=C1', 'NCCC1=CC=C(I)C=C1', 'CCCCCC1=CC=C(I)C=C1', 'IC1=CC=C(C=C)C=C1', 'CC1=C(I)C=C(CBr)C=C1', 'SC1=CC=C(I)C=C1Cl', 'IC1=CC(OC2=CC=CC=C2)=CC=C1', 'CC1=CC(=CC=C1I)C#N', 'CC(=C)C1=CC=C(I)C=C1', 'CC(C)(C)C1=CC=C(I)C=C1', 'COC(=O)C1=C(I)C=CC=C1OC', 'ClC1=CC=C(OC2=CC=C(I)C=C2)C=C1Cl', 'OC(=O)CC1=C(I)C=C(Cl)C=C1', 'NC1(CC1)C1=CC=C(I)C=C1', 'COCCOC1=CC(I)=CC=C1', 'CNC(=O)C1=CC=CC=C1I', 'FC(F)OC1=CC=CC=C1I', 'CC1=C(I)C=C(Br)C=C1', 'COC1=C(C(O)=O)C(I)=CC=C1', 'IC1=CC=C(CC(=O)N2CCCC2)C=C1', 'CC1=C(F)C=C(F)C=C1I', 'FC1=CC=CC(I)=C1CBr', 'CC1=C(I)C=C(C=C1)C#N', 'COC1=C(F)C=CC(I)=C1']"
6,"[1.860670760369815, 2.268218180762977]",1.9526118902966367,"['OC1=CC(I)=CC(O)=C1', 'NC(=O)NC1=CC(I)=CC=C1']","['CCOC1=CC=CC(I)=C1', 'CCOC(=O)C1=CC=CC=C1I', 'FC(F)(F)C1=CC=C(I)C(CBr)=C1', 'CC(C)NC(=O)C1=CC=C(I)C=C1', 'COCOC1=C(I)C=CC=C1F', 'OCC1=CC=C(I)C=C1O', 'OC1=C(F)C=C(I)C=C1F', 'IC1=CC=C(C=C1)N1C=CC=C1', 'NCC1=C(I)C=CC(Br)=C1', 'COC1=C(F)C=C(I)C=C1', 'ClCC1=CC(Br)=CC=C1I', 'COC(OC)C1=C(I)C=CC=C1', 'ClC1=CC=C(C=C1)C1=CC=C(I)C=C1', 'CC(C)C1=C(I)C=CC=C1', 'OC(=O)CC1=CC=C(Br)C=C1I', 'NCCOC1=CC=C(I)C=C1', 'COC(=O)C1=C(I)C=CC(C)=C1', 'CC1=CC=C(C=C1)C1=CC=C(I)C=C1', 'NC(=O)C1=CC(O)=C(I)C=C1', 'IC1=CC=C(CC(=O)N2CCCCC2)C=C1', 'CC(OC1=CC=C(I)C=C1)C(C)=O', 'OC(=O)COC1=C(I)C=C(Cl)C=C1', 'CC1=C(O)C=C(I)C=C1', 'CC1CC(C)(C)OB(O1)C1=CC=C(I)C=C1', 'CC1=CC(Br)=C(C)C=C1I', 'SCCC1=CC=CC=C1I', 'COC1=C(F)C=CC=C1I', 'OC(=O)CCCOC1=CC=C(I)C=C1', 'ClCC(=O)NC1=CC=CC=C1I', 'FC1=CC(I)=C(NC(=O)CCl)C=C1', 'COC1=CC(F)=CC(I)=C1', 'CC1=CC(I)=C(CO)C=C1C', 'CCOC1=CC=C(I)C=C1', 'COC1=CC=C(I)C(C(O)=O)=C1F', 'CCOC(=O)CC1=C(I)C=CC=C1', 'CS(=O)(=O)NC1=CC=CC=C1I', 'OC1=C(F)C=C(I)C=C1', 'CC(C)(C)OC(=O)NCC1=CC=CC=C1I', 'CCOC(=O)C1=C(I)C=CC(C)=C1', 'FC(F)(F)OC1=CC=CC=C1I']"
7,"[1.8485876116969935, 1.6009720029910535]",2.0265091500936205,"['CCC[C@H]1CC[C@@H](CC1)C1=CC=C(I)C=C1', 'CC(C)(C)[Si](C)(C)OCC1=CC=C(I)C=C1']","['CC(=O)NC1=CC(I)=C(C)C=C1', 'CSC1=CC=C(I)C=C1', 'COC1=CC(I)=CC=C1C#N', 'CC(C)(C)OC(=O)C1=CC=C(I)C=C1', 'IC1=CC=C(CN2CCCCC2)C=C1', 'NC1=CC(I)=CC(F)=C1', 'COC(=O)C1=CC=C(I)C=C1OC', 'CCCCOC1=CC=C(I)C=C1', 'OC[C@H]1CN(C(=O)O1)C1=CC=C(I)C=C1', 'CC(C)(C)OC(=O)NC1=CC(I)=CC=C1', 'IC1=CC=C(C=C1)C(=O)NCC1CC1', 'CC(=O)CC(=O)NC1=CC=C(I)C=C1', 'FC1=C2C=CC=CC2=CC(I)=C1', 'FC1=CC(I)=C(C=C1)C#N', 'CC(C)(C)OC(=O)NC1=CC=C(I)C=C1', 'OCC1=C(O)C=CC(I)=C1', 'CN(C)CCOC1=CC=CC(I)=C1', 'OC1=C(Br)C=C(I)C=C1', 'NC1=CC=CC(I)=C1', 'OC1=CC=C(C=C1)C1=CC=C(I)C=C1', 'CC(C)(C)NC(=O)C1=CC=CC(I)=C1', 'ONC(=O)C1=CC=C(I)C=C1', 'COC1=C(C)C=C(I)C=C1', 'CC(C)OC1=CC=C(I)C=C1', 'CC(C)(C)OC(=O)NC1=CC=C(I)C=C1F', 'CC1=C(O)C=CC(I)=C1', 'NC1=C(F)C=CC(I)=C1', 'COC1=CC=C(C=C1I)C(F)(F)F', 'OC1=CC=C(OC(F)(F)F)C=C1I', 'OC1=CC=C(OC2=CC=C(I)C=C2)C=C1', 'COC1=C(O)C=CC(I)=C1', 'COC1=CC(B(O)O)=C(I)C=C1', 'FC1=CC(I)=CC=C1NC(=O)NC1CC1', 'ClC1=CC=C(OC2=CC=C(I)C=C2)C=C1', 'IC1=CC=CC(OC2=NC=CC=N2)=C1', 'IC1=CC=C(OCC2CC2)C=C1', 'NC1=CC(Cl)=CC(I)=C1']"
8,"[1.6888139270256608, 1.452745097842741]",2.1325523347978312,"['ClC1=CC=CC=C1I', 'FC1=C(F)C(I)=CC=C1']","['OC(=O)C1(CC1)C1=C(I)C=CC=C1', 'NC1=C(OC(F)(F)F)C=C(I)C=C1', 'NC1=C(O)C=C(I)C=C1', 'COC(=O)C1=CC(I)=C(OC(F)F)C=C1', 'CC(C)(C)OC(=O)NC1=C(N)C=C(I)C=C1', 'NC1=CC(I)=CC(I)=C1', 'COC1=C(I)C=C(C=C1)C(O)=O', 'CC1(C)OB(OC1(C)C)C1=CC(O)=CC=C1I', 'COC(=O)CCC1=CC(I)=C(O)C=C1', 'COC(=O)C1=CC(OC)=CC(I)=C1', 'IC1=CC=C(C=C1)C(=O)NCC1=CC=CC=C1', 'CC(C)(C)OC(=O)N[C@@H](CC1=CC=C(I)C=C1)C(O)=O', 'ClC1=CC=C(COC2=CC=C(I)C=C2)C=C1', 'COC1=CC=C(COC2=CC=C(I)C=C2)C=C1', 'CC1=C(I)C=C(Cl)C=C1N', 'IC1=CC=C(OC2=NC=CC=N2)C=C1', 'CC(C)(C)OC(=O)NC(CC1=CC(I)=CC=C1F)C(O)=O', 'CCC(=O)C1=CC=C(I)C=C1', 'CC(C)C1=CC(I)=CC(C(C)C)=C1O', 'NC1=C(C=C(I)C=C1)C(F)(F)F', 'FC(F)(F)C(=O)CC1=CC=C(I)C=C1', 'OC[C@H]1N=C(O[C@@H]1C1=CC=C(I)C=C1)C1=CC=CC=C1', 'CC(C)(C)OC(=O)N[C@@H](CC1=CC(I)=CC=C1)C(O)=O', 'CCOC1=C(I)C=CC=C1', 'CCOC1=CC=C(C=C1)C(O)C1=CC(I)=CC=C1Cl', 'CC(C)(C)NC(=O)C1=CC=C(I)C=C1', 'COC1=C(I)C=CC(=C1)C(C)C', 'IC1=C(C=CC=C1)C(=O)N1CCCC1', 'COC(=O)C1=CC(I)=CC(O)=C1', 'COC1=CC=CC(I)=C1OC', 'COC(=O)C1=C(I)C=C(OC)C(OC)=C1', 'NC1=CC(I)=CC=C1O', 'IC1=CC=C(OC2=CC=C(I)C=C2)C=C1', 'IC1=CC=C(C=C1)C1=CC=C(I)C=C1', 'IC1=CC=CC(=C1)N=C=S', 'CCC1=C(I)C=CC(O)=C1']"
9,"[1.7851831182301456, 2.3150828323224255]",2.2084751160836307,"['BrCC1=CC=C(I)C=C1Br', 'BrC1=CC(I)=CC(Br)=C1']","['ClC1=CC(Cl)=C(I)C=C1', 'OC(=O)C1=CC=C(I)C(O)=C1', 'OB(O)C1=C(F)C(F)=C(I)C=C1', 'FC1=C(I)C=CC=C1Br', 'COC1=C(I)C=C(Br)C=C1F', 'FC1=CC(I)=C(F)C=C1', 'OCC1=CC(F)=C(I)C=C1', 'OC(=O)CC1=CC=C(I)C(F)=C1', 'SC1=CC(Cl)=CC=C1I', 'NC1=CC=C(C=C1I)C(F)(F)F', 'CN(C)C1=C(Br)C=C(I)C=C1', 'COC(=O)C1=CC(I)=C(Cl)C=C1', 'CC1=CC(I)=C(F)C=C1Cl', 'ClC1=C(I)C=CC(=C1)C#N', 'NC1=C(I)C=C(C=C1F)C(F)(F)F', 'ClC1=C(Cl)C(I)=CC=C1', 'ClC1=CC(I)=C(Cl)C=C1', 'NC1=C(Cl)C=C(I)C=C1Cl', 'FC1=C(I)C=CC=C1Cl', 'OC1=C(F)C=C(I)C=C1I', 'COC(=O)C1=CC(I)=C(O)C=C1', 'FC1=CC(I)=C(Cl)C=C1', 'OC1=CC=C(C=C1I)C#N', 'OC(=O)C1=CC=CC(I)=C1Cl', 'NC1=C(I)C=C(OC(F)(F)F)C=C1', 'COC1=CC(I)=C(Cl)C=C1', 'COC(=O)C1=CC(I)=C(OC2=CC=CC=C2)C=C1', 'OC1=CC(F)=C(Cl)C=C1I', 'FC1=CC(Cl)=C(I)C=C1', 'OC(=O)C1=C(I)C=CC(Br)=C1F', 'CC1=CC(Cl)=C(I)C=C1C', 'CC1=CC(I)=C(O)C=C1Cl', 'OC(=O)CNC1=CC=C(I)C=C1', 'NS(=O)(=O)C1=CC=CC=C1I']"
