,obj_values ['rate'],Vendi_score,eval_samples,cut_samples
0,"[3.4291159213335876, 3.2816819811156392]",1.4455753841386945,"['FC1=C(C=C(I)C=C1)C#N', 'COC(=O)C1=CC(I)=C(Cl)C=C1C']",[]
1,"[3.0872852062800735, 3.128174072663169]",1.5169421869569117,"['BrC1=C(C=C(I)C=C1)C#N', 'FC(F)(F)C1=C(C=C(I)C=C1)C#N']","['ClC1=CC=C(I)C=C1C=O', 'CC1=C(C=C(I)C=C1)C#N', 'CC1=CC=C(I)C=C1C=O', 'COC(=O)C1=CC(I)=CC(F)=C1', 'CC(=O)C1=CC(I)=CC=C1', 'CC1=C(C=C(I)C(Cl)=C1)C(O)=O', 'ONC(=O)C1=CC(I)=CC=C1', 'IC1=CC=CC(=C1)C#N', 'CC1=CC(=CC(I)=C1)C#N', 'ClC1=CC(I)=C(Cl)C=C1', 'COC(=O)C1=CC(I)=C(Cl)C=C1', 'IC1=C(C=CC=C1)N=C=S', 'ClC1=C(Cl)C(I)=CC=C1', 'FC(F)(F)C1=CC(I)=CC(=C1)C#N', 'ClC1=C(I)C=C(C=O)C=C1', 'COC(=O)C1=CC(I)=C(Br)C=C1', 'CC1=C(C=C(I)C(Br)=C1)C(O)=O', 'COC(=O)C1=C(Cl)C=C(Cl)C(I)=C1', 'FC1=CC(I)=C(Cl)C=C1', 'OC(=O)C1=CC(I)=CC=C1O', 'CCOC(=O)C1=C(F)C=CC(I)=C1', 'CC1=CC(Cl)=C(I)C=C1C', 'OC(=O)C1=CC(Cl)=CC(I)=C1', 'OC(=O)C1=CC(I)=CC(=C1)C(F)(F)F', 'CC1=C(C=C(I)C=C1Cl)C(O)=O', 'ClC1=C(I)C=C(C=C1)C#N', 'IC1=CC=C(I)C(=C1)C#N', 'IC1=CC(C=O)=CC=C1', 'OC(=O)C1=CC(I)=CC=C1Cl', 'OC(=O)C1=CC=CC(I)=C1C(O)=O', 'FC(F)(F)C1=CC(C=O)=CC(I)=C1', 'FC1=CC(Cl)=C(I)C=C1', 'COC(=O)C1=CC(I)=CC(=C1)C(O)=O', 'CC1=CC=C(Br)C(I)=C1', 'OC(=O)C1=CC(I)=C(C=C1)N1C=CC=N1', 'OC(=O)C1=CC(I)=CC(F)=C1F', 'ClC1=CC(=CC(I)=C1)C#N', 'COC(=O)C1=C(Br)C(I)=CC=C1', 'COC(=O)C1=CC(Cl)=CC(I)=C1', 'COC(=O)C1=CC(I)=CC(F)=C1F', 'COC(=O)C1=C(F)C=CC(I)=C1', 'COC(=O)C1=CC=CC(I)=C1', 'OC(=O)C1=CC(I)=CC(Cl)=C1F', 'COC(=O)C1=C(Cl)C=CC(I)=C1', 'OC(=O)C1=CC=C(Cl)C(I)=C1', 'ClC1=CC(Cl)=C(I)C=C1', 'COC1=CC=C(I)C=C1C(O)=O', 'ClC1=CC(Cl)=C(I)C=C1Cl', 'OC(=O)C1=CC=CC(I)=C1Cl', 'COC(=O)C1=C(C)C(Cl)=CC(I)=C1', 'ClC1=CC=CC=C1I', 'CC1=CC(I)=C(Br)C=C1F']"
2,"[1.4402938563513439, 2.8408388797105566]",1.7654245922471292,"['IC1=CC=CC=C1N=C=O', 'OC1=CC=C(I)C=C1C(F)(F)F']","['CS(=O)(=O)C1=CC(=CC(I)=C1)S(C)(=O)=O', 'ClC1=CC(I)=C(C=C1)C#N', 'FC1=C(Br)C=CC(I)=C1C#N', 'BrC1=C(C=O)C=C(I)C=C1', 'IC1=CC(C=O)=CC(C=O)=C1', 'FC1=CC(I)=CC(C=O)=C1', 'CC1=CC=C(I)C=C1N(=O)=O', 'IC1=C(C=CC=C1)C#N', 'CC(=O)C1=CC(Br)=CC(I)=C1', 'BrC1=CC(C=O)=CC(I)=C1', 'OCC1=CC(=CC(I)=C1)N(=O)=O', 'COC(=O)C1=CC(=CC(I)=C1)C(=O)OC', 'OC(=O)C1=C(C=C(I)C=C1)N(=O)=O', 'IC1=CC=C(C#N)C(=C1)C#N', 'COC(=O)C1=CC(I)=CC=C1Br', 'BrC1=CC=C(I)C(=C1)C#N', 'IC1=CC(C=O)=CC(I)=C1', 'FC1=C(C=CC(I)=C1)C#N', 'BrCC(=O)C1=CC(I)=CC=C1', 'BrC1=CC(I)=CC(=C1)C#N', 'CC1=CC(=CC(I)=C1)C(O)=O', 'OC(=O)\\C=C\\C1=CC=CC(I)=C1', 'IC1=CC=CC(=C1)N=C=S', 'FC1=CC=CC(I)=C1C#N', 'BrC1=C(C=C(I)C=C1)N(=O)=O', 'OC(=O)C1=CC(I)=CC=C1Br', 'ClC1=C(C=C(I)C=C1)N(=O)=O', 'COC(=O)C1=C(C=C(I)C=C1)S(N)(=O)=O', 'CC1=CC(I)=CC(=C1)N(=O)=O', 'OCC1=CC=C(I)C=C1N(=O)=O', 'OC(=O)C1=C(C=C(I)C=C1)C(O)=O', 'OC(=O)C1=CC(Br)=CC(I)=C1', 'COC(=O)C1=CC=C(I)C=C1N(=O)=O', 'COC(=O)C1=CC(=CC(I)=C1)C(F)(F)F', 'IC1=CC=CC(=C1)C(=O)CC#N', 'CC(=O)C1=C(Br)C=CC(I)=C1', 'IC1=CC(=CC=C1)N(=O)=O', 'COC(=O)C1=CC(I)=CC(Br)=C1', 'OC(=O)C1=C(Cl)C=C(I)C=C1', 'OC(=O)C1=CC(I)=CC(O)=C1', 'ClC1=C(C=CC(I)=C1)C#N', 'CCOC(=O)C1=CC=CC(I)=C1', 'BrC1=CC=CC(I)=C1C#N', 'FC(F)(F)C1=CC=C(I)C(=C1)C#N', 'BrC1=C(C=CC(I)=C1)C#N', 'OC(=O)C1=C(C=C(I)C=C1)C(F)(F)F', 'FC(F)(F)C1=CC(I)=CC=C1C#N', 'COC(=O)C1=CC=C(I)C=C1C(=O)OC', 'FC1=C(C=C(I)C=C1)N(=O)=O']"
3,"[1.4066717326052014, 1.2758301020490663]",1.9724677962275705,"['COC1=CC(I)=C(I)C=C1OC', 'COC1=C(C=C(I)C(Cl)=C1)C(O)=O']","['COC(=O)C1=C(I)C=CC(C)=C1', 'CC1=CC(I)=CC(I)=C1', 'CC1=CC=C(I)C(C(O)=O)=C1F', 'OS(=O)(=O)C1=CC=CC(I)=C1', 'SC1=CC(Cl)=CC=C1I', 'COC(=O)C1=C(I)C=CC=C1F', 'FC(F)(F)C1=C(Cl)C=CC(I)=C1', 'ClC1=CC=C(I)C=C1I', 'OC(=O)C1=CC(I)=CC(I)=C1', 'OC(=O)C1=C(I)C=CC=C1Cl', 'COC1=CC(=CC(I)=C1)C(O)=O', 'FC(F)(F)C1=CC(I)=CC=C1I', 'IC1=CC=CC(=C1)C(=O)NC1CC1', 'COC1=CC=C(I)C(C(O)=O)=C1F', 'CNC(=O)C1=CC=CC(I)=C1', 'NC(=O)C1=CC(I)=CC=C1', 'FC(F)C(F)(F)OC1=CC=C(I)C=C1', 'COC(=O)C1=CC(I)=CC(O)=C1', 'FS(F)(F)(F)(F)C1=CC=CC(I)=C1', 'CC1=C(Cl)C=C(I)C=C1', 'FC(F)(F)C(=O)NC1=CC=C(I)C=C1', 'COC1=C(F)C=C(I)C=C1F', 'CCCNC(=O)C1=CC=CC(I)=C1', 'CC(=O)OC1=CC=C(I)C=C1', 'ClC1=C(Cl)C=C(I)C=C1', 'COC(=O)C1=CC(OC)=CC(I)=C1', 'CC1=CC=C(I)C=C1Br', 'OC1=C(F)C=C(I)C=C1I', 'OC(=O)C1=C(I)C=CC(F)=C1Cl', 'CC(C)NC(=O)C1=CC=CC(I)=C1', 'CS(=O)(=O)NC1=CC=C(I)C=C1F', 'IC1=CC=CC=C1[N+]#[C-]', 'FC(F)OC1=CC=C(I)C=C1', 'CCC1=CC=C(I)C=C1C(O)=O', 'IC1=CC=C(OC2=NC=CC=N2)C=C1', 'FC(F)OC1=CC=CC=C1I', 'IC1=CC=C(OCC#N)C=C1', 'IC1=CC(=CC(I)=C1)C#N', 'IC1=CC(I)=CC=C1', 'CC(=O)NC1=C(Cl)C=C(I)C=C1', 'OC(=O)COC1=C(I)C=C(Cl)C=C1', 'CS(=O)(=O)NC1=CC=C(I)C=C1', 'FC1=C(Cl)C=C(I)C=C1Cl', 'SC1=CC=C(I)C=C1Cl', 'COC1=C(F)C=C(I)C=C1', 'COC(=O)C1=C(I)C=CC=C1Cl', 'NS(=O)(=O)C1=CC=CC(I)=C1']"
4,"[1.8851762989967558, 1.9246862120094732]",2.0522502182604363,"['FS(=O)(=O)C1=CC=C(I)C=C1', 'OC(=O)C1=CC=C(I)C=C1F']","['OC1=CC(I)=C(Br)C=C1', 'COC1=C(Cl)C(I)=CC(I)=C1Cl', 'OC1=C(Cl)C=C(Br)C(I)=C1', 'COC1=C(C(I)=CC=C1)N(=O)=O', 'NNC(=O)C1=C(O)C=CC(I)=C1', 'CC1=C(C(I)=CC=C1)N(=O)=O', 'CC(=O)C1=CC(I)=C(Br)C=C1', 'IC1=CC=C(C=C1)N1C=CC=N1', 'CC1=C(Cl)C=C(I)C=C1Cl', 'CC(=O)NC1=C(C=C(I)C=C1)C(F)(F)F', 'COC1=C(C(O)=O)C(I)=CC=C1', 'COC1=C(OC)C(=CC(I)=C1)C(O)=O', 'BrC1=CC=CC=C1I', 'ClC1=C(C(I)=CC=C1)N(=O)=O', 'COC(=O)C1=CC(I)=C(O)C(I)=C1', 'COC(=O)C1=C(OC)C=C(Cl)C(I)=C1', 'CC(C)(C)C1=CC=C(I)C(Br)=C1', 'IC1=CC=CC(=C1)C(=O)C1=CC=CC=C1', 'OC(=O)COC1=CC=C(I)C=C1', 'COC1=CC(I)=C(Cl)C=C1', 'OC(=O)C1=C(I)C=CC=C1F', 'FC(F)(F)C(=O)CC1=CC=C(I)C=C1', 'CCOC(=O)C1=C(I)C=CC(C)=C1', 'COC(=O)C1=CC(I)=C(OC(F)F)C=C1', 'COC1=C(C=C(Cl)C(I)=C1)C(O)=O', 'CCOC(=O)C1=CC(I)=CC=C1C', 'CC1=C(Cl)C=C(I)C(O)=C1I', 'CCOC(=O)CC(=O)C1=CC=CC(I)=C1', 'COC(=O)C1=C(C)C=CC(I)=C1', 'OCC1=CC(I)=CC(I)=C1', 'OC(=O)C1=CC(I)=CC(I)=C1O', 'IC1=CC=CC(OC2=NC=CC=N2)=C1', 'COC1=C(C=C(I)C=C1)N(=O)=O', 'COC1=CC=CC(I)=C1Br', 'OCC1=CC(I)=C(Br)C=C1', 'CC(=O)NC1=C(OC(F)(F)F)C=C(I)C=C1', 'FC(F)(F)OC1=CC=CC=C1I', 'COC(=O)C1=C(F)C=C(Cl)C(I)=C1', 'NC(=O)C1=C(O)C=CC(I)=C1', 'COC(=O)C1=C(C(=O)OC)C(I)=CC=C1', 'COC(=O)C1=C(I)C=CC(O)=C1', 'COC1=CC(I)=C(Br)C=C1', 'OC1=C(Cl)C=C(I)C=C1I', 'COC(=O)C1=C(OC)C=C(I)C(Cl)=C1']"
5,"[4.647237671241276, 3.8616941420701876]",2.15036459401354,"['IC1=CC(=CC(=C1)C#N)N(=O)=O', 'IC1=CC(=CC(=C1)N(=O)=O)N(=O)=O']","['COC(=O)C1=CC=CC=C1I', 'ClCC(=O)C1=CC=C(I)C=C1', 'BrC1=CC=C(C#N)C(I)=C1', 'FC1=C(C=O)C=CC(I)=C1', 'COC1=C(C=CC(I)=C1)C(O)=O', 'OC(=O)C1=C(C=CC(I)=C1)N(=O)=O', 'CCOC(=O)C1=C(I)C=CC(Cl)=C1', 'IC1=CC=C(C=C1)C(=O)NC1CC1', 'OC(=O)CCC(=O)C1=CC=C(I)C=C1', 'CC(=O)C1=CC=C(I)C=C1', 'CC(C)NC(=O)C1=CC=C(I)C=C1', 'IC1=CC=C(C=O)C=C1', 'COC(=O)C1=C(Cl)C=C(I)C=C1', 'CC(=O)C1=C(I)C=CC(F)=C1', 'CC(C)(C)OC(=O)C1=CC(I)=CC=C1', 'CC1=C(C=C(Cl)C=C1I)C(O)=O', 'CCOC(=O)C1=CC=CC=C1I', 'OC(=O)C1=C(I)C=CC(Br)=C1F', 'OCC(=O)C1=CC=C(I)C=C1', 'OC(=O)CCC1=NN=C(O1)C1=CC=CC=C1I', 'IC1=CC(=CC=C1)C(=O)ON1C(=O)CCC1=O', 'ClC1=C(C=CC(I)=C1)N(=O)=O', 'CC(C)(C)NC(=O)C1=CC=CC(I)=C1', 'CCCNC(=O)C1=CC=C(I)C=C1', 'OC(=O)C1=C(Br)C=C(I)C=C1', 'FC(F)(F)C1=CC(I)=C(C=C1)C#N', 'CCOC(=O)C1=CC(OC)=CC(I)=C1', 'CCOC(=O)C1=CC(I)=CC(Br)=C1', 'IC1=CC=C(C=C1)C(=O)CCCC#N', 'COC1=CC(I)=CC=C1C#N', 'ONC(=O)C1=CC=C(I)C=C1', 'CCC(=O)C1=CC=C(I)C=C1', 'CC1=CC=C(C(O)=O)C(I)=C1', 'IC1=CC=C(C=C1)C(=O)CC#N', 'CC(=O)C1=CC(I)=C(C=C1)C(O)=O', 'COC(=O)C1=C(Br)C=C(I)C=C1', 'CCOC(=O)C1=CC=C(I)C=C1F', 'OC(=O)C1=CC=C(I)C=C1O', 'CCOC(=O)C1=CC(I)=C(C=C1)C#N', 'FC(F)(F)C1=C(C=O)C=CC(I)=C1', 'CNC(=O)C1=C(F)C=C(I)C=C1', 'COC(=O)C1=C(I)C=C(C=C1)C(O)=O']"
6,"[3.3228389856010927, 1.797728019584347]",2.293573610811734,"['OC1=C(C=C(I)C=C1)N(=O)=O', 'FC1=CC(F)=C(I)C=C1N(=O)=O']","['FC1=CC(I)=CC=C1N(=O)=O', 'IC1=CC(=C(I)C=C1)N(=O)=O', 'ClC1=CC(I)=CC(=C1)N(=O)=O', 'BrCC1=CC=C(I)C=C1N(=O)=O', 'BrC1=CC(I)=CC(=C1)N(=O)=O', 'CCOC(=O)C1=C(I)C=C(Cl)C=C1', 'COC(=O)C1=CC(=C(I)C=C1)N(=O)=O', 'OCC1=CC(=C(I)C=C1)N(=O)=O', 'ClC1=CC=C(I)C(=C1)N(=O)=O', 'CC1=C(I)C=C(Cl)C=C1N(=O)=O', 'CC1=C(C)C=C(C(I)=C1)N(=O)=O', 'FC1=CC(I)=CC(F)=C1C=O', 'FC1=CC=C(C(I)=C1)N(=O)=O', 'OC(=O)C1=C(I)C=C(C=C1)C#N', 'OC(=O)\\C=C\\C1=CC=C(I)C=C1', 'FC1=C(C(I)=CC=C1)N(=O)=O', 'COC(=O)C1=CC(I)=C(C=C1)C(=O)OC', 'COC(=O)C1=CC(=CC=C1I)C#N', 'COC1=CC(=CC(I)=C1)N(=O)=O', 'CC1=C(C=CC(I)=C1)N(=O)=O', 'IC1=CC(=CC(I)=C1)N(=O)=O', 'OC(=O)C1=CC(I)=C(C=C1)C(O)=O', 'FC1=C(Cl)C=CC(I)=C1C=O', 'OC1=C(C=O)C=C(I)C=C1I', 'COC1=C(C=CC(I)=C1)N(=O)=O', 'CC(C)C1=CC=C(I)C(=C1)N(=O)=O', 'NC(=O)C1=CC=C(I)C(=C1)N(=O)=O', 'IC1=CC2=CC=CC=C2C=C1N(=O)=O', 'OC(=O)C1=CC(I)=C(C=C1)C(F)(F)F', 'OC(=O)C1=CC(I)=CC(=C1)N(=O)=O', 'FC1=CC=C(C=C1)C(=O)C1=C(Cl)C=CC(I)=C1', 'NC(=O)C1=C(I)C=C(C=C1)N(=O)=O', 'OC(=O)C1=C(I)C=CC=C1N(=O)=O', 'BrC1=CC(I)=CC=C1C=O', 'FC1=CC(=CC(I)=C1)N(=O)=O', 'OC(=O)C1=C(I)C=C(C=C1)C(F)(F)F', 'FC(F)(F)C1=CC(=CC(I)=C1)N(=O)=O', 'ClC1=CC(I)=CC(Cl)=C1C=O', 'IC1=CC(=C(C=O)C=C1)N(=O)=O', 'OC(=O)C1=CC=C(I)C(=C1)N(=O)=O']"
7,"[1.395552944076068, 3.715714147327288]",2.3634776507582522,"['CCOC(=O)C1=C(Cl)C=C(I)C=C1', 'OC(=O)C1=C(Cl)C=C(I)C=C1Cl']","['COC(=O)C1=C(I)C=C(C=C1)N(=O)=O', 'OC1=C(I)C=C(C=C1C=O)N(=O)=O', 'OC(=O)C1=C(I)C=CC(I)=C1', 'FC(F)(F)C(=O)C1=CC=C(I)C=C1', 'CC(=O)C1=CC=C(I)C(Br)=C1', 'COC1=C(OC)C(I)=CC(C=O)=C1', 'ClC1=C(I)C=C(C=C1)N(=O)=O', 'COC(=O)C1=C(Cl)C(O)=C(I)C=C1', 'CCOC(=O)CC(=O)C1=CC=C(I)C=C1', 'OC1=C(I)C=CC=C1N(=O)=O', 'CC1=C(C=CC=C1I)C#N', 'FC1=CC(=C(I)C=C1)N(=O)=O', 'CCOC(=O)C1=C(O)C=CC(I)=C1', 'OC(=O)C1=CC=CC(I)=C1F', 'FC1=C(I)C=C(C=C1)N(=O)=O', 'COC1=CC=C(I)C(=C1)N(=O)=O', 'COC1=C(C=O)C=CC(I)=C1', 'OC(=O)C1=CC(OC(F)(F)F)=C(I)C=C1', 'IC1=CC=C(OC2=C(C=O)C=CC=C2)C=C1', 'COC(=O)C1=C(Cl)C=C(C)C(I)=C1', 'IC1=CC(=CC=C1N(=O)=O)C1=CC=CC=C1', 'OC1=CC=C(I)C=C1C=O', 'CC1=C(I)C=C(C=C1F)C(O)=O', 'IC1=CC=C(C=C1)N(=O)=O', 'BrC1=C(C(I)=CC=C1)N(=O)=O', 'FC(F)(F)OC1=CC=C(I)C(=C1)N(=O)=O', 'CC1=CC=C(I)C(C)=C1N(=O)=O', 'COC1=CC(I)=CC(C=O)=C1O', 'FC(F)(F)C1=CC(=C(I)C=C1)N(=O)=O', 'BrC1=C(I)C=CC=C1N(=O)=O', 'CC1=C(I)C=CC=C1N(=O)=O', 'BrC1=CC(=C(I)C=C1)N(=O)=O', 'CCOC(=O)C1=CC(=C(I)C=C1)N(=O)=O', 'COC(=O)C1=C(O)C=CC(I)=C1', 'COC1=C(I)C=CC(=C1)N(=O)=O', 'OC1=C(C=O)C=C(OC(F)(F)F)C=C1I', 'CC(=O)C1=CC(I)=CC=C1O']"
8,"[1.5982512774005724, 2.8438953529737017]",2.4528915777844227,"['FC1=C(F)C=C(I)C(I)=C1', 'FC1=CC(I)=CC(F)=C1Br']","['CS(=O)(=O)C1=CC=CC(I)=C1', 'FC(F)(F)OC1=C(Cl)C=C(I)C=C1', 'IC1=CC=C(C=C1)N1C=NN=N1', 'NNC(=O)C1=CC=C(I)C=C1', 'FC1=CC(I)=CC=C1CC#N', 'OS(=O)(=O)C1=CC=C(I)C=C1', 'IC1=CC(CC#N)=CC=C1', 'CN(C)C(=O)C1=CC(I)=CC=C1', 'CNS(=O)(=O)C1=CC=C(I)C=C1', 'OC(=O)C1=C(I)C=C(F)C=C1', 'FC(F)(F)C1=CC(Cl)=CC(I)=C1', 'FC1=CC(I)=CC=C1C(F)(F)F', 'ClC1=CC(I)=CC(Cl)=C1', 'FC(F)(F)C(=O)NC1=CC(I)=CC=C1', 'CC1=CC(Br)=CC(I)=C1', 'NC(=O)C1=C(Br)C=C(I)C=C1', 'CC1=CC(Cl)=CC(I)=C1', 'BrCC(=O)C1=CC=C(I)C=C1', 'FC(F)OC1=CC(I)=CC=C1', 'CC(C)(C)OC(=O)C1=CC=C(I)C=C1', 'NNS(=O)(=O)C1=CC=C(I)C=C1', 'CS(=O)(=O)C1=CC=C(I)C=C1', 'NS(=O)(=O)C1=CC=C(I)C=C1', 'OCC1=CC(I)=CC(Cl)=C1', 'OCC1=C(Cl)C=C(I)C=C1Cl', 'IC1=CC=CC(=C1)N=C=O', 'CS(=O)(=O)NC1=CC(I)=CC=C1', 'CCOC(=O)C1=C(I)C=CC=C1F', 'CC(=O)OC1=CC=CC(I)=C1', 'CN(C)S(=O)(=O)C1=CC=C(I)C=C1', 'ClC1=C(Br)C=C(I)C=C1', 'IC1=CC=C(C=C1)C(=O)C1=CC=CC=C1', 'COC(=O)C1=CC=C(I)C=C1OC', 'FC1=CC(=CC(I)=C1)C(F)(F)F', 'FC(F)C1=CC(I)=CC=C1', 'FS(F)(F)(F)(F)C1=CC=C(I)C=C1']"
9,"[1.5740867297466532, 2.626504030750194]",2.480200097368237,"['OC1=C(F)C=C(I)C=C1F', 'FC1=CC(I)=CC(F)=C1']","['FC(F)(F)C1=CC(Br)=CC(I)=C1', 'COC(=O)C1=C(F)C(Br)=CC=C1I', 'FC(F)C1=C(Br)C=CC(I)=C1', 'CC1=C(Br)C(F)=CC(I)=C1', 'FC(F)(F)C1=CC=C(I)C=C1Br', 'FC(F)(F)OC1=CC=C(I)C=C1', 'ClC1=CC(I)=CC(Cl)=C1Br', 'FC1=CC(I)=CC(Br)=C1', 'BrCC1=CC=C(I)C=C1', 'CC1=C(C=CC(I)=C1)C#N', 'COC(=O)C1=CC=C(I)C=C1C', 'OC(=O)C1=C(Br)C=CC=C1I', 'COC1=C(Cl)C=CC(I)=C1', 'ClC1=CC=C(I)C=C1CBr', 'FC(F)(F)C1=C(Br)C=CC(I)=C1', 'OC(=O)C1=CC=C(I)C=C1', 'OC(=O)C1=CC(I)=C(I)C=C1', 'ClC1=C(I)C=CC(=C1)C#N', 'CC1=CC=C(I)C=C1F', 'OCC1=CC(I)=CC(F)=C1', 'BrC1=CC=CC(I)=C1', 'BrC1=C(CC#N)C=C(I)C=C1', 'OC1=C(Cl)C=CC(I)=C1', 'OCC1=CC(Br)=CC(I)=C1', 'CC(C)C1=CC(I)=CC(Br)=C1', 'CCNS(=O)(=O)C1=CC=C(I)C=C1', 'FC(F)C1=CC(Br)=CC(I)=C1', 'ClC1=CC(I)=CC=C1Br', 'FC1=CC(I)=CC=C1CBr', 'ClC1=C(CBr)C=CC(I)=C1', 'OB(O)C1=CC(Br)=CC(I)=C1', 'ClC1=CC(Br)=CC(I)=C1', 'CC1=CC(I)=CC(F)=C1', 'FC(F)(F)OC1=CC=C(I)C=C1Br']"
