,obj_values ['rate'],Vendi_score,eval_samples,cut_samples
0,"[2.395217819075673, 2.9621512977993207]",1.2591868518714102,"['COC(=O)CCC1=CC(I)=C(O)C=C1', 'CC(C)(C)OC(=O)NCC1=CC=CC=C1I']",[]
1,"[1.7058452183429216, 1.3554936418287606]",1.392179419379807,"['IC1=CC=C(C=C1)C(=O)N1CCCC1', 'CC(C)NC(=O)CC1=CC=C(I)C=C1']","['IC1=C(C=CC=C1)C(=O)N1CCCC1', 'CCOC1=C(I)C=CC=C1', 'COC1=CC(B(O)O)=C(I)C=C1', 'FC1=CC(I)=C(NC(=O)CCl)C=C1', 'OCC1=C(I)C=C(C=C1)C(F)(F)F', 'CCOC(=O)C1=CC(I)=C(OC)C=C1', 'CN(C(=O)C1=C(I)C=CC=C1)C1=CC=CC=C1', 'OC(=O)COC1=C(I)C=C(Cl)C=C1', 'NC1=C(I)C=C(C=C1F)C(F)(F)F', 'COC1=CC(CO)=CC(I)=C1O', 'NC1=C(I)C=C(OC(F)(F)F)C=C1', 'CCN(CC)C(=O)C1=CC(O)=C(I)C=C1', 'CC1=C(I)C=C(CBr)C=C1', 'OC(=O)CCCOC1=CC=C(I)C=C1', 'CC(C)C1=C(I)C=CC=C1', 'CC1(C)OB(OC1(C)C)C1=CC(O)=CC=C1I', 'ClCC(=O)NC1=CC=CC=C1I', 'NC(=O)C1=CC(O)=C(I)C=C1', 'COC(OC)C1=C(I)C=CC=C1', 'CC1=C(I)C=C(C=C1)C(F)(F)F', 'COC(=O)C1=CC(I)=C(OC2=CC=CC=C2)C=C1', 'NCC1=CC=CC=C1I', 'CCN(CC)C(=O)C1=CC(OCC(F)(F)F)=C(I)C=C1', 'COC(=O)C1=C(I)C=CC=C1OC', 'CC(C)(C)NC(=O)C1=CC=CC=C1I', 'SCCC1=CC=CC=C1I', 'NC1=CC=C(C=C1I)C(F)(F)F', 'OC1=CC(OCC2=CC=CC=C2)=CC=C1I', 'CC1=C(I)C=CC(Cl)=C1', 'CC(=O)NC1=CC(I)=C(C)C=C1', 'COC1=CC=CC(I)=C1OC', 'COC1=C(I)C=CC(=C1)C(C)C', 'CCC1=C(I)C=CC(O)=C1', 'OC1=CC=C(OC(F)(F)F)C=C1I', 'OC1=CC(=CC=C1I)C(=O)N1CCOCC1', 'NCC1=C(I)C=CC(Br)=C1', 'CC1=CC(I)=C(CO)C=C1C', 'COC1=C(I)C=C(C=C1)C(O)=O', 'OC(=O)CCCCC1=CC=C(I)C=C1', 'CCOC(=O)CC1=C(I)C=CC=C1', 'COCOC1=C(I)C=CC=C1F', 'OC(=O)C1(CC1)C1=C(I)C=CC=C1', 'CS(=O)(=O)NC1=CC=CC=C1I', 'COC(=O)C1=CC(I)=C(O)C=C1', 'CCCNC(=O)C1=CC=CC=C1I', 'CNC(=O)C1=CC=CC=C1I', 'CCOC(=O)COC1=CC=CC=C1I', 'CC1=CC(I)=C(O)C=C1Cl', 'OC(=O)CC1=C(I)C=C(Cl)C=C1', 'COC1=CC=C(C=C1I)C(F)(F)F', 'COC1=C(F)C=CC=C1I', 'OC1=CC=C(OC2=CC=C(I)C=C2)C=C1']"
2,"[3.1116389796244994, 2.712740646778747]",1.64276038082008,"['CC1=C(I)C=CC(=C1)C(=O)OC(C)(C)C', 'CC1=C(F)C=C(C=C1I)C(=O)NC1CC1']","['CC(=O)SCC1=CC(I)=CC=C1', 'NC(=O)C1=CN=C(OC2=CC=C(I)C=C2)C=C1', 'CS(=O)(=O)NC1=CC=C(I)C=C1', 'CN(C)C(=O)C1=CC(I)=CC=C1', 'CC(C)(C)C1=CC=C(I)C=C1', 'FC(F)(F)C(=O)NC1=CC=C(I)C=C1', 'CC1CC(C)(C)OB(O1)C1=CC=C(I)C=C1', 'IC1=CC=CC(=C1)C1=CC=CC=C1', 'CCCCCC1=CC=C(I)C=C1', 'IC1=CC=C(CC(=O)N2CCCCC2)C=C1', 'IC1=CC=C(CC(=O)N2CCOCC2)C=C1', 'CS(=O)(=O)NC1=CC=C(I)C=C1F', 'IC1=CC=CC(CNC2CC2)=C1', 'OC(=O)C1(CC1)C1=CC=C(I)C=C1', 'CON(C)C(=O)C1=CC=C(I)C=C1', 'IC1=CC=C(CN2C=CN=C2)C=C1', 'IC1=CC=C(C=C1)C(=O)N1CCOCC1', 'OC[C@H]1CN(C(=O)O1)C1=CC=C(I)C=C1', 'COC(=O)CCC1=CC=C(I)C=C1', 'IC1=CC=C(CC(=O)N[C@H]2CCOC2=O)C=C1', 'OC(=O)CCC1=CC(I)=CC=C1', 'COC(=O)CC1=CC=CC(I)=C1', 'ClCC(=O)NC1=CC(I)=CC=C1', 'CC(C)CC1=CC=C(I)C=C1', 'CC1(C)OB(OC1(C)C)C1=CC(I)=CC=C1', 'COC(=O)COC1=CC=C(I)C=C1', 'OC(=O)COC1=CC=C(I)C=C1', 'CCOC(=O)CC1=CC(I)=CC=C1', 'ClCC(=O)NC1=CC=C(I)C=C1', 'IC1=CC=CC(=C1)C(=O)N1CCOCC1', 'IC1=CC=C(C=C1)C1=CC=CC=C1', 'NCC1(CCCC1)C1=CC=C(I)C=C1', 'CC(C)(C)OC(=O)CC1=CC(I)=CC=C1', 'FC(F)(F)C(=O)NC1=CC(I)=CC=C1', 'IC1=CC=C(OC2=CC=C(C=C2)C#N)C=C1', 'CC1=CC=C(C=C1)C1=CC=C(I)C=C1', 'IC1=CC=C(CC(=O)N2CCCC2)C=C1', 'IC1=CC=C(C=C1)N1C=CC=N1', 'IC1=CC=C(C=C1)N1CCC(=O)NC1=O', 'OCCC1=CC=C(I)C=C1', 'CC1(C)COB(OC1)C1=CC=C(I)C=C1', 'OC(C1=CC=CC=C1)C1=CC(I)=CC=C1', 'CS(=O)(=O)NC1=CC(I)=CC=C1', 'OC(=O)CCCC1=CC=C(I)C=C1', 'NC(CC1=CC=CC(I)=C1)C(O)=O', 'CC(C)(C)[Si](C)(C)OCC1=CC=C(I)C=C1', 'IC1=CC(CC2=CC=CC=C2)=CC=C1', 'CCCCC1=CC=C(I)C=C1', 'IC1=CC=CC(=C1)C(=O)N1CCCC1']"
3,"[1.9529800383248848, 2.564191473688328]",1.775838530645968,"['FC1=CC=C(C=C1)C(=O)C1=C(I)C=CC=C1', 'ClC1=CC=C(C=C1)C(=O)C1=CC=CC=C1I']","['ClC1=CC=C(COC2=CC=C(I)C=C2)C=C1', 'CC1=C(N=NN1C1=CC=C(I)C=C1)C(O)=O', 'NC(=O)CC1=CC=C(I)C=C1', 'IC1=CC=CC(=C1)C(=O)NC1CC1', 'CC(=O)OC1=CC=CC(I)=C1', 'NC1(CC1)C1=CC=C(I)C=C1', 'ClC1=CC=C(OC2=CC=C(I)C=C2)C=C1Cl', 'OC(=O)CC1=CC=CC(I)=C1', 'CC(N)C1=CC=C(I)C=C1', 'COC(=O)C1=CC(C)=C(I)C=C1', 'CC(C)(C)OC(=O)NC1=CC=C(I)C=C1F', 'CCOC(=O)C1=C(I)C=CC=C1F', 'CC(C)(C)OC(=O)NC1=CC=C(I)C=C1', 'CC(C)C1=CC=CC(I)=C1', 'CC(=O)NC1=C(Cl)C=C(I)C=C1', 'CCCCOC1=CC=C(I)C=C1', 'COC(=O)C1=C(C)C(I)=CC=C1', 'CCCNC(=O)C1=CC=CC(I)=C1', 'OC(=O)CC1=CC=C(I)C=C1', 'CC(=O)NC1=C(OC(F)(F)F)C=C(I)C=C1', 'C[C@H](O)C1=CC=C(I)C=C1', 'OCC1=C(Cl)C=CC=C1I', 'FC(F)C(F)(F)OC1=CC=C(I)C=C1', 'CC(C)C1=CC=C(I)C=C1', 'OC(=O)CCCCNC(=O)C1=CC(I)=CC=C1', 'FC1=CC=C(OC2=CC=CC(I)=C2)C=C1', 'IC1=CC(OC2=CC=CC=C2)=CC=C1', 'CC(C)(C)OC(=O)N[C@@H](CC1=CC(I)=CC=C1)C(O)=O', 'ClC1(Cl)CCCN(C2=CC=C(I)C=C2)C1=O', 'CNC(=O)C1=CC=CC(I)=C1', 'NCCC1=CC=C(I)C=C1', 'IC1=CC(=CC=C1)C(=O)NCC1=CC=CC=C1', 'OC(=O)COC1=CC=CC(I)=C1', 'CC(OC1=CC=C(I)C=C1)C(C)=O', 'CCC[C@H]1CC[C@@H](CC1)C1=CC=C(I)C=C1', 'CC(C)(C)OC(=O)NC1=CC(I)=CC=C1', 'CC(=O)CC(=O)NC1=CC=C(I)C=C1', 'ClC1=CC=C(OC2=CC=C(I)C=C2)C=C1', 'CC(=O)OC1=CC=C(I)C=C1', 'CC(=O)NC1=C(C=C(I)C=C1)C(F)(F)F', 'IC1=CC=C(CN2CCCCC2)C=C1', 'CCOC(=O)C1=C(I)C=CC(C)=C1', 'IC1=CC=C(OCC2CC2)C=C1', 'IC1=CC=C(C=C1)C1(CC1)C#N', 'ClCC1=CC(I)=C(CCl)C=C1', 'CC(C)(C)NC(=O)C1=CC=CC(I)=C1', 'CC(C)NC(=O)C1=CC=CC(I)=C1']"
4,"[1.2921443378924888, 3.0037025577843224]",1.8979522078244861,"['OC1=CC=C(Cl)C=C1\\C=C\\C1=C(I)C=CC=C1', 'CC1=C(I)C=C(NC(=O)C2=CC=NC(Cl)=C2)C=C1']","['CC1=C(I)C=C(C=C1F)C(O)=O', 'IC1=CC=CC=C1C(=O)CC#N', 'CCOC(=O)CC(=O)C1=CC=CC(I)=C1', 'IC1=CC=CC=C1C(=O)C1=NC=CC=C1', 'IC1=CC=CC=C1C(=O)C1=CC=CC=C1', 'CC(C)(C)NC(=O)C1=CC=C(I)C=C1', 'CC1=CC=C(I)C(C(O)=O)=C1F', 'CCOC(=O)C1=CC=CC=C1I', 'COC(=O)C1=C(I)C=CC(C)=C1', 'IC1=C(C=CC=C1)C(=O)CC1=CC=CC=C1', 'O[C@@H]1CCN(C1)S(=O)(=O)C1=CC=C(I)C=C1', 'CC1=CC=C(C=C1)C(=O)C1=C(I)C=CC=C1', 'IC1=CC=C(C=C1)C(=O)NCC1=CC=CC=C1', 'COC(=O)C1=C(I)C=CC(O)=C1', 'CC1=C(I)C=C(Br)C=C1', 'CCC1=C(I)C=C(C=C1)C(O)=O', 'CC1=C(C=C(Cl)C=C1I)C(O)=O', 'IC1=CC=C(C=C1)C(=O)NC1CC1', 'BrC(C1=CC=CC=C1)C1=C(I)C=CC=C1', 'OC(=O)CCC1=NN=C(O1)C1=CC=CC=C1I', 'FC(F)(F)C(=O)CC1=CC=C(I)C=C1', 'IC1=CC=C(C=C1)C(=O)NCC1CC1', 'CCCNC(=O)C1=CC=C(I)C=C1', 'ClC1=CC=CC=C1C(=O)C1=C(I)C=CC=C1', 'FC1=CC=CC=C1C(=O)C1=C(I)C=CC=C1', 'COC(=O)C1=C(Cl)C=C(C)C(I)=C1', 'COC(=O)C1=CC(I)=C(C)C=C1C', 'COC1=C(C(O)=O)C(I)=CC=C1', 'COC(=O)C1=C(I)C=C(OC)C(OC)=C1', 'CC(C)NC(=O)C1=CC=C(I)C=C1', 'CCOC(=O)C1=CC(I)=C(C)C=C1', 'CCOC(=O)CC(=O)C1=C(I)C=CC=C1', 'IC1=CC(=CC(=C1)C1=CC=CC=C1)C1=CC=CC=C1', 'CC(=O)CC1=C(I)C=CC=C1', 'CCOC(=O)C1=CC2=CC=CC=C2C=C1I', 'COC(=O)C1=C(C(=O)OC)C(I)=CC=C1', 'COC(=O)C1=C(I)C=CC=C1Cl', 'CCNC(=O)C1=CC(Br)=CC=C1I', 'FC1=CC(=CC=C1)C(=O)C1=C(I)C=CC=C1', 'IC1=CC=C(OC2=NC=CC=N2)C=C1', 'IC1=CC=CC(OC2=NC=CC=N2)=C1', 'OC(=O)C1=CC(=CC=C1)C1=CC=C(I)C=C1', 'CC(C)(C)OC(=O)C1=CC=C(I)C=C1', 'OC(=O)CC1=CC=C(Br)C=C1I']"
5,"[2.4242101201086674, 2.389807996108963]",2.28500744560062,"['CC(C)(C)OC(=O)N(C(=O)OC(C)(C)C)C1=C(I)C=C(C=C1)N(=O)=O', 'IC1=CC=CC(=C1)N1C=C(N=N1)C1=CC(=CC=C1)N(=O)=O']","['COC(=O)C1=CC(I)=CC(O)=C1', 'COC(=O)C1=CC2=CC=CC=C2C=C1I', 'CC(C)(C)OC(=O)NC1=CC(=CC(I)=C1)C(O)=O', 'CC1=CC(C)=C(I)C=C1C(O)=O', 'OC(=O)CCCCC(=O)C1=CC=C(I)C=C1', 'CCOC(=O)C1=CC(OC)=CC(I)=C1', 'IC1=CC2=C(C=CC=C2)C2=C1C=CC=C2', 'COC1=C(OC)C(I)=CC(C=O)=C1', 'CC1=CC=C(C=C1I)C(O)=O', 'IC1=CC=C(C=C1)C(=O)OCC1=CC=CC=C1', 'COC(=O)C1=CC(OC)=CC(I)=C1', 'COC1=C(OCC=C)C(I)=CC(C=O)=C1', 'CCCCCC1=CC=C(C=C1)C(=O)C1=CC=CC=C1I', 'CCOC(=O)C(=CNC1=C(I)C=CC=C1)C(=O)OCC', 'IC1=CC=C(C=C1)C(=O)CC1=CC=CC=C1', 'CCOC(=O)CC(=O)C1=CC=C(I)C=C1', 'OC(=O)C1=CC(I)=C(C=C1)N1C=CC=N1', 'IC1=C(C=CC=C1)N=C=S', 'IC1=CC=C(C=C1)C(=O)C1=CC=CC=C1', 'CC(=O)C1=C(I)C=CC(F)=C1', 'IC1=CC=C(OC2=C(C=O)C=CC=C2)C=C1', 'FC1=CC=C(C=C1)C(=O)C1=CC=C(I)C=C1', 'IC1=CC=CC(=C1)C(=O)C1=CC=CC=C1', 'CC1=CC=C(I)C(C)=C1N(=O)=O', 'NC(=O)C1=CC(I)=CC=C1', 'COC(=O)C1=C(C)C(Cl)=CC(I)=C1', 'IC1=CC=C(C=C1)S(=O)(=O)N1CCCC1', 'CC1=CC=C(C=C1)C(=O)C1=CC(I)=CC=C1', 'IC1=CC=C(NC(=O)C2=CC=CC=C2)C=C1', 'COC(=O)C1=C(OC)C=C(C)C(I)=C1', 'COC(=O)C1=CC=C(I)C(O)=C1', 'IC1=CC=C(C=C1)C(=O)CCCC#N', 'COC(=O)C1=CC=CC=C1I', 'CC1=CC=C(C=O)C=C1I', 'CC1=CC(C=O)=C(C)C=C1I', 'COC1=C(I)C=C(C=C1C(C)(C)C)N1C=CC(=O)NC1=O', 'COC1=C(I)C=C(N)C=C1I', 'OC[C@H]1N=C(O[C@@H]1C1=CC=C(I)C=C1)C1=CC=CC=C1', 'CC1=C(C)C=C(C=O)C(I)=C1', 'CCOC(=O)C1=CC(I)=CC=C1C', 'IC1=CC2=C(C=C1)C1=C(C=CC=C1)C1=C2C=CC=C1', 'CCOC(=O)C1=C(I)C=CC(Cl)=C1']"
6,"[2.4240208008823916, 2.4654276521552276]",2.381267058281624,"['CC1=C(C=C(C=C1I)N(=O)=O)C(O)=O', 'CC1=CC(=CC=C1I)C(O)=O']","['CC1=C(C=C(I)C=C1)C(=O)C1=CC=C(S1)C1=CC=C(F)C=C1', 'BrC1=CC=C(C=C1)C1=CC=CC(I)=C1', '[H][C@@](CC1=CC(I)=C(O)C(I)=C1)(NC(C)=O)C(O)=O', 'IC1=CC=C(C=C1)C(=O)NC1CCCCC1', 'COC(=O)C1=CC(I)=C(C=C1)C(=O)OC', 'IC1=CC=C(C=C1)C(=O)C1=CC=CC(=C1)C#N', 'FC1=CC=C(C=C1)C(=O)C1=C(Cl)C=CC(I)=C1', 'ClC1=CC=C2OC(=O)C(=CC2=C1)C1=CC=C(I)C=C1', 'COC(=O)C1=CC=C(I)C=C1C(=O)OC', 'OC1=CC=C(C=C1I)C1=CC=C(C=C1)C#N', 'COC1=CC(I)=C(C=O)C=C1OC', 'COC(=O)C1=CC(I)=CC(N)=C1', 'COC1=CC=C2OC(=O)C(=CC2=C1)C1=CC=C(I)C=C1', 'IC1=CC=C(C=C1)C(=O)C1=CC=CC=N1', '[H][C@@](N)(CC1=CC(I)=C(O)C(I)=C1)C(O)=O', 'FC1=CC(I)=CC=C1NC(=O)NC1CC1', 'CC(C)(C)OC(=O)C1=CC(I)=CC=C1', 'CC1=CC=C(C(O)=O)C(I)=C1', 'COC1=CC(I)=C(C=O)C=C1', 'COC1=CC=C(C=C1)C(=O)NC1=CC=C(I)C=C1', 'COC1=CC(=CC(I)=C1)C(O)=O', 'BrCC(=O)C1=C(I)C=CC=C1', 'CCC(=O)C1=CC=C(I)C=C1', 'IC1=CC=C(C=C1)C1=CC=C(O1)C=O', 'COCCOC1=CC(I)=CC=C1', 'CC1=CC(I)=CC(I)=C1', 'IC1=C(OC2=CC=CC=C2N(=O)=O)C=CC=C1', 'OC1=CC(I)=CC=C1C1=C(O)C=C(I)C=C1', 'CC(C)(C)OC(=O)N[C@@H](CC1=CC=C(I)C=C1)C(O)=O', 'OC(=O)CCC(=O)C1=CC=C(I)C=C1', 'ClC1=CC=C(C=C1)C(=O)C1=CC=C(I)C=C1', 'COC(=O)C1=CC=C(I)C=C1OC', 'FC(F)(F)C1=CC=C(CBr)C(I)=C1', 'IC1=CC=C(C=C1)C1=CC2=CC=CC=C2OC1=O', 'NCCOCCOCCNC(=O)C1=CC=C(I)C=C1', 'CC(C)(C)OC(=O)C1=C(I)C=CC(Br)=C1', 'ONC(=O)C1=CC(I)=CC=C1', 'CC(=O)C1=CC(I)=C(C=C1)C(O)=O', 'CC(C)(C)OC(=O)NC(CC1=CC(I)=CC=C1F)C(O)=O', 'COC1=C(OC)C(=CC(I)=C1)C(O)=O']"
7,"[2.715374778456439, 1.2835840808545704]",2.702550129995873,"['C[C@@H]1CN(CCN1S(=O)(=O)C1=CC=C(I)C=C1)C(=O)C1=CC=CC=C1', 'COC1=CC=CC(OC)=C1I']","['CNC(=O)C1=C(F)C=C(I)C=C1', 'CC(=O)OC1=C(I)C=C(C=O)C=C1I', 'CC1=C(I)C=C(Cl)C=C1N(=O)=O', 'CCOC(=O)C1=CC=C(I)C=C1F', 'CC1=CC=CC(C(O)=O)=C1I', 'COC(=O)C1=C(Cl)C=CC(I)=C1', 'IC1=CC(=CC=C1)C(=O)ON1C(=O)CCC1=O', 'IC1=CC=CC(=C1)N=C=S', 'COC1=CC(C=O)=C(I)C=C1', 'OC(=O)C1=CC=C(CBr)C(I)=C1', 'CC1=C(I)C=CC=C1N(=O)=O', 'COC(=O)C1=CC(=CC(I)=C1)C(=O)OC', 'FC(F)(F)C1=CC=C(I)C(C=O)=C1', 'COC(=O)C1=C(I)C=C(C=C1)C(O)=O', 'CC1=CC(C=O)=C(I)C=C1', 'COC(=O)C1=C(C)C=CC(I)=C1', 'CC(=O)C1=CC(I)=CC=C1', 'ONC(=O)C1=CC=C(I)C=C1', 'OC1=CC2=C(C=CC=C2)C(I)=C1', 'CC1=CC(I)=C(C)C=C1N(=O)=O', 'CC1=CC(I)=C(C=O)C=C1', 'CCOC(=O)C1=C(I)C=C(Cl)C=C1', 'COC(=O)C1=CC=CC(I)=C1', 'CC1=C(I)C=CC=C1C=O', 'COC1=CC(=CC=C1I)C(O)=O', 'IC1=CC=CC(=C1)C(=O)CC#N', 'COC(=O)C1=C(Cl)C(O)=C(I)C=C1', 'OC(=O)C1=C(I)C=CC(I)=C1', 'OC(=O)C1=CC=CC(I)=C1C(O)=O', 'OC(=O)\\C=C\\C1=CC=C(I)C=C1', 'CCC1=CC=C(I)C=C1C(O)=O', 'CC1=C(C=CC=C1I)C#N', 'CCOC(=O)C1=CC=CC(I)=C1', 'BrC1=CC=C(I)C2=C1C=CC=C2', 'OC(=O)\\C=C\\C1=CC=CC(I)=C1', 'FC1=CC(C=O)=C(I)C=C1', 'CCOC(=O)C1=C(F)C=CC(I)=C1']"
8,"[2.289022526319771, 1.8571059726533383]",2.795788327871563,"['IC1=CC=C(C=C1)C(=O)NC1CCN(CC2=CC=CC=C2)CC1', 'CCN1CCN(CC1)C(=O)C1=CC=C(I)C=C1']","['COC(=O)C1=CC(I)=C(OC(F)F)C=C1', 'CC1=C(I)C=C(C=C1)C#N', 'ClCC(=O)C1=CC=C(I)C=C1', 'COC(=O)C1=CC(I)=CC(=C1)C(O)=O', 'IC1=CC=CC=C1N=C=O', 'IC1=C(C=O)C=CC=C1', 'COC(=O)C1=C(N)C(I)=CC(=C1)C(F)(F)F', 'COC(=O)C1=CC(=CC=C1I)C(F)(F)F', 'CC(=O)C1=CC=C(I)C=C1', 'OC1=CC2=C(C=CC=C2I)C=C1', 'COC1=CC2=CC=CC=C2C=C1I', 'COC1=C(C=CC(I)=C1)C(O)=O', 'ClC1=C(C=C(I)C=C1)C(=O)C1=CC=C(O[C@H]2CCOC2)C=C1', 'COC1=C(C=O)C=C(Br)C=C1I', 'OC(=O)C1=C(NC2=CC=C(I)C=C2F)C=NC=C1', 'COC(=O)C1=C(N)C(I)=CC(Cl)=C1', 'COC1=C(I)C=C(C=C1I)C#N', 'COC(=O)C1=CC(I)=C(O)C(I)=C1', 'CCOC1=CC=C(C=C1)C(O)C1=CC(I)=CC=C1Cl', 'CC1=CC=C(I)C=C1C=O', 'IC1=CC=C(C=C1)C(=O)CC#N', 'OC1=C(I)C=C(I)C=C1', 'FS(F)(F)(F)(F)C1=CC=CC(I)=C1', 'OCC1=CC=CC=C1I', 'OC(=O)C1=CC(I)=C(C=C1)C(O)=O', 'COC1=CC=C(I)C(C(O)=O)=C1F', 'OC(=O)C1=CC(I)=CC(O)=C1', 'CC1=CC(=CC=C1I)C#N', 'COC1=CC=CC(C(O)=O)=C1I', 'CC1=CC(=CC(I)=C1)C(O)=O', 'CC1=CC(I)=C(O)C(=C1)C(O)=O', 'IC1=CC=C(OC2=CC=C(C=C2)N(=O)=O)C=C1', 'COC(=O)C1=CC(Cl)=CC(I)=C1', 'OC(=O)C1=CC=C(I)C(O)=C1', 'FC(F)(F)C1=CC=C(C=O)C(I)=C1', 'COC1=C(I)C=C(C=C1I)C(F)(F)F']"
9,"[1.394303045157402, 1.3637239360088234]",2.9227109866744923,"['BrCC1=CC=C(C=C1I)N(=O)=O', '[H][C@@](CC1=CC=C(I)C=C1)(NC(=O)OCC1=CC=CC=C1)C(O)=O']","['COC(=O)C1=C(F)C=CC(I)=C1', 'CC1=C(C=C(I)C=C1)C#N', 'COC(=O)C1=CC(=CC(I)=C1)C(F)(F)F', 'OC(=O)C1=C(C=C(I)C=C1)C(O)=O', 'COC1=CC=C(COC2=CC=C(I)C=C2)C=C1', 'CC1=C(F)C=CC=C1I', 'CCOC(=O)C1=CC=C(C=C1)C(=O)C1=CC=C(I)C=C1', 'OCC1=CC(I)=CC(I)=C1', 'NC1=NC(=CS1)C1=CC=C(I)C=C1', 'BrC1=CN=C(OC2=CC=C(I)C=C2)N=C1', 'OC(=O)C1=CC(I)=CC=C1Cl', 'CC1=CC(=CC(I)=C1)C#N', 'COC(=O)C1=C(C=C(I)C=C1)S(N)(=O)=O', 'IC1=CC=C(NC2=NC=CC=N2)C=C1', 'OC(=O)C1=C(C=C(I)C=C1)C(F)(F)F', 'CN1C(C)=C(C(O)=O)C(=C1C1=CC=C(Cl)C=C1)C1=CC(I)=CC=C1', 'IC1=CC=C(C=C1)C(=O)ON1C(=O)CCC1=O', 'CNC1=CC(=O)N(C2CC2)C(=O)N1C1=CC=C(I)C=C1F', 'CC(C)(C)OC(=O)C1=CC(Br)=CC(I)=C1', 'OC(=O)C1=C(NC2=CC=C(I)C=C2Cl)C(F)=C(F)C=C1', 'CC(C)(C)OC(=O)CC1=CC(I)=CC=C1N(=O)=O', 'ClC1=CC=C(C=C1)C1=CC=C(I)C=C1', 'CC1=C(Cl)C=C(I)C(O)=C1I', 'CCCCCC1=CC=C(C=C1)C1=CC=C(I)C=C1', 'COC(=O)C1=CC=C(I)C(=C1)C(O)=O', 'CC1=C(C=C(I)C=C1Cl)C(O)=O', 'IC1=CC=C(OC2=CC=C(I)C=C2)C=C1', 'CC(C)(C)OC(=O)NC1=C(N)C=C(I)C=C1', 'CC(C)(C)OC(=O)C1=C(Br)C=C(I)C=C1', 'COC1=CC(C=O)=C(OC)C=C1I', 'ClC1=C(C=O)C(I)=CC=C1', 'CCOC(=O)C(=CNC1=CC=C(I)C=C1C)C(=O)OCC', 'COC1=C(I)C=CC(C=O)=C1', 'FC1=C(Cl)C=CC(I)=C1C=O']"
