,obj_values ['rate'],Vendi_score,eval_samples,cut_samples
0,"[1.8571059726533383, 3.159222713882205]",1.554714627120718,"['CCN1CCN(CC1)C(=O)C1=CC=C(I)C=C1', 'COC(=O)C1=CC=C(I)C=C1N(=O)=O']",[]
1,"[3.8616941420701876, 3.5388372242423043]",1.6418178644330914,"['IC1=CC(=CC(=C1)N(=O)=O)N(=O)=O', 'IC1=CC(=C(C=O)C=C1)N(=O)=O']","['OC(=O)CCCCC(=O)C1=CC=C(I)C=C1', 'OC(=O)\\C=C\\C1=CC=C(I)C=C1', 'OC(=O)\\C=C\\C1=CC=CC(I)=C1', 'IC1=CC=C(C=C1)C1=CC=C(O1)C=O', 'IC1=CC=C(C=C1)C(=O)CCCC#N', 'OC(=O)C1=CC(I)=CC(=C1)C(F)(F)F', 'ClC1=CC(I)=CC(=C1)N(=O)=O', 'IC1=CC(=CC=C1)C(=O)ON1C(=O)CCC1=O', 'CC1=CC(I)=CC(=C1)N(=O)=O', 'ClC1=C(C=CC(I)=C1)N(=O)=O', 'IC1=CC(=C(I)C=C1)N(=O)=O', 'FC(F)(F)C1=CC(I)=CC(=C1)C#N', 'IC1=CC=CC(=C1)C(=O)C1=CC=CC=C1', 'IC1=CC=C(C=C1)C(=O)C1=CC=CC=N1', 'IC1=CC=C(C=C1)C(=O)C1=CC=CC=C1', 'IC1=CC=C(C=C1)S(=O)(=O)N1CCCC1', 'ClC1=C(C=C(I)C=C1)N(=O)=O', 'COC(=O)C1=CC(Cl)=CC(I)=C1', 'CNC1=CC(=O)N(C2CC2)C(=O)N1C1=CC=C(I)C=C1F', 'OC(=O)C1=C(C=C(I)C=C1)C(F)(F)F', 'IC1=CC=C(C=C1)C(=O)C1=CC=CC(=C1)C#N', 'OC(=O)C1=CC(I)=CC(=C1)N(=O)=O', 'COC(=O)C1=C(C=C(I)C=C1)S(N)(=O)=O', 'IC1=CC(=CC=C1)N(=O)=O', 'CC(C)(C)OC(=O)C1=CC=C(I)C=C1', 'IC1=CC(=CC(I)=C1)N(=O)=O', 'FC1=CC(=CC(I)=C1)N(=O)=O', 'COC(=O)C1=CC(=CC(I)=C1)C(F)(F)F', 'IC1=CC=C(I)C(=C1)C#N', 'COC1=C(C=CC(I)=C1)N(=O)=O', 'CC(C)(C)OC(=O)CC1=CC(I)=CC=C1N(=O)=O', 'IC1=CC=C(C=C1)C(=O)ON1C(=O)CCC1=O', 'CCOC(=O)CC(=O)C1=CC=CC(I)=C1', 'COC1=CC(=CC(I)=C1)N(=O)=O', 'CC(C)(C)OC(=O)NC1=CC(=CC(I)=C1)C(O)=O', 'CCOC(=O)C1=CC(OC)=CC(I)=C1', 'IC1=CC=C(C=C1)C(=O)CC1=CC=CC=C1', 'OC(=O)C1=C(C=CC(I)=C1)N(=O)=O', 'COC(=O)C1=CC(I)=CC(=C1)C(O)=O', 'OC(=O)CCC(=O)C1=CC=C(I)C=C1', 'COC(=O)C1=CC(=CC(I)=C1)C(=O)OC', 'OC(=O)C1=C(C=C(I)C=C1)N(=O)=O', 'CCOC(=O)CC(=O)C1=CC=C(I)C=C1', 'IC1=CC=C(C=C1)C(=O)NCC1CC1', 'IC1=CC=C(C=C1)C(=O)NCC1=CC=CC=C1', 'OCC1=CC(=CC(I)=C1)N(=O)=O', 'IC1=CC=C(C=C1)C(=O)OCC1=CC=CC=C1', 'CC1=CC=C(I)C=C1N(=O)=O', 'COC(=O)C1=CC=C(I)C=C1C(=O)OC', 'OC(=O)C1=C(C=C(I)C=C1)C(O)=O', 'CC(C)(C)NC(=O)C1=CC=C(I)C=C1', 'OCC1=CC=C(I)C=C1N(=O)=O']"
2,"[1.66710508485528, 3.3228389856010927]",1.778950688411502,"['FC1=C(C=CC(I)=C1)C#N', 'OC1=C(C=C(I)C=C1)N(=O)=O']","['BrC1=CC(I)=CC(=C1)C#N', 'OCC(=O)C1=CC=C(I)C=C1', 'BrC1=C(C=C(I)C=C1)C#N', 'FC1=CC(I)=CC(F)=C1C=O', 'FC(F)(F)C1=CC(C=O)=CC(I)=C1', 'CCC(=O)C1=CC=C(I)C=C1', 'OC(=O)C1=CC(I)=CC(Cl)=C1F', 'CS(=O)(=O)C1=CC(=CC(I)=C1)S(C)(=O)=O', 'COC(=O)C1=CC(I)=CC(F)=C1F', 'ClC1=C(C=CC(I)=C1)C#N', 'IC1=CC=CC(=C1)C(=O)CC#N', 'FC(F)(F)C1=CC(=CC(I)=C1)N(=O)=O', 'CC1=C(I)C=C(Cl)C=C1N(=O)=O', 'FC(F)(F)C1=C(C=O)C=CC(I)=C1', 'ClCC(=O)C1=CC=C(I)C=C1', 'CC1=C(C=CC(I)=C1)N(=O)=O', 'FC(F)(F)C1=CC(I)=CC=C1C#N', 'IC1=CC=C(C=C1)C(=O)CC#N', 'FC(F)(F)C1=C(C=C(I)C=C1)C#N', 'FC1=C(C=C(I)C=C1)N(=O)=O', 'FC1=C(C=O)C=CC(I)=C1', 'ClC1=CC(I)=CC(Cl)=C1C=O', 'OC(=O)C1=C(Cl)C=C(I)C=C1', 'COC1=C(C=O)C=CC(I)=C1', 'FC1=CC(I)=CC(C=O)=C1', 'BrC1=C(C=C(I)C=C1)N(=O)=O', 'CCOC(=O)C1=CC(I)=C(C=C1)C#N', 'BrCC1=CC=C(I)C=C1N(=O)=O', 'OC1=CC(I)=CC=C1N(=O)=O', 'IC1=CC=C(C#N)C(=C1)C#N', 'BrC1=CC(I)=CC(=C1)N(=O)=O', 'IC1=CC(=CC(=C1)C#N)N(=O)=O', 'OC(=O)C1=C(I)C=CC=C1N(=O)=O', 'BrC1=CC(C=O)=CC(I)=C1', 'ClC1=CC(=CC(I)=C1)C#N', 'ClC1=CC=C(I)C=C1C=O', 'OC(=O)C1=CC(Cl)=CC(I)=C1', 'FC1=CC=C(C=C1)C(=O)C1=C(Cl)C=CC(I)=C1', 'OC(=O)C1=CC(I)=CC=C1Cl', 'COC(=O)C1=CC(I)=CC(F)=C1', 'IC1=CC(C=O)=CC(C=O)=C1', 'IC1=CC(C=O)=CC(I)=C1', 'FC(F)(F)C(=O)C1=CC=C(I)C=C1', 'NC(=O)C1=C(I)C=C(C=C1)N(=O)=O', 'IC1=CC=C(C=C1)N(=O)=O', 'FC1=CC(I)=CC=C1N(=O)=O', 'COC(=O)C1=C(I)C=C(C=C1)N(=O)=O', 'COC(=O)C1=C(Cl)C=CC(I)=C1', 'CC(=O)C1=CC(I)=C(C=C1)C(O)=O']"
3,"[2.1882337912375527, 3.072425137579046]",1.8865671822034529,"['COC1=CC(I)=CC(C=O)=C1O', 'CC(C)(C)OC(=O)NC1=C(C=C(I)C=C1)N(=O)=O']","['FC(F)(F)C1=CC=C(I)C(=C1)C#N', 'IC1=CC=C(C=C1)N1C(=O)C=CC1=O', 'COC1=C(C=CC(I)=C1)C(O)=O', 'BrC1=CC(I)=CC=C1C=O', 'CCOC(=O)C1=C(F)C=CC(I)=C1', 'COC1=C(C=C(I)C=C1)N(=O)=O', 'ONC(=O)C1=CC=C(I)C=C1', 'IC1=CC(C=O)=CC=C1', 'CC1=CC(=CC(I)=C1)C#N', 'FC1=C(C=C(I)C=C1)C#N', 'CC1=CC=C(I)C=C1C=O', 'ONC(=O)C1=CC(I)=CC=C1', 'NC(=O)C1=CC=C(I)C(=C1)N(=O)=O', 'CNC(=O)C1=C(F)C=C(I)C=C1', 'IC1=CC=CC(=C1)C#N', 'OC(=O)C1=C(I)C=C(C=C1)C#N', 'IC1=CC=C(C=O)C=C1', 'COC(=O)C1=CC(I)=CC(O)=C1', 'OC(=O)C1=CC(I)=C(C=C1)C(O)=O', 'CCOC(=O)C1=CC=CC(I)=C1', 'FC1=CC=CC(I)=C1C#N', 'CC1=CC(=CC(I)=C1)C(O)=O', 'ClC1=CC(I)=C(C=C1)C#N', 'BrC1=C(C=O)C=C(I)C=C1', 'FC1=C(Cl)C=CC(I)=C1C=O', 'COC(=O)C1=C(I)C=C(C=C1)C(O)=O', 'CC(=O)C1=CC(I)=CC=C1', 'COC(=O)C1=C(F)C=CC(I)=C1', 'COC1=CC(=CC(I)=C1)C(O)=O', 'COC(=O)C1=C(I)C=CC(=C1)N(=O)=O', 'OC(=O)C1=CC(I)=CC(F)=C1F', 'BrCC(=O)C1=CC(I)=CC=C1', 'COC(=O)C1=CC(OC)=CC(I)=C1', 'FS(=O)(=O)C1=CC=C(I)C=C1', 'OC1=C(C=O)C=C(I)C=C1I', 'CC(=O)C1=CC(Br)=CC(I)=C1', 'BrC1=C(C=CC(I)=C1)C#N', 'CC1=C(C=C(I)C=C1Cl)C(O)=O', 'OC1=C(C(I)=CC=C1)N(=O)=O', 'FC(F)(F)C1=CC(I)=C(C=C1)C#N', 'OC(=O)C1=CC=C(I)C=C1F', 'CC(=O)C1=CC=C(I)C=C1', 'COC(=O)C1=CC=CC(I)=C1', 'IC1=CC=CC(=C1)N=C=S', 'OC(=O)C1=CC(I)=CC(O)=C1', 'COC1=CC(I)=CC=C1C#N', 'CC1=C(C=C(I)C=C1)C#N']"
4,"[2.9480392762976435, 1.797728019584347]",2.0834384761732028,"['IC1=C(C=CC(=C1)N(=O)=O)C#N', 'FC1=CC(F)=C(I)C=C1N(=O)=O']","['OC(=O)C1=C(NC2=CC=C(I)C=C2F)C=NC=C1', 'CC(C)(C)C1=CC(I)=CC(C=O)=C1O', 'IC1=CC=C(OC2=CC=C(C=C2)N(=O)=O)C=C1', 'IC1=CC=C(C=C1)C(=O)NC1CC1', 'CC(=O)C1=CC(I)=CC=C1O', 'OC1=CC=C(I)C=C1C=O', 'IC1=CC=C(C=C1)C1=CC=C(C=C1)N(=O)=O', 'COC1=C(I)C=CC(=C1)N(=O)=O', 'CC1=CC=C(C=C1)C(=O)C1=CC(I)=CC=C1', 'COC1=CC=C(I)C=C1C(O)=O', 'CCOC(=O)C1=CC(I)=CC=C1C', 'FC(F)(F)C(=O)CC1=CC=C(I)C=C1', 'FS(F)(F)(F)(F)C1=CC=CC(I)=C1', 'OC(=O)C1=CC(I)=C(C=C1)N1C=CC=N1', 'NC1=CC=C(I)C=C1N(=O)=O', 'CC(C)(C)OC(=O)C1=CC(I)=CC=C1', 'CCC1=CC=C(I)C=C1C(O)=O', 'CC1=C(I)C=CC=C1N(=O)=O', 'CC1=NN=C(N=N1)C1=CC=C(I)C=C1', 'OC(=O)C1=CC(I)=CC=C1Br', 'OC(=O)C1=CC(I)=CC=C1O', 'COC(=O)C1=C(C)C(Cl)=CC(I)=C1', 'OC(=O)C1=CC(I)=CC(I)=C1O', 'IC1=CC=C(OC2=C(C=O)C=CC=C2)C=C1', 'COC(=O)C1=CC(I)=CC(N)=C1', 'CCOC(=O)C1=CC(I)=CC(Br)=C1', 'COC(=O)C1=CC(I)=C(C=C1)C(=O)OC', 'FC1=CC=C(C=C1)C(=O)C1=CC=C(I)C=C1', 'OC(=O)C1=CC(Br)=CC(I)=C1', 'OCC1=CC(=C(I)C=C1)N(=O)=O', 'CC(=O)C1=C(Br)C=CC(I)=C1', 'IC1=CC2=CC=CC=C2C=C1N(=O)=O', 'COC(=O)C1=CC(I)=CC=C1Br', 'BrCC(=O)C1=CC=C(I)C=C1', 'COC(=O)C1=C(C)C=CC(I)=C1', 'COC(=O)C1=C(O)C=CC(I)=C1', 'COC(=O)C1=CC=C(I)C=C1OC', 'CCOC(=O)C1=C(O)C=CC(I)=C1', 'ClC1=CC=C(C=C1)C(=O)C1=CC=C(I)C=C1', 'OC(=O)C1=CC=C(I)C=C1O', 'OC(=O)C1=CC(=CC=C1)C1=CC=C(I)C=C1', 'CC1=CC=C(I)C(C)=C1N(=O)=O', 'IC1=CC(=CC=C1N(=O)=O)C1=CC=CC=C1', 'COC(=O)C1=CC(I)=CC(Br)=C1']"
5,"[2.389807996108963, 3.1493731755393135]",2.303318685377597,"['IC1=CC=CC(=C1)N1C=C(N=N1)C1=CC(=CC=C1)N(=O)=O', 'IC1=CC=C(C=C1)\\N=N\\C1=CC=C(I)C=C1']","['ClC1=C(I)C=C(C=C1)N(=O)=O', 'COC1=C(OC)C(I)=CC(C=O)=C1', 'BrC1=CC(=C(I)C=C1)N(=O)=O', 'ClC1=CC=C(I)C(=C1)N(=O)=O', 'COC1=C(C(I)=CC=C1)N(=O)=O', 'BrC1=CC=C(I)C(=C1)C#N', 'OC1=C(I)C=CC(=C1)N(=O)=O', 'OC(=O)C1=C(I)C=CC(=C1)C#N', 'NC1=C(C=O)C=C(I)C=C1I', 'FC1=C(C(I)=CC=C1)N(=O)=O', 'FC1=C(I)C=C(C=C1)N(=O)=O', 'COC1=C(I)C=C(C2=CC=CC=C12)N(=O)=O', 'COC1=CC(I)=CC(=C1N)N(=O)=O', 'FC(F)(F)OC1=CC=C(I)C(=C1)N(=O)=O', 'FC(F)(F)C1=CC(=C(I)C=C1)N(=O)=O', 'OC(=O)C1=CC=CC(I)=C1C(O)=O', 'CCOC(=O)C1=CC(=C(I)C=C1)N(=O)=O', 'IC1=C(C=C(C=C1)C#N)N(=O)=O', 'NC1=C(I)C=C(C=C1N(=O)=O)C(F)(F)F', 'COC(=O)C1=CC(=C(I)C=C1)N(=O)=O', 'IC1=CC(C=O)=CC=C1C=O', 'FC1=CC(=C(I)C=C1)N(=O)=O', 'CNC1=CC=C(I)C=C1N(=O)=O', 'OC(=O)C1=C(I)C=C(C=C1)C(F)(F)F', 'OC1=C(I)C=C(Br)C=C1N(=O)=O', 'OC1=C(I)C=CC=C1N(=O)=O', 'OC1=C(I)C=C(C=C1C=O)N(=O)=O', 'COC1=CC=C(I)C(=C1)N(=O)=O', 'COC(=O)C1=CC(=CC=C1I)C#N', 'OC1=C(C=O)C=C(OC(F)(F)F)C=C1I', 'CC1=CC(F)=C(I)C=C1N(=O)=O', 'FC(F)(F)C1=CC(I)=C(C=C1)N(=O)=O', 'OC(=O)C1=CC(I)=C(C=C1)C(F)(F)F', 'FC(F)(F)C1=CC=C(C=O)C(I)=C1', 'OC(=O)C1=CC=C(I)C(=C1)N(=O)=O', 'CC1=CC(O)=C(I)C=C1N(=O)=O', 'CC(C)C1=CC=C(I)C(=C1)N(=O)=O', 'CC1=C(C=C(C=C1I)N(=O)=O)C(O)=O', 'CC1=C(C(I)=CC=C1)N(=O)=O', 'FC1=CC=C(C(I)=C1)N(=O)=O', 'COC(=O)C1=CC=C(I)C(=C1)C(O)=O', 'CC1=C(C)C=C(C(I)=C1)N(=O)=O']"
6,"[1.7851831182301456, 2.4281582406508706]",2.6490947923641484,"['BrCC1=CC=C(I)C=C1Br', 'COC1=C(Br)C=C(I)C=C1Br']","['ClC1=C(C=O)C(I)=CC=C1', 'CCOC(=O)C1=CC=C(I)C=C1F', 'ClC1=C(C(I)=CC=C1)N(=O)=O', 'NC1=C(I)C=C(Cl)C=C1N(=O)=O', 'IC1=CC=CC(OC2=NC=CC=N2)=C1', 'NNC(=O)C1=C(O)C=CC(I)=C1', 'FC1=CC=CC(I)=C1C=O', 'FC1=CC(C=O)=C(I)C=C1', 'COC(=O)C1=C(O)C=C(I)C=C1', 'OC(=O)\\C=C/C(=O)NC1=CC=C(I)C=C1', 'FC1=C(Br)C=CC(I)=C1C#N', 'CCOC(=O)C1=C(I)C=C(Cl)C=C1', 'OC(=O)C1=C(I)C=CC(I)=C1', 'IC1=CC2=C(C=C1)C1=C(C=CC=C1)C1=C2C=CC=C1', 'COC1=CC(I)=C(C=C1I)N(=O)=O', 'NC1=CC(I)=CC(=C1)C(O)=O', 'IC1=CC=C(OC2=NC=CC=N2)C=C1', 'CC1=C(C=C(I)C=C1)C(=O)C1=CC=C(S1)C1=CC=C(F)C=C1', 'CCOC(=O)C1=C(I)C=CC(Cl)=C1', 'COC(=O)C1=CC(=CC=C1I)C(F)(F)F', 'COC(=O)C1=CC(I)=C(N)C(=C1)N(=O)=O', 'CC(C)NC(=O)C1=CC=C(I)C=C1', 'COC1=C(I)C=CC(C=O)=C1', 'COC1=C(OC)C(=CC(I)=C1)C(O)=O', 'CC1=CC(I)=C(C)C=C1N(=O)=O', 'ClC1=C(C=CC(I)=C1)C1=NN=C(Br)S1', 'COC1=CC=C2OC(=O)C(=CC2=C1)C1=CC=C(I)C=C1', 'ClC1=CC2=C(C=C1)C=C(I)C=C2', 'COC(=O)C1=C(Cl)C(O)=C(I)C=C1', 'FC(F)(F)C1=CC=C(I)C(C=O)=C1', 'IC1=CC=C(C=C1)C1=CC2=CC=CC=C2OC1=O', 'IC1=CC=C(NC(=O)C2=CC=CC=C2)C=C1', 'COC(=O)C1=CC2=CC=CC=C2C=C1I', 'COC(=O)C1=C(C(=O)OC)C(I)=CC=C1', 'CCOC(=O)C1=CC2=CC=CC=C2C=C1I', 'OC(=O)C1=C(Br)C=C(I)C=C1', 'ClC1=CC=C2OC(=O)C(=CC2=C1)C1=CC=C(I)C=C1', 'IC1=CC(C=O)=C(I)C(I)=C1', 'CCCNC(=O)C1=CC=C(I)C=C1', 'CCOC(=O)C1=CC=C(C=C1)C(=O)C1=CC=C(I)C=C1']"
7,"[2.2916484009332447, 1.6058773773186745]",2.7899620754781083,"['IC1=CC(I)=CC(I)=C1', 'CN1C(=O)C(C)=CC(C(=O)NOCCO)=C1NC1=C(F)C=C(I)C=C1']","['ClC1=CC(I)=CC(Cl)=C1Br', 'IC1=CC(=CC(I)=C1)C#N', 'BrC1=CN=C(OC2=CC=C(I)C=C2)N=C1', 'ClC1=CC=C(I)C=C1I', 'OC(=O)C1=C(NC2=CC=C(I)C=C2Cl)C(F)=C(F)C=C1', 'IC1=CC(=CC=C1)C(=O)NCC1=CC=CC=C1', 'CC(C)(C)OC(=O)C1=CC(Br)=CC(I)=C1', 'OC1=C(F)C=C(I)C=C1I', 'CCCNC(=O)C1=CC=CC(I)=C1', 'CC(C)(C)OC(=O)C1=C(Br)C=C(I)C=C1', 'IC1=CC(I)=CC=C1', 'IC1=CC=CC(=C1)C(=O)NC1CC1', 'BrC1=CC=C(C=O)C(I)=C1', 'OC(=O)C1=C(I)C=CC(Br)=C1', 'CC(C)NC(=O)C1=CC=CC(I)=C1', 'FC(F)(F)C1=CC(I)=CC=C1I', 'CC(C)(C)NC(=O)C1=CC=CC(I)=C1', 'OCC1=CC(I)=CC(I)=C1', 'BrC1=CC(I)=CC(I)=C1', 'BrC1=CC=CC(I)=C1C#N', 'FC1=C(C=O)C(I)=CC=C1Br', 'CC1=CC(I)=CC(I)=C1', 'BrC1=CC=C(C=C1)C1=CC=CC(I)=C1', 'BrC1=CC2=CC=C(I)C=C2C=C1', 'BrC1=CC=C(C=C1)C(=O)C1=CC=C(I)C=C1', 'BrC1=CC(I)=C(C=C1)N(=O)=O', 'NC(=O)C1=CC(I)=CC=C1', 'OC(=O)C1=CC(I)=CC(I)=C1', 'OC(=O)C1=C(I)C=CC(Br)=C1F', 'BrC1=CC=C(C#N)C(I)=C1', 'CNC(=O)C1=CC=CC(I)=C1', 'COC1=C(C=O)C=C(Br)C=C1I', 'CC1=C(I)C=C(C=C1F)C(O)=O', 'OC(=O)CCC1=NN=C(O1)C1=CC=CC=C1I', 'OC1=C(Cl)C=C(I)C=C1I', 'COC(=O)C1=C(Br)C=C(I)C=C1', 'COC(=O)C1=C(I)C=CC(Br)=C1']"
8,"[2.366945908511635, 1.815649625979656]",2.876141423165758,"['BrC1=C(I)C=CC(=C1)N(=O)=O', 'BrC1=C(I)C=C(C=C1)N(=O)=O']","['COC(=O)C1=C(I)C=CC(C)=C1', 'NC(=O)C1=C(O)C=CC(I)=C1', 'IC1=CC=C(\\C=C\\C2=CC=C(I)C=C2)C=C1', 'COC(=O)C1=CC=C(I)C(=C1)C(F)(F)F', 'CC(C)(C)OC(=O)C1=C(O)C=CC(I)=C1', 'CCOC(=O)C(=CNC1=CC=C(I)C=C1C)C(=O)OCC', 'IC1=CC=C(C=C1)C(=O)NC1CCCCC1', 'COC(=O)C1=C(O)C(I)=CC(Br)=C1', 'IC1=C(C=CC=C1)C#N', 'COC1=CC(C=O)=C(OC)C=C1I', 'CC1=C(Cl)C=C(I)C(O)=C1I', 'COC1=C(OCC=C)C(I)=CC(C=O)=C1', 'BrCC1=C(Br)C=CC(I)=C1', 'COC1=CC(I)=C(C=O)C=C1OC', 'COC(=O)C1=C(Cl)C=C(C)C(I)=C1', 'BrCC(=O)C1=C(I)C=CC=C1', 'ClC1=CC=C(I)C=C1CBr', 'NC(=O)C1=C(Br)C=C(I)C=C1', 'COC(=O)C1=CC(I)=C(O)C(I)=C1', 'OC1=CC(I)=CC=C1C1=C(O)C=C(I)C=C1', 'FC(F)(F)OC1=CC(Br)=CC(I)=C1', 'ClC1=C(CBr)C=CC(I)=C1', 'CCOC(=O)C1=C(I)C=CC(C)=C1', 'FC(F)(F)OC1=CC=C(I)C=C1Br', 'IC1=CC=C(C=C1)N1C2=C(C=CC=C2)C2=C1C=CC=C2', 'IC1=CC(=CC(=C1)C1=CC=CC=C1)C1=CC=CC=C1', 'NC1=NC(=CS1)C1=CC=C(I)C=C1', 'ClC1=C(Br)C=C(I)C=C1', 'OC(=O)C1=CC(Br)=C(Cl)C=C1I', 'CC(=O)OC1=C(I)C=C(C=O)C=C1I', 'COC1=CC=C(C=C1)C(=O)NC1=CC=C(I)C=C1', 'COC1=CC(=CC=C1I)C(O)=O', 'ClC1=C(C=C(I)C=C1)C(=O)C1=CC=C(O[C@H]2CCOC2)C=C1', 'ClC1=CC(Br)=CC(I)=C1', 'COC(=O)C1=C(Cl)C=C(I)C=C1', 'CC1=C(C=C(Cl)C=C1I)C(O)=O']"
9,"[2.3150828323224255, 2.3588493330500397]",2.9578621787906636,"['BrC1=CC(I)=CC(Br)=C1', 'CC1=C(I)C=CC(=C1)N(=O)=O']","['FC(F)(F)C1=C(I)C=CC(=C1)C#N', 'COC(=O)C1=C(OC)C=C(I)C(Cl)=C1', 'BrCC1=CC=C(C=C1I)N(=O)=O', 'BrCC1=CC(CBr)=CC(I)=C1', 'BrC1=C(C=O)C(I)=CC=C1', 'OC(=O)C1=C(F)C=C(Br)C(I)=C1', 'BrC1=C(I)C=CC(C=O)=C1', 'COC(=O)C1=CC=CC=C1I', 'OC(=O)C1=CC=C(CBr)C(I)=C1', 'COC1=C(C=C(Cl)C(I)=C1)C(O)=O', 'BrC1=C(C(I)=CC=C1)N(=O)=O', 'OC(=O)C1=CC(OC(F)(F)F)=C(I)C=C1', 'BrC1=C(I)C=CC=C1N(=O)=O', 'NC1=C(I)C=C(C=C1C(F)(F)F)N(=O)=O', 'OC(=O)C1=CC=C(Br)C=C1I', 'CC1=CC=C(C(O)=O)C(I)=C1', 'OC(=O)C1=CC=C(Cl)C(I)=C1', 'OC(=O)C1=C(O)C=CC=C1I', 'OC(=O)C1=C(F)C=C(I)C(Br)=C1', 'COC1=C(Cl)C(I)=CC(I)=C1Cl', 'BrC1=C(I)C=C(C=O)C=C1', 'CC(=O)C1=CC(I)=C(Br)C=C1', 'NC1=C(I)C=C(I)C=C1N(=O)=O', 'CC1=C(C=C(I)C(Cl)=C1)C(O)=O', 'CCOC(=O)C1=CC=CC=C1I', 'OC(=O)C1=C(I)C=C(I)C=C1I', 'CC(C)(C)OC(=O)C1=C(I)C=CC(Br)=C1', 'BrC1=C(C=O)C=CC=C1I', 'COC(=O)C1=C(Cl)C=C(Cl)C(I)=C1', 'CC(=O)C1=CC=C(I)C(Br)=C1', 'COC(=O)C1=C(F)C(Br)=CC=C1I', 'COC(=O)C1=C(F)C=C(Cl)C(I)=C1', 'ClC1=C(I)C=C(C=O)C=C1', 'FC1=C(Br)C=C(C(I)=C1)N(=O)=O']"
