,obj_values ['rate'],Vendi_score,eval_samples,cut_samples
0,"[2.830075902493067, 1.5494876563712017]",1.2501771760020548,"['COC(=O)C1=CC2=CC=CC=C2C=C1I', 'OC(=O)C1=CC(=CC2=C1C(I)=CC=C2)N(=O)=O']",[]
1,"[3.658071356861666, 2.293630961448409]",1.5182956361677653,"['CC(C)(C)NC(=O)C1=CC=CC(I)=C1', 'CCOC(=O)C1=CC(I)=C(C)C=C1']","['IC1=CC=C(OC2=C(C=O)C=CC=C2)C=C1', 'CC1=CC=C(C=C1)C(=O)C1=C(I)C=CC=C1', 'COC(=O)C1=C(I)C=CC(O)=C1', 'COC(=O)C1=C(I)C=C(C=C1)N(=O)=O', 'OC(=O)C1=C(I)C=CC(I)=C1', 'BrCC(=O)C1=C(I)C=CC=C1', 'IC1=CC(=CC=C1N(=O)=O)C1=CC=CC=C1', 'COC(=O)C1=C(I)C=CC(C)=C1', 'OC(=O)\\C=C\\C1=CC=CC(I)=C1', 'CCOC(=O)C1=C(I)C=CC(C)=C1', 'COC(=O)C1=C(Cl)C=C(C)C(I)=C1', 'IC1=CC2=CC=CC=C2C=C1N(=O)=O', 'CC1=C(C=C(Cl)C=C1I)C(O)=O', 'OC(=O)C1=CC(I)=C(C=C1)C(F)(F)F', 'IC1=CC=C(C=C1)N1C(=O)C=CC1=O', 'IC1=CC=CC=C1C(=O)C1=CC=CC=C1', 'IC1=CC=CC=C1C(=O)CC#N', 'OC(=O)C1=CC(I)=C(C=C1)N1C=CC=N1', 'CC1=C(I)C=C(C=C1F)C(O)=O', 'OC(=O)C1=C(O)C=CC=C1I', 'FC1=CC=CC=C1C(=O)C1=C(I)C=CC=C1', 'OC(=O)C1=C(I)C=CC=C1N(=O)=O', 'CC1=C(C=C(C=C1I)N(=O)=O)C(O)=O', 'IC1=CC=CC=C1C(=O)C1=NC=CC=C1', 'CC1=CC(I)=C(C)C=C1N(=O)=O', 'COC(=O)C1=C(I)C=C(C=C1)C(O)=O', 'FC1=CC=C(C=C1)C(=O)C1=C(I)C=CC=C1', 'CC1=CC=C(I)C(C)=C1N(=O)=O', 'COC1=CC(I)=C(C=O)C=C1OC', 'NC(=O)C1=C(I)C=C(C=C1)N(=O)=O', 'OC(=O)CCC1=NN=C(O1)C1=CC=CC=C1I', 'CCOC(=O)C1=CC2=CC=CC=C2C=C1I', 'CCOC(=O)CC(=O)C1=CC=CC(I)=C1', 'CCOC(=O)C1=C(I)C=CC(Cl)=C1', 'COC(=O)C1=C(C(=O)OC)C(I)=CC=C1', 'FC1=CC(=CC=C1)C(=O)C1=C(I)C=CC=C1', 'ClC1=CC=CC=C1C(=O)C1=C(I)C=CC=C1', 'CC1=C(I)C=CC=C1N(=O)=O', 'FC1=C(Cl)C=CC(I)=C1C=O', 'CC1=C(C)C=C(C(I)=C1)N(=O)=O', 'OC(=O)C1=C(NC2=CC=C(I)C=C2F)C=NC=C1', 'CC(=O)C1=CC(I)=C(C=C1)C(O)=O', 'OC(=O)C1=CC(I)=C(C=C1)C(O)=O', 'IC1=C(C=CC=C1)C(=O)CC1=CC=CC=C1', 'CC1=CC=C(I)C=C1N(=O)=O', 'CC(C)C1=CC=C(I)C(=C1)N(=O)=O', 'IC1=CC=C(C=C1)C1=CC=C(O1)C=O', 'IC1=CC=CC(=C1)C(=O)C1=CC=CC=C1', 'CC1=C(I)C=C(Cl)C=C1N(=O)=O', 'OC(=O)C1=CC=CC(I)=C1C(O)=O', 'ClC1=CC=C(C=C1)C(=O)C1=CC=CC=C1I', 'COC(=O)C1=CC(I)=C(C=C1)C(=O)OC']"
2,"[1.6111831020267315, 1.4263258005449313]",1.538327778370298,"['CC(C)NC(=O)C1=CC=C(I)C=C1', 'CC(C)(C)NC(=O)C1=CC=C(I)C=C1']","['CCC1=CC=C(I)C=C1C(O)=O', 'IC1=CC(=CC=C1)C(=O)ON1C(=O)CCC1=O', 'CC(C)(C)OC(=O)C1=CC(I)=CC=C1', 'CCOC(=O)C1=CC(I)=CC=C1C', 'CCCNC(=O)C1=CC=C(I)C=C1', 'CC1=CC=C(C(O)=O)C(I)=C1', 'CC1=CC(C)=C(I)C=C1C(O)=O', 'CC1=CC(=CC(I)=C1)C(O)=O', 'CCC1=C(I)C=C(C=C1)C(O)=O', 'IC1=CC=CC(OC2=NC=CC=N2)=C1', 'COC(=O)C1=CC(=CC(I)=C1)C(=O)OC', 'IC1=CC=C(C=C1)C(=O)C1=CC=CC=C1', 'CCOC(=O)C1=CC=CC(I)=C1', 'COC(=O)C1=CC(OC)=CC(I)=C1', 'IC1=CC=CC(=C1)N=C=S', 'CC(C)NC(=O)C1=CC=CC(I)=C1', 'OC(=O)C1=CC(=CC=C1)C1=CC=C(I)C=C1', 'CCOC(=O)C1=C(F)C=CC(I)=C1', 'CC(C)(C)OC(=O)C1=CC=C(I)C=C1', 'COC(=O)C1=CC(I)=CC(O)=C1', 'COC1=CC(=CC(I)=C1)C(O)=O', 'COC(=O)C1=CC(I)=C(C)C=C1C', 'IC1=CC=CC(=C1)C(=O)NC1CC1', 'IC1=CC=C(OC2=NC=CC=N2)C=C1', 'COC(=O)C1=C(F)C=CC(I)=C1', 'CCCNC(=O)C1=CC=CC(I)=C1', 'COC(=O)C1=CC(Cl)=CC(I)=C1', 'FC(F)(F)C(=O)CC1=CC=C(I)C=C1', 'ONC(=O)C1=CC(I)=CC=C1', 'CC(C)(C)OC(=O)NC1=CC(=CC(I)=C1)C(O)=O', 'COC(=O)C1=C(C)C=CC(I)=C1', 'CCOC(=O)C1=CC(OC)=CC(I)=C1', 'CC1=C(I)C=CC=C1C=O', 'CC1=CC=C(C=C1I)C(O)=O', 'IC1=CC=C(C=C1)C(=O)CCCC#N', 'COC(=O)C1=CC(I)=CC(=C1)C(O)=O', 'CC1=C(C=CC=C1I)C#N', 'COC(=O)C1=CC=C(I)C=C1C(=O)OC', 'IC1=CC=C(C=C1)C(=O)NCC1CC1', 'CC(=O)C1=CC(I)=CC=C1', 'IC1=CC2=C(C=CC=C2)C2=C1C=CC=C2', 'CCOC(=O)C1=CC=CC=C1I', 'CC1=CC=C(C=O)C=C1I', 'IC1=CC=C(C=C1)C(=O)CC1=CC=CC=C1', 'COC(=O)C1=C(Cl)C=CC(I)=C1', 'CC1=CC=C(C=C1)C(=O)C1=CC(I)=CC=C1', 'CC1=C(F)C=C(C=C1I)C(=O)NC1CC1', 'COC(=O)C1=CC=CC(I)=C1', 'COC(=O)C1=C(C)C(Cl)=CC(I)=C1']"
3,"[2.075755062432533, 1.4403194185796462]",1.6458338854094408,"['CC(OC1=CC=C(I)C=C1)C(C)=O', 'IC1=CC=C(NC2=NC=CC=N2)C=C1']","['FC1=CC=C(C=C1)C(=O)C1=CC=C(I)C=C1', 'COC(=O)C1=CC=CC=C1I', 'IC1=CC=C(C=C1)C(=O)C1=CC=CC=N1', 'ONC(=O)C1=CC=C(I)C=C1', 'COC(=O)C1=CC(=CC(I)=C1)C(F)(F)F', 'CC1=C(I)C=CC(=C1)C(=O)OC(C)(C)C', 'FC1=CC=C(C=C1)C(=O)C1=C(Cl)C=CC(I)=C1', 'IC1=CC=CC(=C1)C(=O)CC#N', 'IC1=CC=C(C=C1)S(=O)(=O)N1CCCC1', 'IC1=CC=C(C=C1)C(=O)OCC1=CC=CC=C1', 'IC1=CC=C(C=C1)C(=O)NCC1=CC=CC=C1', 'ClC1=CC=C(C=C1)C(=O)C1=CC=C(I)C=C1', 'COC(=O)C1=CC=C(I)C=C1OC', 'CC1=CC(C=O)=C(C)C=C1I', 'IC1=CC2=C(C=C1)C1=C(C=CC=C1)C1=C2C=CC=C1', 'CCOC(=O)C1=C(I)C=C(Cl)C=C1', 'OC(=O)C1=C(C=C(I)C=C1)C(O)=O', 'COC(=O)C1=CC(I)=CC(N)=C1', 'COC1=CC=C(I)C=C1C(O)=O', 'COC(=O)C1=CC(I)=CC(F)=C1', 'CC1=C(C=C(I)C=C1)C#N', 'IC1=CC=C(C=C1)C(=O)NC1CCCCC1', 'CNC(=O)C1=C(F)C=C(I)C=C1', 'OC(=O)C1=CC(I)=CC=C1Cl', 'COC1=C(C=CC(I)=C1)C(O)=O', 'IC1=CC=C(C=C1)C(=O)CC#N', 'NC(=O)C1=CC(I)=CC=C1', 'IC1=CC=C(NC(=O)C2=CC=CC=C2)C=C1', 'CC1=CC(=CC(I)=C1)C#N', 'OC(=O)C1=CC(I)=CC(O)=C1', 'CC1=CC(=CC=C1I)C(O)=O', 'IC1=CC(=CC=C1)C(=O)NCC1=CC=CC=C1', 'IC1=CC=C(C=C1)C(=O)C1=CC=CC(=C1)C#N', 'CC1=CC=C(I)C=C1C=O', 'CC(=O)C1=CC=C(I)C=C1', 'CC1=C(C)C=C(C=O)C(I)=C1', 'COC(=O)C1=CC(I)=CC(F)=C1F', 'IC1=CC=C(C=C1)C(=O)NC1CC1', 'CNC(=O)C1=CC=CC(I)=C1', 'COC1=C(OC)C(=CC(I)=C1)C(O)=O', 'CCOC(=O)CC(=O)C1=CC=C(I)C=C1', 'OC(=O)\\C=C\\C1=CC=C(I)C=C1', 'CC1=C(C=C(I)C=C1Cl)C(O)=O', 'CCC(=O)C1=CC=C(I)C=C1', 'OC(=O)CCC(=O)C1=CC=C(I)C=C1', 'OC(=O)CCCCC(=O)C1=CC=C(I)C=C1', 'ClCC(=O)C1=CC=C(I)C=C1']"
4,"[3.1226114924060897, 2.890817285587862]",1.7989360322802181,"['OCC1=CC(I)=CC(I)=C1', 'COC(=O)C1=CC=C(I)C=C1C']","['OC(=O)C1=C(Cl)C=C(I)C=C1', 'OC(=O)CCCCNC(=O)C1=CC(I)=CC=C1', 'IC1=CC=C(C=C1)C1=CC2=CC=CC=C2OC1=O', 'OC(=O)C1=CC(Cl)=CC(I)=C1', 'CC(=O)C1=C(I)C=CC(F)=C1', 'ClC1=CC2=C(C=C1)C=C(I)C=C2', 'OC1=CC(I)=CC=C1C1=C(O)C=C(I)C=C1', 'OC(=O)C1=CC(I)=CC=C1O', 'ClC1=CC=C(I)C=C1C=O', 'CC(C)(C)C1=CC(I)=CC(C=O)=C1O', 'CC(C)(C)OC(=O)C1=C(O)C=CC(I)=C1', 'OCC(=O)C1=CC=C(I)C=C1', 'OC(=O)C1=C(C=C(I)C=C1)C(F)(F)F', 'COC1=CC=C(C=C1)C(=O)NC1=CC=C(I)C=C1', 'COC(=O)C1=CC(I)=CC=C1Br', 'NC1=CC(I)=CC(=C1)C(O)=O', 'OC(=O)C1=C(NC2=CC=C(I)C=C2Cl)C(F)=C(F)C=C1', 'NC1=CC=C(I)C=C1C#N', 'CC(=O)C1=C(Br)C=CC(I)=C1', 'CCOC(=O)C1=CC=C(I)C=C1F', 'COC(=O)C1=C(OC)C=C(C)C(I)=C1', 'COC(=O)C1=C(O)C=CC(I)=C1', 'COC1=C(C=O)C=CC(I)=C1', 'IC1=CC(=CC(=C1)C1=CC=CC=C1)C1=CC=CC=C1', 'BrCC(=O)C1=CC(I)=CC=C1', 'CC(=O)C1=CC(I)=CC=C1O', 'COC1=C(OCC=C)C(I)=CC(C=O)=C1', 'IC1=CC(C=O)=CC=C1', 'CC1=CC(C=O)=C(I)C=C1', 'CCOC(=O)C1=C(O)C=CC(I)=C1', 'COC1=C(OC)C(I)=CC(C=O)=C1', 'OC(=O)C1=CC(I)=CC(I)=C1O', 'FS(F)(F)(F)(F)C1=CC=CC(I)=C1', 'NC1=NC(=CS1)C1=CC=C(I)C=C1', 'BrC1=CN=C(OC2=CC=C(I)C=C2)N=C1', 'NNC(=O)C1=C(O)C=CC(I)=C1', 'CC1=CC(I)=CC(I)=C1', 'IC1=CC=C(I)C(=C1)C#N', 'CCOC(=O)C1=CC(I)=CC(Br)=C1', 'NC(=O)C1=C(O)C=CC(I)=C1', 'CC(=O)C1=CC(Br)=CC(I)=C1', 'COC1=CC(I)=C(C=O)C=C1', 'OC1=CC2=C(C=CC=C2)C(I)=C1', 'OC1=CC=C(Cl)C=C1\\C=C\\C1=C(I)C=CC=C1']"
5,"[2.2916484009332447, 1.4993699071466273]",1.9295439369808631,"['IC1=CC(I)=CC(I)=C1', 'CC1=C(C=CC(I)=C1)C#N']","['COC(=O)C1=C(Br)C=C(I)C=C1', 'COC1=CC(I)=CC=C1C#N', 'COC(=O)C1=C(C)C(I)=CC=C1', 'OC(=O)C1(CC1)C1=CC=C(I)C=C1', 'CC(=O)SCC1=CC(I)=CC=C1', 'IC1=CC=C(C=C1)C1=CC=C(I)C=C1', 'IC1=CC=C(CN2C=CN=C2)C=C1', 'OC1=C(Cl)C=C(I)C=C1I', 'COC1=CC(I)=CC=C1I', 'CS(=O)(=O)NC1=CC(I)=CC=C1', 'COC(=O)CC1=CC=CC(I)=C1', 'COC(=O)C1=C(O)C=C(I)C=C1', 'IC1=CC(C=O)=CC(I)=C1', 'BrC1=CC=C(C=C1)C1=CC=CC(I)=C1', 'FC(F)(F)C(=O)NC1=CC(I)=CC=C1', 'IC1=CC=C(OC2=CC=C(I)C=C2)C=C1', 'OC(=O)C1=CC=C(I)C=C1O', 'IC1=CC=CC(=C1)C(=O)N1CCCC1', 'CCOC(=O)CC1=CC(I)=CC=C1', 'OC1=C(F)C=C(I)C=C1I', 'IC1=CC=C(C=C1)C1=CC=CC=C1', 'COC(=O)C1=C(Cl)C=C(I)C=C1', 'FC(F)(F)C(=O)NC1=CC=C(I)C=C1', 'IC1=CC=C(OC2=CC=C(C=C2)C#N)C=C1', 'IC1=CC=CC(=C1)C1=CC=CC=C1', 'CC(=O)OC1=CC=CC(I)=C1', 'COC(=O)CCC1=CC=C(I)C=C1', 'OCC1=CC(I)=CC(Cl)=C1', 'IC1=CC=C(C=C1)C(=O)N1CCOCC1', 'NNC(=O)C1=CC=C(I)C=C1', 'CON(C)C(=O)C1=CC=C(I)C=C1', 'OC(=O)CCC1=CC(I)=CC=C1', 'CS(=O)(=O)NC1=CC=C(I)C=C1F', 'FC(F)(F)C1=CC(I)=CC=C1I', 'IC1=CC(I)=CC=C1', 'NC1=CC(I)=CC(I)=C1', 'IC1=CC=CC(=C1)C(=O)N1CCOCC1', 'CC(=O)NC1=C(Cl)C=C(I)C=C1', 'OC(=O)C1=CC(I)=CC(I)=C1', 'OC(=O)COC1=CC=CC(I)=C1', 'CN(C)C(=O)C1=CC(I)=CC=C1', 'ClC1=CC=C(I)C=C1I']"
6,"[2.1606650030745747, 2.4580916696357304]",1.972510152564222,"['CC(C)C1=CC=CC(I)=C1', 'CC(C)(C)OC(=O)CC1=CC(I)=CC=C1']","['CC(C)NC(=O)CC1=CC=C(I)C=C1', 'FC(F)OC1=CC(I)=CC=C1', 'IC1=CC=C(C=C1)N1C=CC=N1', 'IC1=CC(CC2=CC=CC=C2)=CC=C1', 'ClC1=C(Cl)C=C(I)C=C1', 'CC1=CC(I)=CC(F)=C1', 'FC(F)C1=CC(I)=CC=C1', 'FC1=CC=C(OC2=CC=CC(I)=C2)C=C1', 'ClCC(=O)NC1=CC(I)=CC=C1', 'CC1=C(Cl)C=C(I)C=C1', 'OC(=O)C1=CC(I)=CC=C1Br', 'FC(F)(F)OC1=C(Cl)C=C(I)C=C1', 'OC(=O)CC1=CC=C(I)C=C1', 'OCC1=CC(I)=CC(F)=C1', 'IC1=CC=CC(=C1)N=C=O', 'CC(=O)OC1=CC=C(I)C=C1', 'COC1=C(Cl)C=CC(I)=C1', 'OCC1=C(Cl)C=C(I)C=C1Cl', 'FC1=CC(I)=CC(C=O)=C1', 'CC1=CC(Cl)=CC(I)=C1', 'IC1=CC=C(C=C1)N1C=NN=N1', 'NNS(=O)(=O)C1=CC=C(I)C=C1', 'NC(=O)CC1=CC=C(I)C=C1', 'CC1=C(Cl)C=C(I)C=C1Cl', 'OB(O)C1=CC=C(I)C=C1', 'CCOC(=O)C1=C(Cl)C=C(I)C=C1', 'OC(C1=CC=CC=C1)C1=CC(I)=CC=C1', 'FC1=CC(I)=CC=C1CC#N', 'OC(=O)C1=CC=C(I)C=C1', 'IC1=CC=C(C=C1)C1(CC1)C#N', 'FC(F)(F)C1=CC(C=O)=CC(I)=C1', 'OC(=O)CCCC1=CC=C(I)C=C1', 'IC1=CC=C(C=C1)N1CCC(=O)NC1=O', 'IC1=CC=C(C=C1)C(=O)N1CCCC1', 'CS(=O)(=O)NC1=CC=C(I)C=C1', 'IC1=CC(=CC(I)=C1)C#N', 'OCCC1=CC=C(I)C=C1', 'OC(=O)CC1=CC=CC(I)=C1', 'FC(F)C(F)(F)OC1=CC=C(I)C=C1', 'NS(=O)(=O)C1=CC=C(I)C=C1']"
7,"[1.637920522992149, 1.5959747166670464]",2.101869208590131,"['OC(=O)C1=C(I)C=C(I)C=C1I', 'CC(C)(C)OC(=O)N[C@@H](CC1=CC(I)=CC=C1)C(O)=O']","['CCNS(=O)(=O)C1=CC=C(I)C=C1', 'FC(F)OC1=CC=C(I)C=C1', 'CC1=CC=C(I)C=C1F', 'CC(C)C1=CC=C(I)C=C1', 'NCCC1=CC=C(I)C=C1', 'CC(O)C1=CC=C(I)C=C1', 'IC1=CC=CC(CNC2CC2)=C1', 'ClC1=CC=C(C=C1)C1=CC=C(I)C=C1', 'CC1=C(N=NN1C1=CC=C(I)C=C1)C(O)=O', 'NCC1(CCCC1)C1=CC=C(I)C=C1', 'NC(CC1=CC=CC(I)=C1)C(O)=O', 'IC1=CC=CC(OCC#C)=C1', 'CCCCC1=CC=C(I)C=C1', 'IC1=CC(CC#N)=CC=C1', 'CC1=CC(I)=CC=C1Cl', 'CCCCCC1=CC=C(I)C=C1', 'CN(C)S(=O)(=O)C1=CC=C(I)C=C1', 'CC(C)(C)C1=CC=C(I)C=C1', 'NC1(CC1)C1=CC=C(I)C=C1', 'CC(C)CC1=CC=C(I)C=C1', 'CC(=C)C1=CC=C(I)C=C1', 'IC1=CC=C(CC#C)C=C1', 'COC1=CC(I)=CC=C1CO', 'CC(C)C1=CC(I)=CC(Br)=C1', 'C[C@H](O)C1=CC=C(I)C=C1', 'FC(F)C1=CC=C(I)C=C1', 'CNS(=O)(=O)C1=CC=C(I)C=C1', 'ClCC(=O)NC1=CC=C(I)C=C1', 'COC1=CC(=CC(I)=C1)C(F)(F)F', 'IC1=CC=C(C=C1)C#C', 'CC1(C)COB(OC1)C1=CC=C(I)C=C1', 'IC1=CC(OC2=CC=CC=C2)=CC=C1', 'OC(=O)CCCCC1=CC=C(I)C=C1', 'NC(=O)C1=CN=C(OC2=CC=C(I)C=C2)C=C1', 'CC(N)C1=CC=C(I)C=C1', 'OCC1=C(Cl)C=CC=C1I', 'CC1=CC(Br)=CC(I)=C1']"
8,"[3.8473120184418352, 1.3815733157431056]",2.164612554781495,"['CC1=CC=CC(I)=C1', 'OC1=C(C=O)C(I)=CC=C1']","['COC1=C(F)C=CC(I)=C1', 'CC(=O)NC1=C(OC(F)(F)F)C=C(I)C=C1', 'CC(C)(C)C1=CC(I)=CC(Br)=C1', 'COC(=O)C1=C(I)C=CC=C1Cl', 'CCOC(=O)C1=C(I)C=CC=C1F', 'COCCOC1=CC(I)=CC=C1', 'OCC1=CC(Br)=CC(I)=C1', 'CC(C)(C)OC(=O)C1=C(Br)C=C(I)C=C1', 'O[C@@H]1CCN(C1)S(=O)(=O)C1=CC=C(I)C=C1', 'IC1=CC=CC(C=C)=C1', 'OS(=O)(=O)C1=CC=CC(I)=C1', 'IC1=CC=C(C=C1)N=C=O', 'IC1=CC=C(CC(=O)N[C@H]2CCOC2=O)C=C1', 'SC1=CC=C(I)C=C1Cl', 'CS(=O)(=O)C1=CC=CC(I)=C1', 'IC1=CC=C(CC(=O)N2CCCC2)C=C1', 'ClC1=CC=C(OC2=CC=C(I)C=C2)C=C1Cl', 'CC1(C)OB(OC1(C)C)C1=CC(I)=CC=C1', 'CC1CC(C)(C)OB(O1)C1=CC=C(I)C=C1', 'OB(O)C1=CC(Br)=CC(I)=C1', 'FS(F)(F)(F)(F)C1=CC=C(I)C=C1', 'FC(F)(F)C1=C(Cl)C=CC(I)=C1', 'IC1=CC=C(CC(=O)N2CCCCC2)C=C1', 'OC(=O)COC1=CC=C(I)C=C1', 'CC(C)(C)[Si](C)(C)OCC1=CC=C(I)C=C1', 'CCCNC(=O)C1=CC=CC=C1I', 'IC1=CC=C(CC(=O)N2CCOCC2)C=C1', 'CC1=CC=C(C=C1)C1=CC=C(I)C=C1', 'CC1=CC=C(I)C(C(O)=O)=C1F', 'CC1=CC=C(I)C=C1Br', 'FC(F)(F)C(F)(C1=CC=C(I)C=C1)C(F)(F)F', 'OC1=C(Cl)C=CC(I)=C1', 'COC(=O)COC1=CC=C(I)C=C1', 'CS(=O)(=O)C1=CC=C(I)C=C1', 'CC(=O)NC1=C(C=C(I)C=C1)C(F)(F)F', 'ClCC1=CC(I)=C(CCl)C=C1']"
9,"[1.4808472359897986, 1.8995684196172133]",2.196250731817782,"['OC1=C(F)C=C(I)C=C1', 'CC1=C(O)C=CC(I)=C1']","['CNC(=O)C1=CC=CC=C1I', 'BrCC1=CC=C(I)C=C1', 'CC(C)(C)NC(=O)C1=CC=CC=C1I', 'FC1=CC(I)=CC=C1', 'OC(=O)C1=C(I)C=CC=C1Cl', 'OC(=O)C1=C(Cl)C=C(I)C=C1Cl', 'CC1=C(I)C=C(C=C1)C(F)(F)F', 'COC1=CC(Cl)=CC(I)=C1', 'IC1=CC=C(C=O)C=C1', 'COC(=O)C1=C(I)C=CC=C1F', 'ClC1=CC(I)=CC(Cl)=C1', 'OC1=CC=C(OC2=CC=C(I)C=C2)C=C1', 'COC1=C(F)C=C(I)C=C1F', 'FC(F)(F)C1=CC(Cl)=CC(I)=C1', 'OC1=C(F)C=CC(I)=C1', 'OC(=O)C1=C(I)C=CC=C1F', 'NC(=O)C1=C(Br)C=C(I)C=C1', 'OC1=CC=C(I)C=C1C(F)(F)F', 'IC1=CC=C(C=C)C=C1', 'NS(=O)(=O)C1=CC=CC(I)=C1', 'FC(F)(F)OC1=CC=C(I)C=C1', 'FC1=C(Cl)C=C(I)C=C1Cl', 'CC1=C(O)C=C(I)C=C1', 'OS(=O)(=O)C1=CC=C(I)C=C1', 'CCOC1=CC=CC(I)=C1', 'CC(C)(C)OC(=O)NC1=CC=C(I)C=C1F', 'IC1=CC=C(OCC#N)C=C1', 'COC1=C(C(O)=O)C(I)=CC=C1', 'ClC1=CC=C(I)C=C1', 'COC(=O)C1=CC(C)=C(I)C=C1', 'FC1=CC(=CC(I)=C1)C(F)(F)F', 'ClC1=CC=C(OC2=CC=C(I)C=C2)C=C1', 'IC1=CC=C(C=C1)N1C=CC=C1', 'OC(=O)CCCOC1=CC=C(I)C=C1']"
