,obj_values ['rate'],Vendi_score,eval_samples,cut_samples
0,"[1.8973694780450256, 1.7819485137779207]",1.7563759732971482,"['NC1=C(N)C=C(I)C=C1', 'FC1=C(Cl)C=CC(I)=C1C=O']",[]
1,"[1.7380141647396892, 1.7840739039399989]",1.7071231108518614,"['IC1=CC=C(C=C1)N1CCNCC1', 'IC1=CC=C(C=C1)N1CCCCC1']","['COC(=O)C1=CC(I)=CC(O)=C1', 'FC1=CC=C(C=O)C(I)=C1', 'FC1=CC=CC(I)=C1C=O', 'IC1=C(C=O)C=CC=C1', 'NC1=CC(I)=CC(=C1)C(O)=O', 'COC1=C(C=O)C(I)=CC=C1', 'COC1=C(F)C=C(I)C=C1', 'FC(F)(F)C1=CC=C(I)C(C=O)=C1', 'CCOC1=CC=C(I)C=C1', 'CNC1=CC=C(I)C=C1', 'COC(=O)C1=C(I)C=CC(O)=C1', 'FC1=C2C=CC=CC2=CC(I)=C1', 'CC1=CC(C=O)=C(I)C=C1', 'CC1=CC=C(I)C=C1C=O', 'CNC1=CC=C(I)C=C1C', 'CC1=CC(I)=C(C=O)C=C1', 'CC(=O)C1=CC(I)=CC=C1', 'CSC1=CC=C(I)C=C1', 'COC1=C(C(O)=O)C(I)=CC=C1', 'NC1=C(OC(F)(F)F)C=C(I)C=C1', 'NC1=C(C(O)=O)C(I)=CC=C1', 'OC(=O)CNC1=CC=C(I)C=C1', 'FC1=CC(C=O)=C(I)C=C1', 'CC1=C(O)C=C(I)C=C1', 'NC1=C(O)C=C(I)C=C1', 'COC(=O)C1=C(I)C=CC(C)=C1', 'OC1=C(C=O)C(I)=CC=C1', 'COC(=O)C1=CC(OC)=CC(I)=C1', 'COC1=C(C)C=C(I)C=C1', 'CC1=C(I)C=C(Cl)C=C1N', 'IC1=CC=CC(=C1)N=C=S', 'NC1=C(F)C=CC(I)=C1', 'OCC1=C(O)C=CC(I)=C1', 'CC1=C(O)C=CC(I)=C1', 'COC1=CC(I)=C(C=O)C=C1', 'COC1=C(N)C=CC(I)=C1', 'COC1=CC(=CC(I)=C1)C(O)=O', 'CC(=O)C1=CC(I)=C(C=C1)C(O)=O', 'ONC(=O)C1=CC(I)=CC=C1', 'ClC1=C(C=O)C(I)=CC=C1', 'COC1=C(N)C=C(I)C=C1', 'IC1=CC(C=O)=CC=C1', 'CC1=CC=C(C(O)=O)C(I)=C1', 'COC1=C(O)C=CC(I)=C1', 'COC(=O)C1=CC(I)=CC(N)=C1', 'OC(=O)C1=CC(I)=CC(O)=C1', 'FC(F)(F)C1=CC=C(C=O)C(I)=C1', 'NC1=CC(I)=CC=C1O', 'NC1=CC(I)=CC(I)=C1', 'COC1=CC(I)=C(C=O)C=C1OC', 'ClC1=CC=C(I)C=C1C=O', 'CC1=C(C)C=C(C=O)C(I)=C1']"
2,"[2.0147557455357954, 3.4995427797365037]",1.9537506115792622,"['COC1=CC(C=O)=C(I)C=C1', 'CN(C)C1=CC(F)=CC(I)=C1']","['IC1=CC=CC(=C1)N1CCCCC1', 'IC1=CC=C(C=C1)N1C=CC=N1', 'CC(C)(C)OC(=O)NC1=CC=C(I)C=C1', 'NC1=C(Cl)C=C(I)C=C1Cl', 'CC(=C)C1=CC=C(I)C=C1', 'OC[C@H]1CN(C(=O)O1)C1=CC=C(I)C=C1', 'CC(C)(C)C1=C(N)C=CC(I)=C1', 'CC(=O)CC(=O)NC1=CC=C(I)C=C1', 'IC1=CC=C(OCC#N)C=C1', 'CC1=CC(I)=CC(I)=C1N', 'COC1=CC(I)=CC=C1CO', 'CN(C)CCOC1=CC=CC(I)=C1', 'IC1=CC=C(C=C)C=C1', 'OC(=O)CCCOC1=CC=C(I)C=C1', 'NNC(=O)CNC1=CC=C(I)C=C1', 'CCN(CC)CC1=CC(I)=CC=C1', 'NC1=C(I)C=C(OC(F)(F)F)C=C1', 'CC(C)(C)OC(=O)NC1=C(N)C=C(I)C=C1', 'CCCCOC1=CC=C(I)C=C1', 'CC(OC1=CC=C(I)C=C1)C(C)=O', 'CC(=O)NC1=C(OC(F)(F)F)C=C(I)C=C1', 'COC1=CC=C(OC)C(I)=C1', 'COC(=O)COC1=CC=C(I)C=C1', 'CC1=CC=C(C=C1)C1=CC=C(I)C=C1', 'NC(=O)NC1=CC(I)=CC=C1', 'IC1=CC=CC(CNC2CC2)=C1', 'ClCC(=O)NC1=CC=C(I)C=C1', 'COC1=C(I)C=C(O)C=C1', 'IC1=CC=C(C=C1)N1C=CC=C1', 'NC1=C(Br)C=C(I)C=C1', 'NC1=C(C=C(I)C=C1)C(F)(F)F', 'CNC1=CC(I)=CC=C1', 'NCCOC1=CC=C(I)C=C1', 'OC(=O)COC1=CC=C(I)C=C1', 'CC(C)OC1=CC=C(I)C=C1', 'IC1=CC=C(OCC2CC2)C=C1', 'IC1=CC=C(C=C1)N1CCOCC1', 'IC1=CC=C(CN2CCCCC2)C=C1', 'CC(=O)NC1=C(Cl)C=C(I)C=C1', 'CC1=CC(Cl)=CC(I)=C1N', 'FC1=CC(I)=CC=C1NC(=O)NC1CC1', 'OC1=CC=C(OC2=CC=C(I)C=C2)C=C1', 'CN(C)C1=C(Br)C=C(I)C=C1', 'NCCC1=CC=C(I)C=C1', 'IC1=CC=C(C=C1)C1=CC=CC=C1', 'OCC1=CC=C(I)C=C1O', 'CC(C)(C)OC(=O)NC1=CC=C(I)C=C1F', 'CC(C)C1=CC(I)=CC(C(C)C)=C1O', 'OC1=CC=C(C=C1)C1=CC=C(I)C=C1']"
3,"[1.8322744071131625, 1.860670760369815]",2.134967654028108,"['CC1=CC=C(C)N1C1=C(F)C=C(I)C=C1', 'OC1=CC(I)=CC(O)=C1']","['COC1=CC=C(I)C(C(O)=O)=C1F', 'COC1=C(Cl)C=CC(I)=C1', 'IC1=C(C=CC=C1)N=C=S', 'IC1=CC=C(OC2=C(C=O)C=CC=C2)C=C1', 'COC(=O)C1=C(I)C=C(OC)C(OC)=C1', 'ClC1=CC=C(OC2=CC=C(I)C=C2)C=C1', 'COC1=CC=C(COC2=CC=C(I)C=C2)C=C1', 'OC1=C(F)C=C(I)C=C1', 'IC1=CC=C(NC2=NC=CC=N2)C=C1', 'FC1=CC=C(OC2=CC=CC(I)=C2)C=C1', 'CC(=O)NC1=CC(I)=C(C)C=C1', 'NC1=NC(=CS1)C1=CC=C(I)C=C1', 'IC1=CC=C(C=C1)N1CCC(=O)NC1=O', 'CC(=O)NC1=C(C=C(I)C=C1)C(F)(F)F', 'NC1=CC=C(I)C2=CC=CC=C12', 'COC1=CC(B(O)O)=C(I)C=C1', 'COC(=O)C1=C(I)C=CC=C1OC', 'ClC1=CC=C(COC2=CC=C(I)C=C2)C=C1', 'ClCC(=O)NC1=CC(I)=CC=C1', 'NC1=CC(I)=CC(F)=C1', 'IC1=CC(OC2=CC=CC=C2)=CC=C1', 'IC1=CC=C(OC2=NC=CC=N2)C=C1', 'COC1=C(I)C=C(N)C=C1I', 'OC1=CC2=C(C=CC=C2)C(I)=C1', 'COC1=C(F)C=CC(I)=C1', 'NC1=C(I)C=C(F)C=C1', 'IC1=CC=CC(C=C)=C1', 'OC(=O)COC1=CC=CC(I)=C1', 'CC1=C(N)C(I)=CC=C1', 'IC1=CC=C(CN2C=CN=C2)C=C1', 'NC1=CC=CC(I)=C1', 'OC1=C(F)C=CC(I)=C1', 'FC(F)(F)C(=O)NC1=CC=C(I)C=C1', 'NC1=CC(Cl)=CC(I)=C1', 'NC1=C(OC2=CC(I)=CC=C2)C=CC=C1', 'IC1=CC=CC(=C1)C1=CC=CC=C1', 'NC1(CC1)C1=CC=C(I)C=C1', 'CC(C)(C)OC(=O)NC1=CC(I)=CC=C1', 'NC1=CC=C(C=C1I)C(F)(F)F', 'CCOC1=CC=CC(I)=C1', 'IC1=CC=CC(OCC#C)=C1', 'COCCOC1=CC(I)=CC=C1', 'CS(=O)(=O)NC1=CC=C(I)C=C1', 'CNC(=O)C1=CC=CC(I)=C1', 'CC1=CC(N)=C(I)C=C1C', 'IC1=CC=C(C=C1)C1=CN2C=CSC2=N1', 'IC1=CC=C(C=C1)N(C1=CC=CC=C1)C1=CC=CC=C1']"
4,"[1.6956511148151798, 1.8213344273755523]",2.3066097866309403,"['IC1=CC2=C(C=CC=C2)C2=C1C=CC=C2', 'NC1=CC(I)=C(C=C1)C#N']","['CS(=O)(=O)NC1=CC(I)=CC=C1', 'CC(C)CC1=CC=C(I)C=C1', 'CC(=O)OC1=CC=C(I)C=C1', 'IC1=CC=C(OC2=CC=C(C=C2)C#N)C=C1', 'CC(C)(C)C1=CC=C(I)C=C1', 'COC1=CC(I)=CC=C1I', 'IC1=CC=C(NC(=O)C2=CC=CC=C2)C=C1', 'COC1=CC(F)=CC(I)=C1', 'COC(=O)C1=CC=C(I)C=C1OC', 'IC1=CC=CC(=C1)C(=O)NC1CC1', 'CCOC(=O)C1=CC(OC)=CC(I)=C1', 'COC1=CC(Cl)=CC(I)=C1', 'CC1=CC(I)=CC(I)=C1', 'COC(=O)C1=CC=C(I)C=C1N', 'OC1=C(Cl)C=CC(I)=C1', 'CC(N)C1=CC=C(I)C=C1', 'CCCCC1=CC=C(I)C=C1', 'OC(=O)C1=CC(=CC=C1)C1=CC=C(I)C=C1', 'IC1=CC=C(C=C1)C1=CC=C(O1)C=O', 'SC1=CC=C(I)C=C1Cl', 'FC(F)OC1=CC=C(I)C=C1', 'FC(F)(F)C(=O)CC1=CC=C(I)C=C1', 'FC(F)(F)C(=O)NC1=CC(I)=CC=C1', 'COC1=CC(=CC(I)=C1)C(F)(F)F', 'CCC(=O)C1=CC=C(I)C=C1', 'COC(=O)CCC1=CC=C(I)C=C1', 'ONC(=O)C1=CC=C(I)C=C1', 'OC1=CC=C(I)C=C1C(F)(F)F', 'NC(=O)C1=CC(I)=CC=C1', 'COC1=CC(Br)=CC(I)=C1', 'CC1=C(Cl)C=C(I)C=C1', 'CC1=CC=C(I)C=C1F', 'OCCC1=CC=C(I)C=C1', 'NC(=O)CC1=CC=C(I)C=C1', 'OC(=O)CCCC1=CC=C(I)C=C1', 'IC1=CC=C(C=C1)C#C', 'CC(C)NC(=O)C1=CC=CC(I)=C1', 'CC(C)C1=CC=C(I)C=C1', 'CCCCCC1=CC=C(I)C=C1', 'C[C@H](O)C1=CC=C(I)C=C1', 'COC1=C(F)C=C(I)C=C1F', 'ClC1=CC=C(C=C1)C1=CC=C(I)C=C1', 'COC1=C(C=CC(I)=C1)C(O)=O', 'CCCNC(=O)C1=CC=CC(I)=C1']"
5,"[3.855163910308546, 2.4472400571232678]",2.4134002109733155,"['COC1=C(C=CC(I)=C1)N(=O)=O', 'CC1=CC(=C(N)C=C1I)N(=O)=O']","['FC(F)OC1=CC(I)=CC=C1', 'CC1=C(F)C=C(C=C1I)C(=O)NC1CC1', 'COC(=O)C1=CC=C(I)C(O)=C1', 'COC(=O)C1=C(O)C=C(I)C=C1', 'CC(C)(C)NC(=O)C1=CC=CC(I)=C1', 'CC1=CC=C(C=O)C=C1I', 'IC1=CC(I)=CC=C1', 'CCOC(=O)C1=C(I)C=CC(C)=C1', 'CCOC(=O)CC(=O)C1=CC=CC(I)=C1', 'NCC1(CCCC1)C1=CC=C(I)C=C1', 'CCCNC(=O)C1=CC=C(I)C=C1', 'OC(=O)C1=CC=C(I)C=C1O', 'OC(=O)\\C=C\\C1=CC=C(I)C=C1', 'OC(=O)CC1=CC=C(I)C=C1', 'FC1=CC(I)=C(NC(=O)CCl)C=C1', 'OC1=CC2=C(C=CC=C2I)C=C1', 'COC1=CC(C=O)=C(OC)C=C1I', 'CCOC(=O)C1=CC2=CC=CC=C2C=C1I', 'CC1=C(C=C(Cl)C=C1I)C(O)=O', 'IC1=CC(=CC=C1)C(=O)NCC1=CC=CC=C1', 'CC(C)NC(=O)C1=CC=C(I)C=C1', 'NC(CC1=CC=CC(I)=C1)C(O)=O', 'OC1=CC(Br)=CC(I)=C1', 'OC(=O)C1=C(NC2=CC=C(I)C=C2F)C=NC=C1', 'CC(C)(C)OC(=O)C1=CC=C(I)C=C1', 'CS(=O)(=O)NC1=CC=C(I)C=C1F', 'IC1=CC=CC(=C1)C(=O)C1=CC=CC=C1', 'IC1=CC=CC=C1N=C=O', 'CN(C)C(=O)C1=CC(I)=CC=C1', 'IC1=CC=CC(OC2=NC=CC=N2)=C1', 'CC(=O)C1=CC=C(I)C=C1', 'COC(=O)C1=CC2=CC=CC=C2C=C1I', 'IC1=CC2=C(C=C1)C1=C(C=CC=C1)C1=C2C=CC=C1', 'IC1=CC=C(C=C1)C(=O)NCC1CC1', 'CCOC(=O)C1=CC=CC=C1I', 'IC1=CC=CC(=C1)N=C=O', 'CNC(=O)C1=C(F)C=C(I)C=C1', 'ClC1=CC2=C(C=C1)C=C(I)C=C2', 'IC1=CC=C(C=C1)C(=O)NC1CC1', 'IC1=CC=C(C=C1)C(=O)CCCC#N', 'COC1=C(C=O)C=CC(I)=C1', 'COC1=CC(I)=CC=C1C#N']"
6,"[3.621671409253185, 3.5388372242423043]",2.501308469872392,"['OC1=CC(I)=CC=C1N(=O)=O', 'IC1=CC(=C(C=O)C=C1)N(=O)=O']","['CC(=O)C1=C(I)C=CC(F)=C1', 'CC1=CC=C(C=C1)C(=O)C1=CC(I)=CC=C1', 'COC(=O)C1=C(Cl)C=CC(I)=C1', 'OC(=O)C1=C(C=C(I)C=C1)C(O)=O', 'COC(=O)C1=C(C)C(Cl)=CC(I)=C1', 'OCC1=CC(I)=CC(I)=C1', 'CC1=CC=C(I)C(C)=C1N(=O)=O', 'OCC(=O)C1=CC=C(I)C=C1', 'CCOC(=O)C1=CC=C(I)C=C1F', 'CCOC(=O)CC(=O)C1=CC=C(I)C=C1', 'CC(C)(C)NC(=O)C1=CC=C(I)C=C1', 'CC(C)(C)OC(=O)NC1=CC(=CC(I)=C1)C(O)=O', 'COC(=O)C1=CC=CC=C1I', 'CC1=CC(I)=C(C)C=C1N(=O)=O', 'OC(=O)C1=C(Cl)C=C(I)C=C1', 'CC1=CC(C=O)=C(C)C=C1I', 'IC1=CC=C(C=C1)C(=O)CC1=CC=CC=C1', 'CCC1=CC=C(I)C=C1C(O)=O', 'CCOC(=O)C1=CC(I)=CC=C1C', 'FC1=CC(I)=CC(C=O)=C1', 'CC1=C(I)C=C(C=C1F)C(O)=O', 'ClCC(=O)C1=CC=C(I)C=C1', 'COC1=C(OC)C(I)=CC(C=O)=C1', 'OC(=O)CCC(=O)C1=CC=C(I)C=C1', 'CC1=C(I)C=CC=C1C=O', 'IC1=CC=C(C=C1)C(=O)C1=CC=CC=N1', 'OC(=O)\\C=C\\C1=CC=CC(I)=C1', 'CC1=CC(=CC(I)=C1)C(O)=O', 'FC1=C(C=O)C=CC(I)=C1', 'IC1=CC=C(C=C1)C(=O)CC#N', 'IC1=CC=CC(=C1)C(=O)CC#N', 'IC1=CC=C(C=O)C=C1', 'IC1=CC=C(C=C1)C(=O)C1=CC=CC=C1', 'COC(=O)C1=CC=C(I)C=C1C(=O)OC', 'FC1=CC=C(C=C1)C(=O)C1=CC=C(I)C=C1', 'IC1=CC=C(C=C1)C(=O)C1=CC=CC(=C1)C#N', 'CC1=C(C=CC(I)=C1)N(=O)=O', 'COC(=O)C1=C(C)C=CC(I)=C1', 'COC1=C(OC)C(=CC(I)=C1)C(O)=O', 'OC(=O)CCCCC(=O)C1=CC=C(I)C=C1']"
7,"[4.3964023891024695, 2.7952971175111547]",2.542694196533101,"['CC1=CC(I)=CC(=C1)N(=O)=O', 'FC1=CC(=CC(I)=C1)N(=O)=O']","['FC1=CC=C(C=C1)C(=O)C1=C(Cl)C=CC(I)=C1', 'FC(F)(F)C(=O)C1=CC=C(I)C=C1', 'COC1=CC(=CC(I)=C1)N(=O)=O', 'OC(=O)C1=CC(Cl)=CC(I)=C1', 'OC(=O)C1=CC=C(I)C=C1F', 'OC(=O)C1=CC(I)=CC=C1Cl', 'OC(=O)C1=C(C=C(I)C=C1)N(=O)=O', 'ClC1=CC(I)=CC(Cl)=C1C=O', 'CC1=C(C=C(I)C=C1Cl)C(O)=O', 'IC1=CC(C=O)=CC=C1C=O', 'IC1=CC(C=O)=CC(I)=C1', 'FC1=CC(I)=CC=C1N(=O)=O', 'COC(=O)C1=CC(Cl)=CC(I)=C1', 'ClC1=CC=C(C=C1)C(=O)C1=CC=C(I)C=C1', 'CCOC(=O)C1=CC=CC(I)=C1', 'IC1=CC=C(C=C1)N(=O)=O', 'COC(=O)C1=CC=C(I)C=C1N(=O)=O', 'CC1=CC(=CC(I)=C1)C#N', 'COC(=O)C1=CC(I)=CC(F)=C1', 'FC(F)(F)C1=C(C=O)C=CC(I)=C1', 'OC(=O)C1=C(O)C=CC=C1I', 'CC1=C(C=C(I)C=C1)C#N', 'CC1=C(I)C=CC=C1N(=O)=O', 'ClC1=C(C=CC(I)=C1)N(=O)=O', 'CC(=O)C1=C(Br)C=CC(I)=C1', 'BrCC(=O)C1=CC(I)=CC=C1', 'COC(=O)C1=CC(I)=CC(F)=C1F', 'OC(=O)C1=C(C=C(I)C=C1)C(F)(F)F', 'COC(=O)C1=CC=CC(I)=C1', 'BrC1=C(C=O)C=C(I)C=C1', 'OC(=O)C1=C(C=CC(I)=C1)N(=O)=O', 'ClC1=CC=C(I)C=C1I', 'CC1=C(I)C=CC(=C1)N(=O)=O', 'BrCC(=O)C1=CC=C(I)C=C1', 'FC(F)(F)C1=CC(C=O)=CC(I)=C1', 'IC1=CC(C=O)=CC(C=O)=C1', 'FC1=CC(I)=CC(F)=C1C=O']"
8,"[3.4794571114751234, 4.647237671241276]",2.583325030177802,"['IC1=CC=C(C#N)C(=C1)C#N', 'IC1=CC(=CC(=C1)C#N)N(=O)=O']","['FS(F)(F)(F)(F)C1=CC=CC(I)=C1', 'OCC1=CC(=CC(I)=C1)N(=O)=O', 'CC1=NN=C(N=N1)C1=CC=C(I)C=C1', 'CC1=CC=C(I)C=C1N(=O)=O', 'OC(=O)C1=CC(I)=C(C=C1)C(O)=O', 'COC(=O)C1=C(F)C=CC(I)=C1', 'CCOC(=O)C1=C(F)C=CC(I)=C1', 'OC(=O)C1=CC(I)=CC(F)=C1F', 'IC1=CC=CC(=C1)C#N', 'COC1=C(C=C(I)C=C1)N(=O)=O', 'BrC1=CC(C=O)=CC(I)=C1', 'ClC1=CC(=CC(I)=C1)C#N', 'OC(=O)C1=CC(I)=CC(Cl)=C1F', 'IC1=CC(=CC(I)=C1)N(=O)=O', 'NC1=CC(I)=C(C=C1)N(=O)=O', 'COC(=O)C1=C(I)C=C(C=C1)C(O)=O', 'IC1=CC(=CC=C1)N(=O)=O', 'COC(=O)C1=CC(=CC(I)=C1)C(=O)OC', 'CC(=O)C1=CC(I)=CC=C1O', 'IC1=CC(=C(I)C=C1)N(=O)=O', 'COC1=CC=C(I)C=C1C(O)=O', 'COC1=CC(I)=CC(C=O)=C1O', 'FC1=C(C=C(I)C=C1)N(=O)=O', 'OC(=O)C1=CC(I)=CC=C1O', 'FC1=C(C=C(I)C=C1)C#N', 'IC1=CC=C(C=C1)N1C(=O)C=CC1=O', 'CC(C)(C)OC(=O)C1=CC(I)=CC=C1', 'OCC1=CC=C(I)C=C1N(=O)=O', 'COC(=O)C1=CC(I)=CC(=C1)C(O)=O', 'OC(=O)C1=CC(I)=CC(=C1)C(F)(F)F', 'ClC1=C(C=C(I)C=C1)N(=O)=O', 'OC(=O)C1=CC(I)=CC(=C1)N(=O)=O', 'ClC1=CC(I)=CC(=C1)N(=O)=O', 'IC1=CC=C(I)C(=C1)C#N', 'COC(=O)C1=CC(=CC(I)=C1)C(F)(F)F', 'CC1=C(I)C=C(Cl)C=C1N(=O)=O']"
9,"[2.9480392762976435, 1.9867125967751507]",2.690958257980054,"['IC1=C(C=CC(=C1)N(=O)=O)C#N', 'ClC1=C(I)C=C(C=C1)N(=O)=O']","['BrC1=C(C=CC(I)=C1)C#N', 'FC(F)(F)C1=C(C=C(I)C=C1)C#N', 'BrC1=CC(I)=CC(=C1)C#N', 'ClC1=CC(I)=C(C=C1)C#N', 'FC1=CC=CC(I)=C1C#N', 'FC(F)(F)C1=CC(I)=CC(=C1)C#N', 'FC1=C(C=O)C(I)=CC=C1Br', 'FC(F)(F)C1=CC(I)=CC=C1C#N', 'CCOC(=O)C1=C(O)C=CC(I)=C1', 'NC(=O)C1=C(I)C=C(C=C1)N(=O)=O', 'COC(=O)C1=CC(I)=C(C=C1)C(=O)OC', 'BrC1=CC(I)=CC=C1C=O', 'IC1=CC(=CC(=C1)N(=O)=O)N(=O)=O', 'OC(=O)C1=C(I)C=CC=C1N(=O)=O', 'COC(=O)C1=C(O)C=CC(I)=C1', 'IC1=CC(=CC=C1)C(=O)ON1C(=O)CCC1=O', 'OC(=O)C1=CC(I)=C(C=C1)N1C=CC=N1', 'OC1=CC=C(I)C=C1C=O', 'ClC1=C(C=CC(I)=C1)C#N', 'FC(F)(F)C1=CC(=CC(I)=C1)N(=O)=O', 'COC1=C(C(I)=CC=C1)N(=O)=O', 'IC1=C(C=CC=C1)C#N', 'OC(=O)C1=CC(I)=CC(I)=C1', 'BrC1=C(C=C(I)C=C1)N(=O)=O', 'OC(=O)C1=CC=CC(I)=C1C(O)=O', 'CC(=O)C1=CC(Br)=CC(I)=C1', 'COC1=C(I)C=CC(=C1)N(=O)=O', 'COC(=O)C1=C(C=C(I)C=C1)S(N)(=O)=O', 'COC(=O)C1=C(I)C=CC(=C1)N(=O)=O', 'FC1=C(C=CC(I)=C1)C#N', 'BrC1=C(C=C(I)C=C1)C#N', 'OC(=O)C1=C(I)C=C(C=C1)C#N', 'OC1=C(C(I)=CC=C1)N(=O)=O', 'CCOC(=O)C1=CC(I)=C(C=C1)C#N']"
