,obj_values ['rate'],Vendi_score,eval_samples,cut_samples
0,"[1.5082210906496392, 1.7511192037118062]",1.540658309008147,"['COC(=O)C1=C(OC)C=C(Cl)C(I)=C1', 'COC1=CC(CO)=CC(I)=C1O']",[]
1,"[1.414210892123264, 2.199505742301383]",1.7863901416898378,"['CCOC(=O)C1=CC(I)=CC=C1N', 'IC1=CC=C(OC2=NC=CC=N2)C=C1']","['OC1=CC=C(OC(F)(F)F)C=C1I', 'OC(=O)CC1=CC=C(I)C(F)=C1', 'OC(=O)COC1=C(I)C=C(Cl)C=C1', 'CC1=CC(Cl)=CC(I)=C1N', 'COC(=O)C1=CC(I)=C(OC(F)F)C=C1', 'NC1=C(I)C=C(C=C1F)C(F)(F)F', 'NC1=C(I)C=C(OC(F)(F)F)C=C1', 'CC1=C(Cl)C=C(I)C(O)=C1I', 'CCOC1=C(I)C=CC=C1', 'NC1=CC=C(C=C1I)C(F)(F)F', 'OCC1=CC(F)=C(I)C=C1', 'CC1=C(C=C(I)C(N)=C1)C#N', 'CCOC(=O)C1=CC(I)=C(OC)C=C1', 'COC1=C(I)C=CC(=C1)C(C)C', 'FC1=CC(I)=C(NC(=O)CCl)C=C1', 'OC1=C(O)C(I)=CC=C1', 'COC1=CC=CC(I)=C1OC', 'SC1=CC(Cl)=CC=C1I', 'FC(F)OC1=CC=CC=C1I', 'COC1=C(I)C(Cl)=C(Cl)C=C1', 'CCN(CC)C(=O)C1=CC(O)=C(I)C=C1', 'NC1=CC(I)=C(F)C=C1Cl', 'COC(=O)CCC1=CC(I)=C(O)C=C1', 'OC1=C(I)C=C(I)C=C1', 'NC1=CC(F)=C(C=C1I)C#N', 'COC1=C(I)C=C(O)C=C1', 'COC1=C(C=C(I)C(Cl)=C1)C(O)=O', 'COC1=CC=C(OC)C(I)=C1', 'COC1=CC=C(C=C1I)C(F)(F)F', 'CC1=CC(I)=C(O)C=C1Cl', 'COC1=C(I)C=C(N)C=C1I', 'NC(=O)C1=CC(O)=C(I)C=C1', 'NC1=C(I)C=C(Cl)C(F)=C1', 'COC1=C(F)C=CC=C1I', 'COC1=C(NCC(O)=O)C=C(I)C(Cl)=C1', 'COC(=O)C1=CC=C(I)C(O)=C1', 'OC1=CC(I)=C(O)C=C1I', 'CCOC(=O)COC1=CC=CC=C1I', 'COC1=CC(I)=C(Cl)C=C1', 'OC1=CC(F)=C(Cl)C=C1I', 'NC1=C(I)C=C(F)C(F)=C1', 'COC1=CC=C(I)C(C(O)=O)=C1F', 'COCOC1=C(I)C=CC=C1F', 'COC(=O)C1=CC(I)=C(O)C(I)=C1', 'COC1=C(I)C=C(C=C1)C(O)=O', 'COC(=O)C1=CC(I)=C(O)C=C1', 'OC1=CC(=CC=C1I)C(=O)N1CCOCC1', 'COC1=CC(I)=C(F)C=C1Cl', 'OC1=CC=C(C=C1I)C#N', 'COC1=CC(I)=C(F)C=C1', 'CC1=CC(Cl)=C(I)C=C1C', 'NC1=CC(Cl)=C(I)C=C1C(O)=O']"
2,"[1.5630588109573735, 1.302465979980338]",1.926277580635266,"['CCOC(=O)C1=CC=CC=C1I', 'CCOC(=O)C1=CC=C(I)C=C1F']","['IC1=CC=CC(=C1)C(=O)NC1CC1', 'CC1=CC=C(I)C=C1C=O', 'NC(=O)C1=C(O)C=CC(I)=C1', 'CCCNC(=O)C1=CC=CC(I)=C1', 'COC(=O)C1=C(I)C=CC(O)=C1', 'IC1=CC=CC(=C1)C(=O)C1=CC=CC=C1', 'COC(=O)C1=C(Cl)C=CC(I)=C1', 'IC1=CC=CC(OC2=NC=CC=N2)=C1', 'COC(=O)C1=C(C)C(Cl)=CC(I)=C1', 'CC(C)(C)NC(=O)C1=CC=CC(I)=C1', 'COC(=O)C1=C(OC)C=C(C)C(I)=C1', 'NC1=C(C=O)C=C(I)C=C1I', 'COC(=O)C1=CC(OC)=CC(I)=C1', 'IC1=CC=C(OC2=C(C=O)C=CC=C2)C=C1', 'IC1=CC=C(NC2=NC=CC=N2)C=C1', 'CC1=CC(I)=CC(I)=C1N', 'COC(=O)C1=C(F)C=CC(I)=C1', 'OC(=O)C1=CC(=CC=C1)C1=CC=C(I)C=C1', 'CCOC(=O)C1=C(F)C=CC(I)=C1', 'CC1=CC(I)=CC(C(O)=O)=C1N', 'CC(C)NC(=O)C1=CC=CC(I)=C1', 'COC(=O)C1=CC(I)=CC(O)=C1', 'CCOC(=O)C1=C(O)C=CC(I)=C1', 'CCC1=CC=C(I)C=C1C(O)=O', 'COC1=CC(I)=CC(C=O)=C1O', 'IC1=CC=CC(=C1)N=C=S', 'CCOC(=O)C1=CC(I)=CC=C1C', 'CNC(=O)C1=CC=CC(I)=C1', 'NC(=O)C1=CC(I)=CC=C1', 'CC1=C(C=C(I)C=C1Cl)C(O)=O', 'FC(F)(F)C(=O)CC1=CC=C(I)C=C1', 'COC(=O)C1=C(C)C=CC(I)=C1', 'OC(=O)C1=CC(I)=CC=C1O', 'COC1=CC=C(I)C=C1C(O)=O', 'CCOC(=O)C1=CC(OC)=CC(I)=C1', 'CC(=O)C1=CC(I)=CC=C1O', 'CC(C)(C)OC(=O)C1=C(O)C=CC(I)=C1', 'NNC(=O)C1=C(O)C=CC(I)=C1', 'NC1=C(C=C(I)C=C1)C(=O)C1=CC=CC=C1', 'NC1=C(C=C(I)C=C1I)C(O)=O', 'NC1=C(C=O)C=C(I)C=C1', 'NC1=CC=C(I)C=C1C#N', 'OC(=O)C1=CC(I)=CC(I)=C1O', 'CC(C)(C)C1=CC(I)=CC(C=O)=C1O', 'CC1=CC(I)=C(O)C(=C1)C(O)=O', 'CC(OC1=CC=C(I)C=C1)C(C)=O', 'ONC(=O)C1=CC(I)=CC=C1', 'IC1=CC=C(NC(=O)C2=CC=CC=C2)C=C1', 'COC(=O)C1=C(O)C=CC(I)=C1']"
3,"[2.268218180762977, 1.5485324984494921]",2.040968169643493,"['NC(=O)NC1=CC(I)=CC=C1', 'CC(=O)NC1=CC(I)=C(C)C=C1']","['COC(=O)C1=CC(I)=CC(F)=C1', 'CC(C)NC(=O)C1=CC=C(I)C=C1', 'COC(=O)C1=CC=CC(I)=C1', 'CC1=C(F)C=C(C=C1I)C(=O)NC1CC1', 'CC1=CC(I)=CC(I)=C1', 'CC1=C(C=C(Cl)C=C1I)C(O)=O', 'OCC1=CC(I)=CC(I)=C1', 'COC(=O)C1=CC(Cl)=CC(I)=C1', 'COC(=O)C1=CC(I)=CC(N)=C1', 'IC1=CC=C(C=C1)C(=O)CCCC#N', 'COC(=O)C1=CC=CC=C1I', 'CC(=O)C1=CC(I)=CC=C1', 'COC(=O)C1=C(I)C=CC(C)=C1', 'IC1=CC(C=O)=CC=C1', 'CCOC(=O)C1=C(I)C=CC(Cl)=C1', 'IC1=CC2=C(C=C1)C1=C(C=CC=C1)C1=C2C=CC=C1', 'IC1=CC(=CC=C1)C(=O)NCC1=CC=CC=C1', 'COC1=CC(=CC(I)=C1)C(O)=O', 'OC(=O)C1=CC(I)=CC(O)=C1', 'CC(C)(C)OC(=O)C1=CC=C(I)C=C1', 'OC(=O)C1=CC(I)=CC=C1Cl', 'CC1=C(C=C(I)C=C1)C#N', 'ONC(=O)C1=CC=C(I)C=C1', 'CCOC(=O)C1=CC=CC(I)=C1', 'CC(C)(C)OC(=O)C1=CC(I)=CC=C1', 'CCCNC(=O)C1=CC=C(I)C=C1', 'CNC(=O)C1=C(F)C=C(I)C=C1', 'CC1=CC(=CC(I)=C1)C(O)=O', 'CCOC(=O)C1=C(I)C=CC(C)=C1', 'COC(=O)C1=CC2=CC=CC=C2C=C1I', 'CC1=CC=C(C(O)=O)C(I)=C1', 'IC1=CC(I)=CC=C1', 'CCOC(=O)CC(=O)C1=CC=CC(I)=C1', 'COC(=O)C1=C(Cl)C=C(C)C(I)=C1', 'COC(=O)C1=CC=C(I)C=C1C(=O)OC', 'COC(=O)C1=CC=C(I)C=C1OC', 'COC(=O)C1=CC(I)=CC(F)=C1F', 'IC1=CC=C(C=C1)C(=O)NCC1CC1', 'CC(=O)C1=C(I)C=CC(F)=C1', 'ClC1=CC=C(I)C=C1I', 'IC1=CC=C(C=C1)C(=O)NC1CC1', 'OC(=O)CCC1=NN=C(O1)C1=CC=CC=C1I', 'ClC1=CC2=C(C=C1)C=C(I)C=C2', 'CCC(=O)C1=CC=C(I)C=C1', 'COC(=O)C1=C(Cl)C(O)=C(I)C=C1', 'ClC1=CC=C(I)C=C1C=O', 'CC(=O)C1=CC=C(I)C=C1']"
4,"[1.9710629533713049, 1.8569437578042978]",2.0669405906054314,"['NC1=CC(I)=CC(F)=C1', 'NC1=C(O)C=C(I)C=C1']","['IC1=CC=CC(=C1)C1=CC=CC=C1', 'CC(=O)NC1=C(OC(F)(F)F)C=C(I)C=C1', 'IC1=CC=C(OCC#N)C=C1', 'IC1=CC=C(C=C1)C1=CC=CC=C1', 'IC1=CC=C(CN2C=CN=C2)C=C1', 'COC1=C(F)C=C(I)C=C1', 'COC1=CC(=CC(I)=C1)C(F)(F)F', 'IC1=CC=C(C=C1)N1CCC(=O)NC1=O', 'IC1=CC=C(C=C1)N1C=CC=N1', 'COC1=C(F)C=CC(I)=C1', 'COC1=CC(B(O)O)=C(I)C=C1', 'NC1=CC(I)=CC(=C1)C(O)=O', 'CS(=O)(=O)NC1=CC(I)=CC=C1', 'CC(=O)NC1=C(Cl)C=C(I)C=C1', 'OC(=O)COC1=CC=C(I)C=C1', 'IC1=CC(OC2=CC=CC=C2)=CC=C1', 'FC1=CC=C(OC2=CC=CC(I)=C2)C=C1', 'OC(=O)COC1=CC=CC(I)=C1', 'IC1=CC=CC(=C1)C(=O)N1CCCC1', 'COC(=O)C1=C(C)C(I)=CC=C1', 'OCC1=C(Cl)C=CC=C1I', 'IC1=C(C=CC=C1)N=C=S', 'ClCC(=O)NC1=CC(I)=CC=C1', 'COC(=O)COC1=CC=C(I)C=C1', 'ClCC(=O)NC1=CC=C(I)C=C1', 'COCCOC1=CC(I)=CC=C1', 'IC1=CC=CC=C1N=C=O', 'OCC1=CC=C(I)C=C1O', 'CCOC1=CC=CC(I)=C1', 'CC1=C(I)C=C(Cl)C=C1N', 'COC1=CC(Cl)=CC(I)=C1', 'CN(C)C(=O)C1=CC(I)=CC=C1', 'COC(=O)C1=C(I)C=CC=C1OC', 'FC(F)(F)C(=O)NC1=CC(I)=CC=C1', 'COC1=CC(I)=CC=C1CO', 'CC(=C)C1=CC=C(I)C=C1', 'COC1=C(C(O)=O)C(I)=CC=C1', 'IC1=CC=CC(OCC#C)=C1', 'COC1=CC(I)=CC=C1I', 'COC1=C(Cl)C=CC(I)=C1', 'FC(F)(F)C(=O)NC1=CC=C(I)C=C1', 'CS(=O)(=O)NC1=CC=C(I)C=C1', 'IC1=CC=CC(CNC2CC2)=C1', 'CC1=CC=C(I)C(C(O)=O)=C1F']"
5,"[1.8213344273755523, 2.7436483281422004]",2.1230756724237025,"['NC1=CC(I)=C(C=C1)C#N', 'CNC1=CC(I)=CC=C1']","['CC1=C(O)C=CC(I)=C1', 'CCCCOC1=CC=C(I)C=C1', 'FC1=C2C=CC=CC2=CC(I)=C1', 'NCCOC1=CC=C(I)C=C1', 'OC1=CC=C(I)C=C1C(F)(F)F', 'COC1=C(O)C=CC(I)=C1', 'OC1=C(F)C=CC(I)=C1', 'C[C@H](O)C1=CC=C(I)C=C1', 'NC1=CC(I)=CC(I)=C1', 'CC(=O)CC(=O)NC1=CC=C(I)C=C1', 'OC(=O)CNC1=CC=C(I)C=C1', 'CC(C)OC1=CC=C(I)C=C1', 'OCCC1=CC=C(I)C=C1', 'IC1=CC=C(C=C1)N1C=CC=C1', 'IC1=CC=C(OCC2CC2)C=C1', 'COC1=C(F)C=C(I)C=C1F', 'NC1=C(C=C(I)C=C1)C(F)(F)F', 'IC1=CC=C(C=C)C=C1', 'OC1=CC(I)=CC(O)=C1', 'NCCC1=CC=C(I)C=C1', 'NC1=CC(Cl)=CC(I)=C1', 'CC(=O)OC1=CC=C(I)C=C1', 'COC1=C(C)C=C(I)C=C1', 'OC(=O)CCCOC1=CC=C(I)C=C1', 'CC(C)(C)OC(=O)NC1=CC(I)=CC=C1', 'NC1=CC=CC(I)=C1', 'OC1=C(Cl)C=CC(I)=C1', 'CSC1=CC=C(I)C=C1', 'COC1=C(N)C=C(I)C=C1', 'OCC1=C(O)C=CC(I)=C1', 'COC1=CC(F)=CC(I)=C1', 'CCOC1=CC=C(I)C=C1', 'CC1=C(O)C=C(I)C=C1', 'NC1=CC(I)=CC=C1O', 'CN(C)CCOC1=CC=CC(I)=C1', 'OC1=CC=C(C=C1)C1=CC=C(I)C=C1', 'NC1(CC1)C1=CC=C(I)C=C1', 'NC1=C(F)C=CC(I)=C1', 'NC1=C(OC(F)(F)F)C=C(I)C=C1', 'CC1=CC=C(I)C=C1F', 'CC1=C(Cl)C=C(I)C=C1', 'IC1=CC=CC(C=C)=C1']"
6,"[1.2997613105659385, 1.7415390325909947]",2.136696950516403,"['CNC1=CC=C(I)C=C1C', 'CNC1=CC=C(I)C=C1']","['OC(=O)CC1=CC=C(I)C=C1', 'NC1=C(N)C=C(I)C=C1', 'OC[C@H]1CN(C(=O)O1)C1=CC=C(I)C=C1', 'COC(=O)CCC1=CC=C(I)C=C1', 'CC(=O)SCC1=CC(I)=CC=C1', 'IC1=CC=CC(=C1)N=C=O', 'IC1=CC=C(OC2=CC=C(C=C2)C#N)C=C1', 'CC(C)C1=CC=C(I)C=C1', 'CC(=O)OC1=CC=CC(I)=C1', 'CN(C)C1=CC(F)=CC(I)=C1', 'CC(C)CC1=CC=C(I)C=C1', 'SC1=CC=C(I)C=C1Cl', 'CC1=CC=C(C=C1)C1=CC=C(I)C=C1', 'IC1=CC=C(C=C1)C#C', 'NC(=O)CC1=CC=C(I)C=C1', 'FC1=CC(I)=CC=C1NC(=O)NC1CC1', 'OC1=CC=C(OC2=CC=C(I)C=C2)C=C1', 'COC(=O)CC1=CC=CC(I)=C1', 'OC(=O)CC1=CC=CC(I)=C1', 'OC(=O)CCC1=CC(I)=CC=C1', 'OC1=C(F)C=C(I)C=C1', 'CS(=O)(=O)NC1=CC=C(I)C=C1F', 'CC(C)(C)C1=CC=C(I)C=C1', 'CC1=CC(Cl)=CC(I)=C1', 'FC(F)OC1=CC(I)=CC=C1', 'COC1=C(N)C=CC(I)=C1', 'NC1=C(Cl)C=C(I)C=C1Cl', 'CC(C)C1=CC=CC(I)=C1', 'CC(N)C1=CC=C(I)C=C1', 'IC1=CC=C(CC#C)C=C1', 'NC(CC1=CC=CC(I)=C1)C(O)=O', 'IC1=CC=C(C=C1)C(=O)N1CCCC1', 'IC1=CC=CC(=C1)N1CCCCC1', 'CCCCC1=CC=C(I)C=C1', 'IC1=CC=C(CN2CCCCC2)C=C1', 'FC(F)OC1=CC=C(I)C=C1', 'OC(=O)CCCC1=CC=C(I)C=C1', 'NNC(=O)CNC1=CC=C(I)C=C1', 'OC(=O)C1(CC1)C1=CC=C(I)C=C1', 'CCOC(=O)CC1=CC(I)=CC=C1']"
7,"[2.835056692425329, 1.259538629422343]",2.2122454817787256,"['COC(=O)C1=CC=C(I)C=C1N', 'FC1=CC(I)=CC=C1']","['CC(=O)NC1=C(C=C(I)C=C1)C(F)(F)F', 'CON(C)C(=O)C1=CC=C(I)C=C1', 'CC1=CC(I)=C(CO)C=C1C', 'CC1=CC(I)=CC(F)=C1', 'CC1=CC=CC(I)=C1', 'OCC1=CC(I)=CC(Cl)=C1', 'IC1=CC(CC#N)=CC=C1', 'COC(=O)C1=C(I)C=C(OC)C(OC)=C1', 'CCCCCC1=CC=C(I)C=C1', 'CC(O)C1=CC=C(I)C=C1', 'IC1=CC=C(C=C1)N=C=O', 'OC1=C(F)C=C(I)C=C1F', 'OC(C1=CC=CC=C1)C1=CC(I)=CC=C1', 'CC(C)(C)OC(=O)NC1=C(N)C=C(I)C=C1', 'NC1=C(Br)C=C(I)C=C1', 'OC(=O)CCCCC1=CC=C(I)C=C1', 'CN(C)C1=C(Br)C=C(I)C=C1', 'NC1=C(I)C=C(F)C=C1', 'IC1=CC=C(C=C1)N1CCCCC1', 'IC1=CC=CC(=C1)C(=O)N1CCOCC1', 'FC(F)C(F)(F)OC1=CC=C(I)C=C1', 'CNC(=O)C1=CC=CC=C1I', 'CC(C)(C)C1=C(N)C=CC(I)=C1', 'IC1=CC=C(C=C1)N1CCNCC1', 'NCC1(CCCC1)C1=CC=C(I)C=C1', 'IC1=CC=C(C=C1)C1(CC1)C#N', 'CC(C)(C)OC(=O)NC1=CC=C(I)C=C1F', 'COC1=CC(Br)=CC(I)=C1', 'CC(C)C1=CC(I)=CC(C(C)C)=C1O', 'CC(C)(C)OC(=O)NC1=CC=C(I)C=C1', 'OB(O)C1=CC=C(I)C=C1', 'ClC1=CC=C(OC2=CC=C(I)C=C2)C=C1', 'CCN(CC)CC1=CC(I)=CC=C1', 'CC1=C(N)C(I)=CC=C1', 'NC1=CC=C(I)C2=CC=CC=C12', 'OC1=C(F)C=C(I)C=C1I', 'IC1=CC=C(C=C1)N1CCOCC1']"
8,"[1.8322744071131625, 2.775536749805446]",2.31428350790104,"['CC1=CC=C(C)N1C1=C(F)C=C(I)C=C1', 'COC1=C(C=O)C=CC(I)=C1']","['FC(F)C1=CC(I)=CC=C1', 'CC1=C(I)C=CC(Cl)=C1', 'NNC(=O)C1=CC=C(I)C=C1', 'NS(=O)(=O)C1=CC=CC(I)=C1', 'FC(F)(F)C1=C(Cl)C=CC(I)=C1', 'OCC1=CC(I)=CC(F)=C1', 'COC(=O)C1=C(Cl)C=C(I)C=C1', 'CC1=CC(Br)=CC(I)=C1', 'CCCNC(=O)C1=CC=CC=C1I', 'CC1=CC=C(I)C=C1Br', 'OC1=C(Br)C=C(I)C=C1', 'NC(=O)C1=CN=C(OC2=CC=C(I)C=C2)C=C1', 'FC1=CC(I)=CC=C1CC#N', 'IC1=CC=C(C=C1)C(=O)N1CCOCC1', 'COC(=O)C1=CC=C(I)C=C1C', 'COC1=C(C=CC(I)=C1)C(O)=O', 'IC1=CC(CC2=CC=CC=C2)=CC=C1', 'CC(C)NC(=O)CC1=CC=C(I)C=C1', 'OC1=CC(Br)=CC(I)=C1', 'COC(=O)C1=C(I)C=CC=C1F', 'FC(F)(F)OC1=CC=C(I)C=C1', 'IC1=CC=C(C=C1)N1C=NN=N1', 'OC(=O)C1=C(I)C=CC=C1F', 'CC1=C(I)C=C(C=C1)C(F)(F)F', 'COC1=C(Br)C=CC(I)=C1', 'ClC1=CC=C(C=C1)C1=CC=C(I)C=C1', 'CC1=C(Cl)C=C(I)C=C1Cl', 'CCC1=C(I)C=CC(O)=C1', 'OC(=O)C1=C(I)C=CC=C1Cl', 'ClC1=C(Cl)C=C(I)C=C1', 'NC1=NC(=CS1)C1=CC=C(I)C=C1', 'ClC1=CC=C(I)C=C1', 'CC1=CC(I)=CC=C1Cl', 'COC(=O)C1=C(O)C=C(I)C=C1', 'FC(F)C1=CC=C(I)C=C1', 'OC(=O)C1=CC=C(I)C=C1O']"
9,"[1.3815733157431056, 2.4472400571232678]",2.4270628098956797,"['OC1=C(C=O)C(I)=CC=C1', 'CC1=CC(=C(N)C=C1I)N(=O)=O']","['FC(F)(F)C1=CC(I)=CC=C1I', 'COC1=CC=C(C#N)C(I)=C1', 'CCOC(=O)CC(=O)C1=CC=C(I)C=C1', 'OC(=O)C1=CC(I)=CC(I)=C1', 'OC(=O)\\C=C\\C1=CC=C(I)C=C1', 'IC1=CC=C(C=C1)C(=O)C1=CC=CC=C1', 'IC1=CC=C(C=C1)S(=O)(=O)N1CCCC1', 'NS(=O)(=O)C1=CC=C(I)C=C1', 'OC(=O)CCC(=O)C1=CC=C(I)C=C1', 'CC1=CC(=CC(I)=C1)C#N', 'OC(=O)C1=C(Cl)C=C(I)C=C1', 'IC1=CC=C(C=C1)C(=O)NCC1=CC=CC=C1', 'COC(=O)C1=C(I)C=CC=C1Cl', 'OC(=O)\\C=C\\C1=CC=CC(I)=C1', 'IC1=CC=CC(=C1)C(=O)CC#N', 'IC1=CC=C(CC(=O)N2CCOCC2)C=C1', 'FC1=CC=C(C=C1)C(=O)C1=CC=C(I)C=C1', 'OC(=O)C1=CC=C(I)C=C1', 'COC1=CC(I)=CC=C1C#N', 'OC(=O)C1=C(C=C(I)C=C1)C(O)=O', 'CC1=C(F)C=C(F)C=C1I', 'OCC(=O)C1=CC=C(I)C=C1', 'CS(=O)(=O)C1=CC=CC(I)=C1', 'IC1=CC=C(CC(=O)N2CCCC2)C=C1', 'ClCC(=O)C1=CC=C(I)C=C1', 'BrC1=CC=C(C=C1)C1=CC=CC(I)=C1', 'IC1=CC=C(C=C1)C1=CC=C(O1)C=O', 'IC1=CC=C(C=C1)C(=O)CC1=CC=CC=C1', 'CC1=C(F)C=CC=C1I', 'NC1=C(C(O)=O)C(I)=CC=C1', 'ClCC1=CC(I)=C(CCl)C=C1', 'CC(C)(C)NC(=O)C1=CC=C(I)C=C1', 'IC1=CC=C(OC2=CC=C(I)C=C2)C=C1', 'CCOC(=O)C1=C(I)C=CC=C1F']"
