,obj_values ['rate'],Vendi_score,eval_samples,cut_samples
0,"[1.7203091976006621, 1.9286778528893551]",1.6406922341208465,"['CN1C(C)=C(C(O)=O)C(=C1C1=CC=C(Cl)C=C1)C1=CC(I)=CC=C1', 'OC1=C(Cl)C=CC(I)=C1']",[]
1,"[1.4183569528990903, 1.259538629422343]",1.5808962184582023,"['CC(=O)OC1=CC=CC(I)=C1', 'FC1=CC(I)=CC=C1']","['CC(=O)NC1=C(Cl)C=C(I)C=C1', 'NC1(CC1)C1=CC=C(I)C=C1', 'ClC1=CC=C(OC2=CC=C(I)C=C2)C=C1', 'CS(=O)(=O)NC1=CC=C(I)C=C1', 'IC1=CC=CC(=C1)C(=O)N1CCOCC1', 'COC(=O)CCC1=CC=C(I)C=C1', 'IC1=CC=CC(CNC2CC2)=C1', 'FC(F)OC1=CC(I)=CC=C1', 'CC1=C(Cl)C=C(I)C=C1', 'IC1=CC=CC(OCC#C)=C1', 'COC1=CC(I)=CC=C1CO', 'IC1=CC=CC(=C1)C1=CC=CC=C1', 'ClCC(=O)NC1=CC(I)=CC=C1', 'CN(C)CCOC1=CC=CC(I)=C1', 'IC1=CC=C(C=C1)C(=O)N1CCOCC1', 'IC1=CC=C(OC2=CC=C(C=C2)C#N)C=C1', 'IC1=CC=C(C=C1)C1=CC=CC=C1', 'IC1=CC=C(CN2C=CN=C2)C=C1', 'ClC1=CC=C(OC2=CC=C(I)C=C2)C=C1Cl', 'CCOC1=CC=CC(I)=C1', 'OC(=O)COC1=CC=CC(I)=C1', 'ClCC(=O)NC1=CC=C(I)C=C1', 'COC1=CC(Cl)=CC(I)=C1', 'CC(=O)NC1=C(OC(F)(F)F)C=C(I)C=C1', 'IC1=CC(=CC(=C1)C1=CC=CC=C1)C1=CC=CC=C1', 'SC1=CC=C(I)C=C1Cl', 'FC1=CC=C(OC2=CC=CC(I)=C2)C=C1', 'CC1=CC=C(C=C1)C1=CC=C(I)C=C1', 'CS(=O)(=O)NC1=CC=C(I)C=C1F', 'COC1=C(F)C=CC(I)=C1', 'CC(=O)SCC1=CC(I)=CC=C1', 'IC1=CC=CC(=C1)N=C=O', 'OC(C1=CC=CC=C1)C1=CC(I)=CC=C1', 'CS(=O)(=O)NC1=CC(I)=CC=C1', 'COCCOC1=CC(I)=CC=C1', 'IC1=CC=C(C=C1)N1C=CC=N1', 'OC(=O)CCCC1=CC=C(I)C=C1', 'FC(F)(F)C(=O)NC1=CC(I)=CC=C1', 'CC(=C)C1=CC=C(I)C=C1', 'COC1=CC(=CC(I)=C1)C(F)(F)F', 'CC(C)(C)OC(=O)NC1=CC(I)=CC=C1', 'FC(F)(F)C(=O)NC1=CC=C(I)C=C1', 'CC1=CC=C(I)C=C1F', 'IC1=CC(OC2=CC=CC=C2)=CC=C1', 'OC1=C(F)C=CC(I)=C1', 'OC(=O)C1(CC1)C1=CC=C(I)C=C1', 'IC1=CC(=CC=C1)C(=O)NCC1=CC=CC=C1', 'CC(=O)NC1=C(C=C(I)C=C1)C(F)(F)F', 'CC(C)(C)OC(=O)NC1=CC=C(I)C=C1F', 'ClC1=CC=C(C=C1)C1=CC=C(I)C=C1', 'IC1=CC=C(C=C1)N1CCC(=O)NC1=O', 'COC1=C(Cl)C=CC(I)=C1']"
2,"[1.8310525563005826, 4.123298089232229]",1.7663823224726145,"['BrC1=CC=C(I)C=C1CC1=CC=C2OCCOC2=C1', 'COC1=C(Br)C=CC(I)=C1']","['OC(=O)CCC1=CC(I)=CC=C1', 'FC(F)C(F)(F)OC1=CC=C(I)C=C1', 'ClC1=CC=C(I)C=C1', 'CC(C)NC(=O)CC1=CC=C(I)C=C1', 'OC(=O)CC1=CC=C(I)C=C1', 'CCCCCC1=CC=C(I)C=C1', 'IC1=CC=C(C=C1)C(=O)N1CCCC1', 'FC(F)C1=CC(I)=CC=C1', 'CC(=O)OC1=CC=C(I)C=C1', 'OC(=O)CC1=CC=CC(I)=C1', 'OCC1=CC(I)=CC(Cl)=C1', 'IC1=CC=C(C=C1)C1(CC1)C#N', 'FC1=CC(I)=CC=C1CC#N', 'OC(=O)CCCCC1=CC=C(I)C=C1', 'NNC(=O)C1=CC=C(I)C=C1', 'NC(=O)CC1=CC=C(I)C=C1', 'CC(C)C1=CC=CC(I)=C1', 'IC1=CC(CC#N)=CC=C1', 'NC(CC1=CC=CC(I)=C1)C(O)=O', 'COC(=O)CC1=CC=CC(I)=C1', 'CC(C)CC1=CC=C(I)C=C1', 'FC(F)OC1=CC=C(I)C=C1', 'C[C@H](O)C1=CC=C(I)C=C1', 'IC1=CC=CC(C=C)=C1', 'IC1=CC=C(C=C1)N=C=O', 'COC1=C(F)C=C(I)C=C1F', 'CON(C)C(=O)C1=CC=C(I)C=C1', 'OCCC1=CC=C(I)C=C1', 'CC(C)C1=CC=C(I)C=C1', 'IC1=CC=C(C=C1)C#C', 'IC1=CC=CC(=C1)C(=O)N1CCCC1', 'IC1=CC=C(CC#C)C=C1', 'ClC1=C(Cl)C=C(I)C=C1', 'CC(N)C1=CC=C(I)C=C1', 'CCOC(=O)CC1=CC(I)=CC=C1', 'NCCC1=CC=C(I)C=C1', 'FC(F)(F)OC1=CC=C(I)C=C1', 'CC1=CC(I)=CC=C1Cl', 'CC1=CC(I)=CC(F)=C1', 'CC(C)(C)C1=CC=C(I)C=C1', 'CC1=CC=CC(I)=C1', 'CCCCC1=CC=C(I)C=C1', 'FC(F)C1=CC=C(I)C=C1', 'CC1=CC(Cl)=CC(I)=C1', 'IC1=CC(CC2=CC=CC=C2)=CC=C1', 'CN(C)C(=O)C1=CC(I)=CC=C1', 'OCC1=CC(I)=CC(F)=C1', 'OB(O)C1=CC=C(I)C=C1', 'CC(O)C1=CC=C(I)C=C1']"
3,"[2.728059811068916, 3.4995427797365037]",1.815296621956215,"['NC1=CC(Cl)=CC(I)=C1', 'CN(C)C1=CC(F)=CC(I)=C1']","['IC1=CC=C(CC(=O)N[C@H]2CCOC2=O)C=C1', 'OC(=O)COC1=CC=C(I)C=C1', 'CCOC1=CC=C(C=C1)C(O)C1=CC(I)=CC=C1Cl', 'IC1=CC=C(CC(=O)N2CCOCC2)C=C1', 'COC1=CC(F)=CC(I)=C1', 'CC1=C(O)C=C(I)C=C1', 'FC(F)(F)OC1=C(Cl)C=C(I)C=C1', 'BrC1=CC=CC(I)=C1', 'ClC1=CC(I)=CC=C1Br', 'BrC1=C(CC#N)C=C(I)C=C1', 'OCC1=CC=C(I)C=C1O', 'CC1(C)COB(OC1)C1=CC=C(I)C=C1', 'OC1=CC=C(C=C1)C1=CC=C(I)C=C1', 'IC1=CC=C(OCC#N)C=C1', 'NC(=O)C1=C(Br)C=C(I)C=C1', 'NCC1(CCCC1)C1=CC=C(I)C=C1', 'OC1=CC(Br)=CC(I)=C1', 'BrCC1=CC=C(I)C=C1', 'BrC1=CC=CC(=C1)C1=CC=C(I)C=C1', 'OCC1=CC(Br)=CC(I)=C1', 'CC1=C(Br)C(F)=CC(I)=C1', 'COC1=CC(Br)=CC(I)=C1', 'NC(=O)C1=CN=C(OC2=CC=C(I)C=C2)C=C1', 'OC1=CC=C(I)C=C1C(F)(F)F', 'FC(F)C1=C(Br)C=CC(I)=C1', 'CC1=CC=C(I)C=C1Br', 'IC1=CC=C(CN2CCCCC2)C=C1', 'BrC1=CC=C(I)C=C1', 'CC1=CC(I)=CC(C)=C1Br', 'IC1=CC=C(C=C1)N1C=CC=C1', 'COC(=O)COC1=CC=C(I)C=C1', 'CC(C)(C)OC(=O)CC1=CC(I)=CC=C1', 'CC1=C(Cl)C=C(I)C=C1Cl', 'OB(O)C1=CC(Br)=CC(I)=C1', 'CN(C)C1=C(Br)C=C(I)C=C1', 'CC(C)(C)C1=CC(I)=CC(Br)=C1', 'COC1=CC(I)=CC=C1I', 'FC1=CC(I)=CC=C1CBr', 'IC1=CC=C(C=C)C=C1', 'CC1=C(Br)C=CC(I)=C1', 'FC(F)(F)C1=C(Cl)C=CC(I)=C1', 'COC1=C(F)C=C(I)C=C1', 'CC(C)C1=CC(I)=CC(Br)=C1', 'COC(=O)C1=CC=C(I)C=C1C', 'CC1=CC(Br)=CC(I)=C1', 'FC1=C2C=CC=CC2=CC(I)=C1', 'BrC1=CC=C(C=C1)C1=CC=CC(I)=C1']"
4,"[1.3595207797344822, 2.2751193020702916]",1.8563945167070777,"['FC(F)C1=CC(Br)=CC(I)=C1', 'FC(F)(F)C1=CC(Br)=CC(I)=C1']","['CCCCOC1=CC=C(I)C=C1', 'NS(=O)(=O)C1=CC=C(I)C=C1', 'NC1=C(F)C=CC(I)=C1', 'CSC1=CC=C(I)C=C1', 'NC1=CC(I)=CC(F)=C1', 'CC(C)(C)OC(=O)NC1=C(N)C=C(I)C=C1', 'NNS(=O)(=O)C1=CC=C(I)C=C1', 'CC(C)(C)OC(=O)NC1=CC=C(I)C=C1', 'IC1=CC=C(C=C1)N1C=NN=N1', 'CC(=O)CC(=O)NC1=CC=C(I)C=C1', 'NC(=O)NC1=CC(I)=CC=C1', 'CCCNC(=O)C1=CC=CC(I)=C1', 'IC1=CC=C(CC(=O)N2CCCC2)C=C1', 'ClC1=CC=C(COC2=CC=C(I)C=C2)C=C1', 'CC1=CC(I)=CC(I)=C1', 'OC(=O)C1=CC=C(I)C=C1', 'CNC1=CC(I)=CC=C1', 'NC1=CC=CC(I)=C1', 'IC1=CC(I)=CC=C1', 'NC1=CC(I)=CC(I)=C1', 'OCC1=CC(I)=CC(I)=C1', 'NC1=C(OC2=CC(I)=CC=C2)C=CC=C1', 'COC1=C(O)C=CC(I)=C1', 'COC1=C(C(O)=O)C(I)=CC=C1', 'OC1=C(F)C=C(I)C=C1F', 'ClC1=C(Br)C=C(I)C=C1', 'IC1=CC=CC(=C1)N1CCCCC1', 'CC(C)OC1=CC=C(I)C=C1', 'FC1=CC(=CC(I)=C1)C(F)(F)F', 'NCCOC1=CC=C(I)C=C1', 'CCOC1=CC=C(I)C=C1', 'COC(=O)C1=C(I)C=CC=C1OC', 'IC1=CC=C(OCC2CC2)C=C1', 'OCC1=C(Cl)C=C(I)C=C1Cl', 'IC1=CC=C(CC(=O)N2CCCCC2)C=C1', 'OC1=CC=C(OC2=CC=C(I)C=C2)C=C1', 'FC1=CC(I)=CC=C1NC(=O)NC1CC1', 'OC1=C(F)C=C(I)C=C1', 'ClC1=C(CBr)C=CC(I)=C1', 'OC1=CC(I)=CC(O)=C1', 'CC1CC(C)(C)OB(O1)C1=CC=C(I)C=C1', 'CCN(CC)CC1=CC(I)=CC=C1', 'OC(=O)CCCOC1=CC=C(I)C=C1', 'OC[C@H]1CN(C(=O)O1)C1=CC=C(I)C=C1']"
5,"[1.8171556086662508, 1.8213344273755523]",1.9742882463864002,"['COC1=CC=C(C#N)C(I)=C1', 'NC1=CC(I)=C(C=C1)C#N']","['COC(=O)C1=C(I)C=CC=C1F', 'FS(F)(F)(F)(F)C1=CC=C(I)C=C1', 'OS(=O)(=O)C1=CC=CC(I)=C1', 'CC(Br)C(=O)N(C)C1=CC=C(I)C=C1', 'ClC1=CC=C(I)C=C1I', 'CC1=C(N=NN1C1=CC=C(I)C=C1)C(O)=O', 'CC(C)(C)OC(=O)C1=C(Br)C=C(I)C=C1', 'CNC(=O)C1=CC=CC(I)=C1', 'CCNS(=O)(=O)C1=CC=C(I)C=C1', 'CC(OC1=CC=C(I)C=C1)C(C)=O', 'FC(F)(F)C1=C(Br)C=CC(I)=C1', 'CC1(C)OB(OC1(C)C)C1=CC(I)=CC=C1', 'OC1=C(Br)C=C(I)C=C1', 'O[C@@H]1CCN(C1)S(=O)(=O)C1=CC=C(I)C=C1', 'ClC1=CC(Br)=CC(I)=C1', 'FC1=CC(I)=CC(Br)=C1', 'CS(=O)(=O)C1=CC=CC(I)=C1', 'ClC1=CC(I)=CC(Cl)=C1Br', 'FC(F)(F)C1=CC=C(I)C=C1Br', 'ClC1=CC(I)=CC(Cl)=C1', 'OC(=O)C1=C(Cl)C=C(I)C=C1Cl', 'CS(=O)(=O)C1=CC=C(I)C=C1', 'ClC1=CC=C(I)C=C1CBr', 'COC(=O)C1=C(Cl)C=C(I)C=C1', 'FC(F)(F)OC1=CC(Br)=CC(I)=C1', 'CC1=C(I)C=C(F)C(Br)=C1', 'CC1=C(C=CC(I)=C1)C#N', 'FC1=CC(I)=CC(F)=C1', 'FC(F)(F)C1=CC(Cl)=CC(I)=C1', 'ClC1(Cl)CCCN(C2=CC=C(I)C=C2)C1=O', 'CC1=CC=C(I)C(C(O)=O)=C1F', 'OC(=O)CCCCNC(=O)C1=CC(I)=CC=C1', 'FC(F)(F)C(F)(C1=CC=C(I)C=C1)C(F)(F)F', 'FC1=CC(I)=CC=C1C(F)(F)F', 'FC(F)(F)OC1=CC=C(I)C=C1Br', 'NS(=O)(=O)C1=CC=CC(I)=C1', 'CN(C)S(=O)(=O)C1=CC=C(I)C=C1', 'FC1=CC(I)=CC(F)=C1Br', 'FC1=C(Cl)C=C(I)C=C1Cl', 'CCOC(=O)C1=C(Cl)C=C(I)C=C1', 'OS(=O)(=O)C1=CC=C(I)C=C1', 'CNS(=O)(=O)C1=CC=C(I)C=C1']"
6,"[2.8388713109975274, 1.646082954609122]",2.0601041730975056,"['COC1=C(N)C=CC(I)=C1', 'CC(C)C1=CC(I)=CC(C(C)C)=C1O']","['CC(=O)NC1=CC(I)=C(C)C=C1', 'IC1=CC=C(OC2=CC=C(I)C=C2)C=C1', 'CC1=C(O)C=CC(I)=C1', 'CNC(=O)C1=CC=CC=C1I', 'CC(C)(C)[Si](C)(C)OCC1=CC=C(I)C=C1', 'COC1=CC=C(I)C(C(O)=O)=C1F', 'OC(=O)C1=C(I)C=CC=C1F', 'CCOC(=O)C1=CC=C(I)C=C1F', 'IC1=CC=C(C=C1)C1=CC=C(I)C=C1', 'CC1=C(I)C=C(Cl)C=C1N', 'IC1=CC=CC(=C1)C(=O)NC1CC1', 'OCC1=C(Cl)C=CC=C1I', 'CC1=C(F)C=C(F)C=C1I', 'COC(=O)C1=C(I)C=C(OC)C(OC)=C1', 'NC1=C(Cl)C=C(I)C=C1Cl', 'FC(F)(F)C1=CC(I)=CC=C1I', 'CCOC(=O)C1=C(I)C=CC=C1F', 'COC1=C(C)C=C(I)C=C1', 'OC(=O)C1=CC(I)=CC(I)=C1', 'IC1=C(C=CC=C1)N=C=S', 'IC1=CC=CC=C1N=C=O', 'NC1=C(O)C=C(I)C=C1', 'CC1=C(I)C=C(Br)C=C1', 'BrCC1=CC=C(I)C=C1Br', 'OC(=O)C1=C(I)C=CC=C1Cl', 'CCCNC(=O)C1=CC=CC=C1I', 'OC(=O)C1=C(I)C=CC(F)=C1Cl', 'IC1=CC=C(C=C1)C1=CN2C=CSC2=N1', 'COC(=O)C1=C(I)C=C(Br)C=C1C', 'COC1=C(N)C=C(I)C=C1', 'COC(=O)C1=C(F)C(Br)=CC=C1I', 'OCC1=C(O)C=CC(I)=C1', 'NC1=CC(I)=CC=C1O', 'COC(=O)C1=C(I)C=CC=C1Cl', 'NC1=C(OC(F)(F)F)C=C(I)C=C1', 'OC(=O)C1=C(Br)C=CC=C1I', 'CCNC(=O)C1=CC(Br)=CC=C1I', 'IC1=CC=CC=C1[N+]#[C-]', 'NC(=O)C1=C(I)C=CC(Br)=C1F', 'CC(C)NC(=O)C1=CC=CC(I)=C1']"
7,"[2.4187257357988816, 1.2912212333253115]",2.154039142321418,"['COC1=C(I)C=C(O)C=C1', 'COC1=C(Br)C=C(N)C(I)=C1']","['OC(=O)CNC1=CC=C(I)C=C1', 'IC1=CC=C(C=C1)S(=O)(=O)N1CCCC1', 'OCC1=C(I)C=C(C=C1)C(F)(F)F', 'NC1=C(Br)C=C(I)C=C1', 'NNC(=O)CNC1=CC=C(I)C=C1', 'IC1=CC=C(OCCCN2CCOCC2)C=C1', 'CC1=C(F)C=CC=C1I', 'NC1=C(C=C(I)C=C1)C(F)(F)F', 'CNC1=CC=C(I)C=C1C', 'CC1=C(I)C=C(CBr)C=C1', 'OC(=O)COC1=C(I)C=C(Cl)C=C1', 'COC1=C(F)C=CC=C1I', 'CC1=C(I)C=C(C=C1)C(F)(F)F', 'COC1=CC=C(COC2=CC=C(I)C=C2)C=C1', 'IC1=CC=C(C=C1)N1CCOCC1', 'CCCCCCCCOC1=CC=C(I)C=C1', 'OC1=C(F)C=C(I)C=C1I', 'NC(=O)C1=CC(I)=CC=C1', 'ClCC1=CC(I)=C(CCl)C=C1', 'IC1=CC=C(C=C1)N1CCCCC1', 'CC(C)(C)OC(=O)N[C@@H](CC1=CC=C(I)C=C1)C(O)=O', 'CCC[C@H]1CC[C@@H](CC1)C1=CC=C(I)C=C1', 'IC1=CC=C(C=C1)N1CCNCC1', 'CC(C)(C)C1=C(N)C=CC(I)=C1', 'IC1=CC=C(NC(=O)NCC2=CC=CC=C2)C=C1', 'CNC1=CC=C(I)C=C1', 'CC1=C(I)C=CC(Cl)=C1', 'COC1=CC(I)=C(Cl)C=C1', 'CCCCCC1=CC=C(C=C1)C1=CC=C(I)C=C1', 'BrCC1=C(Br)C=CC(I)=C1', 'COC1=CC=C(OC)C(I)=C1', 'OC[C@H]1N=C(O[C@@H]1C1=CC=C(I)C=C1)C1=CC=CC=C1', 'CC1(C)OB(OC1(C)C)C1=CC(O)=CC=C1I', 'FC1=CC(I)=C(NC(=O)CCl)C=C1', 'COC1=CC(B(O)O)=C(I)C=C1', 'FC1=CC(I)=C(C=C1)C#N', 'NC1=C(N)C=C(I)C=C1']"
8,"[2.835056692425329, 1.8070789161363876]",2.2506850364452258,"['COC(=O)C1=CC=C(I)C=C1N', 'NC1=CC(I)=CC(=C1)C(O)=O']","['OC1=CC=C(OC(F)(F)F)C=C1I', 'CC1=CC(I)=CC(I)=C1N', 'COC1=C(I)C=C(Br)C=C1F', 'IC1=CC=C(C=C1)N(C1=CC=CC=C1)C1=CC=CC=C1', 'CC1=CC(I)=C(O)C=C1Cl', 'FC1=CC=CC(I)=C1CBr', 'OC1=CC(=CC=C1I)C(=O)N1CCOCC1', 'COC1=CC=C(C=C1I)C(F)(F)F', 'COCOC1=C(I)C=CC=C1F', 'COC1=C(I)C=C(C=C1)C(O)=O', 'CCN(CC)C(=O)C1=CC(O)=C(I)C=C1', 'NC1=CC=C(C=C1I)C(F)(F)F', 'ClCC1=CC(Br)=CC=C1I', 'COC1=CC(CO)=CC(I)=C1O', 'OC1=C(Cl)C=C(Br)C=C1I', 'CCOC1=C(I)C=CC=C1', 'CC1=CC(I)=C(CO)C=C1C', 'CC1=CC(Br)=C(C)C=C1I', 'NC(=O)C1=CC(O)=C(I)C=C1', 'NC1=C(I)C=C(Br)C=C1F', 'CCOC(=O)C1=CC(I)=C(OC)C=C1', 'NC1=CC(Br)=C(Cl)C=C1I', 'NC1=C(I)C=C(F)C=C1', 'NC1=C(I)C=C(OC(F)(F)F)C=C1', 'COC(=O)C1=CC(I)=C(N)C(Br)=C1', 'ClCC(=O)NC1=CC=CC=C1I', 'NCC1=C(I)C=CC(Br)=C1', 'COC1=C(I)C=CC(=C1)C(C)C', 'CC(C)(C)NC(=O)C1=CC=CC=C1I', 'CCOC(=O)COC1=CC=CC=C1I', 'COC(=O)CCC1=CC(I)=C(O)C=C1', 'COC1=CC=CC(I)=C1OC', 'NC1=C(I)C=C(C=C1F)C(F)(F)F', 'CC1=CC(Cl)=CC(I)=C1N', 'FC(F)OC1=CC=CC=C1I', 'COC1=C(I)C=C(N)C=C1I']"
9,"[2.775536749805446, 1.8322744071131625]",2.356447405765198,"['COC1=C(C=O)C=CC(I)=C1', 'CC1=CC=C(C)N1C1=C(F)C=C(I)C=C1']","['IC1=CC=C(NC(=O)C2=CC=CC=C2)C=C1', 'IC1=CC=C(C=C1)C(=O)NC1CC1', 'CCOC(=O)C1=C(I)C=CC(C)=C1', 'COC(=O)C1=C(O)C=C(I)C=C1', 'IC1=CC=CC(OC2=NC=CC=N2)=C1', 'COC1=CC(I)=CC=C1C#N', 'IC1=CC2=C(C=C1)C1=C(C=CC=C1)C1=C2C=CC=C1', 'ClC1=CC2=C(C=C1)C=C(I)C=C2', 'OC(=O)C1=CC(I)=CC(O)=C1', 'COC(=O)C1=C(C)C(Cl)=CC(I)=C1', 'CC(C)(C)NC(=O)C1=CC=CC(I)=C1', 'ONC(=O)C1=CC(I)=CC=C1', 'OC(=O)C1=CC=C(I)C=C1O', 'COC(=O)C1=CC=C(I)C=C1OC', 'ONC(=O)C1=CC=C(I)C=C1', 'COC(=O)C1=CC(I)=CC(O)=C1', 'IC1=CC=CC(=C1)N=C=S', 'FC(F)(F)C(=O)CC1=CC=C(I)C=C1', 'OC1=C(Cl)C=C(I)C=C1I', 'COC(=O)C1=C(Br)C=C(I)C=C1', 'IC1=CC=C(OC2=NC=CC=N2)C=C1', 'COC(=O)C1=CC(OC)=CC(I)=C1', 'CCCNC(=O)C1=CC=C(I)C=C1', 'IC1=CC=C(NC2=NC=CC=N2)C=C1', 'COC1=CC(=CC(I)=C1)C(O)=O', 'OC(=O)C1=CC(=CC=C1)C1=CC=C(I)C=C1', 'COC(=O)C1=CC(C)=C(I)C=C1', 'SC1=CC(Cl)=CC=C1I', 'CCOC(=O)C1=CC(OC)=CC(I)=C1', 'OC1=CC(I)=CC=C1C1=C(O)C=C(I)C=C1', 'NC1=C(C(O)=O)C(I)=CC=C1', 'COC1=C(C=CC(I)=C1)C(O)=O', 'NC1=NC(=CS1)C1=CC=C(I)C=C1', 'COC(=O)C1=CC(I)=CC(N)=C1']"
