,obj_values ['rate'],Vendi_score,eval_samples,cut_samples
0,"[2.149924108392193, 2.4496938495797957]",1.4069164145668422,"['CS(=O)(=O)C1=CC=CC(I)=C1', 'COC(=O)C1=C(Cl)C(O)=C(I)C=C1']",[]
1,"[1.3436103511787736, 1.6626054670661083]",1.6566983372893591,"['COC(=O)C1=C(O)C(I)=CC(Br)=C1', 'CC(=O)C1=CC(I)=CC=C1O']","['IC1=C(C=CC=C1)N=C=S', 'IC1=CC=CC(=C1)C(=O)NC1CC1', 'CC(C)NC(=O)C1=CC=CC(I)=C1', 'IC1=CC=C(C=C1)N1C=NN=N1', 'FC(F)(F)C1=C(Cl)C=CC(I)=C1', 'IC1=CC(CC#N)=CC=C1', 'NC(=O)C1=C(Br)C=C(I)C=C1', 'CC1=CC(Cl)=CC(I)=C1', 'COC(=O)C1=C(Cl)C=C(I)C=C1', 'COC(=O)C1=C(I)C=CC=C1Cl', 'CC1=C(N=NN1C1=CC=C(I)C=C1)C(O)=O', 'IC1=CC=C(C=C1)C1(CC1)C#N', 'FS(F)(F)(F)(F)C1=CC=C(I)C=C1', 'IC1=CC=CC(=C1)C(=O)N1CCCC1', 'OS(=O)(=O)C1=CC=C(I)C=C1', 'FC1=CC(I)=CC=C1CC#N', 'OC(=O)C1=C(I)C=CC(F)=C1Cl', 'CN(C)S(=O)(=O)C1=CC=C(I)C=C1', 'CCCNC(=O)C1=CC=CC(I)=C1', 'CS(=O)(=O)C1=CC=C(I)C=C1', 'CCOC(=O)C1=C(Cl)C=C(I)C=C1', 'FC(F)(F)OC1=C(Cl)C=C(I)C=C1', 'COC(=O)C1=C(C)C(Cl)=CC(I)=C1', 'CN(C)C(=O)C1=CC(I)=CC=C1', 'CC(=O)OC1=CC=CC(I)=C1', 'FC(F)OC1=CC(I)=CC=C1', 'OS(=O)(=O)C1=CC=CC(I)=C1', 'NNS(=O)(=O)C1=CC=C(I)C=C1', 'CCNS(=O)(=O)C1=CC=C(I)C=C1', 'COC1=CC(=CC=C1I)C(O)=O', 'CCOC(=O)C1=CC=C(I)C=C1F', 'CS(=O)(=O)NC1=CC=C(I)C=C1F', 'CNS(=O)(=O)C1=CC=C(I)C=C1', 'CS(=O)(=O)NC1=CC(I)=CC=C1', 'FC1=C(Cl)C=C(I)C=C1Cl', 'BrC1=C(CC#N)C=C(I)C=C1', 'OCC1=CC(I)=CC(Cl)=C1', 'NS(=O)(=O)C1=CC=C(I)C=C1', 'OCC1=C(Cl)C=C(I)C=C1Cl', 'OC(=O)C1=C(I)C=CC=C1Cl', 'FC(F)(F)C(=O)NC1=CC(I)=CC=C1', 'CNC(=O)C1=CC=CC(I)=C1', 'OC(=O)C1=CC(I)=CC(I)=C1', 'COC(=O)C1=CC=C(I)C(O)=C1', 'ClC1=C(Cl)C=C(I)C=C1', 'NNC(=O)C1=CC=C(I)C=C1', 'FC(F)(F)C1=CC(Cl)=CC(I)=C1', 'COC(=O)C1=CC(I)=C(O)C(I)=C1', 'CON(C)C(=O)C1=CC=C(I)C=C1', 'OC(=O)C1=CC=C(I)C(O)=C1', 'CC1=CC=C(I)C(C(O)=O)=C1F', 'NS(=O)(=O)C1=CC=CC(I)=C1']"
2,"[2.4654276521552276, 1.431760767718446]",1.8455896939873857,"['CC1=CC(=CC=C1I)C(O)=O', 'ClCC1=CC(I)=C(CCl)C=C1']","['CCOC(=O)C1=CC(I)=CC=C1C', 'OC(=O)C1=CC(I)=CC=C1O', 'OC(=O)C1=CC(I)=CC=C1Cl', 'COC(=O)C1=CC(OC)=CC(I)=C1', 'COC1=CC(I)=CC(C=O)=C1O', 'CCOC(=O)CC(=O)C1=CC=CC(I)=C1', 'COC1=C(OCC=C)C(I)=CC(C=O)=C1', 'COC1=C(C=O)C=C(Br)C=C1I', 'OC1=C(I)C=C(C=C1I)C(F)(F)F', 'ONC(=O)C1=CC(I)=CC=C1', 'CC(=O)C1=CC(I)=CC=C1', 'NC(=O)C1=C(O)C=CC(I)=C1', 'CC1=C(C=C(I)C=C1)C#N', 'COC(=O)C1=C(C)C=CC(I)=C1', 'IC1=CC=C(OC2=NC=CC=N2)C=C1', 'COC(=O)C1=C(O)C=CC(I)=C1', 'OC(=O)C1=CC(I)=CC(I)=C1O', 'CC(C)(C)C1=CC(I)=CC(C=O)=C1O', 'IC1=CC=CC(=C1)N=C=S', 'CC1=C(Cl)C=C(I)C(O)=C1I', 'COC(=O)C1=C(Cl)C=CC(I)=C1', 'IC1=CC=CC(=C1)C(=O)C1=CC=CC=C1', 'COC(=O)C1=C(I)C=CC(O)=C1', 'ClC1=CC=C(I)C=C1I', 'COC1=C(OC)C(I)=CC(C=O)=C1', 'COC(=O)C1=CC(I)=CC(F)=C1F', 'CC1=C(C=C(I)C=C1Cl)C(O)=O', 'COC1=C(I)C=CC(C=O)=C1', 'ClC1=CC=C(I)C=C1C=O', 'FC(F)(F)C(=O)CC1=CC=C(I)C=C1', 'COC1=CC(=CC(I)=C1)C(O)=O', 'CCOC(=O)C1=C(O)C=CC(I)=C1', 'CCOC(=O)C1=C(F)C=CC(I)=C1', 'NNC(=O)C1=C(O)C=CC(I)=C1', 'COC(=O)C1=C(F)C=CC(I)=C1', 'CCC1=CC=C(I)C=C1C(O)=O', 'IC1=CC=C(OC2=C(C=O)C=CC=C2)C=C1', 'COC(=O)C1=CC(I)=CC(O)=C1', 'OC1=CC=C(I)C=C1C=O', 'CC(=O)C1=C(Br)C=CC(I)=C1', 'CC1=CC=C(I)C=C1C=O', 'COC(=O)C1=C(N)C(I)=CC(=C1)C(F)(F)F', 'NC(=O)C1=CC(I)=CC=C1', 'CC1=CC(I)=C(O)C(=C1)C(O)=O', 'OC(=O)C1=CC(I)=CC(O)=C1', 'CCOC(=O)C1=CC(OC)=CC(I)=C1', 'OC1=C(C=O)C=C(OC(F)(F)F)C=C1I', 'COC1=CC=C(I)C=C1C(O)=O', 'OC(=O)C1=CC(I)=CC(Cl)=C1F']"
3,"[2.775536749805446, 2.8277185696392966]",1.8948080105392175,"['COC1=C(C=O)C=CC(I)=C1', 'CNC(=O)C1=C(F)C=C(I)C=C1']","['COC(=O)C1=CC(I)=CC(=C1)C(O)=O', 'ONC(=O)C1=CC=C(I)C=C1', 'CC1=C(I)C=C(C=C1F)C(O)=O', 'CC(C)(C)OC(=O)C1=CC(I)=CC=C1', 'CC1=CC=C(C=O)C=C1I', 'CCC(=O)C1=CC=C(I)C=C1', 'CC1=C(I)C=CC=C1C=O', 'IC1=CC(C=O)=CC=C1', 'CC(=O)C1=C(I)C=CC(F)=C1', 'OC(=O)C1=CC=CC(I)=C1C(O)=O', 'CC1=CC(=CC(I)=C1)C(O)=O', 'CC1=CC=C(C(O)=O)C(I)=C1', 'CCOC(=O)C1=C(I)C=CC=C1F', 'CCC1=C(I)C=C(C=C1)C(O)=O', 'COC(=O)C1=C(Cl)C=C(C)C(I)=C1', 'IC1=CC(I)=CC=C1', 'COC(=O)C1=C(C(=O)OC)C(I)=CC=C1', 'CCOC(=O)C1=C(I)C=CC(Cl)=C1', 'IC1=CC=CC(OC2=NC=CC=N2)=C1', 'CCOC(=O)C1=CC=CC(I)=C1', 'CC1=CC=C(C=C1I)C(O)=O', 'CC1=CC(I)=CC(I)=C1', 'CC(=O)C1=CC=C(I)C=C1', 'OC(=O)C1=C(C=C(I)C=C1)C(O)=O', 'COC(=O)C1=CC(Cl)=CC(I)=C1', 'CCOC(=O)C1=CC=CC=C1I', 'COC(=O)C1=CC=CC=C1I', 'OC(=O)CCC1=NN=C(O1)C1=CC=CC=C1I', 'COC(=O)C1=CC=C(I)C=C1C(=O)OC', 'OC(=O)C1=CC(I)=C(C=C1)N1C=CC=N1', 'OCC1=C(Cl)C=CC=C1I', 'CC1=CC=C(I)C(C)=C1N(=O)=O', 'CC1=C(C=CC=C1I)C#N', 'CCOC(=O)C1=C(I)C=CC(C)=C1', 'COC(=O)C1=CC=CC(I)=C1', 'OC(=O)C1=CC(Cl)=CC(I)=C1', 'COC(=O)C1=C(C)C(I)=CC=C1', 'COC1=C(I)C=C(C=C1I)C(F)(F)F', 'CC1=C(C=C(Cl)C=C1I)C(O)=O', 'OC(=O)\\C=C\\C1=CC=CC(I)=C1', 'CCOC(=O)C1=CC(I)=C(C)C=C1', 'CC1=C(F)C=C(C=C1I)C(=O)NC1CC1', 'OC(=O)C1=CC(I)=CC(F)=C1F', 'COC(=O)C1=CC(I)=CC=C1Br', 'CC1=CC(C)=C(I)C=C1C(O)=O', 'COC(=O)C1=C(I)C=CC(C)=C1', 'COC(=O)C1=CC(I)=CC(F)=C1']"
4,"[2.492666235059106, 1.3271914565148584]",1.956127135907089,"['COC(=O)C1=CC(=CC=C1I)C#N', 'COC(=O)C1=CC=C(I)C(=C1)C(O)=O']","['IC1=CC=C(C=C1)C(=O)CC#N', 'COC(=O)C1=C(O)C=C(I)C=C1', 'CC(=O)C1=CC(Br)=CC(I)=C1', 'FC(F)(F)C1=CC(C=O)=CC(I)=C1', 'IC1=CC=C(C=C1)C(=O)C1=CC=CC=C1', 'CC(C)(C)NC(=O)C1=CC=CC(I)=C1', 'CC1=CC(=CC(I)=C1)C#N', 'IC1=CC=C(C=O)C=C1', 'OC(=O)C1=C(C=C(I)C=C1)C(F)(F)F', 'IC1=CC=C(C=C1)C(=O)CCCC#N', 'CC1=CC(C=O)=C(I)C=C1', 'CC(C)(C)NC(=O)C1=CC=C(I)C=C1', 'COC1=CC(I)=CC=C1C#N', 'COC1=C(C=CC(I)=C1)C(O)=O', 'CCCNC(=O)C1=CC=C(I)C=C1', 'FC1=CC=C(C=C1)C(=O)C1=C(Cl)C=CC(I)=C1', 'COC(=O)C1=CC(I)=CC(N)=C1', 'CC(C)(C)OC(=O)C1=CC=C(I)C=C1', 'COC(=O)C1=CC(=CC(I)=C1)C(F)(F)F', 'IC1=CC=C(C=C1)C(=O)C1=CC=CC=N1', 'IC1=CC=CC(=C1)C(=O)CC#N', 'FC1=CC=C(C=C1)C(=O)C1=CC=C(I)C=C1', 'CC(C)NC(=O)C1=CC=C(I)C=C1', 'OC(=O)C1=C(Cl)C=C(I)C=C1', 'NC1=CC(I)=CC(=C1)C(O)=O', 'OC(=O)C1=CC=C(I)C=C1F', 'OCC(=O)C1=CC=C(I)C=C1', 'COC(=O)C1=CC=C(I)C=C1OC', 'CC1=CC(C=O)=C(C)C=C1I', 'COC(=O)C1=CC(=CC(I)=C1)C(=O)OC', 'IC1=CC=C(C=C1)C(=O)CC1=CC=CC=C1', 'BrCC(=O)C1=CC(I)=CC=C1', 'IC1=CC(C=O)=CC(I)=C1', 'FC1=CC(I)=CC(C=O)=C1', 'OC(=O)C1=CC=C(I)C=C1O', 'OC(=O)CCC(=O)C1=CC=C(I)C=C1', 'COC(=O)C1=C(Br)C=C(I)C=C1', 'CCOC(=O)CC(=O)C1=CC=C(I)C=C1', 'IC1=CC=C(C=C1)C(=O)NCC1CC1', 'IC1=CC(C=O)=CC(C=O)=C1', 'OC(=O)C1=CC(I)=CC=C1Br', 'ClCC(=O)C1=CC=C(I)C=C1', 'OC(=O)\\C=C\\C1=CC=C(I)C=C1', 'IC1=CC=C(C=C1)C(=O)NC1CC1']"
5,"[2.534310221766964, 2.2750940565493107]",1.976182498723008,"['BrC1=C(C=CC(I)=C1)C#N', 'FC1=CC(I)=CC(F)=C1C=O']","['ClC1=CC(=CC(I)=C1)C#N', 'CC1=CC(I)=C(C=O)C=C1', 'COC(=O)C1=C(I)C=C(C=C1)C(O)=O', 'CC1=C(C)C=C(C=O)C(I)=C1', 'BrC1=C(C=O)C=C(I)C=C1', 'OC(=O)CCCCC(=O)C1=CC=C(I)C=C1', 'CC(=O)C1=CC(I)=C(C=C1)C(O)=O', 'FC1=CC=CC(I)=C1C=O', 'IC1=C(C=O)C=CC=C1', 'OC(=O)C1=C(Br)C=C(I)C=C1', 'COC(=O)C1=CC(=CC=C1I)C(F)(F)F', 'OC(=O)C1=C(I)C=CC(=C1)C#N', 'FC(F)(F)C1=CC=C(C=O)C(I)=C1', 'CCOC(=O)C1=C(I)C=C(Cl)C=C1', 'ClC1=C(C=O)C(I)=CC=C1', 'FC1=C(C=CC(I)=C1)C#N', 'OC(=O)C1=CC(I)=C(C=C1)C(F)(F)F', 'FC1=CC(C=O)=C(I)C=C1', 'COC(=O)C1=C(C=C(I)C=C1)S(N)(=O)=O', 'OC(=O)C1=C(I)C=C(C=C1)C(F)(F)F', 'BrCC(=O)C1=C(I)C=CC=C1', 'IC1=CC=CC(=C1)C#N', 'FC1=CC=C(C=O)C(I)=C1', 'FC(F)(F)C1=CC=C(I)C(C=O)=C1', 'COC1=CC(I)=C(C=O)C=C1OC', 'ClC1=C(C=CC(I)=C1)C#N', 'FC1=C(C=O)C=CC(I)=C1', 'FC(F)(F)C1=C(C=O)C=CC(I)=C1', 'IC1=CC=C(I)C(=C1)C#N', 'OC(=O)C1=CC(I)=CC(=C1)C(F)(F)F', 'IC1=CC=C(C=C1)S(=O)(=O)N1CCCC1', 'COC(=O)C1=CC(I)=C(C=C1)C(=O)OC', 'OC(=O)C1=CC(I)=C(C=C1)C(O)=O', 'COC(=O)C1=CC(I)=CC(Br)=C1', 'COC1=CC(I)=C(C=O)C=C1', 'CC1=C(C=CC(I)=C1)N(=O)=O', 'COC(=O)C1=C(I)C=CC(Br)=C1', 'OC(=O)C1=C(I)C=CC(Br)=C1', 'OC(=O)C1=C(I)C=C(F)C=C1', 'COC(=O)C1=CC=C(I)C(=C1)C(F)(F)F', 'FC1=C(Cl)C=CC(I)=C1C=O', 'OC(=O)C1=C(I)C=CC(I)=C1']"
6,"[2.728059811068916, 3.4995427797365037]",2.2072418506652425,"['NC1=CC(Cl)=CC(I)=C1', 'CN(C)C1=CC(F)=CC(I)=C1']","['IC1=CC=C(C=C1)C(=O)ON1C(=O)CCC1=O', 'FC1=C(C=C(I)C=C1)C#N', 'ClC1=CC(I)=CC(Cl)=C1C=O', 'IC1=CC=C(C=C1)N(=O)=O', 'FC1=CC=CC(I)=C1C#N', 'FC1=C(C=O)C(I)=CC=C1Br', 'CC1=CC=C(C=C1)C(=O)C1=CC(I)=CC=C1', 'FC(F)(F)C1=CC(I)=CC(=C1)C#N', 'BrC1=CC=C(C=O)C(I)=C1', 'FS(=O)(=O)C1=CC=C(I)C=C1', 'CC1=C(I)C=CC=C1N(=O)=O', 'OC(=O)C1=C(I)C=CC(Br)=C1F', 'BrC1=CC(I)=CC(=C1)C#N', 'BrC1=CC(C=O)=CC(I)=C1', 'ClC1=CC=C(C=C1)C(=O)C1=CC=C(I)C=C1', 'BrC1=CC(I)=CC=C1C=O', 'CCOC(=O)C1=CC(I)=CC(Br)=C1', 'OC(=O)C1=C(I)C=C(C=C1)C#N', 'OC(=O)C1=CC=C(Br)C=C1I', 'BrC1=CC=C(I)C(=C1)C#N', 'OC(=O)C1=C(C=CC(I)=C1)N(=O)=O', 'IC1=CC=C(C=C1)C(=O)NCC1=CC=CC=C1', 'IC1=C(C=CC=C1)C#N', 'BrCC(=O)C1=CC=C(I)C=C1', 'FC(F)(F)C1=C(C=C(I)C=C1)C#N', 'OC(=O)C1=CC(Br)=CC(I)=C1', 'FC(F)(F)C1=CC(I)=C(C=C1)C#N', 'COC1=C(C=O)C(I)=CC=C1', 'IC1=CC(=CC(I)=C1)C#N', 'IC1=CC=C(C=C1)C(=O)C1=CC=CC(=C1)C#N', 'ClC1=C(C=CC(I)=C1)N(=O)=O', 'BrC1=C(C=C(I)C=C1)C#N', 'COC1=C(C=CC(I)=C1)N(=O)=O', 'IC1=CC(=CC=C1)C(=O)ON1C(=O)CCC1=O', 'CC1=CC(I)=C(C)C=C1N(=O)=O', 'OC(=O)C1=CC(OC(F)(F)F)=C(I)C=C1', 'FC(F)(F)C1=CC=C(I)C(=C1)C#N', 'FC(F)(F)C(=O)C1=CC=C(I)C=C1', 'BrC1=C(C=O)C(I)=CC=C1', 'ClC1=CC(I)=C(C=C1)C#N']"
7,"[1.5557803041777847, 2.7436483281422004]",2.330706250372271,"['COC1=CC=CC(I)=C1OC', 'CNC1=CC(I)=CC=C1']","['OC(=O)C1=C(I)C=CC=C1F', 'FC(F)(F)C1=CC(I)=CC=C1C#N', 'OC(=O)COC1=CC=CC(I)=C1', 'ClCC(=O)NC1=CC(I)=CC=C1', 'FS(F)(F)(F)(F)C1=CC=CC(I)=C1', 'IC1=CC(=CC=C1)C(=O)NCC1=CC=CC=C1', 'COC(=O)C1=CC2=CC=CC=C2C=C1I', 'OC(=O)C1=C(O)C=CC=C1I', 'IC1=CC=CC(=C1)C1=CC=CC=C1', 'COC1=CC(F)=CC(I)=C1', 'CCOC(=O)C1=CC(I)=C(C=C1)C#N', 'IC1=CC=CC=C1C(=O)CC#N', 'ClC1=CC2=C(C=C1)C=C(I)C=C2', 'FC(F)(F)C1=CC(I)=CC=C1I', 'COC(=O)C1=CC=C(I)C=C1N', 'NC1=CC(I)=CC(I)=C1', 'COC1=C(Cl)C=CC(I)=C1', 'OCC1=CC(I)=CC(I)=C1', 'COC(=O)C1=C(I)C=CC=C1F', 'FC1=CC(I)=CC=C1N(=O)=O', 'OC(=O)C1=CC(=CC=C1)C1=CC=C(I)C=C1', 'COC1=CC(C=O)=C(I)C=C1', 'COC1=CC(Br)=CC(I)=C1', 'IC1=CC=CC(OCC#C)=C1', 'IC1=CC=C(C=C1)C(=O)OCC1=CC=CC=C1', 'CC(OC1=CC=C(I)C=C1)C(C)=O', 'COC1=CC(=CC(I)=C1)C(F)(F)F', 'COC1=CC(C=O)=C(OC)C=C1I', 'COC1=C(C(O)=O)C(I)=CC=C1', 'COC1=CC(I)=CC=C1I', 'BrC1=CC=C(C#N)C(I)=C1', 'COC1=CC(Cl)=CC(I)=C1', 'OC1=CC(Br)=CC(I)=C1', 'OC1=C(C=O)C(I)=CC=C1', 'NC1=C(C(O)=O)C(I)=CC=C1', 'IC1=CC=C(C=C1)C1=CC=C(O1)C=O', 'FC(F)(F)C1=CC=C(CBr)C(I)=C1']"
8,"[1.4894935731684589, 2.9551461909022327]",2.3777612171431204,"['ClC1=CC=C(I)C=C1CBr', 'CC(C)(C)C1=CC=C(I)C=C1']","['FC(F)(F)C(=O)NC1=CC=C(I)C=C1', 'FC1=CC(I)=C(NC(=O)CCl)C=C1', 'IC1=CC=C(CN2C=CN=C2)C=C1', 'CC(=C)C1=CC=C(I)C=C1', 'CC1=C(O)C=C(I)C=C1', 'OCC1=CC=C(I)C=C1O', 'CC(=O)OC1=CC=C(I)C=C1', 'COC(=O)C1=C(I)C=CC=C1OC', 'CC1=C(Cl)C=C(I)C=C1', 'IC1=CC=C(C=C1)C1=CC=CC=C1', 'CC1=CC=C(I)C=C1F', 'CC(=O)NC1=C(Cl)C=C(I)C=C1', 'IC1=CC=CC=C1N=C=O', 'IC1=CC=CC(C=C)=C1', 'IC1=CC=CC(=C1)N=C=O', 'COC1=CC(I)=CC=C1CO', 'NC(=O)NC1=CC(I)=CC=C1', 'FC1=C2C=CC=CC2=CC(I)=C1', 'COC(=O)CC1=CC=CC(I)=C1', 'CC1=C(I)C=C(Cl)C=C1N', 'COCCOC1=CC(I)=CC=C1', 'CS(=O)(=O)NC1=CC=C(I)C=C1', 'CCOC1=CC=CC(I)=C1', 'IC1=CC=C(C=C)C=C1', 'FC1=CC=C(OC2=CC=CC(I)=C2)C=C1', 'OC1=C(Cl)C=CC(I)=C1', 'IC1=CC=CC(CNC2CC2)=C1', 'COC1=C(F)C=CC(I)=C1', 'OC1=C(F)C=CC(I)=C1', 'OC(=O)CC1=CC=CC(I)=C1', 'COC1=C(I)C=C(N)C=C1I', 'IC1=CC=C(C=C1)N1C=CC=N1', 'IC1=CC(OC2=CC=CC=C2)=CC=C1', 'NC1=C(F)C=CC(I)=C1', 'OC1=CC(I)=CC(O)=C1', 'NC1=CC(I)=CC(F)=C1']"
9,"[1.8571059726533383, 1.8931948549431095]",2.4963537761854546,"['CCN1CCN(CC1)C(=O)C1=CC=C(I)C=C1', 'IC1=CC=CC(=C1)N1CCCCC1']","['OC(=O)CCC1=CC(I)=CC=C1', 'CCCCC1=CC=C(I)C=C1', 'CC1=CC(I)=CC(F)=C1', 'NC1(CC1)C1=CC=C(I)C=C1', 'OCCC1=CC=C(I)C=C1', 'CC(=O)SCC1=CC(I)=CC=C1', 'COC(=O)C1=CC=C(I)C=C1C', 'C[C@H](O)C1=CC=C(I)C=C1', 'FC(F)C1=CC(I)=CC=C1', 'IC1=CC=C(C=C1)N1CCC(=O)NC1=O', 'IC1=CC=C(OC2=CC=C(C=C2)C#N)C=C1', 'CCOC(=O)CC1=CC(I)=CC=C1', 'NCCC1=CC=C(I)C=C1', 'FC(F)C(F)(F)OC1=CC=C(I)C=C1', 'OC(=O)COC1=CC=C(I)C=C1', 'IC1=CC=CC(=C1)C(=O)N1CCOCC1', 'CC1=CC(Br)=CC(I)=C1', 'CC(C)CC1=CC=C(I)C=C1', 'FC(F)OC1=CC=C(I)C=C1', 'ClCC(=O)NC1=CC=C(I)C=C1', 'OB(O)C1=CC=C(I)C=C1', 'COC(=O)CCC1=CC=C(I)C=C1', 'OB(O)C1=CC(Br)=CC(I)=C1', 'OCC1=CC(Br)=CC(I)=C1', 'CC(C)C1=CC(I)=CC(Br)=C1', 'CC1=CC=C(I)C=C1Br', 'NC(CC1=CC=CC(I)=C1)C(O)=O', 'IC1=CC=C(OCC#N)C=C1', 'NC(=O)CC1=CC=C(I)C=C1', 'OC(=O)C1(CC1)C1=CC=C(I)C=C1', 'OC(=O)CC1=CC=C(I)C=C1', 'IC1=CC=C(C=C1)C(=O)N1CCCC1', 'COC1=C(F)C=C(I)C=C1', 'BrCC1=CC=C(I)C=C1']"
