,obj_values ['rate'],Vendi_score,eval_samples,cut_samples
0,"[1.452077225231258, 2.184441713215909]",1.3907587504393366,"['OC(=O)CCC1=CC(I)=CC=C1', 'OC(=O)CCC(=O)C1=CC=C(I)C=C1']",[]
1,"[5.623106657335825, 2.527112553045981]",1.383147325268794,"['ClC1=CC=C(C=C1)C(=O)C1=CC=C(I)C=C1', 'IC1=CC=C(C=C1)C(=O)C1=CC=CC(=C1)C#N']","['COC(=O)CCC1=CC=C(I)C=C1', 'CC(C)NC(=O)C1=CC=CC(I)=C1', 'OC(=O)CCCCC(=O)C1=CC=C(I)C=C1', 'IC1=CC=C(C=C1)C(=O)N1CCOCC1', 'CC(C)(C)OC(=O)C1=CC=C(I)C=C1', 'ONC(=O)C1=CC(I)=CC=C1', 'COC(=O)C1=CC=C(I)C=C1C', 'IC1=CC=CC(=C1)C(=O)NC1CC1', 'CC1=CC(Cl)=CC(I)=C1', 'OCC1=CC(I)=CC(Cl)=C1', 'IC1=CC(=CC=C1)C(=O)NCC1=CC=CC=C1', 'OC(=O)COC1=CC=CC(I)=C1', 'IC1=CC=CC(=C1)C(=O)N1CCCC1', 'FC(F)(F)C(=O)CC1=CC=C(I)C=C1', 'OCCC1=CC=C(I)C=C1', 'OC(=O)CCCC1=CC=C(I)C=C1', 'OC(=O)C1(CC1)C1=CC=C(I)C=C1', 'CCCNC(=O)C1=CC=CC(I)=C1', 'COC(=O)CC1=CC=CC(I)=C1', 'OCC1=CC(I)=CC(I)=C1', 'CN(C)C(=O)C1=CC(I)=CC=C1', 'CCOC(=O)CC(=O)C1=CC=C(I)C=C1', 'CC(=O)OC1=CC=CC(I)=C1', 'IC1=CC=C(CN2C=CN=C2)C=C1', 'FC(F)OC1=CC(I)=CC=C1', 'NC(=O)CC1=CC=C(I)C=C1', 'CC(C)C1=CC=CC(I)=C1', 'IC1=CC=CC(=C1)C1=CC=CC=C1', 'FC1=CC=C(C=C1)C(=O)C1=CC=C(I)C=C1', 'IC1=CC=CC(=C1)C(=O)N1CCOCC1', 'CCOC(=O)CC1=CC(I)=CC=C1', 'IC1=CC=C(C=C1)C(=O)CC1=CC=CC=C1', 'COC(=O)C1=CC=C(I)C=C1OC', 'IC1=CC(CC2=CC=CC=C2)=CC=C1', 'FC(F)(F)C(=O)NC1=CC(I)=CC=C1', 'CNC(=O)C1=CC=CC(I)=C1', 'NNC(=O)C1=CC=C(I)C=C1', 'OC(=O)CC1=CC=C(I)C=C1', 'OB(O)C1=CC=C(I)C=C1', 'NC(=O)C1=CC(I)=CC=C1', 'OC(=O)CC1=CC=CC(I)=C1', 'IC1=CC=C(C=C1)C(=O)N1CCCC1', 'CCC(=O)C1=CC=C(I)C=C1', 'CON(C)C(=O)C1=CC=C(I)C=C1', 'IC1=CC=C(C=C1)C(=O)C1=CC=CC=C1', 'OC(C1=CC=CC=C1)C1=CC(I)=CC=C1', 'CS(=O)(=O)NC1=CC(I)=CC=C1', 'IC1=CC=C(C=C1)C(=O)CCCC#N', 'CC(=O)SCC1=CC(I)=CC=C1', 'CCOC(=O)C1=CC=C(I)C=C1F', 'CC1=CC(I)=CC(I)=C1', 'IC1=CC=C(C=C1)C1(CC1)C#N']"
2,"[3.344527528032054, 3.512549900548402]",1.5109884292860714,"['ClC1=CC=C2OC(=O)C(=CC2=C1)C1=CC=C(I)C=C1', 'CC1=NN=C(N=N1)C1=CC=C(I)C=C1']","['FC1=CC=C(C=C1)C(=O)C1=C(Cl)C=CC(I)=C1', 'IC1=CC=C(OC2=NC=CC=N2)C=C1', 'CC(C)NC(=O)C1=CC=C(I)C=C1', 'IC1=CC=C(OC2=C(C=O)C=CC=C2)C=C1', 'OC(=O)\\C=C\\C1=CC=C(I)C=C1', 'OC(=O)C1=CC(=CC=C1)C1=CC=C(I)C=C1', 'OC(=O)C1=CC(I)=CC(O)=C1', 'OC(=O)C1=C(Cl)C=C(I)C=C1', 'CCCNC(=O)C1=CC=C(I)C=C1', 'IC1=CC=CC(OC2=NC=CC=N2)=C1', 'IC1=CC=C(C=C1)C(=O)C1=CC=CC=N1', 'IC1=CC=C(C=C1)C(=O)CC#N', 'COC(=O)C1=CC=C(I)C=C1C(=O)OC', 'IC1=CC=C(C=C1)S(=O)(=O)N1CCCC1', 'CCOC(=O)CC(=O)C1=CC=CC(I)=C1', 'CC1=C(C=CC(I)=C1)N(=O)=O', 'CC(=O)C1=CC(I)=CC=C1', 'IC1=CC=C(C=C1)C(=O)NCC1CC1', 'CC(=O)C1=CC=C(I)C=C1', 'OC(=O)C1=C(C=C(I)C=C1)C(O)=O', 'CC1=CC=C(C=C1)C(=O)C1=CC(I)=CC=C1', 'FC(F)(F)C(=O)C1=CC=C(I)C=C1', 'COC1=C(C=CC(I)=C1)C(O)=O', 'COC(=O)C1=CC(OC)=CC(I)=C1', 'CC(C)(C)NC(=O)C1=CC=C(I)C=C1', 'IC1=CC=C(C=C1)C(=O)NCC1=CC=CC=C1', 'COC(=O)C1=CC(Cl)=CC(I)=C1', 'IC1=CC=C(C=C1)C(=O)OCC1=CC=CC=C1', 'OC(=O)C1=CC=C(I)C=C1O', 'IC1=CC=CC(=C1)C(=O)C1=CC=CC=C1', 'COC1=CC(=CC(I)=C1)C(O)=O', 'ClCC(=O)C1=CC=C(I)C=C1', 'CC(C)(C)OC(=O)CC1=CC(I)=CC=C1N(=O)=O', 'OCC(=O)C1=CC=C(I)C=C1', 'CCOC(=O)C1=CC(OC)=CC(I)=C1', 'BrCC(=O)C1=CC=C(I)C=C1', 'BrC1=CC=C(C=C1)C(=O)C1=CC=C(I)C=C1', 'COC(=O)C1=C(C)C(Cl)=CC(I)=C1', 'COC(=O)C1=C(Br)C=C(I)C=C1', 'CNC(=O)C1=C(F)C=C(I)C=C1', 'IC1=CC=CC(=C1)C(=O)CC#N', 'COC(=O)C1=CC(I)=CC(O)=C1', 'ONC(=O)C1=CC=C(I)C=C1', 'CCOC(=O)C1=CC=C(C=C1)C(=O)C1=CC=C(I)C=C1', 'IC1=CC=C(C=C1)C(=O)NC1CC1', 'FC(F)(F)C1=C(C=O)C=CC(I)=C1', 'CC(C)(C)NC(=O)C1=CC=CC(I)=C1', 'COC1=C(C=O)C=CC(I)=C1', 'IC1=CC=CC(=C1)N=C=S']"
3,"[2.376353877547846, 1.7228879150827126]",1.6575721618751398,"['IC1=CC=C(C=C1)C1=CC=C(C=C1)C1=CC=C(I)C=C1', 'IC1=CC=C(\\C=C\\C2=CC=C(I)C=C2)C=C1']","['FC1=CC(I)=CC(C=O)=C1', 'COC1=C(C=CC(I)=C1)N(=O)=O', 'IC1=CC=C(C=C1)N(=O)=O', 'COC(=O)C1=C(O)C=C(I)C=C1', 'CC1=CC=C(I)C=C1C=O', 'BrC1=CN=C(OC2=CC=C(I)C=C2)N=C1', 'OC(=O)C1=C(C=C(I)C=C1)C(F)(F)F', 'IC1=CC=C(C=C1)\\N=N\\C1=CC=C(I)C=C1', 'COC(=O)C1=C(Cl)C=CC(I)=C1', 'CCOC(=O)C1=CC(I)=CC=C1C', 'IC1=CC2=C(C=C1)C1=C(C=CC=C1)C1=C2C=CC=C1', 'COC(=O)C1=CC(=CC(I)=C1)C(=O)OC', 'COC(=O)C1=CC(I)=CC(F)=C1', 'BrC1=CC(C=O)=CC(I)=C1', 'COC(=O)C1=CC(I)=CC(=C1)C(O)=O', 'CC(C)(C)OC(=O)NC1=CC(=CC(I)=C1)C(O)=O', 'COC(=O)C1=CC(I)=CC(N)=C1', 'IC1=CC(=CC=C1)C(=O)ON1C(=O)CCC1=O', 'CC(=O)C1=C(Br)C=CC(I)=C1', 'IC1=CC(C=O)=CC=C1', 'FC(F)(F)C1=CC(C=O)=CC(I)=C1', 'CC(=O)C1=CC(Br)=CC(I)=C1', 'CC1=CC(=CC(I)=C1)C(O)=O', 'OC(=O)\\C=C\\C1=CC=CC(I)=C1', 'IC1=CC=C(C=O)C=C1', 'IC1=CC=C(C=C1)C(=O)ON1C(=O)CCC1=O', 'FC1=C(C=O)C=CC(I)=C1', 'CCOC(=O)C1=CC=CC(I)=C1', 'IC1=CC=C(C=C1)C1=CC2=CC=CC=C2OC1=O', 'IC1=CC(I)=CC=C1', 'COC(=O)C1=CC=CC(I)=C1', 'IC1=CC=C(C=C1)N1C(=O)C=CC1=O', 'IC1=CC(=CC(=C1)C1=CC=CC=C1)C1=CC=CC=C1', 'CC(C)(C)OC(=O)C1=CC(I)=CC=C1', 'BrC1=CC(I)=CC=C1C=O', 'CC1=C(C=C(I)C=C1Cl)C(O)=O', 'OC(=O)C1=C(NC2=CC=C(I)C=C2F)C=NC=C1', 'CCC1=CC=C(I)C=C1C(O)=O', 'ClC1=CC=C(I)C=C1I', 'ClC1=CC=C(I)C=C1C=O', 'ClC1=CC2=C(C=C1)C=C(I)C=C2', 'IC1=CC(C=O)=CC(I)=C1', 'BrCC(=O)C1=CC(I)=CC=C1', 'OC(=O)C1=CC(I)=CC(I)=C1', 'IC1=CC=C(C=C1)C1=CC=C(O1)C=O', 'BrC1=C(C=O)C=C(I)C=C1', 'IC1=CC(C=O)=CC(C=O)=C1']"
4,"[3.715714147327288, 1.962785387425947]",1.8259574948416981,"['OC(=O)C1=C(Cl)C=C(I)C=C1Cl', 'FS(F)(F)(F)(F)C1=CC=C(I)C=C1']","['IC1=CC=C(NC(=O)C2=CC=CC=C2)C=C1', 'COC1=CC(I)=CC=C1I', 'CC(C)(C)OC(=O)C1=CC(Br)=CC(I)=C1', 'CCOC(=O)C(=CNC1=CC=C(I)C=C1C)C(=O)OCC', 'COC(=O)C1=C(C)C=CC(I)=C1', 'CC(C)(C)OC(=O)C1=C(Br)C=C(I)C=C1', 'ClC1=C(C=C(I)C=C1)C(=O)C1=CC=C(O[C@H]2CCOC2)C=C1', 'FS(F)(F)(F)(F)C1=CC=CC(I)=C1', 'COC(=O)C1=CC(=CC(I)=C1)C(F)(F)F', 'IC1=CC=C(C=C1)N1C2=C(C=CC=C2)C2=C1C=CC=C2', 'OC1=CC(I)=CC=C1C1=C(O)C=C(I)C=C1', 'IC1=CC=C(OC2=CC=C(C=C2)C#N)C=C1', 'COC1=CC=C2OC(=O)C(=CC2=C1)C1=CC=C(I)C=C1', 'COC(=O)C1=CC(I)=CC=C1Br', 'COC1=CC=C(C=C1)C(=O)NC1=CC=C(I)C=C1', 'NC1=CC(I)=CC(=C1)C(O)=O', 'OC(=O)C1=CC(I)=CC=C1Br', 'CC(=O)C1=CC(I)=C(C=C1)C(O)=O', 'OC(=O)C1=C(Br)C=C(I)C=C1', 'OC(=O)C1=CC(Cl)=CC(I)=C1', 'OC(=O)C1=C(NC2=CC=C(I)C=C2Cl)C(F)=C(F)C=C1', 'ClC1=CC(I)=CC(Cl)=C1C=O', 'BrC1=CC2=CC=C(I)C=C2C=C1', 'ClC1=C(C=CC(I)=C1)N(=O)=O', 'COC(=O)C1=CC=C(I)C=C1N', 'COC(=O)C1=CC(I)=CC(Br)=C1', 'COC(=O)C1=C(Cl)C=C(I)C=C1', 'COC(=O)C1=C(C=C(I)C=C1)S(N)(=O)=O', 'CCOC(=O)C1=CC2=CC=CC=C2C=C1I', 'BrC1=CC=C(C=C1)C1=CC=CC(I)=C1', 'ClC1=C(C=CC(I)=C1)C1=NN=C(Br)S1', 'COC(=O)C1=CC2=CC=CC=C2C=C1I', 'IC1=CC=C(C=C1)C(=O)NC1CCCCC1', 'CCOC(=O)C1=C(I)C=CC(C)=C1', 'CCOC(=O)C1=C(Cl)C=C(I)C=C1', 'OC(=O)CCCCNC(=O)C1=CC(I)=CC=C1', 'CCOC(=O)C1=C(F)C=CC(I)=C1', 'CCOC(=O)C1=CC(I)=CC(Br)=C1', 'COC1=CC(I)=CC=C1C#N', 'OC(=O)C1=CC(I)=CC=C1Cl', 'CC1=C(C=C(I)C=C1)C(=O)C1=CC=C(S1)C1=CC=C(F)C=C1', 'IC1=CC=C(C=C1)C1=CC=C(I)C=C1', 'IC1=CC=C(OC2=CC=C(I)C=C2)C=C1', 'OC(=O)C1=C(C=CC(I)=C1)N(=O)=O']"
5,"[2.3150828323224255, 1.8703582717404925]",1.944411078389491,"['BrC1=CC(I)=CC(Br)=C1', 'ClC1=CC(Br)=CC(I)=C1']","['IC1=CC(=CC(I)=C1)C#N', 'CC1=C(N=NN1C1=CC=C(I)C=C1)C(O)=O', 'NC(=O)C1=C(Br)C=C(I)C=C1', 'CC1=CC(Br)=CC(I)=C1', 'FC(F)(F)OC1=C(Cl)C=C(I)C=C1', 'FC(F)(F)C1=C(Cl)C=CC(I)=C1', 'CC(C)NC(=O)CC1=CC=C(I)C=C1', 'CCNS(=O)(=O)C1=CC=C(I)C=C1', 'NNS(=O)(=O)C1=CC=C(I)C=C1', 'CS(=O)(=O)C1=CC=CC(I)=C1', 'FC1=CC(I)=CC=C1CC#N', 'IC1=CC=C(C=C1)N1C=NN=N1', 'CC(C)C1=CC(I)=CC(Br)=C1', 'OB(O)C1=CC(Br)=CC(I)=C1', 'FC1=C(Cl)C=C(I)C=C1Cl', 'FC1=CC(I)=CC=C1CBr', 'CNS(=O)(=O)C1=CC=C(I)C=C1', 'NS(=O)(=O)C1=CC=C(I)C=C1', 'FC1=CC(I)=CC=C1C(F)(F)F', 'CC1=C(Cl)C=C(I)C=C1Cl', 'CC1=C(C=CC(I)=C1)C#N', 'OCC1=C(Cl)C=C(I)C=C1Cl', 'CS(=O)(=O)NC1=CC=C(I)C=C1F', 'FC(F)(F)C1=CC(Cl)=CC(I)=C1', 'ClC1=CC(I)=CC(Cl)=C1', 'OCC1=CC(Br)=CC(I)=C1', 'ClC1=CC=C(C=C1)C1=CC=C(I)C=C1', 'BrC1=CC(I)=CC(I)=C1', 'FC(F)(F)C(=O)NC1=CC=C(I)C=C1', 'ClC1=CC=C(I)C=C1CBr', 'FC(F)(F)C1=CC(I)=CC=C1I', 'ClC1=C(Cl)C=C(I)C=C1', 'CS(=O)(=O)C1=CC=C(I)C=C1', 'OC(=O)C1=CC=C(I)C=C1', 'CN(C)S(=O)(=O)C1=CC=C(I)C=C1', 'FC(F)(F)C(F)(C1=CC=C(I)C=C1)C(F)(F)F', 'FC1=CC(=CC(I)=C1)C(F)(F)F', 'CC(C)(C)C1=CC(I)=CC(Br)=C1', 'OS(=O)(=O)C1=CC=C(I)C=C1', 'OS(=O)(=O)C1=CC=CC(I)=C1', 'FC(F)C(F)(F)OC1=CC=C(I)C=C1', 'O[C@@H]1CCN(C1)S(=O)(=O)C1=CC=C(I)C=C1']"
6,"[4.089181710880199, 2.2750940565493107]",2.012158053698328,"['FC1=CC(I)=CC=C1N(=O)=O', 'FC1=CC(I)=CC(F)=C1C=O']","['CC1=CC=C(I)C=C1Br', 'FC(F)(F)OC1=CC=C(I)C=C1Br', 'ClCC(=O)NC1=CC(I)=CC=C1', 'OC(=O)C1=CC(Br)=CC(I)=C1', 'OC(=O)C1=C(I)C=CC(Br)=C1F', 'ClC1=CC(I)=CC=C1Br', 'OC1=CC(Br)=CC(I)=C1', 'ClC1=CC(I)=CC(Cl)=C1Br', 'FC1=CC=C(OC2=CC=CC(I)=C2)C=C1', 'FC1=CC(I)=CC(Br)=C1', 'FC(F)(F)C1=CC(Br)=CC(I)=C1', 'IC1=CC=CC(=C1)N=C=O', 'OCC1=CC(I)=CC(F)=C1', 'BrC1=CC=CC(I)=C1', 'OC1=C(Cl)C=C(I)C=C1I', 'CC1=C(Br)C(F)=CC(I)=C1', 'BrC1=C(CC#N)C=C(I)C=C1', 'COC(=O)C1=C(F)C(Br)=CC=C1I', 'FC(F)C1=CC(I)=CC=C1', 'COC1=C(Cl)C=CC(I)=C1', 'CC1=C(Br)C=CC(I)=C1', 'FC(F)(F)C1=C(Br)C=CC(I)=C1', 'OC1=C(F)C=C(I)C=C1I', 'CC1=C(Cl)C=C(I)C=C1', 'COC1=CC(Br)=CC(I)=C1', 'ClC1=C(Br)C=C(I)C=C1', 'IC1=CC(CC#N)=CC=C1', 'CC1=CC(I)=CC(F)=C1', 'FC1=CC(I)=CC(F)=C1Br', 'FC(F)(F)OC1=CC(Br)=CC(I)=C1', 'FC(F)(F)C1=CC=C(I)C=C1Br', 'FC(F)C1=C(Br)C=CC(I)=C1', 'ClC1=C(CBr)C=CC(I)=C1', 'CC(Br)C(=O)N(C)C1=CC=C(I)C=C1', 'BrC1=CC=CC(=C1)C1=CC=C(I)C=C1', 'FC(F)C1=CC=C(I)C=C1', 'NS(=O)(=O)C1=CC=CC(I)=C1', 'FC(F)C1=CC(Br)=CC(I)=C1', 'CC1=CC(I)=CC(C)=C1Br', 'BrCC1=CC=C(I)C=C1']"
7,"[2.668857624263255, 1.6139120615618865]",2.266572898622893,"['ClC1=C(C=CC(I)=C1)C#N', 'BrC1=C(Br)C=C(I)C(I)=C1']","['CCOC(=O)C1=C(I)C=CC=C1F', 'OC(=O)C1=CC=C(I)C=C1F', 'COC1=C(Br)C=CC(I)=C1', 'OC(=O)C1=C(C=C(I)C=C1)N(=O)=O', 'IC1=CC=C(I)C(=C1)C#N', 'COC(=O)C1=CC=C(I)C=C1N(=O)=O', 'BrC1=C(C=CC(I)=C1)C#N', 'CS(=O)(=O)NC1=CC=C(I)C=C1', 'OC(=O)C1=CC(I)=CC(=C1)C(F)(F)F', 'CCOC(=O)C1=CC=CC=C1I', 'OC(=O)C1=C(Br)C=CC=C1I', 'OC(=O)C1=CC(I)=CC(Cl)=C1F', 'COC(=O)C1=CC(I)=CC(F)=C1F', 'OC(=O)C1=C(I)C=CC=C1Cl', 'ClC1=CC(=CC(I)=C1)C#N', 'IC1=CC(C=O)=C(I)C(I)=C1', 'BrC1=CC=C(I)C=C1', 'IC1=CC=C(C=C1)N1CCC(=O)NC1=O', 'OC1=C(Cl)C=CC(I)=C1', 'BrCC1=CC=C(I)C=C1Br', 'SC1=CC=C(I)C=C1Cl', 'COC(=O)C1=C(F)C=CC(I)=C1', 'FC1=CC(I)=CC(F)=C1', 'COC1=CC(=CC(I)=C1)C(F)(F)F', 'IC1=CC(I)=CC(I)=C1', 'OC1=CC(I)=CC=C1N(=O)=O', 'COC(=O)C1=C(I)C=CC=C1F', 'NC(=O)C1=CN=C(OC2=CC=C(I)C=C2)C=C1', 'ClC1=CC=C(OC2=CC=C(I)C=C2)C=C1Cl', 'CC(=O)OC1=CC=C(I)C=C1', 'OC(=O)C1=CC(I)=CC(F)=C1F', 'IC1=CC(=C(C=O)C=C1)N(=O)=O', 'CC1=CC(=CC(I)=C1)C#N', 'BrC1=CC(I)=CC(=C1)C#N', 'ClC1=CC=C(I)C=C1', 'BrCC1=C(Br)C=CC(I)=C1', 'COC(=O)C1=C(I)C=CC(C)=C1']"
8,"[2.3588493330500397, 2.0641889349052684]",2.3580285463642716,"['CC1=C(I)C=CC(=C1)N(=O)=O', 'COC(=O)C1=C(I)C=CC(=C1)N(=O)=O']","['COC(=O)C1=C(I)C=CC=C1Cl', 'FC(F)(F)C1=CC(I)=CC=C1C#N', 'FS(=O)(=O)C1=CC=C(I)C=C1', 'OC(=O)CCC1=NN=C(O1)C1=CC=CC=C1I', 'CC1=C(C=C(I)C=C1)C#N', 'CS(=O)(=O)C1=CC(=CC(I)=C1)S(C)(=O)=O', 'COC(=O)C1=C(I)C=C(Br)C=C1C', 'FC(F)(F)C1=C(C=C(I)C=C1)C#N', 'COC1=C(Br)C=C(I)C=C1Br', 'FC1=C(C=CC(I)=C1)C#N', 'FC1=CC(I)=CC=C1', 'FC(F)(F)C1=CC(I)=CC(=C1)C#N', 'COC1=CC(=CC(I)=C1)N(=O)=O', 'CCOC(=O)C1=C(I)C=CC(Cl)=C1', 'CC1=CC(I)=C(C)C=C1N(=O)=O', 'IC1=CC=CC(=C1)C#N', 'FC(F)(F)C1=CC=C(C=O)C(I)=C1', 'CC1=C(C=C(Cl)C=C1I)C(O)=O', 'CC1=CC=C(I)C=C1N(=O)=O', 'OC(=O)C1=C(I)C=CC=C1F', 'COC(=O)C1=CC=CC=C1I', 'BrCC1=CC(CBr)=CC(I)=C1', 'CCOC(=O)C1=C(I)C=C(Cl)C=C1', 'OCC1=CC=C(I)C=C1N(=O)=O', 'FC1=C(Cl)C=CC(I)=C1C=O', 'BrC1=CC=C(I)C(=C1)C#N', 'CC1=CC=C(I)C=C1F', 'OC(=O)C1=C(I)C=CC(I)=C1', 'BrC1=C(C=C(I)C=C1)C#N', 'IC1=CC(=C(I)C=C1)N(=O)=O', 'BrC1=CC=C(C=O)C(I)=C1', 'FC(F)(F)C1=CC=C(I)C(C=O)=C1', 'OC(=O)C1=C(I)C=C(F)C=C1', 'OC(=O)C1=C(I)C=CC(Br)=C1', 'CC1=CC=C(C(O)=O)C(I)=C1', 'COC(=O)C1=C(I)C=CC(Br)=C1']"
9,"[4.263919929980954, 2.7952971175111547]",2.387716072790909,"['ClC1=CC(I)=CC(=C1)N(=O)=O', 'FC1=CC(=CC(I)=C1)N(=O)=O']","['IC1=C(C=O)C=CC=C1', 'CC1=C(I)C=CC=C1N(=O)=O', 'COC(=O)C1=CC=C(I)C(=C1)C(O)=O', 'COC(=O)C1=CC(I)=C(C=C1)C(=O)OC', 'COC(=O)C1=CC(=CC=C1I)C#N', 'ClC1=CC(I)=C(C=C1)C#N', 'COC1=CC(I)=C(C=O)C=C1', 'COC(=O)C1=C(C(=O)OC)C(I)=CC=C1', 'FC1=CC=C(C=O)C(I)=C1', 'FC1=CC=CC(I)=C1C=O', 'FC(F)(F)C1=CC=C(I)C(=C1)C#N', 'COC(=O)C1=C(I)C=C(C=C1)C(O)=O', 'OC(=O)C1=CC(I)=C(C=C1)C(O)=O', 'IC1=CC(C=O)=CC=C1C=O', 'BrCC(=O)C1=C(I)C=CC=C1', 'CC1=C(F)C=C(C=C1I)C(=O)NC1CC1', 'FC(F)(F)C1=CC(I)=C(C=C1)C#N', 'FC1=CC(C=O)=C(I)C=C1', 'FC1=C(C=O)C(I)=CC=C1Br', 'CC1=CC(I)=CC(=C1)N(=O)=O', 'OC(=O)C1=C(I)C=C(C=C1)C(F)(F)F', 'CC1=CC(I)=C(C=O)C=C1', 'OC(=O)C1=CC(Br)=C(Cl)C=C1I', 'CCOC(=O)C1=CC(I)=C(C=C1)C#N', 'ClC1=C(C=O)C(I)=CC=C1', 'CC1=CC(C=O)=C(C)C=C1I', 'OCC1=CC(=CC(I)=C1)N(=O)=O', 'BrC1=CC=C(C#N)C(I)=C1', 'ClCC1=CC(I)=C(CCl)C=C1', 'CC1=CC(C=O)=C(I)C=C1', 'BrC1=C(C=O)C(I)=CC=C1', 'OC(=O)C1=CC=CC(I)=C1C(O)=O', 'COC(=O)C1=CC(=CC=C1I)C(F)(F)F', 'OC1=C(C=O)C(I)=CC=C1']"
