,obj_values ['rate'],Vendi_score,eval_samples,cut_samples
0,"[2.0225552741083734, 1.504036184524471]",1.184046752911977,"['CC(=O)C1=CC=C(I)C=C1', 'FC(F)(F)C1=CC=C(I)C(C=O)=C1']",[]
1,"[2.1580096547683114, 2.376142962013174]",1.2962624964463787,"['COC(=O)C1=CC(OC)=CC(I)=C1', 'IC1=CC=C(C=C1)C(=O)NC1CC1']","['IC1=CC(C=O)=CC(C=O)=C1', 'CC1=C(I)C=CC(=C1)N(=O)=O', 'ONC(=O)C1=CC(I)=CC=C1', 'IC1=C(C=O)C=CC=C1', 'FC1=CC=CC(I)=C1C=O', 'IC1=CC=C(C=C1)C(=O)CC#N', 'ClCC(=O)C1=CC=C(I)C=C1', 'COC1=CC(I)=C(C=O)C=C1', 'IC1=CC=C(C=C1)N(=O)=O', 'CC1=CC=C(I)C=C1C=O', 'CC(=O)C1=CC(I)=CC=C1', 'FC(F)(F)C(=O)C1=CC=C(I)C=C1', 'COC(=O)C1=CC(I)=CC(F)=C1', 'IC1=CC=C(C=C1)C(=O)CCCC#N', 'IC1=CC=C(C=C1)C(=O)C1=CC=CC=C1', 'FC(F)(F)C1=C(C=O)C=CC(I)=C1', 'OC(=O)C1=C(C=C(I)C=C1)C(F)(F)F', 'FC1=C(C=O)C=CC(I)=C1', 'FC1=C(Cl)C=CC(I)=C1C=O', 'ONC(=O)C1=CC=C(I)C=C1', 'IC1=CC=C(C=O)C=C1', 'FC1=CC(C=O)=C(I)C=C1', 'COC(=O)C1=C(O)C=C(I)C=C1', 'FC1=CC=C(C=O)C(I)=C1', 'COC1=C(C=CC(I)=C1)C(O)=O', 'OC(=O)C1=C(Cl)C=C(I)C=C1', 'CNC(=O)C1=C(F)C=C(I)C=C1', 'COC1=C(C=O)C=CC(I)=C1', 'IC1=CC(C=O)=CC=C1C=O', 'CC1=CC(C=O)=C(I)C=C1', 'CC1=CC(I)=C(C)C=C1N(=O)=O', 'OC(=O)C1=C(C=C(I)C=C1)C(O)=O', 'CC(=O)C1=CC(I)=C(C=C1)C(O)=O', 'FC(F)(F)C1=CC=C(C=O)C(I)=C1', 'ClC1=C(C=O)C(I)=CC=C1', 'IC1=CC(C=O)=CC=C1', 'OC(=O)C1=CC(I)=CC(O)=C1', 'CC1=C(C=CC(I)=C1)N(=O)=O', 'OC(=O)C1=CC=C(I)C=C1O', 'CCC(=O)C1=CC=C(I)C=C1', 'ClC1=CC=C(I)C=C1C=O', 'CC1=C(C)C=C(C=O)C(I)=C1', 'OC(=O)C1=CC=C(I)C=C1F', 'OCC(=O)C1=CC=C(I)C=C1', 'CC1=CC(C=O)=C(C)C=C1I', 'CC1=CC(I)=C(C=O)C=C1', 'OC(=O)CCC(=O)C1=CC=C(I)C=C1', 'FC1=CC(I)=CC(C=O)=C1', 'CCOC(=O)CC(=O)C1=CC=C(I)C=C1', 'OC1=C(C=O)C(I)=CC=C1', 'COC(=O)C1=CC=C(I)C=C1C(=O)OC', 'IC1=CC=CC(=C1)N=C=S']"
2,"[1.343266837437814, 2.6026945057593998]",1.4483080870845604,"['NC1=NC(=CS1)C1=CC=C(I)C=C1', 'IC1=CC=C(C=C1)C(=O)NC1CCCCC1']","['FC1=CC=C(C=C1)C(=O)C1=CC=C(I)C=C1', 'CCOC(=O)C1=CC=C(I)C=C1F', 'CCOC(=O)C1=CC(OC)=CC(I)=C1', 'CC(C)NC(=O)C1=CC=C(I)C=C1', 'IC1=CC=C(C=C1)C(=O)CC1=CC=CC=C1', 'CC1=CC(=CC(I)=C1)C(O)=O', 'NC(=O)C1=CC(I)=CC=C1', 'CC1=C(C=C(I)C=C1Cl)C(O)=O', 'CC1=CC(=CC(I)=C1)C#N', 'CCOC(=O)CC(=O)C1=CC=CC(I)=C1', 'IC1=CC=CC(=C1)C(=O)CC#N', 'COC(=O)C1=CC(I)=CC(=C1)C(O)=O', 'COC(=O)C1=CC=CC(I)=C1', 'CC(C)(C)NC(=O)C1=CC=C(I)C=C1', 'COC1=CC(I)=CC=C1C#N', 'CCOC(=O)C1=CC(I)=CC=C1C', 'CCCNC(=O)C1=CC=CC(I)=C1', 'CCOC(=O)C1=CC=CC(I)=C1', 'COC(=O)C1=CC(I)=CC(O)=C1', 'IC1=CC=C(C=C1)C(=O)NCC1=CC=CC=C1', 'CCC1=CC=C(I)C=C1C(O)=O', 'CC(C)(C)OC(=O)C1=CC=C(I)C=C1', 'CC(C)NC(=O)C1=CC=CC(I)=C1', 'COC1=CC(=CC(I)=C1)C(O)=O', 'IC1=CC=CC(=C1)C(=O)NC1CC1', 'OC(=O)CCCCC(=O)C1=CC=C(I)C=C1', 'FC(F)(F)C1=CC(C=O)=CC(I)=C1', 'CC(C)(C)OC(=O)C1=CC(I)=CC=C1', 'COC(=O)C1=C(C)C(Cl)=CC(I)=C1', 'CC1=CC=C(C(O)=O)C(I)=C1', 'CNC(=O)C1=CC=CC(I)=C1', 'FC(F)(F)C(=O)CC1=CC=C(I)C=C1', 'COC(=O)C1=CC(Cl)=CC(I)=C1', 'COC(=O)C1=CC=C(I)C=C1OC', 'OC(=O)\\C=C\\C1=CC=CC(I)=C1', 'COC(=O)C1=C(C)C=CC(I)=C1', 'CC(C)(C)NC(=O)C1=CC=CC(I)=C1', 'CC1=C(C=C(I)C=C1)C#N', 'OC(=O)C1=CC(I)=CC=C1Cl', 'OC(=O)C1=CC(Cl)=CC(I)=C1', 'IC1=CC=CC(OC2=NC=CC=N2)=C1', 'OC(=O)\\C=C\\C1=CC=C(I)C=C1', 'IC1=CC=CC(=C1)C(=O)C1=CC=CC=C1', 'IC1=CC=C(C=C1)C(=O)C1=CC=CC=N1', 'IC1=CC=C(C=C1)C(=O)C1=CC=CC(=C1)C#N', 'IC1=CC=C(C=C1)C(=O)NCC1CC1', 'CCCNC(=O)C1=CC=C(I)C=C1', 'COC(=O)C1=C(Cl)C=CC(I)=C1', 'IC1=CC=C(OC2=NC=CC=N2)C=C1']"
3,"[2.005837113733447, 2.715374778456439]",1.7461842284455453,"['CS(=O)(=O)C1=CC(=CC(I)=C1)S(C)(=O)=O', 'C[C@@H]1CN(CCN1S(=O)(=O)C1=CC=C(I)C=C1)C(=O)C1=CC=CC=C1']","['COC(=O)C1=C(I)C=CC(C)=C1', 'CC1=C(I)C=C(C=C1F)C(O)=O', 'IC1=CC(C=O)=CC(I)=C1', 'OC(=O)C1=CC(=CC=C1)C1=CC=C(I)C=C1', 'OC(=O)C1=C(Br)C=C(I)C=C1', 'BrCC(=O)C1=CC=C(I)C=C1', 'IC1=CC=C(C=C1)S(=O)(=O)N1CCCC1', 'CCOC(=O)C1=C(I)C=C(Cl)C=C1', 'COC(=O)C1=CC(I)=CC(N)=C1', 'CCOC(=O)C1=CC=CC=C1I', 'CC1=CC=C(C=C1)C(=O)C1=CC(I)=CC=C1', 'CCOC(=O)C1=C(I)C=CC(Cl)=C1', 'CC(C)(C)OC(=O)NC1=CC(=CC(I)=C1)C(O)=O', 'IC1=CC=C(C=C1)C(=O)OCC1=CC=CC=C1', 'ClC1=CC=C(C=C1)C(=O)C1=CC=C(I)C=C1', 'COC1=CC(I)=C(C=O)C=C1OC', 'CC(=O)C1=C(Br)C=CC(I)=C1', 'COC(=O)C1=C(C=C(I)C=C1)S(N)(=O)=O', 'NC1=CC(I)=CC(=C1)C(O)=O', 'OC(=O)CCC1=NN=C(O1)C1=CC=CC=C1I', 'COC(=O)C1=CC=CC=C1I', 'COC(=O)C1=C(Br)C=C(I)C=C1', 'COC(=O)C1=CC(=CC(I)=C1)C(F)(F)F', 'OC(=O)C1=CC(I)=CC(=C1)C(F)(F)F', 'CC(=O)C1=CC(Br)=CC(I)=C1', 'COC(=O)C1=CC(I)=CC(F)=C1F', 'CCOC(=O)C1=C(F)C=CC(I)=C1', 'COC1=C(OC)C(=CC(I)=C1)C(O)=O', 'CC1=C(C=C(Cl)C=C1I)C(O)=O', 'IC1=CC(=CC=C1)C(=O)ON1C(=O)CCC1=O', 'IC1=CC=C(NC(=O)C2=CC=CC=C2)C=C1', 'IC1=CC(=CC=C1)C(=O)NCC1=CC=CC=C1', 'IC1=CC2=C(C=C1)C1=C(C=CC=C1)C1=C2C=CC=C1', 'COC1=C(C=CC(I)=C1)N(=O)=O', 'CCOC(=O)C1=C(I)C=CC(C)=C1', 'COC(=O)C1=CC(=CC(I)=C1)C(=O)OC', 'COC(=O)C1=C(F)C=CC(I)=C1', 'IC1=CC=C(C=C1)C1=CC=C(O1)C=O', 'ClC1=CC2=C(C=C1)C=C(I)C=C2', 'IC1=CC=C(OC2=C(C=O)C=CC=C2)C=C1', 'FC1=CC=C(C=C1)C(=O)C1=C(Cl)C=CC(I)=C1', 'IC1=CC=CC(=C1)C#N', 'OC1=CC(I)=CC=C1C1=C(O)C=C(I)C=C1', 'BrCC(=O)C1=CC(I)=CC=C1', 'COC(=O)C1=CC=C(I)C=C1N', 'CC1=C(F)C=C(C=C1I)C(=O)NC1CC1', 'IC1=CC=C(C=C1)C(=O)ON1C(=O)CCC1=O']"
4,"[1.8851762989967558, 2.289022526319771]",1.9049799513578265,"['FS(=O)(=O)C1=CC=C(I)C=C1', 'IC1=CC=C(C=C1)C(=O)NC1CCN(CC2=CC=CC=C2)CC1']","['COC1=CC=C(I)C=C1C(O)=O', 'COC(=O)C1=C(I)C=C(C=C1)C(O)=O', 'CNC1=CC(=O)N(C2CC2)C(=O)N1C1=CC=C(I)C=C1F', 'ClC1=CC(=CC(I)=C1)C#N', 'BrC1=CC(C=O)=CC(I)=C1', 'OC(=O)C1=CC(I)=CC(F)=C1F', 'CC1=C(I)C=CC(=C1)C(=O)OC(C)(C)C', 'FC1=C(C=CC(I)=C1)C#N', 'OC(=O)C1=CC(I)=C(C=C1)N1C=CC=N1', 'BrC1=CC(I)=CC(=C1)C#N', 'CC(C)(C)OC(=O)C1=CC(Br)=CC(I)=C1', 'BrC1=C(C=C(I)C=C1)C#N', 'FS(F)(F)(F)(F)C1=CC=CC(I)=C1', 'CC1=CC(I)=CC(I)=C1', 'FC1=C(C=C(I)C=C1)C#N', 'CCOC(=O)C1=CC2=CC=CC=C2C=C1I', 'OC(=O)C1=C(I)C=CC(I)=C1', 'COC(=O)C1=CC=C(I)C(=C1)C(O)=O', 'FC1=CC(I)=CC(F)=C1C=O', 'BrC1=C(C=O)C=C(I)C=C1', 'OC(=O)C1=CC(I)=CC=C1Br', 'IC1=CC=C(I)C(=C1)C#N', 'ClC1=C(C=CC(I)=C1)C#N', 'OC(=O)C1=CC(Br)=CC(I)=C1', 'COC(=O)C1=C(Cl)C=C(C)C(I)=C1', 'COC(=O)C1=CC(I)=CC(Br)=C1', 'ClC1=CC(I)=CC(Cl)=C1C=O', 'COC(=O)C1=CC(=CC=C1I)C(F)(F)F', 'CCOC(=O)C1=CC(I)=CC(Br)=C1', 'FC(F)(F)C1=C(C=C(I)C=C1)C#N', 'BrC1=C(C=CC(I)=C1)C#N', 'COC(=O)C1=C(C(=O)OC)C(I)=CC=C1', 'BrC1=CN=C(OC2=CC=C(I)C=C2)N=C1', 'OC(=O)C1=CC(I)=CC(Cl)=C1F', 'COC(=O)C1=CC(I)=CC=C1Br', 'BrC1=CC(I)=CC=C1C=O', 'OC(=O)C1=CC(I)=C(C=C1)C(O)=O', 'OC(=O)C1=CC=CC(I)=C1C(O)=O', 'FC(F)(F)C1=CC(I)=CC(=C1)C#N', 'COC(=O)C1=CC2=CC=CC=C2C=C1I', 'OC(=O)C1=C(C=CC(I)=C1)N(=O)=O', 'IC1=CC(=CC(=C1)C1=CC=CC=C1)C1=CC=CC=C1', 'CC(C)(C)OC(=O)CC1=CC(I)=CC=C1N(=O)=O', 'COC(=O)C1=CC(I)=C(C=C1)C(=O)OC']"
5,"[1.887042558878771, 2.3704487671199335]",2.1057285850691536,"['CC(C)(C)OC(=O)NC1=CC(I)=CC=C1', 'COC1=CC(F)=CC(I)=C1']","['OCC1=CC(I)=CC(I)=C1', 'COC(=O)C1=C(I)C=CC(Br)=C1', 'CCOC(=O)C1=CC=C(C=C1)C(=O)C1=CC=C(I)C=C1', 'CCOC(=O)C1=CC(I)=C(C=C1)C#N', 'OC(=O)C1=C(I)C=CC(=C1)C#N', 'CC1=CC=C(C=O)C=C1I', 'ClC1=CC=C(I)C=C1I', 'BrC1=CC=C(I)C(=C1)C#N', 'FC(F)(F)C1=CC(I)=CC=C1C#N', 'FC1=CC=CC(I)=C1C#N', 'OC(=O)C1=C(I)C=C(F)C=C1', 'BrC1=CC=C(C=O)C(I)=C1', 'COC(=O)C1=CC=C(I)C(=C1)C(F)(F)F', 'COC(=O)C1=CC=C(I)C=C1N(=O)=O', 'COC1=C(C=O)C(I)=CC=C1', 'CC1=CC=C(I)C=C1N(=O)=O', 'CCN1CCN(CC1)C(=O)C1=CC=C(I)C=C1', 'ClC1=CC=C2OC(=O)C(=CC2=C1)C1=CC=C(I)C=C1', 'OC(=O)C1=C(NC2=CC=C(I)C=C2F)C=NC=C1', 'BrCC(=O)C1=C(I)C=CC=C1', 'OC(=O)C1=C(I)C=C(C=C1)C(F)(F)F', 'ClC1=C(C=C(I)C=C1)C(=O)C1=CC=C(O[C@H]2CCOC2)C=C1', 'FC(F)(F)C1=CC=C(I)C(=C1)C#N', 'CC1=CC=C(C)N1C1=C(F)C=C(I)C=C1', 'CC1=CC(=CC=C1I)C(O)=O', 'BrC1=CC=C(C=C1)C(=O)C1=CC=C(I)C=C1', 'ClC1=CC(I)=C(C=C1)C#N', 'COC(=O)C1=CC(=CC=C1I)C#N', 'IC1=CC=C(NC2=NC=CC=N2)C=C1', 'IC1=CC=CC=C1C(=O)CC#N', 'ClC1=C(C=CC(I)=C1)N(=O)=O', 'FC(F)(F)C1=CC(I)=C(C=C1)C#N', 'COC1=CC=C(C=C1)C(=O)NC1=CC=C(I)C=C1', 'OC(=O)C1=C(C=C(I)C=C1)N(=O)=O', 'CC1=C(C=CC=C1I)C#N', 'FC(F)(F)C1=CC(I)=CC=C1I', 'OC(=O)C1=CC(I)=CC=C1O', 'IC1=CC=C(C=C1)C1=CC2=CC=CC=C2OC1=O', 'COC(=O)C1=C(Cl)C(O)=C(I)C=C1', 'OCC1=CC(=CC(I)=C1)N(=O)=O', 'CCOC(=O)C1=CC(I)=C(C)C=C1', 'IC1=C(C=CC=C1)C#N']"
6,"[1.3996546710358886, 2.626504030750194]",2.229459122458107,"['FC1=CC(=CC(I)=C1)C(F)(F)F', 'FC1=CC(I)=CC(F)=C1']","['OC1=C(Cl)C=CC(I)=C1', 'COCCOC1=CC(I)=CC=C1', 'IC1=CC=CC(=C1)C1=CC=CC=C1', 'OCC1=CC=C(I)C=C1O', 'OC(=O)CCCCNC(=O)C1=CC(I)=CC=C1', 'OC(=O)COC1=CC=CC(I)=C1', 'FC(F)OC1=CC(I)=CC=C1', 'IC1=CC(=CC(I)=C1)C#N', 'FC1=CC=C(OC2=CC=CC(I)=C2)C=C1', 'COC(=O)C1=C(Cl)C=C(I)C=C1', 'CN(C)C(=O)C1=CC(I)=CC=C1', 'CC(C)(C)OC(=O)C1=C(Br)C=C(I)C=C1', 'FC1=C2C=CC=CC2=CC(I)=C1', 'COC1=CC(=CC(I)=C1)C(F)(F)F', 'COC1=CC(Br)=CC(I)=C1', 'NC1=C(C(O)=O)C(I)=CC=C1', 'CN(C)CCOC1=CC=CC(I)=C1', 'COC1=CC(Cl)=CC(I)=C1', 'CC(OC1=CC=C(I)C=C1)C(C)=O', 'FC(F)(F)C(=O)NC1=CC(I)=CC=C1', 'IC1=CC=CC(=C1)C(=O)N1CCOCC1', 'IC1=CC(I)=CC=C1', 'CCOC1=CC=CC(I)=C1', 'BrC1=CC=C(C=C1)C1=CC=CC(I)=C1', 'COC1=CC(I)=CC=C1CO', 'CS(=O)(=O)NC1=CC(I)=CC=C1', 'COC1=CC(I)=CC=C1I', 'IC1=CC(OC2=CC=CC=C2)=CC=C1', 'NC(=O)NC1=CC(I)=CC=C1', 'NC1=CC(Cl)=CC(I)=C1', 'NC1=CC(I)=CC(I)=C1', 'COC1=C(Cl)C=CC(I)=C1', 'ClCC(=O)NC1=CC(I)=CC=C1', 'CS(=O)(=O)NC1=CC=C(I)C=C1F', 'NCCOCCOCCNC(=O)C1=CC=C(I)C=C1', 'IC1=CC=CC(=C1)C(=O)N1CCCC1', 'IC1=CC=CC(OCC#C)=C1', 'OC(=O)C1=CC(I)=CC(I)=C1', 'COC1=C(C(O)=O)C(I)=CC=C1', 'OC1=CC(Br)=CC(I)=C1']"
7,"[1.85646845567637, 2.2498302218231667]",2.3294781433669427,"['O[C@@H]1CCN(C1)S(=O)(=O)C1=CC=C(I)C=C1', 'COC(=O)[C@@H](CC1=CC=C(I)C=C1)NC(=O)OC(C)(C)C']","['CC(=O)OC1=CC=CC(I)=C1', 'IC1=CC=C(C=C1)C(=O)N1CCOCC1', 'ClC1=CC(I)=CC(Cl)=C1', 'FC(F)(F)C1=CC(Cl)=CC(I)=C1', 'FC1=CC(I)=CC=C1CC#N', 'CC1=CC=C(I)C=C1F', 'OCC1=CC(I)=CC(F)=C1', 'COC(=O)CC1=CC=CC(I)=C1', 'IC1=CC=CC(C=C)=C1', 'FC1=C(Cl)C=C(I)C=C1Cl', 'FC(F)C1=CC(I)=CC=C1', 'NC(=O)CC1=CC=C(I)C=C1', 'CC1=C(Cl)C=C(I)C=C1', 'NS(=O)(=O)C1=CC=C(I)C=C1', 'CCOC(=O)CC1=CC(I)=CC=C1', 'CC1=CC(Cl)=CC(I)=C1', 'NNS(=O)(=O)C1=CC=C(I)C=C1', 'CC1=C(Cl)C=C(I)C=C1Cl', 'OC1=C(F)C=CC(I)=C1', 'COC1=C(F)C=CC(I)=C1', 'FC(F)(F)C1=C(Cl)C=CC(I)=C1', 'FC1=CC(I)=CC=C1C(F)(F)F', 'OS(=O)(=O)C1=CC=CC(I)=C1', 'FC(F)(F)OC1=C(Cl)C=C(I)C=C1', 'CC1=CC(I)=CC(F)=C1', 'CCOC(=O)C1=C(Cl)C=C(I)C=C1', 'OC(=O)C1(CC1)C1=CC=C(I)C=C1', 'FC1=CC(I)=CC=C1', 'CC(=O)SCC1=CC(I)=CC=C1', 'CON(C)C(=O)C1=CC=C(I)C=C1', 'ClC1=C(Cl)C=C(I)C=C1', 'OCC1=C(Cl)C=C(I)C=C1Cl', 'OCC1=CC(I)=CC(Cl)=C1', 'IC1=CC=CC(=C1)N=C=O', 'NNC(=O)C1=CC=C(I)C=C1', 'OC(=O)CC1=CC=CC(I)=C1', 'OC(=O)C1=C(Cl)C=C(I)C=C1Cl']"
8,"[1.6058773773186745, 1.4580706699422825]",2.419926316515311,"['CN1C(=O)C(C)=CC(C(=O)NOCCO)=C1NC1=C(F)C=C(I)C=C1', 'CC(C)(C)OC(=O)N[C@H](CC1=CC(I)=CC=C1)C(O)=O']","['NC(CC1=CC=CC(I)=C1)C(O)=O', 'OC(=O)CC1=CC=C(I)C=C1', 'CC(C)NC(=O)CC1=CC=C(I)C=C1', 'OC(=O)CCCCC1=CC=C(I)C=C1', 'NC(=O)C1=CN=C(OC2=CC=C(I)C=C2)C=C1', 'IC1=CC=C(C=C1)N1C=CC=N1', 'FC(F)C(F)(F)OC1=CC=C(I)C=C1', 'CC1CC(C)(C)OB(O1)C1=CC=C(I)C=C1', 'IC1=CC=CC(CNC2CC2)=C1', 'CS(=O)(=O)NC1=CC=C(I)C=C1', 'CC1(C)COB(OC1)C1=CC=C(I)C=C1', 'OC(C1=CC=CC=C1)C1=CC(I)=CC=C1', 'IC1=CC=C(CC(=O)N[C@H]2CCOC2=O)C=C1', 'IC1=CC=C(CC(=O)N2CCCCC2)C=C1', 'IC1=CC=C(C=C1)C(=O)N1CCCC1', 'OC(=O)CCC1=CC(I)=CC=C1', 'CN(C)S(=O)(=O)C1=CC=C(I)C=C1', 'IC1=CC=C(C=C1)N1CCC(=O)NC1=O', 'IC1=CC(CC2=CC=CC=C2)=CC=C1', 'CC1=C(N=NN1C1=CC=C(I)C=C1)C(O)=O', 'CC(=O)OC1=CC=C(I)C=C1', 'COC(=O)CCC1=CC=C(I)C=C1', 'OS(=O)(=O)C1=CC=C(I)C=C1', 'FC(F)(F)C(=O)NC1=CC=C(I)C=C1', 'CS(=O)(=O)C1=CC=C(I)C=C1', 'IC1=CC=C(C=C1)C1=CC=CC=C1', 'CC(C)(C)OC(=O)CC1=CC(I)=CC=C1', 'COC(=O)C1=CC=C(I)C=C1C', 'IC1=CC=C(C=C1)C1(CC1)C#N', 'CNS(=O)(=O)C1=CC=C(I)C=C1', 'FS(F)(F)(F)(F)C1=CC=C(I)C=C1', 'CS(=O)(=O)C1=CC=CC(I)=C1', 'IC1=CC=C(CN2C=CN=C2)C=C1', 'CCNS(=O)(=O)C1=CC=C(I)C=C1', 'IC1=CC=C(OC2=CC=C(C=C2)C#N)C=C1', 'OC(=O)CCCC1=CC=C(I)C=C1']"
9,"[1.9710629533713049, 1.860670760369815]",2.455838692915183,"['NC1=CC(I)=CC(F)=C1', 'OC1=CC(I)=CC(O)=C1']","['IC1=CC=C(CC(=O)N2CCOCC2)C=C1', 'CC1=CC=C(C=C1)C1=CC=C(I)C=C1', 'CCCCC1=CC=C(I)C=C1', 'ClC1(Cl)CCCN(C2=CC=C(I)C=C2)C1=O', 'CC(C)(C)[Si](C)(C)OCC1=CC=C(I)C=C1', 'IC1=CC=C(CN2CCCCC2)C=C1', 'CCOC1=CC=C(C=C1)C(O)C1=CC(I)=CC=C1Cl', 'ClC1=CC=C(C=C1)C1=CC=C(I)C=C1', 'FC(F)C1=CC=C(I)C=C1', 'CC(C)(C)OC(=O)N[C@@H](CC1=CC(I)=CC=C1)C(O)=O', 'ClC1=CC=C(OC2=CC=C(I)C=C2)C=C1Cl', 'CC(=O)NC1=C(Cl)C=C(I)C=C1', 'CC(C)CC1=CC=C(I)C=C1', 'CCOC(=O)C1=C(I)C=CC=C1F', 'CC(C)(C)C1=CC(I)=CC(Br)=C1', 'FC(F)(F)C(F)(C1=CC=C(I)C=C1)C(F)(F)F', 'NS(=O)(=O)C1=CC=CC(I)=C1', 'CC(=O)NC1=C(C=C(I)C=C1)C(F)(F)F', 'CC(C)(C)OC(=O)N[C@@H](CC1=CC=C(I)C=C1)C(O)=O', 'CC1=CC(Br)=CC(I)=C1', 'OCC1=CC(Br)=CC(I)=C1', 'OCCC1=CC=C(I)C=C1', 'OB(O)C1=CC=C(I)C=C1', 'CC(=O)NC1=C(OC(F)(F)F)C=C(I)C=C1', 'CCCCCC1=CC=C(I)C=C1', 'IC1=CC=C(CC(=O)N2CCCC2)C=C1', 'CC1(C)OB(OC1(C)C)C1=CC(I)=CC=C1', 'OC[C@H]1N=C(O[C@@H]1C1=CC=C(I)C=C1)C1=CC=CC=C1', 'IC1=CC=C(C=C1)N1C=NN=N1', 'ClCC(=O)NC1=CC=C(I)C=C1', 'CC(C)(C)OC(=O)NC1=CC=C(I)C=C1F', 'IC1=CC(CC#N)=CC=C1', 'NCC1(CCCC1)C1=CC=C(I)C=C1', 'CC(C)C1=CC(I)=CC(Br)=C1']"
