,obj_values ['rate'],Vendi_score,eval_samples,cut_samples
0,"[2.1694847321625006, 2.2356258949979093]",1.5254711557655867,"['NC(CC1=CC=CC(I)=C1)C(O)=O', 'COC1=CC(C=O)=C(OC)C=C1I']",[]
1,"[1.7135040044094807, 1.343266837437814]",1.7378802899544465,"['CC1=C(I)C=C(C=C1F)C(O)=O', 'NC1=NC(=CS1)C1=CC=C(I)C=C1']","['COC(=O)CCC1=CC=C(I)C=C1', 'CS(=O)(=O)NC1=CC(I)=CC=C1', 'IC1=CC=C(CN2C=CN=C2)C=C1', 'IC1=CC=C(CC(=O)N2CCCCC2)C=C1', 'IC1=CC=CC(CNC2CC2)=C1', 'CS(=O)(=O)NC1=CC=C(I)C=C1', 'COC1=CC(I)=CC=C1CO', 'IC1=CC=C(OC2=CC=C(C=C2)C#N)C=C1', 'ClCC(=O)NC1=CC(I)=CC=C1', 'IC1=CC=CC(=C1)C(=O)N1CCOCC1', 'IC1=CC=CC(=C1)C1=CC=CC=C1', 'NC(=O)C1=CN=C(OC2=CC=C(I)C=C2)C=C1', 'CC(C)NC(=O)CC1=CC=C(I)C=C1', 'CCCCCC1=CC=C(I)C=C1', 'IC1=CC=C(C=C1)C(=O)N1CCOCC1', 'IC1=CC=C(C=C1)C1=CC=CC=C1', 'CC(C)NC(=O)C1=CC=CC(I)=C1', 'CC(C)CC1=CC=C(I)C=C1', 'COCCOC1=CC(I)=CC=C1', 'IC1=CC=C(C=C1)C(=O)N1CCCC1', 'IC1=CC=CC(=C1)C(=O)N1CCCC1', 'OC(=O)COC1=CC=CC(I)=C1', 'ClCC(=O)NC1=CC=C(I)C=C1', 'IC1=CC(CC2=CC=CC=C2)=CC=C1', 'CCOC(=O)CC1=CC(I)=CC=C1', 'IC1=CC=C(C=C1)C1(CC1)C#N', 'CON(C)C(=O)C1=CC=C(I)C=C1', 'COC(=O)C1=CC(I)=CC(N)=C1', 'CC1=CC=C(C=C1)C1=CC=C(I)C=C1', 'FC1=CC=C(OC2=CC=CC(I)=C2)C=C1', 'CCCCC1=CC=C(I)C=C1', 'CC(=O)SCC1=CC(I)=CC=C1', 'CS(=O)(=O)NC1=CC=C(I)C=C1F', 'FC(F)(F)C(=O)NC1=CC(I)=CC=C1', 'IC1=CC=C(C=C1)N1C=CC=N1', 'CNC(=O)C1=CC=CC(I)=C1', 'CCCNC(=O)C1=CC=CC(I)=C1', 'CN(C)C(=O)C1=CC(I)=CC=C1', 'CC(C)(C)C1=CC=C(I)C=C1', 'OC(=O)CCCCC1=CC=C(I)C=C1', 'COC(=O)CC1=CC=CC(I)=C1', 'OC(=O)CCC1=CC(I)=CC=C1', 'FC(F)(F)C(=O)NC1=CC=C(I)C=C1', 'IC1=CC=C(CC(=O)N2CCOCC2)C=C1', 'IC1=CC(OC2=CC=CC=C2)=CC=C1', 'IC1=CC=C(C=C1)N1CCC(=O)NC1=O', 'OC(=O)C1(CC1)C1=CC=C(I)C=C1', 'OC(C1=CC=CC=C1)C1=CC(I)=CC=C1', 'IC1=CC=C(CC(=O)N2CCCC2)C=C1', 'NCC1(CCCC1)C1=CC=C(I)C=C1', 'IC1=CC(=CC=C1)C(=O)NCC1=CC=CC=C1', 'OC(=O)CCCC1=CC=C(I)C=C1']"
2,"[2.4580916696357304, 2.1606650030745747]",1.8143148535829596,"['CC(C)(C)OC(=O)CC1=CC(I)=CC=C1', 'CC(C)C1=CC=CC(I)=C1']","['ONC(=O)C1=CC=C(I)C=C1', 'COC(=O)C1=C(C)C=CC(I)=C1', 'CC(OC1=CC=C(I)C=C1)C(C)=O', 'CC(=O)C1=CC(I)=CC=C1', 'IC1=CC=C(C=C1)C(=O)NCC1CC1', 'ONC(=O)C1=CC(I)=CC=C1', 'IC1=CC=C(NC(=O)C2=CC=CC=C2)C=C1', 'CCC(=O)C1=CC=C(I)C=C1', 'CC(C)(C)NC(=O)C1=CC=CC(I)=C1', 'CC1=C(F)C=C(C=C1I)C(=O)NC1CC1', 'CC(C)(C)NC(=O)C1=CC=C(I)C=C1', 'IC1=CC2=C(C=C1)C1=C(C=CC=C1)C1=C2C=CC=C1', 'COC(=O)C1=CC=C(I)C(O)=C1', 'COC(=O)C1=CC(OC)=CC(I)=C1', 'COC(=O)C1=CC=CC(I)=C1', 'IC1=CC=CC(=C1)N=C=S', 'OC(=O)C1=CC(=CC=C1)C1=CC=C(I)C=C1', 'IC1=CC=CC(OC2=NC=CC=N2)=C1', 'CC(C)NC(=O)C1=CC=C(I)C=C1', 'CCOC(=O)C1=CC(I)=CC=C1C', 'CCOC(=O)C1=CC(I)=C(C)C=C1', 'CCCNC(=O)C1=CC=C(I)C=C1', 'CC1=C(C=C(Cl)C=C1I)C(O)=O', 'COC(=O)C1=C(C)C(Cl)=CC(I)=C1', 'COC1=C(OC)C(I)=CC(C=O)=C1', 'COC1=CC(=CC=C1I)C(O)=O', 'OC1=CC2=C(C=CC=C2)C(I)=C1', 'CC(C)(C)OC(=O)C1=CC=C(I)C=C1', 'IC1=CC=C(OC2=C(C=O)C=CC=C2)C=C1', 'NC1=CC(I)=CC(=C1)C(O)=O', 'FC(F)(F)C(=O)CC1=CC=C(I)C=C1', 'CCOC(=O)C1=C(I)C=CC(C)=C1', 'NC(=O)C1=CC(I)=CC=C1', 'COC1=CC(=CC(I)=C1)C(O)=O', 'COC1=CC2=CC=CC=C2C=C1I', 'COC(=O)C1=C(Cl)C(O)=C(I)C=C1', 'CCC1=CC=C(I)C=C1C(O)=O', 'IC1=CC=C(OC2=NC=CC=N2)C=C1', 'COC(=O)C1=C(Cl)C=C(C)C(I)=C1', 'COC(=O)C1=CC=C(I)C=C1OC', 'IC1=CC=CC(=C1)C(=O)NC1CC1', 'COC(=O)C1=CC(I)=CC(O)=C1', 'COC(=O)C1=C(I)C=CC(C)=C1', 'COC1=C(OCC=C)C(I)=CC(C=O)=C1', 'OC(=O)C1=CC(I)=CC(O)=C1', 'IC1=CC=C(C=C1)C(=O)NC1CC1', 'CCOC(=O)C1=CC(OC)=CC(I)=C1', 'CCOC(=O)CC(=O)C1=CC=CC(I)=C1', 'CCOC(=O)C1=CC=CC(I)=C1']"
3,"[2.638406352329412, 1.5959747166670464]",1.8786436791541106,"['IC1=CC(=CC(=C1)C1=CC=CC=C1)C1=CC=CC=C1', 'CC(C)(C)OC(=O)N[C@@H](CC1=CC(I)=CC=C1)C(O)=O']","['OB(O)C1=CC=C(I)C=C1', 'OCCC1=CC=C(I)C=C1', 'IC1=CC=CC(=C1)N=C=O', 'CC(C)C1=CC=C(I)C=C1', 'NNC(=O)C1=CC=C(I)C=C1', 'CC1(C)OB(OC1(C)C)C1=CC(I)=CC=C1', 'OC(=O)CC1=CC=CC(I)=C1', 'CC(O)C1=CC=C(I)C=C1', 'COC(=O)C1=C(C)C(I)=CC=C1', 'IC1=CC=CC(C=C)=C1', 'ClC1=CC=C(C=C1)C1=CC=C(I)C=C1', 'CC1CC(C)(C)OB(O1)C1=CC=C(I)C=C1', 'OCC1=C(Cl)C=CC=C1I', 'CC(=O)OC1=CC=C(I)C=C1', 'CC(=O)OC1=CC=CC(I)=C1', 'OC(=O)CCCCNC(=O)C1=CC(I)=CC=C1', 'COC1=CC(I)=CC=C1I', 'COC(=O)COC1=CC=C(I)C=C1', 'IC1=CC=C(CC(=O)N[C@H]2CCOC2=O)C=C1', 'CC1(C)COB(OC1)C1=CC=C(I)C=C1', 'OCC1=CC(I)=CC(F)=C1', 'FC(F)OC1=CC(I)=CC=C1', 'IC1=CC=C(CC#C)C=C1', 'COC1=C(Cl)C=CC(I)=C1', 'IC1=CC=C(CN2CCCCC2)C=C1', 'CC1=C(Cl)C=C(I)C=C1', 'CC(=O)NC1=C(Cl)C=C(I)C=C1', 'CC(N)C1=CC=C(I)C=C1', 'OC(=O)CC1=CC=C(I)C=C1', 'CCOC1=CC=CC(I)=C1', 'NC(=O)CC1=CC=C(I)C=C1', 'FC(F)OC1=CC=C(I)C=C1', 'NC1(CC1)C1=CC=C(I)C=C1', 'NCCC1=CC=C(I)C=C1', 'FC(F)C(F)(F)OC1=CC=C(I)C=C1', 'CC1=CC(Cl)=CC(I)=C1', 'C[C@H](O)C1=CC=C(I)C=C1', 'OC(=O)COC1=CC=C(I)C=C1', 'FC(F)C1=CC(I)=CC=C1', 'IC1=CC(CC#N)=CC=C1', 'CC1=CC(I)=CC(F)=C1', 'OCC1=CC(I)=CC(Cl)=C1', 'OCC1=CC(I)=CC(I)=C1', 'CC(=C)C1=CC=C(I)C=C1', 'CC1=CC(I)=CC(I)=C1', 'IC1=CC=CC(OCC#C)=C1', 'CC1=CC=C(I)C=C1F']"
4,"[2.835056692425329, 2.2916484009332447]",2.044844111853683,"['COC(=O)C1=CC=C(I)C=C1N', 'IC1=CC(I)=CC(I)=C1']","['CC(C)(C)OC(=O)C1=CC(I)=CC=C1', 'CN(C)CCOC1=CC=CC(I)=C1', 'CC(C)(C)OC(=O)N[C@H](CC1=CC(I)=CC=C1)C(O)=O', 'CC(C)(C)[Si](C)(C)OCC1=CC=C(I)C=C1', 'ClC1(Cl)CCCN(C2=CC=C(I)C=C2)C1=O', 'OC1=CC=C(OC2=CC=C(I)C=C2)C=C1', 'ClC1=CC=C(OC2=CC=C(I)C=C2)C=C1Cl', 'ClC1=CC=C(OC2=CC=C(I)C=C2)C=C1', 'ClC1=CC=C(COC2=CC=C(I)C=C2)C=C1', 'COC(=O)C1=CC=C(I)C=C1C', 'COC(=O)C1=C(I)C=CC=C1OC', 'CC(=O)NC1=C(C=C(I)C=C1)C(F)(F)F', 'COC1=CC(=CC(I)=C1)C(F)(F)F', 'CCCNC(=O)C1=CC=CC=C1I', 'ClCC1=CC(I)=C(CCl)C=C1', 'OC1=CC(I)=CC=C1C1=C(O)C=C(I)C=C1', 'CCC[C@H]1CC[C@@H](CC1)C1=CC=C(I)C=C1', 'CCOC1=CC=C(C=C1)C(O)C1=CC(I)=CC=C1Cl', 'CC(C)(C)NC(=O)C1=CC=CC=C1I', 'IC1=CC=CC(=C1)C(=O)C1=CC=CC=C1', 'CC1=CC=CC(I)=C1', 'CC(C)(C)OC(=O)NC(CC1=CC(I)=CC=C1F)C(O)=O', 'OC[C@H]1CN(C(=O)O1)C1=CC=C(I)C=C1', 'CC(C)(C)C1=CC(I)=CC(Br)=C1', 'O[C@@H]1CCN(C1)S(=O)(=O)C1=CC=C(I)C=C1', 'CC(C)(C)OC(=O)N[C@@H](CC1=CC=C(I)C=C1)C(O)=O', 'CC(C)(C)OC(=O)NC1=CC(I)=CC=C1', 'CC(C)(C)OC(=O)NC1=CC(=CC(I)=C1)C(O)=O', 'OC[C@H]1N=C(O[C@@H]1C1=CC=C(I)C=C1)C1=CC=CC=C1', 'IC1=CC=C(C=C1)C(=O)CC1=CC=CC=C1', 'IC1=CC=C(C=C1)C1=CC=C(I)C=C1', 'CC1=C(N=NN1C1=CC=C(I)C=C1)C(O)=O', 'OC(=O)CCCOC1=CC=C(I)C=C1', 'CC(=O)NC1=C(OC(F)(F)F)C=C(I)C=C1', 'CC(=O)CC(=O)NC1=CC=C(I)C=C1', 'COC1=C(F)C=CC(I)=C1', 'CCCCOC1=CC=C(I)C=C1', 'IC1=CC=C(OC2=CC=C(I)C=C2)C=C1', 'IC1=CC=C(C=C1)C(=O)NCC1=CC=CC=C1', 'CC(C)(C)OC(=O)NC1=CC=C(I)C=C1', 'BrC1=CC=C(C=C1)C1=CC=CC(I)=C1', 'CC(C)(C)OC(=O)NC1=CC=C(I)C=C1F', 'IC1=CC=C(OCC#N)C=C1', 'CC(C)C1=CC(I)=CC(Br)=C1']"
5,"[1.7228879150827126, 2.7341958355838423]",2.1123136715090793,"['IC1=CC=C(\\C=C\\C2=CC=C(I)C=C2)C=C1', 'COC(=O)C1=C(O)C=C(I)C=C1']","['CC1=CC=C(I)C=C1C=O', 'CC1=CC(Br)=CC(I)=C1', 'ClC1=CC2=C(C=C1)C=C(I)C=C2', 'OC(=O)C1=CC=C(I)C=C1O', 'ClC1=CC=C(I)C=C1I', 'OC(=O)\\C=C\\C1=CC=C(I)C=C1', 'IC1=CC=C(C=C)C=C1', 'CCOC(=O)CC(=O)C1=CC=C(I)C=C1', 'FC(F)(F)OC1=C(Cl)C=C(I)C=C1', 'OC(=O)CCC(=O)C1=CC=C(I)C=C1', 'OC(=O)C1=CC(I)=CC(I)=C1', 'OCC1=CC(Br)=CC(I)=C1', 'NNS(=O)(=O)C1=CC=C(I)C=C1', 'OC(=O)CCCCC(=O)C1=CC=C(I)C=C1', 'CC1=C(C=C(I)C=C1Cl)C(O)=O', 'CC(=O)C1=CC=C(I)C=C1', 'OC1=C(Cl)C=CC(I)=C1', 'IC1=CC=C(C=C1)C(=O)C1=CC=CC=C1', 'COC1=C(C=CC(I)=C1)C(O)=O', 'FC1=CC=C(C=C1)C(=O)C1=CC=C(I)C=C1', 'CC1=CC(=CC(I)=C1)C(O)=O', 'IC1=CC=C(C=C1)C#C', 'NC1=CC(I)=CC(I)=C1', 'CNC(=O)C1=C(F)C=C(I)C=C1', 'FC(F)(F)C(F)(C1=CC=C(I)C=C1)C(F)(F)F', 'COC(=O)C1=C(Cl)C=C(I)C=C1', 'CCOC(=O)C1=CC=CC=C1I', 'OCC1=C(Cl)C=C(I)C=C1Cl', 'FC(F)(F)C1=CC(I)=CC=C1I', 'COC(=O)C1=C(Cl)C=CC(I)=C1', 'OC1=C(F)C=C(I)C=C1I', 'IC1=CC=C(C=C1)C(=O)CCCC#N', 'CC1=C(Cl)C=C(I)C=C1Cl', 'IC1=CC=C(C=C1)S(=O)(=O)N1CCCC1', 'CC1=CC=C(C=C1)C(=O)C1=CC(I)=CC=C1', 'COC(=O)C1=CC=C(I)C=C1C(=O)OC', 'CCOC(=O)C1=CC=C(I)C=C1F', 'FC1=CC=C(C=C1)C(=O)C1=C(Cl)C=CC(I)=C1', 'CCOC(=O)C1=C(Cl)C=C(I)C=C1', 'CCNS(=O)(=O)C1=CC=C(I)C=C1', 'CC1=CC=C(I)C=C1Br', 'IC1=CC(I)=CC=C1']"
6,"[3.621671409253185, 3.855163910308546]",2.213069257979718,"['OC1=CC(I)=CC=C1N(=O)=O', 'COC1=C(C=CC(I)=C1)N(=O)=O']","['OCC(=O)C1=CC=C(I)C=C1', 'IC1=CC=C(C=C1)C1=CC=C(O1)C=O', 'COC1=CC(Cl)=CC(I)=C1', 'OC(=O)C1=C(NC2=CC=C(I)C=C2F)C=NC=C1', 'OB(O)C1=CC(Br)=CC(I)=C1', 'OC(=O)C1=C(Cl)C=C(I)C=C1', 'IC1=CC=C(C=C1)C(=O)NC1CCCCC1', 'ClC1=CC=C(C=C1)C(=O)C1=CC=C(I)C=C1', 'CN(C)S(=O)(=O)C1=CC=C(I)C=C1', 'CNS(=O)(=O)C1=CC=C(I)C=C1', 'NCCOCCOCCNC(=O)C1=CC=C(I)C=C1', 'ClCC(=O)C1=CC=C(I)C=C1', 'OC(=O)C1=CC(Cl)=CC(I)=C1', 'FC(F)C1=CC=C(I)C=C1', 'OC1=C(Cl)C=C(I)C=C1I', 'CC(C)(C)OC(=O)C1=C(Br)C=C(I)C=C1', 'COC(=O)C1=C(Br)C=C(I)C=C1', 'COC(=O)C1=CC(I)=CC(F)=C1', 'IC1=CC(C=O)=CC=C1', 'IC1=CC=C(NC2=NC=CC=N2)C=C1', 'COC(=O)C1=C(F)C=CC(I)=C1', 'OC(=O)C1=CC(I)=CC=C1Cl', 'IC1=CC=C(C=C1)C(=O)C1=CC=CC(=C1)C#N', 'OC(=O)\\C=C\\C1=CC=CC(I)=C1', 'BrC1=CC2=CC=C(I)C=C2C=C1', 'IC1=CC=C(C=C1)C(=O)C1=CC=CC=N1', 'OC(=O)C1=C(C=C(I)C=C1)C(O)=O', 'COC1=C(C(O)=O)C(I)=CC=C1', 'COC1=CC(I)=CC=C1C#N', 'IC1=CC2=C(C=CC=C2)C2=C1C=CC=C2', 'CC(=O)C1=C(Br)C=CC(I)=C1', 'COC1=C(C=O)C=CC(I)=C1', 'IC1=CC=C(C=O)C=C1', 'IC1=CC=C(C=C1)C(=O)OCC1=CC=CC=C1', 'CCOC(=O)C1=C(F)C=CC(I)=C1', 'FC1=CC(I)=CC=C1CC#N', 'OCC1=CC=C(I)C=C1O', 'COC(=O)C1=CC(Cl)=CC(I)=C1', 'IC1=CC(C=O)=CC(I)=C1', 'IC1=CC=C(C=C1)N1C2=C(C=CC=C2)C2=C1C=CC=C2']"
7,"[2.2750940565493107, 3.216504452813451]",2.236350334771817,"['FC1=CC(I)=CC(F)=C1C=O', 'ClC1=CC(I)=CC(Cl)=C1C=O']","['COC(=O)C1=CC=CC=C1I', 'CCOC(=O)C1=CC2=CC=CC=C2C=C1I', 'OC(=O)C1=CC(I)=CC(=C1)C(F)(F)F', 'ClC1=CC=C2OC(=O)C(=CC2=C1)C1=CC=C(I)C=C1', 'CC1=C(C=CC(I)=C1)N(=O)=O', 'CC1=C(C=C(I)C=C1)C#N', 'COC(=O)C1=CC(=CC(I)=C1)C(F)(F)F', 'IC1=CC=CC(=C1)C(=O)CC#N', 'CC(=O)C1=CC(Br)=CC(I)=C1', 'COC(=O)C1=CC(I)=CC(F)=C1F', 'OC(=O)C1=C(Br)C=C(I)C=C1', 'COC(=O)C1=CC(=CC(I)=C1)C(=O)OC', 'NS(=O)(=O)C1=CC=C(I)C=C1', 'IC1=CC(C=O)=CC(C=O)=C1', 'FC1=C2C=CC=CC2=CC(I)=C1', 'BrCC(=O)C1=CC=C(I)C=C1', 'COC(=O)C1=CC(I)=CC(=C1)C(O)=O', 'FC1=CC(I)=CC(C=O)=C1', 'IC1=CC=C(I)C(=C1)C#N', 'FC(F)(F)C1=CC(C=O)=CC(I)=C1', 'OC(=O)C1=C(C=C(I)C=C1)C(F)(F)F', 'FC(F)(F)C1=C(C=O)C=CC(I)=C1', 'OC(=O)C1=CC=C(I)C=C1F', 'BrCC(=O)C1=CC(I)=CC=C1', 'COC(=O)C1=CC(I)=CC=C1Br', 'FC1=C(C=O)C=CC(I)=C1', 'CC1=C(C=CC(I)=C1)C#N', 'CC1=CC(=CC(I)=C1)C#N', 'IC1=CC=C(C=C1)N1C=NN=N1', 'FC(F)(F)C(=O)C1=CC=C(I)C=C1', 'IC1=CC=C(C=C1)C(=O)CC#N', 'COC(=O)C1=CC2=CC=CC=C2C=C1I', 'CC1=CC=C(C(O)=O)C(I)=C1', 'IC1=CC(=CC=C1)C(=O)ON1C(=O)CCC1=O', 'IC1=CC(=CC(I)=C1)C#N', 'ClC1=CC=C(I)C=C1C=O', 'FS(F)(F)(F)(F)C1=CC=CC(I)=C1']"
8,"[2.366945908511635, 2.048144569358617]",2.392179023306339,"['BrC1=C(I)C=CC(=C1)N(=O)=O', 'OS(=O)(=O)C1=CC=C(I)C=C1']","['CS(=O)(=O)C1=CC=CC(I)=C1', 'BrC1=CC(C=O)=CC(I)=C1', 'CC(=O)C1=CC(I)=C(C=C1)C(O)=O', 'OC(=O)C1=CC=C(I)C=C1', 'CCOC(=O)C1=CC(I)=CC(Br)=C1', 'OC(=O)C1=C(C=C(I)C=C1)N(=O)=O', 'CS(=O)(=O)C1=CC=C(I)C=C1', 'COC1=C(OC)C(=CC(I)=C1)C(O)=O', 'FC1=CC(I)=CC=C1N(=O)=O', 'FC(F)(F)C1=CC=C(C=O)C(I)=C1', 'IC1=CC=C(C=C1)C(=O)ON1C(=O)CCC1=O', 'FC1=C(Cl)C=CC(I)=C1C=O', 'OC(=O)C1=CC(I)=CC(F)=C1F', 'OC(=O)C1=CC(I)=CC=C1Br', 'ClC1=CC(=CC(I)=C1)C#N', 'FC1=CC=C(C=O)C(I)=C1', 'BrC1=C(C=O)C=C(I)C=C1', 'COC1=CC(I)=C(C=O)C=C1', 'OC(=O)C1=C(C=CC(I)=C1)N(=O)=O', 'CC1=NN=C(N=N1)C1=CC=C(I)C=C1', 'OC(=O)C1=CC(I)=CC(Cl)=C1F', 'CC(C)(C)OC(=O)CC1=CC(I)=CC=C1N(=O)=O', 'ClC1=C(C=CC(I)=C1)N(=O)=O', 'IC1=CC=CC(=C1)C#N', 'IC1=CC(=C(C=O)C=C1)N(=O)=O', 'ClC1=C(Cl)C=C(I)C=C1', 'IC1=CC=C(C=C1)N(=O)=O', 'CC1=CC(C=O)=C(C)C=C1I', 'OC(=O)C1=CC(Br)=CC(I)=C1', 'COC(=O)C1=CC(I)=CC(Br)=C1', 'OS(=O)(=O)C1=CC=CC(I)=C1', 'COC(=O)C1=CC=C(I)C=C1N(=O)=O', 'OC(=O)C1=C(I)C=CC(I)=C1', 'COC(=O)C1=C(C=C(I)C=C1)S(N)(=O)=O', 'BrC1=CC(I)=CC=C1C=O', 'OC(=O)CCC1=NN=C(O1)C1=CC=CC=C1I']"
9,"[2.4472400571232678, 3.4995427797365037]",2.4912679680053347,"['CC1=CC(=C(N)C=C1I)N(=O)=O', 'CN(C)C1=CC(F)=CC(I)=C1']","['ClC1=CC(I)=CC(Cl)=C1', 'FS(F)(F)(F)(F)C1=CC=C(I)C=C1', 'BrC1=CC(I)=CC(=C1)C#N', 'BrCC1=CC=C(I)C=C1', 'CC1=CC=C(I)C(C(O)=O)=C1F', 'OC(=O)C1=C(Cl)C=C(I)C=C1Cl', 'FC(F)(F)C1=CC(I)=CC(=C1)C#N', 'FC1=CC(I)=CC=C1C(F)(F)F', 'COC(=O)C1=C(I)C=CC=C1Cl', 'ClC1=C(C=CC(I)=C1)C#N', 'BrC1=CN=C(OC2=CC=C(I)C=C2)N=C1', 'CC1=CC(I)=C(C)C=C1N(=O)=O', 'FC(F)(F)C1=CC(Cl)=CC(I)=C1', 'BrC1=CC(I)=CC(I)=C1', 'FC(F)(F)C1=CC=C(I)C(C=O)=C1', 'FC(F)(F)C1=C(Cl)C=CC(I)=C1', 'OC(=O)C1=C(I)C=C(F)C=C1', 'COC(=O)C1=C(C(=O)OC)C(I)=CC=C1', 'OC(=O)C1=C(I)C=CC=C1Cl', 'BrC1=C(C=CC(I)=C1)C#N', 'COC(=O)C1=C(I)C=CC=C1F', 'FC1=CC(I)=CC=C1CBr', 'BrC1=CC=C(C=C1)C(=O)C1=CC=C(I)C=C1', 'CCOC(=O)C1=C(I)C=CC(Cl)=C1', 'CCOC(=O)C1=C(I)C=CC=C1F', 'NS(=O)(=O)C1=CC=CC(I)=C1', 'ClC1=CC=C(I)C=C1CBr', 'FC1=CC=CC(I)=C1C=O', 'NC(=O)C1=C(Br)C=C(I)C=C1', 'OC(=O)C1=C(I)C=CC=C1F', 'FC1=C(C=CC(I)=C1)C#N', 'ClC1=C(C=O)C(I)=CC=C1', 'FC1=C(Cl)C=C(I)C=C1Cl', 'FC1=CC(=CC(I)=C1)C(F)(F)F']"
