,obj_values ['rate'],Vendi_score,eval_samples,cut_samples
0,"[2.4842720194826775, 2.1824780316513106]",1.7169263837323008,"['NC1=C(C=C(I)C(F)=C1)N(=O)=O', 'IC1=CC=C(OCC#N)C=C1']",[]
1,"[1.433704789890812, 1.2665409766637414]",2.015237285297343,"['COC1=CC=CC(C(O)=O)=C1I', 'NC1=C(C=C(I)C(Cl)=C1)N(=O)=O']","['OC(=O)COC1=C(I)C=C(Cl)C=C1', 'COC1=C(F)C=C(I)C=C1', 'COC1=CC(O)=C(C=O)C=C1I', 'COC1=C(I)C=C(C=C1)C(O)=O', 'CS(=O)(=O)NC1=CC=C(I)C=C1', 'CC1=C(Cl)C=C(I)C(O)=C1I', 'FC(F)OC1=CC=C(I)C=C1', 'OC1=CC=C(OC(F)(F)F)C=C1I', 'OC(=O)COC1=CC=C(I)C=C1', 'CC(C)OC1=CC=C(I)C=C1', 'FC(F)(F)C(=O)NC1=CC=C(I)C=C1', 'CC1=CC=C(I)C=C1F', 'OCCC1=CC=C(I)C=C1', 'IC1=CC=C(C=C1)N1C=CC=N1', 'NC1=C(C=C(I)C=C1)C(F)(F)F', 'CC1=CC(I)=C(O)C(=C1)C(O)=O', 'NCCC1=CC=C(I)C=C1', 'OC1=C(F)C=CC(I)=C1', 'NC1=C(Cl)C=C(I)C=C1Cl', 'IC1=CC=CC=C1N=C=O', 'OC1=C(F)C=C(I)C=C1', 'OC1=CC=C(I)C=C1C(F)(F)F', 'COC1=CC=C(I)C(C(O)=O)=C1F', 'COC1=CC(N)=C(C=C1I)N(=O)=O', 'IC1=CC=C(OCC2CC2)C=C1', 'IC1=C(C=CC=C1)N=C=S', 'CCOC1=CC=C(I)C=C1', 'C[C@H](O)C1=CC=C(I)C=C1', 'NCCOC1=CC=C(I)C=C1', 'COC1=C(F)C=C(I)C=C1F', 'CC(=O)OC1=CC=C(I)C=C1', 'COC1=C(C)C=C(I)C=C1', 'OC1=CC(F)=C(Cl)C=C1I', 'COC1=C(O)C=CC(I)=C1', 'OC(=O)CC1=CC=C(I)C=C1', 'ClCC(=O)NC1=CC=C(I)C=C1', 'CC(=O)NC1=C(Cl)C=C(I)C=C1', 'COC1=C(F)C=CC(I)=C1', 'CC(OC1=CC=C(I)C=C1)C(C)=O', 'CC1=C(O)C=CC(I)=C1', 'OCC1=C(O)C=CC(I)=C1', 'NC1=C(C(F)=C(I)C=C1)N(=O)=O', 'OC1=C(I)C=C(I)C=C1', 'CC(=O)NC1=C(OC(F)(F)F)C=C(I)C=C1', 'NC1=C(OC(F)(F)F)C=C(I)C=C1', 'CC(C)C1=CC=C(I)C=C1', 'NC(=O)C1=CC(O)=C(I)C=C1', 'COC(=O)COC1=CC=C(I)C=C1', 'CC1=CC(O)=C(I)C=C1N(=O)=O', 'OC(=O)CCCOC1=CC=C(I)C=C1', 'CC1=C(Cl)C=C(I)C=C1', 'NC(=O)CC1=CC=C(I)C=C1']"
2,"[2.0545642434222633, 1.2748864375221187]",2.0712616748726735,"['COC1=CC(I)=C(F)C=C1', 'NC1=CC(I)=C(F)C=C1Cl']","['CC1=CC(N)=C(C=C1I)N(=O)=O', 'CNC1=CC=C(I)C=C1N(=O)=O', 'OC(=O)C1=CC=C(I)C(O)=C1', 'COC(=O)C1=C(N)C(I)=CC(F)=C1', 'COC1=C(OC)C(I)=CC(C=O)=C1', 'COC(=O)C1=CC(I)=C(O)C(I)=C1', 'NC1=CC=C(I)C=C1C#N', 'COC(=O)C1=C(N)C(I)=CC(=C1)C(F)(F)F', 'CC(=O)C1=CC(I)=CC=C1O', 'COC1=C(F)C=CC=C1I', 'COC1=C(I)C(=CC=C1)N(=O)=O', 'OC1=C(I)C=CC=C1N(=O)=O', 'OC1=CC=C(I)C=C1C=O', 'NC1=C(I)C=C(C=C1C(F)(F)F)N(=O)=O', 'COC1=CC2=CC=CC=C2C=C1I', 'NC1=C(I)C=C(Cl)C=C1N(=O)=O', 'COC(=O)C1=C(OC)C=C(Cl)C(I)=C1', 'CC1=CC(F)=C(I)C=C1N(=O)=O', 'NC(=O)C1=C(O)C=CC(I)=C1', 'COC1=CC=C(I)C(=C1)N(=O)=O', 'COC(=O)C1=C(I)C=CC(O)=C1', 'CC(=O)C1=CC(Cl)=C(C)C(I)=C1O', 'COC(=O)C1=C(N)C(I)=CC(Cl)=C1', 'NNC(=O)C1=C(O)C=CC(I)=C1', 'COC(=O)C1=C(O)C(I)=CC(Br)=C1', 'OC(=O)C1=CC=CC(I)=C1F', 'CC(=O)C1=C(F)C(I)=CC=C1F', 'OC(=O)C1=CC(I)=CC=C1O', 'NC1=CC(Cl)=C(I)C=C1C(O)=O', 'COC(=O)C1=C(O)C=CC(I)=C1', 'NC1=C(I)C=C(C=C1N(=O)=O)C(F)(F)F', 'COC1=CC(=CC=C1I)C(O)=O', 'NC1=CC=C(I)C=C1N(=O)=O', 'NC1=C(I)C=C(C=C1F)C(F)(F)F', 'COC(=O)C1=CC=C(I)C(O)=C1', 'CC(=O)C1=C(I)C=CC(F)=C1', 'OC1=C(I)C=C(Cl)C=C1I', 'COC1=C(I)C=C(C2=CC=CC=C12)N(=O)=O', 'COC1=C(OCC=C)C(I)=CC(C=O)=C1', 'COC(=O)C1=C(Cl)C(O)=C(I)C=C1', 'FC1=C(C=O)C=CC=C1I', 'OC(=O)C1=CC(I)=C(C=C1)N1C=CC=N1', 'OC1=C(C=O)C=C(OC(F)(F)F)C=C1I', 'FC1=CC(F)=C(C=O)C=C1I', 'FC1=C(I)C=CC(Cl)=C1C=O', 'COC(=O)C1=CC(I)=C(N)C(=C1)N(=O)=O', 'COC(=O)C1=C(F)C(I)=CC=C1', 'OC1=CC=C(C=C1I)C1=CC=C(C=C1)C#N', 'OC(=O)C1=CC(I)=C(F)C=C1Cl']"
3,"[2.2851505855772416, 1.7649361124992717]",2.238196257702863,"['NC1=CC(F)=C(I)C=C1', 'IC1=CC(CC#N)=CC=C1']","['OC1=CC(I)=C(O)C=C1I', 'OC1=CC(=CC=C1I)C(=O)N1CCOCC1', 'FC1=C(I)C=CC(OC(F)(F)F)=C1', 'SC1=CC(Cl)=CC=C1I', 'COC(=O)CCC1=CC(I)=C(O)C=C1', 'NC1=CC(F)=C(C=C1I)C#N', 'FC(F)OC1=CC=CC=C1I', 'NC1=C(I)C=C(OC(F)(F)F)C=C1', 'COC(=O)C1=CC(I)=C(OC(F)F)C=C1', 'CC1=C(C=C(I)C(N)=C1)C#N', 'CC1=CC(Cl)=CC(I)=C1N', 'OC1=CC=C(C=C1I)C#N', 'FC1=CC(I)=C(F)C=C1', 'FC1=CC=C(I)C(F)=C1F', 'FC1=CC=C(I)C(F)=C1', 'OC1=C(I)C=C(C=C1I)C(F)(F)F', 'COC1=C(I)C(Cl)=C(Cl)C=C1', 'COC1=CC(I)=C(Cl)C=C1', 'NC1=C(I)C=C(Cl)C(F)=C1', 'COC1=CC=C(OC)C(I)=C1', 'OCC1=CC(F)=C(I)C=C1', 'COC1=C(I)C=CC(=C1)C(C)C', 'OC1=C(Cl)C=C(Br)C=C1I', 'NC1=CC=C(C=C1I)C(F)(F)F', 'OC1=CC=CC(I)=C1F', 'COC1=CC(I)=C(F)C=C1Cl', 'OC(=O)CC1=CC=C(I)C(F)=C1', 'FC1=C(I)C=CC(I)=C1', 'COC1=CC=CC(I)=C1OC', 'OC1=C(O)C(I)=CC=C1', 'COC(=O)C1=CC(I)=C(F)C=C1C', 'CC1=CC(I)=C(O)C=C1Cl', 'FC1=C(F)C(I)=CC=C1', 'CC1=CC(I)=C(F)C=C1Cl', 'COC1=CC=C(C=C1I)C(F)(F)F', 'COC1=CC(CO)=CC(I)=C1O', 'FC1=C(I)C=CC=C1Cl', 'COC1=C(I)C=C(N)C=C1I', 'NC1=C(I)C=C(F)C(F)=C1', 'CCOC(=O)C1=CC(I)=C(OC)C=C1', 'FC1=CC(I)=C(NC(=O)CCl)C=C1', 'CCOC(=O)COC1=CC=CC=C1I', 'COC1=C(I)C=C(O)C=C1', 'CCOC1=C(I)C=CC=C1', 'COC(=O)C1=CC(I)=C(O)C=C1', 'COC1=C(I)C=C(Br)C=C1F', 'COCOC1=C(I)C=CC=C1F']"
4,"[2.366497012150013, 1.7415390325909947]",2.374167438922895,"['NC1=C(C=O)C=C(I)C=C1', 'CNC1=CC=C(I)C=C1']","['CC(N)C1=CC=C(I)C=C1', 'CN(C)C(=O)C1=CC(I)=CC=C1', 'FC(F)(F)C(=O)NC1=CC(I)=CC=C1', 'CC(=C)C1=CC=C(I)C=C1', 'CC1=C(O)C=C(I)C=C1', 'CC(=O)OC1=CC=CC(I)=C1', 'COC1=C(C(O)=O)C(I)=CC=C1', 'CCCCOC1=CC=C(I)C=C1', 'IC1=CC=C(CC#C)C=C1', 'CSC1=CC=C(I)C=C1', 'OC(=O)COC1=CC=CC(I)=C1', 'COC(=O)C1=C(I)C=CC=C1OC', 'OC1=C(Cl)C=CC(I)=C1', 'FC1=C(I)C=CC(CBr)=C1', 'IC1=CC=C(C=C1)C1(CC1)C#N', 'FC(F)C(F)(F)OC1=CC=C(I)C=C1', 'FC(F)C1=CC(I)=CC=C1', 'OC1=C(F)C=C(I)C=C1F', 'SC1=CC=C(I)C=C1Cl', 'CS(=O)(=O)NC1=CC(I)=CC=C1', 'CC(C)CC1=CC=C(I)C=C1', 'CC1=CC=C(I)C(C(O)=O)=C1F', 'IC1=CC=C(C=C1)N=C=O', 'COC1=C(Cl)C=CC(I)=C1', 'CC1=CC(Cl)=CC(I)=C1', 'FC(F)(F)OC1=CC=CC=C1I', 'COC(=O)CC1=CC=CC(I)=C1', 'IC1=CC=C(C=C)C=C1', 'NC1=C(I)C=C(F)C=C1', 'IC1=CC=CC(OCC#C)=C1', 'CC(=O)NC1=C(C=C(I)C=C1)C(F)(F)F', 'IC1=CC=CC(=C1)N=C=O', 'IC1=CC=C(C=C1)N1CCC(=O)NC1=O', 'OC(=O)CC1=CC=CC(I)=C1', 'IC1=CC=CC(C=C)=C1', 'CS(=O)(=O)NC1=CC=C(I)C=C1F', 'OB(O)C1=C(F)C(F)=C(I)C=C1', 'CC1=CC(Cl)=C(I)C=C1C', 'IC1=CC=C(CN2C=CN=C2)C=C1', 'OC(=O)C1(CC1)C1=CC=C(I)C=C1', 'COC1=CC(I)=CC=C1CO', 'CCN(CC)C(=O)C1=CC(O)=C(I)C=C1', 'FC(F)OC1=CC(I)=CC=C1', 'NC1=C(F)C(F)=C(Br)C=C1I']"
5,"[3.3974042752545897, 1.5793869485225487]",2.6333594550164894,"['OC1=C(C=O)C=C(I)C=C1I', 'FC1=CC(F)=C(I)C(F)=C1']","['OC1=CC=C(OC2=CC=C(I)C=C2)C=C1', 'NC1(CC1)C1=CC=C(I)C=C1', 'NC1=C(O)C=C(I)C=C1', 'IC1=CC=CC(=C1)C1=CC=CC=C1', 'NC1=C(F)C=CC(I)=C1', 'NC1=C(N)C=C(I)C=C1', 'OCC1=CC=C(I)C=C1O', 'CC(C)(C)C1=C(N)C=CC(I)=C1', 'CCOC1=CC=CC(I)=C1', 'CNC(=O)C1=CC=CC(I)=C1', 'IC1=CC=CC(CNC2CC2)=C1', 'NC1=C(I)C=C(Br)C=C1F', 'COC(=O)CCC1=CC=C(I)C=C1', 'NC1=CC=C(I)C2=CC=CC=C12', 'COC1=CC(B(O)O)=C(I)C=C1', 'NNC(=O)CNC1=CC=C(I)C=C1', 'IC1=CC=C(C=C1)N1C=CC=C1', 'NC1=CC(I)=CC=C1O', 'CC(=O)CC(=O)NC1=CC=C(I)C=C1', 'IC1=CC=C(C=C1)C1=CC=CC=C1', 'CC1=CC=CC(I)=C1', 'OC(=O)CCCC1=CC=C(I)C=C1', 'CC1=CC(I)=CC(I)=C1N', 'OC(=O)CNC1=CC=C(I)C=C1', 'CC(C)C1=CC=CC(I)=C1', 'FC(F)(F)OC1=CC=C(I)C=C1', 'CC1=C(N)C(I)=CC=C1', 'OC1=C(Br)C=C(I)C=C1', 'FC1=C2C=CC=CC2=CC(I)=C1', 'CC(O)C1=CC=C(I)C=C1', 'NC1=C(C=C(I)C=C1I)C(O)=O', 'CC(C)(C)C1=CC=C(I)C=C1', 'COC1=C(N)C=C(I)C=C1', 'COC1=C(N)C=CC(I)=C1', 'NC1=CC(Br)=C(Cl)C=C1I', 'CCOC(=O)C1=C(O)C=CC(I)=C1', 'ClCC(=O)NC1=CC(I)=CC=C1', 'IC1=CC=C(C=C1)N1CCOCC1', 'CC1=CC(I)=CC(C(O)=O)=C1N', 'NC1=C(Br)C=C(I)C=C1', 'CCCCC1=CC=C(I)C=C1', 'CNC1=CC=C(I)C=C1C']"
6,"[4.716952514504602, 2.5737943082138393]",2.814202485992397,"['IC1=CC(=C(I)C=C1)N(=O)=O', 'IC1=CC(C=O)=C(I)C(I)=C1']","['COC1=C(C=C(I)C=C1)N(=O)=O', 'FC1=C(I)C=C(Br)C=C1', 'ClCC(=O)NC1=CC=CC=C1I', 'OC[C@H]1CN(C(=O)O1)C1=CC=C(I)C=C1', 'CC1=CC=C(I)C=C1C=O', 'COC(=O)C1=C(C)C(Cl)=CC(I)=C1', 'CC1=CC(I)=CC(I)=C1', 'FC1=CC(I)=CC=C1NC(=O)NC1CC1', 'OC1=C(F)C=C(I)C=C1I', 'OC(=O)C1=CC(I)=CC(I)=C1O', 'NC1=C(C=O)C=C(I)C=C1I', 'NC(=O)C1=CC(I)=CC=C1', 'ClC1=CC=C(I)C=C1I', 'NC(=O)NC1=CC(I)=CC=C1', 'CC(=O)C1=CC=C(N)C(I)=C1', 'IC1=CC=C(C=C1)C#C', 'COC(=O)C1=C(F)C=CC(I)=C1', 'OC(=O)CCC1=CC(I)=CC=C1', 'FC1=C(I)C=CC=C1Br', 'NC1=C(C=C(I)C=C1)C(=O)C1=CC=CC=C1', 'ONC(=O)C1=CC(I)=CC=C1', 'OC1=C(Cl)C=C(I)C=C1I', 'IC1=CC=C(OC2=C(C=O)C=CC=C2)C=C1', 'CCOC(=O)C1=CC(I)=CC=C1N', 'COC1=CC(I)=CC(=C1N)N(=O)=O', 'COC1=C(I)C(F)=C(Cl)C=C1', 'OC(=O)C1=C(I)C=CC(F)=C1Cl', 'FC1=CC(F)=C(Cl)C=C1I', 'FC1=CC(F)=C(F)C=C1I', 'FC1=CC(F)=C(C=C1I)C#N', 'COCCOC1=CC(I)=CC=C1', 'CC1=CC(I)=CC=C1Cl', 'IC1=CC=C(OC2=NC=CC=N2)C=C1', 'CCOC(=O)C1=C(F)C=CC(I)=C1', 'COC1=CC(=CC(I)=C1)C(F)(F)F', 'IC1=CC=C(OC2=CC=C(C=C2)C#N)C=C1', 'COC1=CC=C(I)C=C1C(O)=O', 'CC(C)(C)C1=CC(I)=CC(C=O)=C1O', 'IC1=CC(I)=CC=C1', 'COC1=CC(I)=CC(C=O)=C1O']"
7,"[2.8707967836926254, 2.7952971175111547]",2.890394930182613,"['IC1=CC(=CC=C1)N(=O)=O', 'FC1=CC(=CC(I)=C1)N(=O)=O']","['CC(=O)C1=CC(I)=CC=C1', 'NC1=CC(I)=CC(=C1)C(O)=O', 'OCC1=CC(I)=CC(I)=C1', 'ClC1=CC=C(I)C=C1C=O', 'IC1=CC=C(I)C(=C1)C#N', 'FC(F)(F)C(=O)CC1=CC=C(I)C=C1', 'COC(=O)C1=CC(OC)=CC(I)=C1', 'OC(=O)C1=CC(I)=CC(Cl)=C1F', 'COC(=O)C1=CC(I)=CC(F)=C1F', 'CCC1=CC=C(I)C=C1C(O)=O', 'IC1=CC(C=O)=CC(I)=C1', 'COC(=O)C1=CC(I)=CC(O)=C1', 'IC1=CC(C=O)=CC=C1', 'OC(=O)C1=CC(I)=CC(F)=C1F', 'IC1=CC(C=O)=CC(C=O)=C1', 'OC(=O)C1=CC(I)=CC(O)=C1', 'CCOC(=O)CC(=O)C1=CC=CC(I)=C1', 'COC1=CC(I)=CC=C1I', 'CCCNC(=O)C1=CC=CC(I)=C1', 'OC1=C(C=C(I)C=C1)N(=O)=O', 'COC(=O)C1=C(Cl)C=CC(I)=C1', 'CC1=C(C=C(I)C=C1)C#N', 'CCOC(=O)C1=CC(OC)=CC(I)=C1', 'IC1=CC=CC(=C1)N=C=S', 'COC(=O)C1=C(I)C=CC(C)=C1', 'CC1=C(C=C(I)C=C1Cl)C(O)=O', 'COC(=O)C1=C(C)C=CC(I)=C1', 'COC1=CC(=CC(I)=C1)C(O)=O', 'FC(F)(F)C1=CC(I)=CC=C1I', 'IC1=CC=CC(=C1)C(=O)NC1CC1', 'OC(=O)\\C=C\\C1=CC=CC(I)=C1', 'OC(=O)C1=CC(I)=CC(I)=C1', 'IC1=CC=CC(=C1)C(=O)C1=CC=CC=C1', 'FC(F)(F)C1=C(Cl)C=CC(I)=C1', 'CCOC(=O)C1=CC(I)=CC=C1C', 'OC(=O)C1=CC(I)=CC=C1Cl', 'FC(F)(F)C1=CC(C=O)=CC(I)=C1']"
8,"[2.9112995318354957, 3.4794571114751234]",2.9383081445935786,"['IC1=CC(=CC(I)=C1)C#N', 'IC1=CC=C(C#N)C(=C1)C#N']","['CC1=CC=C(I)C(C)=C1N(=O)=O', 'COC(=O)C1=CC=CC(I)=C1', 'COC(=O)C1=CC(=CC(I)=C1)C(F)(F)F', 'ClC1=CC(I)=CC(=C1)N(=O)=O', 'COC1=CC(=CC(I)=C1)N(=O)=O', 'COC1=C(C(I)=CC=C1)N(=O)=O', 'OC(=O)C1=CC(I)=CC(=C1)N(=O)=O', 'OC(=O)C1=C(C=C(I)C=C1)C(O)=O', 'COC1=C(I)C=CC(C=O)=C1', 'IC1=CC=C(C=C1)N1C(=O)C=CC1=O', 'IC1=CC(=CC(I)=C1)N(=O)=O', 'IC1=CC=CC(=C1)C#N', 'COC(=O)C1=CC=C(I)C=C1N(=O)=O', 'CC1=CC(=CC(I)=C1)C#N', 'FC1=CC(I)=CC(C=O)=C1', 'BrC1=C(C=O)C=C(I)C=C1', 'COC1=C(I)C=CC(=C1)N(=O)=O', 'ClC1=C(C=C(I)C=C1)N(=O)=O', 'ClC1=CC(=CC(I)=C1)C#N', 'COC(=O)C1=CC(I)=CC(=C1)C(O)=O', 'COC(=O)C1=CC(I)=CC(F)=C1', 'OC1=C(I)C=C(C=C1C=O)N(=O)=O', 'CC1=CC(I)=CC(=C1)N(=O)=O', 'OC(=O)C1=CC(Cl)=CC(I)=C1', 'FS(F)(F)(F)(F)C1=CC=CC(I)=C1', 'IC1=CC=CC(=C1)C(=O)CC#N', 'OC(=O)C1=CC(I)=CC(=C1)C(F)(F)F', 'OCC1=CC=C(I)C=C1N(=O)=O', 'OC(=O)\\C=C\\C1=CC=C(I)C=C1', 'FC1=C(C=C(I)C=C1)C#N', 'OCC1=CC(=CC(I)=C1)N(=O)=O', 'COC(=O)C1=CC(Cl)=CC(I)=C1', 'FC1=C(C=C(I)C=C1)N(=O)=O', 'CC1=CC=C(I)C=C1N(=O)=O', 'OC(=O)C1=C(C=C(I)C=C1)N(=O)=O', 'CC1=CC(=CC(I)=C1)C(O)=O']"
9,"[1.8331002008206168, 4.647237671241276]",2.961406036999738,"['COC1=CC(I)=C(C=C1I)N(=O)=O', 'IC1=CC(=CC(=C1)C#N)N(=O)=O']","['COC(=O)C1=CC=C(I)C=C1C(=O)OC', 'BrCC(=O)C1=CC(I)=CC=C1', 'COC(=O)C1=CC(I)=CC(N)=C1', 'CC(=O)C1=C(Br)C=CC(I)=C1', 'OC(=O)C1=C(Cl)C=C(I)C=C1', 'ClC1=C(Cl)C=C(I)C=C1', 'COC1=C(C=CC(I)=C1)N(=O)=O', 'CC1=C(C(I)=CC=C1)N(=O)=O', 'OC(=O)C1=C(C=C(I)C=C1)C(F)(F)F', 'CCOC(=O)C1=CC=CC(I)=C1', 'FC(F)(F)C1=C(C=O)C=CC(I)=C1', 'COC(=O)C1=CC(=CC(I)=C1)C(=O)OC', 'BrC1=C(C=C(I)C=C1)N(=O)=O', 'FC(F)(F)C1=CC(I)=CC(=C1)C#N', 'BrC1=CC(C=O)=CC(I)=C1', 'FC(F)(F)C1=CC(=CC(I)=C1)N(=O)=O', 'FC1=CC=C(C=C1)C(=O)C1=C(Cl)C=CC(I)=C1', 'IC1=CC=CC(OC2=NC=CC=N2)=C1', 'BrC1=C(C=C(I)C=C1)C#N', 'ClC1=C(C=CC(I)=C1)N(=O)=O', 'ONC(=O)C1=CC=C(I)C=C1', 'CCOC(=O)C1=CC=C(I)C=C1F', 'FC(F)(F)C1=C(C=C(I)C=C1)C#N', 'CC(C)NC(=O)C1=CC=CC(I)=C1', 'IC1=CC=C(C=C1)C1=CC=C(O1)C=O', 'IC1=CC2=CC=CC=C2C=C1N(=O)=O', 'CC(=O)C1=CC=C(I)C=C1', 'OC(=O)C1=C(C=CC(I)=C1)N(=O)=O', 'CC(=O)C1=CC(I)=C(C=C1)C(O)=O', 'OC(=O)C1=CC=CC(I)=C1C(O)=O', 'OC(=O)C1=CC(I)=CC=C1Br', 'CC1=C(C=CC(I)=C1)N(=O)=O', 'ClCC(=O)C1=CC=C(I)C=C1', 'CCC(=O)C1=CC=C(I)C=C1']"
