,obj_values ['rate'],Vendi_score,eval_samples,cut_samples
0,"[2.512123179751745, 3.4302142593713696]",1.3156290635654875,"['BrC1=CC=C(C=C1)C1=CC=CC(I)=C1', 'CC1=CC=C(I)C=C1C=O']",[]
1,"[1.8070789161363876, 4.049616759638588]",1.4113298366937164,"['NC1=CC(I)=CC(=C1)C(O)=O', 'OC(=O)C1=CC(I)=CC=C1O']","['CCOC(=O)CC(=O)C1=CC=CC(I)=C1', 'CCOC(=O)C1=CC=CC(I)=C1', 'CCCNC(=O)C1=CC=CC(I)=C1', 'IC1=CC(I)=CC=C1', 'CC(=O)C1=C(Br)C=CC(I)=C1', 'BrCC(=O)C1=CC(I)=CC=C1', 'IC1=CC(=CC=C1)C(=O)NCC1=CC=CC=C1', 'IC1=CC=C(OC2=C(C=O)C=CC=C2)C=C1', 'COC(=O)C1=CC(OC)=CC(I)=C1', 'IC1=CC=CC(=C1)N=C=S', 'OC(=O)\\C=C\\C1=CC=C(I)C=C1', 'ClC1=CC=C(I)C=C1C=O', 'IC1=CC=CC(=C1)C(=O)C1=CC=CC=C1', 'NC(=O)C1=CC(I)=CC=C1', 'CCOC(=O)C1=CC(OC)=CC(I)=C1', 'CCOC(=O)C1=CC(I)=CC=C1C', 'OC(=O)C1=CC(I)=CC(O)=C1', 'CNC(=O)C1=CC=CC(I)=C1', 'OC(=O)\\C=C\\C1=CC=CC(I)=C1', 'IC1=CC=CC(OC2=NC=CC=N2)=C1', 'ONC(=O)C1=CC(I)=CC=C1', 'CC(C)C1=CC(I)=CC(Br)=C1', 'CC1=CC(I)=CC(I)=C1', 'CC1=CC(=CC(I)=C1)C(O)=O', 'CC(=O)C1=CC(I)=CC=C1', 'IC1=CC(C=O)=CC=C1', 'COC(=O)C1=CC(I)=CC=C1Br', 'ClC1=CC2=C(C=C1)C=C(I)C=C2', 'ClC1=CC=C(I)C=C1I', 'IC1=CC=C(OC2=NC=CC=N2)C=C1', 'COC(=O)C1=C(F)C=CC(I)=C1', 'COC(=O)C1=C(C)C=CC(I)=C1', 'COC1=CC(=CC(I)=C1)C(O)=O', 'COC(=O)C1=C(Br)C=C(I)C=C1', 'FC(F)(F)C(=O)CC1=CC=C(I)C=C1', 'COC(=O)C1=C(Cl)C=CC(I)=C1', 'CCC(=O)C1=CC=C(I)C=C1', 'CC(C)NC(=O)C1=CC=CC(I)=C1', 'ONC(=O)C1=CC=C(I)C=C1', 'CCC1=CC=C(I)C=C1C(O)=O', 'OC(=O)C1=CC(I)=CC(I)=C1', 'IC1=CC=CC(=C1)C(=O)NC1CC1', 'FC1=CC(I)=CC(C=O)=C1', 'COC(=O)C1=CC(I)=CC(O)=C1', 'COC(=O)C1=CC=CC(I)=C1', 'COC(=O)C1=C(C)C(Cl)=CC(I)=C1', 'CC1=C(C=C(I)C=C1Cl)C(O)=O', 'OC(=O)C1=CC(I)=CC=C1Cl', 'CC(=O)C1=CC=C(I)C=C1', 'OC(=O)C1=CC(=CC=C1)C1=CC=C(I)C=C1', 'OCC1=CC(I)=CC(I)=C1', 'OC(=O)C1=CC(I)=CC=C1Br']"
2,"[1.2811762743724204, 1.4569770777604691]",1.5160602515480255,"['NC1=C(C=O)C=C(I)C=C1I', 'COC1=C(C=C(I)C=C1)N(=O)=O']","['CC(=O)C1=CC(Br)=CC(I)=C1', 'COC(=O)C1=CC(I)=CC(F)=C1', 'IC1=CC(C=O)=CC(I)=C1', 'COC1=CC(I)=CC(C=O)=C1O', 'BrC1=CC2=CC=C(I)C=C2C=C1', 'CC(OC1=CC=C(I)C=C1)C(C)=O', 'COC(=O)C1=CC(I)=CC(=C1)C(O)=O', 'COC(=O)C1=CC(I)=CC(F)=C1F', 'OC(=O)C1=CC(I)=CC(Cl)=C1F', 'COC(=O)C1=CC=C(I)C=C1OC', 'OCC(=O)C1=CC=C(I)C=C1', 'IC1=CC2=C(C=C1)C1=C(C=CC=C1)C1=C2C=CC=C1', 'CC(C)(C)C1=CC(I)=CC(C=O)=C1O', 'FS(F)(F)(F)(F)C1=CC=CC(I)=C1', 'NC1=CC=C(I)C=C1C#N', 'IC1=CC=C(C=C1)C1=CC=C(O1)C=O', 'CC(=O)C1=CC(I)=CC=C1O', 'COC(=O)C1=CC(Cl)=CC(I)=C1', 'COC(=O)C1=CC(I)=CC(N)=C1', 'IC1=CC=C(NC(=O)C2=CC=CC=C2)C=C1', 'CC1=CC(=CC(I)=C1)C#N', 'OC1=CC=C(I)C=C1C=O', 'NC(=O)C1=C(O)C=CC(I)=C1', 'NNC(=O)C1=C(O)C=CC(I)=C1', 'COC1=CC(I)=CC=C1I', 'COC(=O)C1=CC=C(I)C=C1C(=O)OC', 'IC1=CC(C=O)=CC(C=O)=C1', 'COC(=O)C1=C(O)C=C(I)C=C1', 'OC1=C(F)C=C(I)C=C1I', 'COC1=CC=C(I)C=C1C(O)=O', 'OC(=O)C1=C(C=C(I)C=C1)C(O)=O', 'OC(=O)C1=CC(I)=CC(I)=C1O', 'IC1=CC=CC(=C1)C(=O)CC#N', 'CC1=C(C=C(I)C=C1)C#N', 'CCOC(=O)C1=C(F)C=CC(I)=C1', 'COC(=O)C1=CC=C(I)C=C1N', 'CCOC(=O)C1=C(O)C=CC(I)=C1', 'COC1=C(C=CC(I)=C1)C(O)=O', 'FC(F)(F)C1=CC(C=O)=CC(I)=C1', 'BrC1=C(C=O)C=C(I)C=C1', 'CC(C)(C)OC(=O)C1=CC(I)=CC=C1', 'IC1=CC=C(C=C1)C(=O)C1=CC=CC=C1', 'CC(C)(C)NC(=O)C1=CC=CC(I)=C1', 'OC(=O)C1=CC(Cl)=CC(I)=C1', 'OC(=O)C1=CC=C(I)C=C1O', 'IC1=CC=C(C=C1)C(=O)NC1CC1', 'COC(=O)C1=C(O)C=CC(I)=C1', 'OC(=O)C1=CC(I)=CC(F)=C1F', 'ClCC(=O)C1=CC=C(I)C=C1']"
3,"[1.4894935731684589, 2.7709634947153825]",1.6807002257169075,"['ClC1=CC=C(I)C=C1CBr', 'OC(=O)C1=C(Cl)C=C(I)C=C1']","['OC1=C(C=C(I)C=C1)N(=O)=O', 'NC1=C(C=C(I)C=C1I)C(O)=O', 'FC1=CC=C(C=C1)C(=O)C1=C(Cl)C=CC(I)=C1', 'CC(C)(C)OC(=O)C1=C(O)C=CC(I)=C1', 'FC1=C(C=C(I)C=C1)N(=O)=O', 'OC(=O)C1=CC(Br)=CC(I)=C1', 'IC1=CC=C(NC2=NC=CC=N2)C=C1', 'IC1=CC=C(C=C1)N1C(=O)C=CC1=O', 'FC(F)(F)C1=CC(I)=CC=C1I', 'COC(=O)C1=CC(=CC(I)=C1)C(=O)OC', 'COC(=O)C1=CC(I)=CC(Br)=C1', 'COC1=C(C=O)C=CC(I)=C1', 'OC1=C(Cl)C=C(I)C=C1I', 'OC(=O)CCC(=O)C1=CC=C(I)C=C1', 'CC1=CC=C(I)C=C1N(=O)=O', 'COC(=O)C1=CC2=CC=CC=C2C=C1I', 'IC1=CC=CC(=C1)C#N', 'OC(=O)C1=C(NC2=CC=C(I)C=C2F)C=NC=C1', 'COC1=CC(=CC(I)=C1)N(=O)=O', 'CC1=CC(I)=CC(I)=C1N', 'CNC1=CC=C(I)C=C1N(=O)=O', 'IC1=CC=C(C=C1)C(=O)CCCC#N', 'FC1=CC=C(C=C1)C(=O)C1=CC=C(I)C=C1', 'CC1=CC(I)=CC(C(O)=O)=C1N', 'FC1=C(C=C(I)C=C1)C#N', 'CC1=CC(I)=CC(=C1)N(=O)=O', 'CCOC(=O)C1=CC(I)=CC=C1N', 'COC1=C(OC)C(=CC(I)=C1)C(O)=O', 'CC1=CC(I)=C(O)C(=C1)C(O)=O', 'COC1=CC(I)=CC(=C1N)N(=O)=O', 'OCC1=CC(=CC(I)=C1)N(=O)=O', 'NC1=C(C=O)C=C(I)C=C1', 'IC1=CC(=CC=C1)C(=O)ON1C(=O)CCC1=O', 'CC1=CC=C(C=C1)C(=O)C1=CC(I)=CC=C1', 'IC1=CC=C(C=C1)C(=O)C1=CC=CC=N1', 'BrC1=CN=C(OC2=CC=C(I)C=C2)N=C1', 'NC1=CC=C(I)C=C1N(=O)=O', 'COC(=O)C1=CC(=CC(I)=C1)C(F)(F)F', 'IC1=CC=C(I)C(=C1)C#N', 'OC1=C(C=O)C=C(I)C=C1I', 'IC1=CC=C(C=O)C=C1', 'BrC1=CC(C=O)=CC(I)=C1', 'BrC1=C(C=C(I)C=C1)C#N', 'COC(=O)C1=C(I)C=CC(O)=C1', 'OC(=O)C1=CC(I)=CC(=C1)C(F)(F)F', 'NC1=CC(I)=CC(I)=C1', 'OCC1=CC=C(I)C=C1N(=O)=O']"
4,"[1.8851762989967558, 4.097922598372427]",1.8285322086309366,"['FS(=O)(=O)C1=CC=C(I)C=C1', 'IC1=CC=C(C=C1)N(=O)=O']","['OC(=O)C1=C(Br)C=C(I)C=C1', 'IC1=CC=C(C=C1)C(=O)NCC1CC1', 'CC1=C(C=C(Cl)C=C1I)C(O)=O', 'CCOC(=O)C1=CC=C(I)C=C1F', 'CCCNC(=O)C1=CC=C(I)C=C1', 'COC1=C(C=CC(I)=C1)N(=O)=O', 'ClC1=CC(=CC(I)=C1)C#N', 'CC(C)NC(=O)C1=CC=C(I)C=C1', 'CCOC(=O)CC(=O)C1=CC=C(I)C=C1', 'OC(=O)CCCCC(=O)C1=CC=C(I)C=C1', 'NC(=O)C1=C(Br)C=C(I)C=C1', 'ClC1=CC(I)=CC=C1Br', 'BrC1=CC(I)=CC(=C1)C#N', 'CC(C)(C)OC(=O)C1=C(Br)C=C(I)C=C1', 'ClC1=C(CBr)C=CC(I)=C1', 'CC1=CC(Br)=CC(I)=C1', 'IC1=CC(=C(I)C=C1)N(=O)=O', 'ClC1=C(Br)C=C(I)C=C1', 'FC(F)(F)C1=CC(I)=CC(=C1)C#N', 'FC(F)(F)C1=C(C=O)C=CC(I)=C1', 'FC(F)(F)C(=O)C1=CC=C(I)C=C1', 'BrCC(=O)C1=CC=C(I)C=C1', 'OB(O)C1=CC(Br)=CC(I)=C1', 'COC1=CC(I)=CC=C1C#N', 'CNC(=O)C1=C(F)C=C(I)C=C1', 'CCOC(=O)C1=C(I)C=CC(C)=C1', 'FC1=C(C=O)C=CC(I)=C1', 'COC(=O)C1=C(Cl)C=C(I)C=C1', 'IC1=CC=C(C=C1)C(=O)C1=CC=CC(=C1)C#N', 'CC(C)(C)OC(=O)C1=CC=C(I)C=C1', 'CC(C)(C)C1=CC(I)=CC(Br)=C1', 'OCC1=CC(Br)=CC(I)=C1', 'CC1=C(C=CC(I)=C1)N(=O)=O', 'IC1=CC=C(C=C1)C(=O)CC1=CC=CC=C1', 'ClC1=CC=C(C=C1)C(=O)C1=CC=C(I)C=C1', 'IC1=CC(=CC(I)=C1)C#N', 'CC1=CC=C(I)C=C1Br', 'OC(=O)C1=C(C=C(I)C=C1)C(F)(F)F', 'CCOC(=O)C1=CC(I)=CC(Br)=C1', 'OC(=O)C1=CC=C(I)C=C1F', 'ClC1=C(C=C(I)C=C1)N(=O)=O', 'COC(=O)C1=C(I)C=CC(C)=C1', 'IC1=CC=C(C=C1)C(=O)CC#N', 'BrC1=CC(I)=CC=C1C=O']"
5,"[2.727365127435091, 3.621671409253185]",1.949982224315197,"['OC(=O)C1=CC=C(I)C=C1', 'OC1=CC(I)=CC=C1N(=O)=O']","['CC1=CC=C(I)C(C)=C1N(=O)=O', 'OC(=O)C1=C(C=C(I)C=C1)N(=O)=O', 'CC1=CC=C(C=O)C=C1I', 'BrC1=C(C=C(I)C=C1)N(=O)=O', 'CC1=C(I)C=C(C=C1F)C(O)=O', 'FC1=CC=CC(I)=C1C=O', 'FC1=CC(=CC(I)=C1)N(=O)=O', 'FC1=C(C=CC(I)=C1)C#N', 'IC1=CC=C(C=C1)C(=O)OCC1=CC=CC=C1', 'ClC1=C(C=CC(I)=C1)C#N', 'IC1=CC=C(C=C1)C(=O)NCC1=CC=CC=C1', 'CCOC(=O)C1=C(I)C=CC(Cl)=C1', 'FC(F)(F)C1=C(C=C(I)C=C1)C#N', 'CS(=O)(=O)C1=CC(=CC(I)=C1)S(C)(=O)=O', 'FC1=CC(I)=CC(F)=C1C=O', 'OC(=O)C1=C(C=CC(I)=C1)N(=O)=O', 'FC1=C(Cl)C=CC(I)=C1C=O', 'IC1=CC=C(C=C1)C(=O)ON1C(=O)CCC1=O', 'CC(C)(C)OC(=O)NC1=CC(=CC(I)=C1)C(O)=O', 'FC(F)(F)C1=CC(I)=CC=C1C#N', 'IC1=CC(=CC(I)=C1)N(=O)=O', 'COC(=O)C1=C(Cl)C=C(C)C(I)=C1', 'CC(=O)C1=CC(I)=C(C=C1)C(O)=O', 'FC1=CC(C=O)=C(I)C=C1', 'CC1=CC=C(C(O)=O)C(I)=C1', 'BrC1=C(C=CC(I)=C1)C#N', 'OCC1=C(Cl)C=C(I)C=C1Cl', 'ClC1=CC(I)=CC(Cl)=C1C=O', 'FC1=CC(I)=CC=C1N(=O)=O', 'IC1=CC=C(C=C1)S(=O)(=O)N1CCCC1', 'CC1=NN=C(N=N1)C1=CC=C(I)C=C1', 'CCOC(=O)C1=CC=CC=C1I', 'COC(=O)C1=CC=CC=C1I', 'IC1=CC(=C(C=O)C=C1)N(=O)=O', 'ClC1=C(C=CC(I)=C1)N(=O)=O', 'ClC1=CC(I)=CC(=C1)N(=O)=O', 'IC1=CC(=CC=C1)N(=O)=O', 'COC(=O)C1=CC=C(I)C=C1N(=O)=O', 'COC(=O)C1=C(C=C(I)C=C1)S(N)(=O)=O', 'CC(C)(C)NC(=O)C1=CC=C(I)C=C1', 'OC(=O)C1=CC=CC(I)=C1C(O)=O', 'CC1=C(I)C=CC=C1N(=O)=O']"
6,"[1.830891925864556, 2.0224419498086967]",2.0914542646524144,"['FC1=C(C=O)C=CC=C1I', 'FC1=C(I)C=CC(C=O)=C1']","['ClC1=C(Cl)C=C(I)C=C1', 'FC(F)(F)OC1=CC=C(I)C=C1Br', 'CC1=C(Cl)C=C(I)C=C1Cl', 'FC(F)(F)OC1=C(Cl)C=C(I)C=C1', 'CS(=O)(=O)NC1=CC(I)=CC=C1', 'IC1=CC=CC(=C1)N=C=O', 'COC(=O)C1=CC=C(I)C=C1C', 'FC(F)C1=CC(Br)=CC(I)=C1', 'CCOC(=O)C1=C(Cl)C=C(I)C=C1', 'NNC(=O)C1=CC=C(I)C=C1', 'FC(F)(F)C(=O)NC1=CC(I)=CC=C1', 'OS(=O)(=O)C1=CC=CC(I)=C1', 'ClC1=CC(Br)=CC(I)=C1', 'FC(F)(F)C1=C(Cl)C=CC(I)=C1', 'BrC1=CC=CC(I)=C1', 'OCC1=CC(I)=CC(Cl)=C1', 'CC(=O)OC1=CC=CC(I)=C1', 'CC1=CC(Cl)=CC(I)=C1', 'CC1=C(C=CC(I)=C1)C#N', 'FC1=CC=C(C=O)C(I)=C1', 'SC1=CC=C(I)C=C1Cl', 'OC1=CC(Br)=CC(I)=C1', 'IC1=CC=C(C=C1)N1C=NN=N1', 'CC1=C(Cl)C=C(I)C=C1', 'FC(F)C1=C(Br)C=CC(I)=C1', 'FC(F)OC1=CC(I)=CC=C1', 'OC(=O)C1=CC(I)=CC(=C1)N(=O)=O', 'ClC1=CC(I)=CC(Cl)=C1', 'FC(F)(F)C1=CC(Cl)=CC(I)=C1', 'IC1=CC=CC(=C1)C1=CC=CC=C1', 'CC1=C(Br)C(F)=CC(I)=C1', 'BrC1=CC(I)=CC(I)=C1', 'OC(=O)C1=C(Cl)C=C(I)C=C1Cl', 'FC(F)(F)C(=O)NC1=CC=C(I)C=C1', 'COC1=C(Cl)C=CC(I)=C1', 'NS(=O)(=O)C1=CC=C(I)C=C1', 'FC1=CC(I)=CC=C1CBr', 'OS(=O)(=O)C1=CC=C(I)C=C1', 'FC1=C(Cl)C=C(I)C=C1Cl', 'BrCC1=CC=C(I)C=C1']"
7,"[2.626504030750194, 1.259538629422343]",2.17269701781761,"['FC1=CC(I)=CC(F)=C1', 'FC1=CC(I)=CC=C1']","['COC(=O)C1=CC=C(I)C(O)=C1', 'FC(F)(F)C1=CC=C(I)C(C=O)=C1', 'CC(=O)C1=C(I)C=CC(F)=C1', 'IC1=C(C=O)C=CC=C1', 'OC(=O)C1=CC=C(I)C(O)=C1', 'COC1=CC(=CC=C1I)C(O)=O', 'COC1=CC(I)=C(C=O)C=C1OC', 'ClC1=CC(I)=C(C=C1)C#N', 'OC(=O)C1=C(I)C=CC(Br)=C1F', 'FC1=C(I)C=CC(Cl)=C1C=O', 'FC(F)(F)C1=CC=C(C=O)C(I)=C1', 'IC1=C(C=CC=C1)N=C=S', 'OC(=O)C1=CC(I)=C(C=C1)N1C=CC=N1', 'OC1=C(C=O)C(I)=CC=C1', 'IC1=CC(C=O)=CC=C1C=O', 'COC(=O)C1=C(Cl)C(O)=C(I)C=C1', 'CC(=O)C1=CC=C(I)C(F)=C1F', 'OC(=O)C1=CC(I)=C(C=C1)C(O)=O', 'OC1=C(C=O)C=C(OC(F)(F)F)C=C1I', 'COC(=O)C1=C(I)C=C(C=C1)C(O)=O', 'CC1=CC(C=O)=C(I)C=C1', 'OC(=O)C1=C(I)C=C(F)C=C1', 'BrC1=CC=C(I)C(=C1)C#N', 'COC1=C(OC)C(I)=CC(C=O)=C1', 'IC1=C(C=CC=C1)C#N', 'ClC1=C(C=O)C(I)=CC=C1', 'CC1=C(Cl)C=C(I)C(O)=C1I', 'COC1=CC(C=O)=C(OC)C=C1I', 'OC1=C(I)C=CC(=C1)N(=O)=O', 'COC1=C(I)C=CC(C=O)=C1', 'CC1=C(C=CC=C1I)C#N', 'OC(=O)C1=C(I)C=CC(I)=C1', 'COC1=C(I)C=CC(=C1)N(=O)=O', 'COC(=O)C1=CC(I)=C(O)C(I)=C1', 'OC(=O)C1=CC=CC(I)=C1F', 'COC1=CC(C=O)=C(I)C=C1', 'CC1=CC(I)=C(C)C=C1N(=O)=O']"
8,"[3.414951317954121, 2.8527501657143026]",2.265033700537886,"['CC(C)(C)OC(=O)CC1=CC(I)=CC=C1N(=O)=O', 'CCOC(=O)C1=CC=C(C=C1)C(=O)C1=CC=C(I)C=C1']","['IC1=CC(CC#N)=CC=C1', 'CC(=O)NC1=C(Cl)C=C(I)C=C1', 'CC1=CC(I)=CC(F)=C1', 'FC(F)(F)OC1=CC=C(I)C=C1', 'COC1=C(F)C=C(I)C=C1F', 'FC1=CC(I)=CC=C1CC#N', 'FC1=CC(I)=CC=C1C(F)(F)F', 'OC1=C(F)C=CC(I)=C1', 'NNS(=O)(=O)C1=CC=C(I)C=C1', 'NC(=O)CC1=CC=C(I)C=C1', 'ClC1=CC=C(I)C=C1', 'FC(F)C1=CC(I)=CC=C1', 'IC1=CC=C(C=C1)C#C', 'OC(=O)CC1=CC=CC(I)=C1', 'COC1=C(F)C=CC(I)=C1', 'CC(=O)OC1=CC=C(I)C=C1', 'IC1=CC=C(C=C1)N=C=O', 'IC1=CC=CC(C=C)=C1', 'CS(=O)(=O)NC1=CC=C(I)C=C1F', 'OB(O)C1=CC=C(I)C=C1', 'FC1=CC(I)=CC(Br)=C1', 'FC(F)C(F)(F)OC1=CC=C(I)C=C1', 'CS(=O)(=O)C1=CC=C(I)C=C1', 'CC1=CC=C(I)C=C1F', 'CC1=C(Br)C=CC(I)=C1', 'OC(=O)COC1=CC=CC(I)=C1', 'OC(=O)CC1=CC=C(I)C=C1', 'COC1=CC(Cl)=CC(I)=C1', 'FS(F)(F)(F)(F)C1=CC=C(I)C=C1', 'FC(F)OC1=CC=C(I)C=C1', 'CC1=CC(I)=CC=C1Cl', 'OC1=C(Cl)C=CC(I)=C1', 'FC(F)C1=CC=C(I)C=C1', 'CC(=O)SCC1=CC(I)=CC=C1', 'OCC1=CC(I)=CC(F)=C1', 'FC1=CC(=CC(I)=C1)C(F)(F)F']"
9,"[2.9480392762976435, 3.1493731755393135]",2.4111941083378534,"['IC1=C(C=CC(=C1)N(=O)=O)C#N', 'IC1=CC=C(C=C1)\\N=N\\C1=CC=C(I)C=C1']","['CC(C)(C)OC(=O)C1=CC(Br)=CC(I)=C1', 'OC(=O)C1=C(I)C=CC=C1Cl', 'ClC1=CC(I)=CC(Cl)=C1Br', 'CON(C)C(=O)C1=CC=C(I)C=C1', 'FC1=CC(I)=CC(F)=C1Br', 'CC1=CC=C(I)C(C(O)=O)=C1F', 'BrC1=C(CC#N)C=C(I)C=C1', 'OC(=O)CCC1=CC(I)=CC=C1', 'FC(F)(F)C1=CC=C(I)C=C1Br', 'IC1=CC=C(C=C1)C1=CC2=CC=CC=C2OC1=O', 'FC(F)(F)C1=CC(Br)=CC(I)=C1', 'OC(=O)C1(CC1)C1=CC=C(I)C=C1', 'NS(=O)(=O)C1=CC=CC(I)=C1', 'COC(=O)C1=C(I)C=CC=C1F', 'OC1=C(Br)C=C(I)C=C1', 'COC1=C(Br)C=CC(I)=C1', 'COC(=O)C1=C(C(=O)OC)C(I)=CC=C1', 'IC1=CC=C(OC2=CC=C(C=C2)C#N)C=C1', 'ClC1=CC=C2OC(=O)C(=CC2=C1)C1=CC=C(I)C=C1', 'COC(=O)C1=CC(I)=C(C=C1)C(=O)OC', 'IC1=CC=C(CC#C)C=C1', 'BrC1=CC=C(I)C=C1', 'CN(C)C(=O)C1=CC(I)=CC=C1', 'OC(=O)C1=C(I)C=CC=C1F', 'CS(=O)(=O)NC1=CC=C(I)C=C1', 'COC(=O)CC1=CC=CC(I)=C1', 'CNS(=O)(=O)C1=CC=C(I)C=C1', 'BrC1=CC=C(C=C1)C(=O)C1=CC=C(I)C=C1', 'FC(F)(F)C1=C(Br)C=CC(I)=C1', 'CN(C)S(=O)(=O)C1=CC=C(I)C=C1', 'COC1=CC(Br)=CC(I)=C1', 'CS(=O)(=O)C1=CC=CC(I)=C1', 'CCNS(=O)(=O)C1=CC=C(I)C=C1', 'COC1=CC(=CC(I)=C1)C(F)(F)F']"
