,obj_values ['rate'],Vendi_score,eval_samples,cut_samples
0,"[1.3771880370352358, 1.4501735840444634]",1.4420956372093265,"['CC1=C(Cl)C=C(I)C(O)=C1I', 'NC1=CC(I)=C(O)C=C1']",[]
1,"[1.2701820323445854, 2.0536632093977865]",1.5282876816363677,"['COC1=CC=C(C=C1I)C(F)(F)F', 'OC1=CC=C(C=C1I)C#N']","['CCOC1=C(I)C=CC=C1', 'OC1=C(I)C=C(C=C1I)C(F)(F)F', 'NC1=C(I)C=C(C=C1F)C(F)(F)F', 'COC1=C(I)C=C(Br)C=C1F', 'OC(=O)COC1=C(I)C=C(Cl)C=C1', 'FC1=CC(I)=C(NC(=O)CCl)C=C1', 'COC1=CC(CO)=CC(I)=C1O', 'CC1=CC(N)=C(I)C=C1C', 'COC(=O)C1=CC(I)=C(N)C(Br)=C1', 'CCOC(=O)C1=CC(I)=C(OC)C=C1', 'NC1=C(I)C=C(Br)C=C1F', 'NC1=CC(Br)=C(Cl)C=C1I', 'CC1=CC(Cl)=CC(I)=C1N', 'NC1=C(I)C=C(OC(F)(F)F)C=C1', 'COC(=O)C1=C(N)C(I)=CC(Cl)=C1', 'COC(=O)C1=CC(I)=C(O)C=C1', 'COC1=CC(I)=C(F)C=C1', 'COC(=O)CCC1=CC(I)=C(O)C=C1', 'OC1=CC=C(OC(F)(F)F)C=C1I', 'NC1=C(I)C=C(F)C=C1', 'COC(=O)C1=CC(I)=C(O)C(I)=C1', 'OC1=C(I)C=C(Cl)C=C1I', 'COC1=CC(I)=C(F)C=C1Cl', 'CC1=CC(I)=C(O)C=C1Cl', 'COC1=CC(I)=C(OC)C=C1I', 'COC1=C(I)C=C(O)C=C1', 'OC(=O)C1=CC=C(I)C(O)=C1', 'NC1=CC=C(C=C1I)C(F)(F)F', 'CC1=C(C=C(I)C(N)=C1)C#N', 'COC1=C(I)C=CC(=C1)C(C)C', 'OC1=C(Cl)C=C(Br)C=C1I', 'COC1=CC=CC(I)=C1OC', 'OC1=C(O)C(I)=CC=C1', 'OC1=C(I)C=C(I)C=C1', 'COC1=C(I)C=C(N)C=C1I', 'COC1=C(I)C=C(C=C1)C(O)=O', 'NC1=CC(I)=C(F)C=C1Cl', 'NC1=C(I)C=C(I)C=C1I', 'COC1=C(Br)C=C(N)C(I)=C1', 'OC1=CC(F)=C(Cl)C=C1I', 'NC1=C(I)C=C(F)C(F)=C1', 'OC1=CC(I)=C(O)C=C1I', 'OC1=C(I)C=C(I)C=C1I', 'CC1=C(N)C(I)=CC=C1', 'COC1=CC=C(OC)C(I)=C1', 'NC(=O)C1=CC(O)=C(I)C=C1', 'COC1=C(F)C=CC=C1I', 'COC(=O)C1=CC=C(I)C(O)=C1', 'NC1=C(F)C(F)=C(Br)C=C1I', 'CC1=CC(I)=C(O)C(=C1)C(O)=O', 'NC1=C(I)C=C(Cl)C(F)=C1', 'ClCC(=O)NC1=CC=CC=C1I']"
2,"[1.7141817009545046, 1.4619963581173887]",1.7533552348829233,"['FC1=CC(F)=C(C=C1I)C#N', 'COC1=C(I)C(F)=C(Cl)C=C1']","['COC(=O)C1=CC(I)=C(OC2=CC=CC=C2)C=C1', 'CS(=O)(=O)NC1=CC=CC=C1I', 'IC1=CC=CC=C1N=C=O', 'FC1=CC=C(I)C(F)=C1', 'COC(=O)C1=CC(I)=C(OC(F)F)C=C1', 'FC1=CC(I)=C(F)C=C1', 'FC1=C(F)C(I)=CC=C1', 'SC1=CC(Cl)=CC=C1I', 'CC1=CC(I)=C(F)C=C1Cl', 'OCC1=CC(F)=C(I)C=C1', 'FC(F)OC1=CC=CC=C1I', 'CC(=O)NC1=C(Cl)C=C(I)C=C1', 'IC1=C(C=CC=C1)N=C=S', 'OC(C1=CC=C(I)C(F)=C1)(C(F)(F)F)C(F)(F)F', 'OB(O)C1=C(F)C(F)=C(I)C=C1', 'COC1=CC=C(I)C(C(O)=O)=C1F', 'CCN(CC)C(=O)C1=CC(O)=C(I)C=C1', 'COCOC1=C(I)C=CC=C1F', 'CCOC(=O)COC1=CC=CC=C1I', 'FC1=C(I)C=CC=C1Br', 'COC1=C(I)C(Cl)=C(Cl)C=C1', 'NC1=C(C=C(I)C=C1)C(F)(F)F', 'CCC1=C(I)C=CC(O)=C1', 'FC1=CC=C(I)C(F)=C1F', 'FC1=CC(F)=C(Cl)C=C1I', 'COC1=C(F)C=C(I)C=C1', 'NC1=CC(F)=C(C=C1I)C#N', 'OC(=O)COC1=CC=C(I)C=C1', 'FC1=C(I)C=CC(OC(F)(F)F)=C1', 'FC1=C(Br)C=CC(I)=C1F', 'OC1=CC=C(I)C=C1C(F)(F)F', 'FC(F)(F)OC1=CC=CC=C1I', 'FC1=C(I)C=CC(I)=C1', 'FC1=C(I)C=CC=C1Cl', 'COC(=O)C1=C(Cl)C(O)=C(I)C=C1', 'NC1=CC(F)=C(I)C=C1', 'OC1=CC(OCC2=CC=CC=C2)=CC=C1I', 'IC1=CC=C(OCC#N)C=C1', 'OCC1=C(O)C=CC(I)=C1', 'OC(=O)C1=C(I)C=CC(F)=C1Cl', 'FC1=C(I)C=CC(CBr)=C1', 'FC1=CC(F)=C(F)C=C1I', 'NC1=C(OC(F)(F)F)C=C(I)C=C1', 'OC1=CC=CC(I)=C1F', 'COC(=O)COC1=CC=C(I)C=C1', 'OC(=O)CC1=CC=C(I)C(F)=C1', 'OC1=CC(=CC=C1I)C(=O)N1CCOCC1', 'COC(=O)C1=CC(I)=C(F)C=C1C', 'FC1=C(I)C=C(Br)C=C1']"
3,"[1.830891925864556, 1.5793869485225487]",2.012899863611928,"['FC1=C(C=O)C=CC=C1I', 'FC1=CC(F)=C(I)C(F)=C1']","['OC1=C(I)C(Cl)=CC=C1', 'CS(=O)(=O)NC1=CC(=C(C=C1I)C#N)C(F)(F)F', 'COC1=CC(B(O)O)=C(I)C=C1', 'CC(C)(C)OC(=O)C1=C(F)C=C(F)C(I)=C1', 'OCC1=C(I)C=C(C=C1)C(F)(F)F', 'CC(C)OC1=CC=C(I)C=C1', 'COC1=C(I)C=C(C=C1I)C#N', 'OC(=O)C1=CC=C(I)C(F)=C1F', 'CC1=CC(Cl)=C(I)C=C1C', 'COC1=C(I)C=C(C=C1I)C(F)(F)F', 'FC(F)C(F)(F)OC1=CC=C(I)C=C1', 'CC(OC1=CC=C(I)C=C1)C(C)=O', 'COC1=C(F)C=CC(I)=C1', 'CC(=O)NC1=C(OC(F)(F)F)C=C(I)C=C1', 'CC1=C(O)C=CC(I)=C1', 'FC1=CC(Cl)=C(I)C=C1', 'COC1=CC=CC(OC)=C1I', 'NCCOC1=CC=C(I)C=C1', 'FC1=C(Cl)C=C(Br)C=C1I', 'COC1=CC(=CC=C1I)C(O)=O', 'IC1=CC=C(OCC2CC2)C=C1', 'COC(=O)C1=C(I)C=CC=C1OC', 'CCOC1=CC=C(I)C=C1', 'FC1=C(F)C(I)=CC(Br)=C1F', 'OC1=C(F)C=C(I)C=C1I', 'OC1=CC=C(C=C1I)C1=CC=C(C=C1)C#N', 'CC1=C(I)C=C(C=C1)C(F)(F)F', 'IC1=CC=CC=C1[N+]#[C-]', 'FC(F)(F)C(=O)NC1=CC=C(I)C=C1', 'CC1=CC=C(I)C(C(O)=O)=C1F', 'OC1=C(F)C=C(I)C=C1', 'COC1=CC=CC(C(O)=O)=C1I', '[H][C@@](N)(CC1=CC(I)=C(O)C(I)=C1)C(O)=O', 'CC(=O)NC1=C(C=C(I)C=C1)C(F)(F)F', 'CC(=O)C1=C(F)C(I)=CC=C1F', 'FC(F)OC1=CC=C(I)C=C1', 'FC1=C(Cl)C=C(C=C1I)C(F)(F)F', 'NC1=CC=C(Cl)C(F)=C1I', 'NC1=C(Cl)C=C(I)C=C1Cl', 'COC1=C(O)C=CC(I)=C1', 'COC(=O)C1=C(N)C(I)=CC(=C1)C(F)(F)F', 'FC1=C(I)C=CC(Br)=C1Cl', 'CS(=O)(=O)NC1=CC=C(I)C=C1', 'CC1=C(I)C=C(C=C1)C#N', 'OC(=O)C1=C(Br)C=CC(I)=C1F', 'COC1=CC2=CC=CC=C2C=C1I', 'CC(=O)NC[C@H]1CN(C(=O)O1)C1=CC=C(I)C(F)=C1']"
4,"[2.6422921684979563, 2.074839904720828]",2.312872801499749,"['FC1=CC=CC(C#N)=C1I', 'IC1=C(C=CC=C1)C#N']","['CC(=O)C1=C(I)C=CC(F)=C1', 'CC(=O)C1=CC=C(I)C(F)=C1F', 'COC(=O)C1=C(C)C(Cl)=CC(I)=C1', '[H][C@@](CC1=CC(I)=C(O)C(I)=C1)(NC(C)=O)C(O)=O', 'COC(=O)C1=C(I)C=CC=C1Cl', 'CC(=O)C1=CC=C(N)C(I)=C1', 'COC(=O)C1=C(I)C=CC(O)=C1', 'COC1=C(F)C=C(I)C=C1F', 'FC(F)(F)OC1=C(I)C=C(Br)C=C1', 'FC1=C(I)C=CC(C=O)=C1', 'OC(=O)CCCOC1=CC=C(I)C=C1', 'COC1=C(OCC=C)C(I)=CC(C=O)=C1', 'OC1=C(I)C(Br)=CC=C1', 'ClC1=CC(Cl)=C(I)C=C1', 'COC(=O)C1=CC(I)=C(Cl)C=C1', 'COC(=O)C1=C(F)C(I)=CC=C1', 'OC1=C(F)C=CC(I)=C1', 'CC1=CC(O)=C(I)C=C1N(=O)=O', 'OC(=O)C1=CC=CC(I)=C1Cl', 'CCOC(=O)C1=CC(F)=C(I)C=C1', 'OC(=O)C1=CC(I)=C(F)C=C1Cl', 'COC(=O)C1=C(O)C(I)=CC(Br)=C1', 'FC1=C(C=C(Br)C=C1I)C#N', 'FC(F)(F)C1=C(Cl)C=CC(I)=C1', 'NC1=CC=C(I)C2=CC=CC=C12', 'COC1=CC(I)=C(Cl)C=C1', 'COC1=CC(C=O)=C(OC)C=C1I', 'COC1=C(C(O)=O)C(I)=CC=C1', 'NC(=O)C1=CC(F)=C(I)C=C1', 'COC1=CC(O)=C(C=O)C=C1I', 'OC(=O)C1=CC=CC(I)=C1F', 'CC1=C(I)C=CC(Cl)=C1', 'CC1=CC(F)=C(I)C=C1N(=O)=O', 'COC1=C(OC)C(I)=CC(C=O)=C1', 'OC(=O)C1=C(I)C=CC=C1Cl', 'OC(=O)C1=CC=C(I)C(F)=C1', 'COC(=O)C1=CC(I)=C(Cl)C=C1C', 'COC1=C(I)C=CC(C=O)=C1', 'COC(=O)C1=C(N)C(I)=CC(F)=C1', 'OC1=C(Cl)C=C(I)C=C1I', 'ClCC(=O)NC1=CC=C(I)C=C1', 'FC1=C(I)C=CC(Cl)=C1C=O', 'OC1=C(C=O)C=C(OC(F)(F)F)C=C1I', 'FC1=CC(F)=C(C=O)C=C1I']"
5,"[1.9802950994759008, 2.830666348566325]",2.5896771076457625,"['IC1=C(C=O)C=CC=C1N(=O)=O', 'IC1=C(C=CC=C1C#N)C#N']","['FC1=CC=CC(I)=C1C#N', 'OC(=O)C1=CC(I)=CC(F)=C1F', 'IC1=CC=CC=C1C(=O)CC#N', 'COC(=O)C1=C(Cl)C=CC(I)=C1', 'FC1=CC=CC(C=O)=C1I', 'CNC(=O)C1=CC=CC(I)=C1', 'CCOC(=O)C1=C(F)C=CC(I)=C1', 'CCOC(=O)C1=C(I)C=CC(C)=C1', 'COC1=C(C=O)C=C(Br)C=C1I', 'OC(=O)C1=CC(I)=CC=C1Cl', 'FC1=C(C=C(I)C=C1)C#N', 'COC1=C(I)C=CC(=C1)N(=O)=O', 'OC1=C(I)C=CC(=C1)N(=O)=O', 'COC1=C(C(I)=CC=C1)N(=O)=O', 'NC(=O)C1=CC(I)=CC=C1', 'IC1=CC(C=O)=CC=C1', 'OC(=O)C1=CC(I)=C(C=C1)N1C=CC=N1', 'ClC1=CC=C(I)C=C1C=O', 'OC(=O)C1=CC(OC(F)(F)F)=C(I)C=C1', 'FC1=C(I)C=CC(Br)=C1C#N', 'OC(=O)C1=CC=C(Cl)C(I)=C1', 'COC(=O)C1=CC(I)=CC(F)=C1F', 'COC1=CC(C=O)=C(I)C=C1', 'CC1=C(C(I)=CC=C1)N(=O)=O', 'CCOC(=O)C1=CC=CC=C1I', 'CC(=O)C1=CC(I)=CC=C1', 'OC(=O)C1=CC(I)=CC(O)=C1', 'COC(=O)C1=CC=CC=C1I', 'OC1=C(I)C=C(C=C1C=O)N(=O)=O', 'OC(=O)C1=CC(I)=CC=C1O', 'CC1=C(C=CC=C1I)C#N', 'CC1=C(C=C(Cl)C=C1I)C(O)=O', 'CC1=CC=C(I)C=C1C=O', 'OC(=O)C1=CC=CC(I)=C1C(O)=O', 'COC(=O)C1=C(I)C=CC(C)=C1', 'CC1=C(C=C(I)C=C1Cl)C(O)=O', 'CC1=C(C=C(I)C=C1)C#N', 'COC(=O)C1=C(F)C=CC(I)=C1', 'FC1=CC(C=O)=C(I)C=C1', 'FC1=C(I)C=CC(=C1)C#N', 'CC1=CC=C(C=O)C=C1I', 'ONC(=O)C1=CC(I)=CC=C1']"
6,"[3.0249785385876597, 3.4794571114751234]",2.7321744468026274,"['IC1=C(C=C(C=C1)C#N)N(=O)=O', 'IC1=CC=C(C#N)C(=C1)C#N']","['BrC1=CC=C(I)C(=C1)C#N', 'ClC1=CC(I)=C(C=C1)C#N', 'OCC1=C(I)C(=CC=C1)N(=O)=O', 'COC(=O)C1=CC(=C(I)C=C1)N(=O)=O', 'FC(F)(F)C1=CC=C(I)C(C=O)=C1', 'CC1=C(I)C=CC=C1N(=O)=O', 'FC(F)(F)C1=CC=C(I)C(=C1)C#N', 'COC(=O)C1=C(I)C=C(C=C1)C(O)=O', 'OC(=O)C1=CC(I)=C(C=C1)C(O)=O', 'FC1=CC=C(C(I)=C1)N(=O)=O', 'IC1=C(C=O)C=CC=C1', 'CC(=O)C1=CC(I)=C(C=C1)C(O)=O', 'CCOC(=O)C1=CC(I)=C(C=C1)C#N', 'COC(=O)C1=C(Cl)C=C(C)C(I)=C1', 'FC1=CC=C(C=O)C(I)=C1', 'FC1=CC=CC(I)=C1C=O', 'NC(=O)C1=CC=C(I)C(=C1)N(=O)=O', 'OC(=O)C1=C(I)C=CC(I)=C1', 'OC(=O)C1=C(I)C=C(C=C1)C#N', 'CC1=C(C)C=C(C(I)=C1)N(=O)=O', 'FC(F)(F)C1=CC(I)=C(C=C1)C#N', 'FC(F)(F)C1=CC=C(C=O)C(I)=C1', 'FC(F)(F)C1=CC(C=O)=CC(I)=C1', 'COC1=C(I)C(=CC(C=O)=C1)N(=O)=O', 'FC1=C(Cl)C=CC(I)=C1C=O', 'CC1=CC(C=O)=C(I)C=C1', 'OCC1=CC(=C(I)C=C1)N(=O)=O', 'OC(=O)C1=CC=C(I)C(=C1)N(=O)=O', 'ClC1=C(C(I)=CC=C1)N(=O)=O', 'COC(=O)C1=C(C(=O)OC)C(I)=CC=C1', 'CC1=CC=C(C(O)=O)C(I)=C1', 'CC1=CC=C(I)C(C)=C1N(=O)=O', 'FC1=C(C(I)=CC=C1)N(=O)=O', 'CC1=C(I)C=C(C=C1F)C(O)=O', 'ClC1=C(I)C=C(C=O)C=C1', 'OC(=O)C1=CC(I)=C(C=C1)C(F)(F)F', 'COC1=CC(I)=C(C=O)C=C1OC', 'CCOC(=O)C1=C(I)C=CC(Cl)=C1', 'ClC1=C(C=O)C(I)=CC=C1', 'CC(=O)OC1=C(I)C=C(C=O)C=C1I']"
7,"[4.647237671241276, 2.9480392762976435]",2.8078402156483113,"['IC1=CC(=CC(=C1)C#N)N(=O)=O', 'IC1=C(C=CC(=C1)N(=O)=O)C#N']","['NC(=O)C1=C(I)C=C(C=C1)N(=O)=O', 'ClC1=CC=C(I)C(=C1)N(=O)=O', 'OC(=O)C1=C(C=C(I)C=C1)C(O)=O', 'FC(F)(F)C1=CC(I)=CC(=C1)C#N', 'COC(=O)C1=CC(I)=CC(=C1)C(O)=O', 'OC(=O)C1=C(C=C(I)C=C1)N(=O)=O', 'COC(=O)C1=CC(=CC=C1I)C#N', 'OC(=O)C1=C(C=C(I)C=C1)C(F)(F)F', 'BrC1=CC=C(C#N)C(I)=C1', 'COC(=O)C1=CC(Cl)=CC(I)=C1', 'FC(F)(F)C1=CC(I)=C(C=C1)N(=O)=O', 'FC1=C(Br)C=CC(I)=C1C#N', 'OC(=O)C1=C(I)C=CC=C1N(=O)=O', 'COC(=O)C1=CC=C(I)C(=C1)C(F)(F)F', 'OC(=O)C1=CC(I)=CC(Cl)=C1F', 'ClC1=CC(=CC(I)=C1)C#N', 'IC1=CC=C(I)C(=C1)C#N', 'FC(F)(F)C1=C(C=C(I)C=C1)C#N', 'IC1=CC=CC(=C1)C(=O)CC#N', 'FC(F)(F)C1=C(I)C=CC(=C1)C#N', 'CC1=CC(=CC(I)=C1)C#N', 'COC(=O)C1=CC(I)=CC(F)=C1', 'CCOC(=O)C1=CC(=C(I)C=C1)N(=O)=O', 'OC(=O)C1=CC(Cl)=CC(I)=C1', 'FC1=CC(I)=CC(C=O)=C1', 'BrC1=CC=CC(I)=C1C#N', 'OC(=O)C1=C(I)C=CC(=C1)C#N', 'CCOC(=O)C1=C(I)C=C(Cl)C=C1', 'FC(F)(F)C1=CC(=C(I)C=C1)N(=O)=O', 'FC1=CC(=C(I)C=C1)N(=O)=O', 'FC1=C(I)C=C(C=C1)N(=O)=O', 'OC(=O)C1=C(I)C=C(C=C1)C(F)(F)F', 'COC(=O)C1=CC(I)=C(C=C1)C(=O)OC', 'CC(C)C1=CC=C(I)C(=C1)N(=O)=O', 'FC(F)(F)OC1=CC=C(I)C(=C1)N(=O)=O', 'IC1=CC=CC(=C1)C#N', 'IC1=CC(C=O)=CC(C=O)=C1']"
8,"[1.9867125967751507, 1.797728019584347]",2.8391990588697165,"['ClC1=C(I)C=C(C=C1)N(=O)=O', 'FC1=CC(F)=C(I)C=C1N(=O)=O']","['IC1=CC(=C(I)C=C1)N(=O)=O', 'CC1=CC=C(I)C=C1N(=O)=O', 'BrC1=CC(=C(I)C=C1)N(=O)=O', 'FC(F)(F)C1=C(C=O)C=CC(I)=C1', 'COC(=O)C1=C(I)C=CC(=C1)N(=O)=O', 'IC1=CC(C=O)=CC(I)=C1', 'BrC1=C(C=C(I)C=C1)C#N', 'COC(=O)C1=CC=C(I)C=C1N(=O)=O', 'IC1=CC(=CC(=C1)N(=O)=O)N(=O)=O', 'IC1=CC2=CC=CC=C2C=C1N(=O)=O', 'COC1=CC(=CC(I)=C1)N(=O)=O', 'COC(=O)C1=C(I)C=C(C=C1)N(=O)=O', 'IC1=CC(=C(C=O)C=C1)N(=O)=O', 'OCC1=CC=C(I)C=C1N(=O)=O', 'OC(=O)C1=CC(I)=CC(=C1)C(F)(F)F', 'IC1=CC(=CC=C1N(=O)=O)C1=CC=CC=C1', 'FC1=C(C=C(I)C=C1)N(=O)=O', 'FC1=CC(=CC(I)=C1)N(=O)=O', 'OC(=O)C1=CC(I)=CC(=C1)N(=O)=O', 'FC(F)(F)C1=CC(=CC(I)=C1)N(=O)=O', 'OC(=O)C1=C(C=CC(I)=C1)N(=O)=O', 'ClC1=C(C=C(I)C=C1)N(=O)=O', 'IC1=CC(=CC=C1)N(=O)=O', 'FC(F)(F)C1=CC(I)=CC=C1C#N', 'ClC1=CC(I)=CC(=C1)N(=O)=O', 'COC(=O)C1=CC(=CC(I)=C1)C(F)(F)F', 'IC1=CC(C=O)=CC=C1C=O', 'IC1=CC(=CC(I)=C1)N(=O)=O', 'CC1=C(I)C=C(Cl)C=C1N(=O)=O', 'OC1=C(C(I)=CC=C1)N(=O)=O', 'ClC1=C(C=CC(I)=C1)N(=O)=O', 'OC1=C(I)C=CC=C1N(=O)=O', 'OCC1=CC(=CC(I)=C1)N(=O)=O', 'CC1=CC(I)=CC(=C1)N(=O)=O', 'BrC1=CC(I)=C(C=C1)N(=O)=O', 'ClC1=C(C=CC(I)=C1)C#N']"
9,"[3.621671409253185, 2.2750940565493107]",2.910247431880544,"['OC1=CC(I)=CC=C1N(=O)=O', 'FC1=CC(I)=CC(F)=C1C=O']","['NC1=C(I)C=C(C=C1N(=O)=O)C(F)(F)F', 'CCOC(=O)CC(=O)C1=CC=CC(I)=C1', 'BrCC(=O)C1=C(I)C=CC=C1', 'COC(=O)C1=CC=C(I)C(=C1)C(O)=O', 'BrC1=CC(I)=CC(=C1)C#N', 'CC1=C(C=C(C=C1I)N(=O)=O)C(O)=O', 'CC1=C(C=CC(I)=C1)N(=O)=O', 'OC(=O)C1=C(Cl)C=C(I)C=C1', 'ClC1=CC(I)=CC(Cl)=C1C=O', 'FC1=CC(I)=CC=C1N(=O)=O', 'COC1=C(C=C(Cl)C(I)=C1)C(O)=O', 'FC1=C(Br)C=C(C(I)=C1)N(=O)=O', 'COC(=O)C1=C(C=C(I)C=C1)S(N)(=O)=O', 'OC(=O)\\C=C\\C1=CC=CC(I)=C1', 'NC1=C(I)C=C(Cl)C=C1N(=O)=O', 'OC1=C(C=O)C=C(I)C=C1I', 'OC1=C(C=C(I)C=C1)N(=O)=O', 'FC1=C(C=CC(I)=C1)C#N', 'BrC1=CC(I)=CC(=C1)N(=O)=O', 'COC(=O)C1=CC(=CC=C1I)C(F)(F)F', 'BrC1=C(C(I)=CC=C1)N(=O)=O', 'COC1=C(I)C(=CC=C1)N(=O)=O', 'COC(=O)C1=CC(=CC(I)=C1)C(=O)OC', 'COC1=C(C=C(I)C=C1)N(=O)=O', 'COC(=O)C1=C(Cl)C=C(Cl)C(I)=C1', 'CC1=C(C=C(I)C(Cl)=C1)C(O)=O', 'COC1=C(I)C=C(C2=CC=CC=C12)N(=O)=O', 'BrC1=C(C=C(I)C=C1)N(=O)=O', 'IC1=C(OC2=CC=CC=C2N(=O)=O)C=CC=C1', 'COC1=CC(I)=C(C=C1I)N(=O)=O', 'COC1=CC=C(I)C(=C1)N(=O)=O', 'COC(=O)C1=CC(I)=CC(O)=C1', 'COC(=O)C1=C(F)C=C(Cl)C(I)=C1', 'IC1=CC=CC(=C1)N=C=S']"
