,obj_values ['rate'],Vendi_score,eval_samples,cut_samples
0,"[2.8782584529464934, 1.4357633405144137]",1.6539560028703804,"['IC1=CC=C(C=C1)N1C(=O)C=CC1=O', 'FC1=C(F)C(I)=CC(Br)=C1F']",[]
1,"[1.665978172361167, 2.5018282309646542]",1.7070620428166614,"['IC1=CC=C(C=C1)C1=CC=C(O1)C=O', 'IC1=CC=C(C=C1)C1=CC=C(C=C1)N(=O)=O']","['OC(=O)C1=CC(I)=CC(F)=C1F', 'CCOC(=O)C1=C(F)C=CC(I)=C1', 'OC1=C(I)C=C(C=C1I)C(F)(F)F', 'IC1=CC(C=O)=CC(C=O)=C1', 'OC(=O)\\C=C\\C1=CC=C(I)C=C1', 'OC(=O)\\C=C\\C1=CC=CC(I)=C1', 'COC(=O)C1=CC(I)=CC=C1Br', 'FC1=C(I)C=CC=C1Br', 'OC(=O)C1=C(Br)C=CC(I)=C1F', 'FC1=C(I)C=C(Br)C=C1', 'IC1=CC=CC(=C1)C(=O)C1=CC=CC=C1', 'CC1=CC=C(I)C=C1C=O', 'OC(=O)C1=CC(I)=CC(Cl)=C1F', 'IC1=CC(=C(I)C=C1)N(=O)=O', 'COC(=O)C1=CC(I)=CC(F)=C1F', 'BrC1=CC(C=O)=CC(I)=C1', 'CC1=C(C=C(I)C=C1Cl)C(O)=O', 'OC(=O)C1=CC(I)=CC=C1O', 'OCC1=CC=C(I)C=C1N(=O)=O', 'COC1=CC(I)=CC(C=O)=C1O', 'COC(=O)C1=C(Cl)C=CC(I)=C1', 'COC(=O)C1=C(C)C(Cl)=CC(I)=C1', 'FC1=C(Br)C=CC(I)=C1F', 'OC1=C(C=O)C=C(I)C=C1I', 'COC1=C(I)C=C(Br)C=C1F', 'OCC1=CC(=CC(I)=C1)N(=O)=O', 'OC1=C(C=C(I)C=C1)N(=O)=O', 'CC1=C(Cl)C=C(I)C(O)=C1I', 'OC(=O)C1=CC(I)=CC(I)=C1O', 'OC(=O)C1=CC(I)=CC=C1Cl', 'OC1=C(Cl)C=C(Br)C=C1I', 'FC1=C(Cl)C=C(Br)C=C1I', 'CC(=O)C1=C(Br)C=CC(I)=C1', 'BrC1=C(C=O)C=C(I)C=C1', 'FC1=C(I)C=CC(Br)=C1Cl', 'FC1=C(I)C=CC(CBr)=C1', 'COC(=O)C1=C(F)C=CC(I)=C1', 'IC1=CC(C=O)=CC(I)=C1', 'OC(=O)C1=CC(I)=CC=C1Br', 'ClC1=CC=C(I)C=C1I', 'CC1=CC=C(I)C=C1N(=O)=O', 'COC(=O)C1=C(Cl)C(O)=C(I)C=C1', 'COC1=C(C=C(I)C=C1)N(=O)=O', 'CC(=O)C1=CC(I)=CC=C1O', 'BrCC(=O)C1=CC(I)=CC=C1', 'FC(F)(F)C1=CC(C=O)=CC(I)=C1', 'OC1=CC=C(I)C=C1C=O', 'ClC1=C(C=C(I)C=C1)N(=O)=O', 'OC1=C(C=O)C=C(OC(F)(F)F)C=C1I', 'COC(=O)C1=CC(I)=C(O)C(I)=C1', 'ClC1=CC=C(I)C=C1C=O', 'COC1=CC(=CC(I)=C1)N(=O)=O']"
2,"[3.1320003935219, 2.8707967836926254]",1.7256287125190883,"['FC1=C(C=C(I)C=C1)N(=O)=O', 'IC1=CC(=CC=C1)N(=O)=O']","['IC1=CC=C(C=C1)C(=O)C1=CC=CC(=C1)C#N', 'IC1=CC=C(NC(=O)C2=CC=CC=C2)C=C1', 'COC(=O)C1=CC(I)=CC(N)=C1', 'OC(=O)C1=CC(=CC=C1)C1=CC=C(I)C=C1', 'COC(=O)C1=CC(I)=CC(=C1)C(O)=O', 'IC1=CC(=CC=C1)C(=O)ON1C(=O)CCC1=O', 'IC1=CC=C(C=C1)C(=O)C1=CC=CC=N1', 'ClC1=CC=C2OC(=O)C(=CC2=C1)C1=CC=C(I)C=C1', 'IC1=CC=C(OC2=CC=C(C=C2)N(=O)=O)C=C1', 'OC(=O)C1=C(NC2=CC=C(I)C=C2F)C=NC=C1', 'CC(=O)C1=CC(I)=CC=C1', 'OC(=O)C1=C(C=C(I)C=C1)N(=O)=O', 'FC1=CC=C(C=C1)C(=O)C1=C(Cl)C=CC(I)=C1', 'CC1=CC=C(C=C1)C(=O)C1=CC(I)=CC=C1', 'OC(=O)CCC(=O)C1=CC=C(I)C=C1', 'IC1=CC=C(C=C1)C(=O)CC1=CC=CC=C1', 'COC(=O)C1=CC=C(I)C=C1N(=O)=O', 'ONC(=O)C1=CC(I)=CC=C1', 'COC(=O)C1=CC(Cl)=CC(I)=C1', 'BrC1=C(C=C(I)C=C1)N(=O)=O', 'IC1=CC=C(OC2=C(C=O)C=CC=C2)C=C1', 'IC1=CC=CC(=C1)N=C=S', 'IC1=CC=C(C=C1)C(=O)C1=CC=CC=C1', 'COC(=O)C1=CC(=CC(I)=C1)C(=O)OC', 'CC(C)(C)C1=CC(I)=CC(C=O)=C1O', 'CC1=CC(I)=CC(=C1)N(=O)=O', 'COC(=O)C1=CC(I)=CC(O)=C1', 'OC(=O)C1=CC(I)=CC(O)=C1', 'CCOC(=O)C1=CC(OC)=CC(I)=C1', 'COC1=CC(=CC(I)=C1)C(O)=O', 'CCC1=CC=C(I)C=C1C(O)=O', 'FC(F)(F)C(=O)CC1=CC=C(I)C=C1', 'IC1=CC=C(I)C(=C1)C#N', 'COC1=C(C=CC(I)=C1)N(=O)=O', 'IC1=CC=CC(=C1)C(=O)CC#N', 'IC1=CC(C=O)=CC=C1', 'CCOC(=O)C1=CC(I)=CC=C1C', 'IC1=CC=C(C=C1)C1=CC2=CC=CC=C2OC1=O', 'CC(=O)C1=CC(Br)=CC(I)=C1', 'CC1=NN=C(N=N1)C1=CC=C(I)C=C1', 'FC1=CC(I)=CC(C=O)=C1', 'FC1=CC=C(C=C1)C(=O)C1=CC=C(I)C=C1', 'COC(=O)C1=C(C)C=CC(I)=C1', 'CCOC(=O)CC(=O)C1=CC=CC(I)=C1', 'FS(F)(F)(F)(F)C1=CC=CC(I)=C1', 'CC1=C(C=CC(I)=C1)N(=O)=O', 'OC(=O)\\C=C/C(=O)NC1=CC=C(I)C=C1', 'IC1=CC=C(C=C1)C(=O)CCCC#N', 'COC(=O)C1=CC(OC)=CC(I)=C1']"
3,"[2.9480392762976435, 3.8616941420701876]",1.8696125457840704,"['IC1=C(C=CC(=C1)N(=O)=O)C#N', 'IC1=CC(=CC(=C1)N(=O)=O)N(=O)=O']","['ClCC(=O)C1=CC=C(I)C=C1', 'CC1=C(I)C=C(Cl)C=C1N(=O)=O', 'COC(=O)C1=CC(=CC(I)=C1)C(F)(F)F', 'OC(=O)C1=CC(Cl)=CC(I)=C1', 'CC1=C(I)C=CC=C1N(=O)=O', 'COC1=C(I)C=CC(=C1)N(=O)=O', 'FC(F)(F)C1=CC(I)=CC(=C1)C#N', 'CCC(=O)C1=CC=C(I)C=C1', 'IC1=CC(=CC(I)=C1)N(=O)=O', 'OC(=O)C1=C(I)C=CC=C1N(=O)=O', 'NC1=CC=C(I)C=C1N(=O)=O', 'IC1=CC(=C(C=O)C=C1)N(=O)=O', 'COC(=O)C1=CC(I)=CC(F)=C1', 'COC1=CC(I)=CC(=C1N)N(=O)=O', 'CC1=CC(=CC(I)=C1)C#N', 'IC1=CC=CC(=C1)C#N', 'BrC1=CC(I)=CC(=C1)C#N', 'CC1=CC=C(I)C(C)=C1N(=O)=O', 'ClC1=CC(=CC(I)=C1)C#N', 'FC1=CC(=CC(I)=C1)N(=O)=O', 'BrCC1=CC=C(I)C=C1N(=O)=O', 'OCC(=O)C1=CC=C(I)C=C1', 'IC1=CC(=CC(=C1)C#N)N(=O)=O', 'ClC1=C(C=CC(I)=C1)N(=O)=O', 'OC(=O)C1=C(C=C(I)C=C1)C(O)=O', 'BrC1=CC(I)=CC(=C1)N(=O)=O', 'COC1=CC=C(I)C=C1C(O)=O', 'FC(F)(F)C1=CC(=CC(I)=C1)N(=O)=O', 'FC1=C(C=C(I)C=C1)C#N', 'COC(=O)C1=CC=CC(I)=C1', 'ClC1=CC(I)=CC(=C1)N(=O)=O', 'FC(F)(F)C1=C(C=O)C=CC(I)=C1', 'OC(=O)C1=CC(I)=CC(=C1)C(F)(F)F', 'CC1=CC(=CC(I)=C1)C(O)=O', 'COC(=O)C1=CC=C(I)C=C1C(=O)OC', 'OC(=O)C1=CC(Br)=CC(I)=C1', 'IC1=CC=C(C=C1)C(=O)CC#N', 'BrC1=C(C=C(I)C=C1)C#N', 'CCOC(=O)C1=CC=CC(I)=C1', 'IC1=CC2=CC=CC=C2C=C1N(=O)=O', 'CC(=O)C1=CC(I)=C(C=C1)C(O)=O', 'OC(=O)C1=CC(I)=CC(=C1)N(=O)=O', 'OC(=O)C1=C(C=C(I)C=C1)C(F)(F)F', 'CC1=C(C=C(I)C=C1)C#N', 'NC(=O)C1=C(I)C=C(C=C1)N(=O)=O', 'FC(F)(F)C1=C(C=C(I)C=C1)C#N', 'OC(=O)C1=C(C=CC(I)=C1)N(=O)=O']"
4,"[3.621671409253185, 3.072425137579046]",1.976866075425869,"['OC1=CC(I)=CC=C1N(=O)=O', 'CC(C)(C)OC(=O)NC1=C(C=C(I)C=C1)N(=O)=O']","['FC(F)(F)OC1=CC=C(I)C(=C1)N(=O)=O', 'CCOC(=O)C1=CC(I)=C(C=C1)C#N', 'ClC1=CC=C(I)C(=C1)N(=O)=O', 'FC(F)(F)C1=CC(I)=C(C=C1)C#N', 'OC(=O)C1=C(Cl)C=C(I)C=C1', 'COC1=C(C(I)=CC=C1)N(=O)=O', 'CC1=C(C=C(C=C1I)N(=O)=O)C(O)=O', 'OCC1=CC(=C(I)C=C1)N(=O)=O', 'OC(=O)C1=CC(I)=C(C=C1)C(F)(F)F', 'IC1=CC=C(C#N)C(=C1)C#N', 'CC(C)(C)OC(=O)CC1=CC(I)=CC=C1N(=O)=O', 'OC(=O)C1=C(I)C=C(C=C1)C#N', 'BrC1=CC=C(I)C(=C1)C#N', 'IC1=CC=C(C=C1)N(=O)=O', 'CC(C)C1=CC=C(I)C(=C1)N(=O)=O', 'FC1=CC(I)=CC=C1N(=O)=O', 'OC1=C(C(I)=CC=C1)N(=O)=O', 'COC(=O)C1=C(I)C=C(C=C1)N(=O)=O', 'OC1=C(I)C=CC=C1N(=O)=O', 'IC1=CC(C=O)=CC=C1C=O', 'COC(=O)C1=CC(=C(I)C=C1)N(=O)=O', 'FC1=CC(=C(I)C=C1)N(=O)=O', 'COC(=O)C1=C(I)C=CC(=C1)N(=O)=O', 'COC(=O)C1=CC(I)=C(C=C1)C(=O)OC', 'IC1=CC(=CC=C1N(=O)=O)C1=CC=CC=C1', 'OC(=O)C1=CC(I)=C(C=C1)C(O)=O', 'FC1=C(C(I)=CC=C1)N(=O)=O', 'COC(=O)C1=C(C=C(I)C=C1)S(N)(=O)=O', 'COC(=O)C1=CC(I)=CC(Br)=C1', 'CC1=C(C)C=C(C(I)=C1)N(=O)=O', 'FC(F)(F)C1=CC(I)=C(C=C1)N(=O)=O', 'NC(=O)C1=CC=C(I)C(=C1)N(=O)=O', 'OC(=O)C1=CC(I)=C(C=C1)N1C=CC=N1', 'FC1=C(Cl)C=CC(I)=C1C=O', 'ClC1=CC(I)=CC(Cl)=C1C=O', 'OC(=O)C1=CC=CC(I)=C1C(O)=O', 'FC(F)(F)C1=CC(=C(I)C=C1)N(=O)=O', 'OC(=O)C1=CC=C(I)C(=C1)N(=O)=O', 'FC1=CC=C(C(I)=C1)N(=O)=O', 'FC(F)(F)C(=O)C1=CC=C(I)C=C1', 'FC(F)(F)C1=CC=C(C=O)C(I)=C1', 'CC1=C(C(I)=CC=C1)N(=O)=O', 'FC(F)(F)C1=CC(I)=CC=C1C#N', 'COC(=O)C1=C(I)C=C(C=C1)C(O)=O']"
5,"[3.1493731755393135, 2.5737943082138393]",2.1030545192135683,"['IC1=CC=C(C=C1)\\N=N\\C1=CC=C(I)C=C1', 'IC1=CC(C=O)=C(I)C(I)=C1']","['ClC1=C(I)C=C(C=C1)N(=O)=O', 'FC1=C(C=CC(I)=C1)C#N', 'OC1=C(I)C=CC(=C1)N(=O)=O', 'COC1=CC=C(I)C(=C1)N(=O)=O', 'FC1=CC(I)=CC(F)=C1C=O', 'ClC1=C(C=O)C(I)=CC=C1', 'OC1=C(I)C=C(Br)C=C1N(=O)=O', 'CCOC(=O)CC(=O)C1=CC=C(I)C=C1', 'COC(=O)C1=C(O)C=CC(I)=C1', 'OC(=O)CCCCC(=O)C1=CC=C(I)C=C1', 'CCOC(=O)C1=CC(=C(I)C=C1)N(=O)=O', 'BrC1=CC(=C(I)C=C1)N(=O)=O', 'BrCC(=O)C1=CC=C(I)C=C1', 'OC(=O)C1=CC=C(I)C=C1F', 'CCOC(=O)C1=CC(I)=CC(Br)=C1', 'ClC1=CC=C(C=C1)C(=O)C1=CC=C(I)C=C1', 'BrC1=CC(I)=CC=C1C=O', 'CNC1=CC=C(I)C=C1N(=O)=O', 'ClC1=C(C(I)=CC=C1)N(=O)=O', 'IC1=CC=C(C=C1)C(=O)ON1C(=O)CCC1=O', 'COC1=CC(I)=CC=C1C#N', 'IC1=CC=C(C=O)C=C1', 'COC(=O)C1=CC2=CC=CC=C2C=C1I', 'ClC1=C(C=CC(I)=C1)C#N', 'CC(C)(C)OC(=O)C1=CC(I)=CC=C1', 'BrC1=C(C=CC(I)=C1)C#N', 'OC1=C(I)C=C(C=C1C=O)N(=O)=O', 'FC(F)(F)C1=CC=C(I)C(C=O)=C1', 'OC(=O)C1=CC=C(I)C=C1O', 'FC1=C(C=O)C=CC(I)=C1', 'CCOC(=O)C1=C(O)C=CC(I)=C1', 'COC1=C(C=O)C=CC(I)=C1', 'NC1=C(I)C=C(C=C1N(=O)=O)C(F)(F)F', 'IC1=C(C=C(C=C1)C#N)N(=O)=O', 'ONC(=O)C1=CC=C(I)C=C1', 'ClC1=CC(I)=C(C=C1)C#N', 'NC1=C(C=O)C=C(I)C=C1I', 'FC(F)(F)C1=CC=C(I)C(=C1)C#N', 'COC1=C(C=CC(I)=C1)C(O)=O', 'CS(=O)(=O)C1=CC(=CC(I)=C1)S(C)(=O)=O', 'CC1=CC(I)=C(C)C=C1N(=O)=O', 'CC(=O)C1=CC=C(I)C=C1']"
6,"[2.2589462862418674, 1.797728019584347]",2.2357998746238557,"['FC1=C(I)C=C(C=C1)N(=O)=O', 'FC1=CC(F)=C(I)C=C1N(=O)=O']","['OC1=C(C=O)C(I)=CC=C1', 'CC(C)(C)OC(=O)NC1=CC(=CC(I)=C1)C(O)=O', 'OC(=O)C1=C(NC2=CC=C(I)C=C2Cl)C(F)=C(F)C=C1', 'CCOC(=O)C1=CC=C(I)C=C1F', 'COC1=C(OC)C(I)=CC(C=O)=C1', 'FC1=C(Br)C=CC(I)=C1C#N', 'CNC(=O)C1=C(F)C=C(I)C=C1', 'NC1=CC(I)=CC(=C1)C(O)=O', 'ClC1=C(C=CC(I)=C1)C1=NN=C(Br)S1', 'CC(C)(C)OC(=O)C1=CC=C(I)C=C1', 'CC1=C(C=C(I)C=C1)C(=O)C1=CC=C(S1)C1=CC=C(F)C=C1', 'OC1=C(Cl)C=C(I)C=C1I', 'COC(=O)C1=C(Br)C=C(I)C=C1', 'IC1=CC(I)=CC(I)=C1', 'COC1=C(C=O)C=C(Br)C=C1I', 'CC(=O)OC1=C(I)C=C(C=O)C=C1I', 'IC1=CC=C(OC2=NC=CC=N2)C=C1', 'OC(=O)C1=CC(I)=CC(I)=C1', 'COC1=CC=C2OC(=O)C(=CC2=C1)C1=CC=C(I)C=C1', 'CCOC(=O)C1=CC=C(C=C1)C(=O)C1=CC=C(I)C=C1', 'FC1=CC=CC(I)=C1C=O', 'FC1=CC(C=O)=C(I)C=C1', 'BrC1=CC=C(C=C1)C(=O)C1=CC=C(I)C=C1', 'FC1=C(C=O)C(I)=CC=C1Br', 'COC1=C(OC)C(=CC(I)=C1)C(O)=O', 'OC(=O)C1=C(I)C=CC(I)=C1', 'CCOC(=O)C1=CC2=CC=CC=C2C=C1I', 'COC(=O)C1=C(C(=O)OC)C(I)=CC=C1', 'IC1=CC(=CC(I)=C1)C#N', 'CCOC(=O)C1=C(I)C=CC(Cl)=C1', 'BrC1=CC=C(C=O)C(I)=C1', 'COC(=O)C1=C(O)C=C(I)C=C1', 'BrC1=CC(I)=C(C=C1)N(=O)=O', 'CC1=C(I)C=CC(=C1)N(=O)=O', 'ClC1=CC2=C(C=C1)C=C(I)C=C2', 'OC(=O)C1=C(I)C=C(C=C1)C(F)(F)F', 'NC1=C(I)C=C(Cl)C=C1N(=O)=O', 'COC1=CC(I)=C(C=C1I)N(=O)=O', 'OC(=O)C1=C(Br)C=C(I)C=C1', 'COC(=O)C1=CC=C(I)C=C1OC']"
7,"[2.389807996108963, 2.366945908511635]",2.3978703207338365,"['IC1=CC=CC(=C1)N1C=C(N=N1)C1=CC(=CC=C1)N(=O)=O', 'BrC1=C(I)C=CC(=C1)N(=O)=O']","['COC1=C(I)C=CC(C=O)=C1', 'FC1=C(Br)C=C(C(I)=C1)N(=O)=O', 'COC(=O)C1=CC(I)=C(N)C(=C1)N(=O)=O', 'CC1=CC(O)=C(I)C=C1N(=O)=O', 'FC1=C(I)C=CC(Cl)=C1C=O', 'CC(=O)C1=CC=C(I)C(F)=C1F', 'OC(=O)C1=CC(I)=C(F)C=C1Cl', 'COC1=CC(I)=C(C=O)C=C1OC', 'OC(=O)C1=CC(=CC2=C1C(I)=CC=C2)N(=O)=O', 'FC1=C(I)C=CC(C=O)=C1', 'FC1=C(C=C(Br)C=C1I)C#N', 'FC1=C(C=O)C=CC=C1I', 'BrC1=C(C(I)=CC=C1)N(=O)=O', 'OC(=O)C1=CC(OC(F)(F)F)=C(I)C=C1', 'COC(=O)C1=C(O)C(I)=CC(Br)=C1', 'COC(=O)C1=C(F)C(I)=CC=C1', 'NNC(=O)C1=C(O)C=CC(I)=C1', 'FC1=CC=CC(I)=C1C#N', 'CC1=CC(F)=C(I)C=C1N(=O)=O', 'NC1=C(I)C=C(I)C=C1N(=O)=O', 'COC1=CC(=CC=C1I)C(O)=O', 'NC1=C(I)C=C(C=C1C(F)(F)F)N(=O)=O', 'COC1=CC(C=O)=C(OC)C=C1I', 'BrCC1=CC=C(C=C1I)N(=O)=O', 'FC1=CC(F)=C(C=O)C=C1I', 'BrC1=CC=C(C#N)C(I)=C1', 'OC1=C(F)C=C(I)C=C1I', 'CC1=C(I)C=C(C=C1F)C(O)=O', 'COC1=C(OCC=C)C(I)=CC(C=O)=C1', 'CC1=CC(I)=C(O)C(=C1)C(O)=O', 'FC1=C(I)C=CC(Br)=C1C#N', 'COC1=C(I)C=C(C2=CC=CC=C12)N(=O)=O', 'ClC1=C(I)C=C(C=O)C=C1', 'OC(=O)C1=CC=CC(I)=C1F', 'FC(F)(F)C1=CC(I)=CC=C1I', 'CC1=C(C=C(Cl)C=C1I)C(O)=O', 'COC(=O)C1=C(Cl)C=C(C)C(I)=C1']"
8,"[2.4242101201086674, 2.639647129564836]",2.7551874988132443,"['CC(C)(C)OC(=O)N(C(=O)OC(C)(C)C)C1=C(I)C=C(C=C1)N(=O)=O', 'ClC1=CC(=CC(Cl)=C1I)N(=O)=O']","['NC1=CC(I)=C(C=C1)N(=O)=O', 'OC(=O)C1=CC=C(Cl)C(I)=C1', 'COC(=O)C1=CC=C(I)C(=C1)C(F)(F)F', 'COC(=O)C1=CC(=CC=C1I)C#N', 'BrC1=C(I)C=CC(C=O)=C1', 'IC1=CC=CC(OC2=NC=CC=N2)=C1', 'OC(=O)C1=C(I)C=CC(=C1)C#N', 'BrC1=C(I)C=CC=C1N(=O)=O', 'BrC1=C(C=O)C(I)=CC=C1', 'IC1=C(C=CC=C1)C#N', 'BrC1=CC=CC(I)=C1C#N', 'COC(=O)C1=C(OC)C=C(I)C(Cl)=C1', 'COC(=O)C1=CC=C(I)C(O)=C1', 'OC(=O)C1=C(F)C=C(I)C(Br)=C1', 'BrCC(=O)C1=C(I)C=CC=C1', 'IC1=C(OC2=CC=CC=C2N(=O)=O)C=CC=C1', 'IC1=CC=C(C=C1)C(=O)OCC1=CC=CC=C1', 'OC(=O)C1=CC=C(CBr)C(I)=C1', 'BrC1=C(I)C=C(C=C1)N(=O)=O', 'OC(=O)CCC1=NN=C(O1)C1=CC=CC=C1I', 'BrC1=CN=C(OC2=CC=C(I)C=C2)N=C1', 'COC1=C(C=C(Cl)C(I)=C1)C(O)=O', 'CC(=O)C1=CC=C(I)C(Br)=C1', 'COC(=O)C1=C(F)C=C(Cl)C(I)=C1', 'BrC1=C(I)C=C(C=O)C=C1', 'BrC1=C(C=O)C=CC=C1I', 'CC(C)(C)OC(=O)C1=CC(Br)=CC(I)=C1', 'FC1=CC=C(C=O)C(I)=C1', 'COC(=O)C1=CC=C(I)C(=C1)C(O)=O', 'CC1=CC(=C(N)C=C1I)N(=O)=O', 'OC(=O)C1=C(I)C=CC(Br)=C1', 'COC(=O)C1=C(Cl)C=C(Cl)C(I)=C1', 'FS(=O)(=O)C1=CC=C(I)C=C1', 'CC(=O)C1=CC(I)=C(Br)C=C1', 'COC(=O)C1=C(I)C=CC(Br)=C1', 'OC1=CC=C(C=C1I)C1=CC=C(C=C1)C#N']"
9,"[2.830666348566325, 1.9802950994759008]",2.889023100597188,"['IC1=C(C=CC=C1C#N)C#N', 'IC1=C(C=O)C=CC=C1N(=O)=O']","['CC1=CC=C(C=O)C=C1I', 'OC(=O)C1=CC=C(I)C(F)=C1', 'COC1=C(I)C=C(C=C1I)C(F)(F)F', 'IC1=C(OCC2=CC=CC=C2)C=C(C=O)C=C1N(=O)=O', 'COC1=C(I)C(=CC(C=O)=C1)N(=O)=O', 'BrC1=CC2=CC=C(I)C=C2C=C1', 'COC1=C(C=O)C(I)=CC=C1', 'IC1=CC=CC(=C1)C(=O)NC1CC1', 'ClC1=CC=C(C=C1)C(=O)C1=CC=CC=C1I', 'CC1=CC(C=O)=C(I)C=C1', 'OC(=O)C1=C(I)C=C(I)C=C1I', 'OC(=O)C1=CC(Br)=C(Cl)C=C1I', 'IC1=CC=CC=C1C(=O)C1=NC=CC=C1', 'CC(C)(C)OC(=O)C1=C(O)C=CC(I)=C1', 'COC1=C(Cl)C(I)=CC(I)=C1Cl', 'CC1=CC(I)=CC(I)=C1', 'ClC1=CC=CC=C1C(=O)C1=C(I)C=CC=C1', 'OCC1=CC(I)=CC(I)=C1', 'FC(F)(F)C1=C(I)C=CC(=C1)C#N', 'OC(=O)C1=C(F)C=C(Br)C(I)=C1', 'CC1=C(I)C=C(NC(=O)C2=CC=NC(Cl)=C2)C=C1', 'IC1=CC(I)=CC=C1', 'CCOC(=O)C1=CC(F)=C(I)C=C1', 'COC1=CC(C=O)=C(I)C=C1', 'COC(=O)C1=CC(=CC=C1I)C(F)(F)F', 'COC1=C(I)C=C(C=C1I)C#N', 'NC(=O)C1=C(O)C=CC(I)=C1', 'ClC1=C(C=C(I)C=C1)C(=O)C1=CC=C(O[C@H]2CCOC2)C=C1', 'FC1=CC(=CC=C1)C(=O)C1=C(I)C=CC=C1', 'CC(=O)C1=C(F)C(I)=CC=C1F', 'OC(=O)C1=C(I)C=CC(Br)=C1F', 'CC1=C(C=C(I)C(Cl)=C1)C(O)=O', 'CCOC(=O)C1=C(I)C=C(Cl)C=C1', 'IC1=CC2=C(C=C1)C1=C(C=CC=C1)C1=C2C=CC=C1']"
