,obj_values ['rate'],Vendi_score,eval_samples,cut_samples
0,"[2.011357186811579, 2.4324370549683727]",1.4267804760970928,"['CC(=O)C1=CC(Br)=CC(I)=C1', 'NC1=CC(I)=C(Br)C=C1']",[]
1,"[1.9879341495309566, 1.8273351199717232]",1.5783635119746342,"['CC1=C(I)C=C(F)C(Br)=C1', 'FC1=CC=CC(I)=C1CBr']","['BrCC(=O)C1=CC(I)=CC=C1', 'COC(=O)C1=CC(OC)=CC(I)=C1', 'CC(=O)C1=C(Br)C=CC(I)=C1', 'CCOC(=O)CC(=O)C1=CC=CC(I)=C1', 'OC1=C(Cl)C=C(Br)C(I)=C1', 'COC(=O)C1=C(OC)C=C(I)C(Cl)=C1', 'OC(=O)C1=CC(Cl)=CC(I)=C1', 'CC1=C(C=C(I)C=C1Cl)C(O)=O', 'OC(=O)C1=C(I)C=CC(Br)=C1F', 'COC(=O)C1=CC(I)=CC=C1Br', 'FC1=CC=C(C=C1)C(=O)C1=C(Cl)C=CC(I)=C1', 'NC1=CC=CC(I)=C1Br', 'CCOC(=O)C1=CC(OC)=CC(I)=C1', 'IC1=CC=CC(=C1)N=C=S', 'BrCC(=O)C1=C(I)C=CC=C1', 'OC1=CC(I)=C(Br)C=C1', 'CCOC(=O)C1=CC(I)=CC(Br)=C1', 'IC1=CC=CC(=C1)C(=O)C1=CC=CC=C1', 'OC(=O)C1=CC(I)=CC=C1Cl', 'COC1=C(C=C(Cl)C(I)=C1)C(O)=O', 'BrC1=CN=C(OC2=CC=C(I)C=C2)N=C1', 'OC(=O)C1=CC(Br)=CC(I)=C1', 'OC(=O)C1=CC(I)=CC(O)=C1', 'ONC(=O)C1=CC(I)=CC=C1', 'OC(=O)C1=C(Br)C=C(I)C=C1', 'ClC1=CC=C(I)C=C1C=O', 'CC(=O)C1=CC(I)=CC=C1', 'BrC1=CC(I)=CC(=C1)C#N', 'BrC1=CC(C=O)=CC(I)=C1', 'COC(=O)C1=CC(Cl)=CC(I)=C1', 'BrCC(=O)C1=CC=C(I)C=C1', 'FC(F)(F)C(=O)CC1=CC=C(I)C=C1', 'IC1=CC(C=O)=CC(I)=C1', 'ClC1=CC=C(I)C=C1I', 'BrC1=C(C=O)C=C(I)C=C1', 'COC1=CC(I)=C(Cl)C=C1', 'COC(=O)C1=CC(I)=CC(Br)=C1', 'COC1=CC(=CC(I)=C1)C(O)=O', 'BrC1=C(C=C(I)C=C1)C#N', 'COC(=O)C1=C(Br)C=C(I)C=C1', 'COC1=CC(I)=C(Br)C=C1', 'COC1=CC=CC(I)=C1Br', 'CC1=CC=C(Br)C(I)=C1', 'COC(=O)C1=CC(I)=CC(O)=C1', 'COC(=O)C1=C(Cl)C=CC(I)=C1', 'CC(C)(C)OC(=O)C1=CC(Br)=CC(I)=C1', 'BrC1=CC(I)=CC=C1C=O', 'FC(F)(F)C1=CC(C=O)=CC(I)=C1', 'ClC1=C(C=CC(I)=C1)C1=NN=C(Br)S1', 'COC(=O)C1=C(C)C(Cl)=CC(I)=C1', 'OCC1=CC(I)=C(Br)C=C1', 'OC(=O)C1=CC(I)=CC=C1Br']"
2,"[2.5047770912553906, 3.0467757519010923]",1.7184434152033852,"['CN(C)C1=C(Br)C=C(I)C=C1', 'BrC1=CC=CC=C1I']","['OC1=CC(Br)=CC(I)=C1', 'ClCC1=CC(Br)=CC=C1I', 'OC(=O)CC1=CC=C(Br)C=C1I', 'ClCC1=CC(I)=C(CCl)C=C1', 'CC1=CC=C(I)C(C(O)=O)=C1F', 'NC(=O)C1=C(I)C=CC(Br)=C1F', 'BrC1=CC=CC(I)=C1', 'OCC1=C(Cl)C=CC=C1I', 'IC1=C(C=CC=C1)N=C=S', 'NC(=O)C1=C(Br)C=C(I)C=C1', 'FC(F)(F)C1=CC=C(I)C(CBr)=C1', 'COC(=O)C1=C(I)C=C(Br)C=C1C', 'ClC1=CC=C(I)C=C1CBr', 'OCC1=C(I)C=C(C=C1)C(F)(F)F', 'COC1=C(C(O)=O)C(I)=CC=C1', 'ClC1=C(Br)C=C(I)C=C1', 'COC1=CC(Br)=CC(I)=C1', 'ClC1=C(CBr)C=CC(I)=C1', 'COC(=O)C1=C(I)C=CC=C1F', 'CC1=C(I)C=C(Br)C=C1', 'OCC1=CC(Br)=CC(I)=C1', 'OC(=O)C1=C(I)C=CC(F)=C1Cl', 'CC1=CC=C(I)C=C1Br', 'FC(F)(F)C1=C(Br)C=CC(I)=C1', 'CC1=CC(Br)=CC(I)=C1', 'COC(=O)C1=C(F)C(Br)=CC=C1I', 'CC1=C(Br)C(F)=CC(I)=C1', 'CC1=CC(Br)=C(C)C=C1I', 'OB(O)C1=CC(Br)=CC(I)=C1', 'COC1=C(Br)C=CC(I)=C1', 'CCNC(=O)C1=CC(Br)=CC=C1I', 'CC(C)C1=CC(I)=CC(Br)=C1', 'BrCC1=CC=C(Br)C=C1I', 'CCOC(=O)C1=C(I)C=CC=C1F', 'BrCC1=CC=C(I)C=C1', 'CC1=C(I)C=C(C=C1)C(F)(F)F', 'BrC1=C(CC#N)C=C(I)C=C1', 'CC1=C(I)C=C(CBr)C=C1', 'COC1=C(I)C=C(Br)C=C1F', 'BrC1=CC=C(C=C1)C1=CC=CC(I)=C1', 'FC(F)C1=C(Br)C=CC(I)=C1', 'OC(=O)CC1=C(I)C=C(Cl)C=C1', 'NCC1=C(I)C=CC(Br)=C1', 'OC(=O)C1=C(I)C=CC=C1Cl', 'COC(=O)C1=C(I)C=CC=C1Cl', 'FC1=CC(I)=CC=C1CBr', 'ClC1=CC(I)=CC=C1Br', 'OC(=O)C1=C(Br)C=CC=C1I', 'CC(C)(C)C1=CC(I)=CC(Br)=C1']"
3,"[2.844321048968423, 1.3156617643002328]",1.7968934035243236,"['BrC1=C(I)C=C(C=C1)C#N', 'BrC1=C(C=CC=C1I)C#N']","['COC1=CC=C(I)C(C(O)=O)=C1F', 'COC1=C(Cl)C=CC(I)=C1', 'CC1=CC(I)=C(Br)C=C1F', 'NC1=C(Br)C=C(I)C=C1', 'IC1=CC=CC=C1N=C=O', 'FC(F)(F)C(=O)NC1=CC(I)=CC=C1', 'ClC1=C(Cl)C=C(I)C=C1', 'FC(F)(F)OC1=CC(Br)=C(I)C=C1', 'ClC1=CC(Cl)=C(I)C=C1', 'SC1=CC(Cl)=CC=C1I', 'BrC1=CC=CC(=C1)C1=CC=C(I)C=C1', 'BrC1=CC=C(I)C=C1', 'FC(F)(F)OC1=CC=C(I)C=C1Br', 'CC(C)(C)C1=CC=C(I)C(Br)=C1', 'CC(=O)NC1=C(C=C(I)C=C1)C(F)(F)F', 'CC1=C(Br)C=CC(I)=C1Cl', 'COC(=O)C1=C(I)C=CC=C1OC', 'OC(=O)C1=CC(I)=C(Br)C=C1', 'ClC1=CC(I)=C(Cl)C=C1', 'CC(=O)NC1=C(OC(F)(F)F)C=C(I)C=C1', 'BrCC1=C(Br)C=CC(I)=C1', 'FC1=CC(I)=C(NC(=O)CCl)C=C1', 'ClC1=CC(I)=CC(Cl)=C1Br', 'ClCC(=O)NC1=CC=C(I)C=C1', 'ClC1=C(Cl)C(I)=CC=C1', 'CC(=O)NC1=C(Cl)C=C(I)C=C1', 'OC1=C(Br)C=C(I)C=C1', 'CS(=O)(=O)NC1=CC=C(I)C=C1F', 'COC(=O)C1=CC(I)=C(Br)C=C1', 'CC1=CC(Cl)=C(I)C=C1C', 'CC1=C(Cl)C=C(I)C=C1', 'OC(=O)C1=C(I)C=CC=C1F', 'FC(F)(F)C(=O)NC1=CC=C(I)C=C1', 'CC1=CC(I)=CC(I)=C1', 'FC(F)(F)OC1=C(I)C=C(Br)C=C1', 'FC(F)C1=CC(Br)=CC(I)=C1', 'COC(=O)C1=C(Br)C(I)=CC=C1', 'CNC(=O)C1=CC=CC=C1I', 'CC1=CC(I)=CC(C)=C1Br', 'SC1=CC=C(I)C=C1Cl', 'FC1=CC(I)=C(Cl)C=C1', 'OC1=C(Cl)C=C(Br)C=C1I', 'OC(=O)C1=CC=CC(I)=C1Cl', 'ClC1=CC=CC=C1I', 'FC(F)(F)C1=CC=C(I)C(Br)=C1', 'CC1=C(Br)C=CC(I)=C1', 'CS(=O)(=O)NC1=CC=C(I)C=C1']"
4,"[2.12687503609598, 1.2974500586760698]",1.9831031552816598,"['BrC1=CC(I)=C(I)C=C1', 'ClC1=C(Cl)C(Cl)=C(I)C(Cl)=C1Cl']","['BrC1=C(I)C=C(C=O)C=C1', 'ClC1=CC(Br)=CC(I)=C1', 'ClC1=CC(Cl)=C(I)C=C1Cl', 'CC(C)(C)OC(=O)C1=C(Br)C=C(I)C=C1', 'OC(=O)C1=CC=C(Cl)C(I)=C1', 'FC(F)(F)C1=CC(Br)=CC(I)=C1', 'COC(=O)C1=C(F)C(F)=C(Br)C(I)=C1', 'OS(=O)(=O)C1=CC=CC(I)=C1', 'NS(=O)(=O)C1=CC=CC=C1I', 'FC(F)(F)C1=C(Cl)C=CC(I)=C1', 'FC(F)C(F)(F)OC1=CC=C(I)C=C1', 'ClC1=C(I)C=C(C=C1)C#N', 'FC(F)(F)C1=CC(I)=CC=C1I', 'CC1=C(C=C(I)C(Br)=C1)C(O)=O', 'COC(=O)C1=CC(I)=C(Cl)C=C1C', 'FC1=CC(Cl)=C(I)C=C1', 'CC1=C(Br)C=C(I)C(Br)=C1', 'COC(=O)C1=CC(I)=C(Cl)C=C1', 'COC1=C(Cl)C(I)=CC(I)=C1Cl', 'BrC1=C(I)C=CC(=C1)C#N', 'CS(=O)(=O)NC1=CC=CC=C1I', 'FC(F)(F)OC1=C(Cl)C=C(I)C=C1', 'OCC1=C(Cl)C=C(I)C=C1Cl', 'CC(=O)C1=CC(I)=C(Br)C=C1', 'BrC1=C(I)C=CC(C=O)=C1', 'IC1=CC(I)=CC=C1', 'OS(=O)(=O)C1=C(I)C=CC=C1', 'CC(=O)C1=CC=C(I)C(Br)=C1', 'CON(C)C(=O)C1=C(I)C=CC(Br)=C1', 'FC1=CC(I)=CC(Br)=C1', 'FC(F)(F)C1=CC(I)=C(Br)C=C1', 'COC(=O)C1=C(F)C=C(I)C(Br)=C1', 'FC1=C(Cl)C=C(I)C=C1Cl', 'FC(F)(F)C1=CC=C(I)C=C1Br', 'CS(=O)(=O)NC1=CC(I)=CC=C1', 'COC(=O)C1=C(Cl)C=C(I)C=C1', 'OC(=O)C1=CC(I)=CC(I)=C1', 'BrC1=C(C=O)C=CC=C1I', 'FC(F)(F)C1=CC=C(Br)C=C1I', 'BrC1=C(I)C(=CC=C1)C#N', 'CC1=C(Cl)C=C(I)C=C1Cl', 'FC(F)(F)OC1=CC=CC=C1I', 'CC1=C(I)C=C(C=C1)C#N', 'ClC1=C(I)C=CC(=C1)C#N']"
5,"[1.4186438691249221, 1.2912212333253115]",2.2081272313314098,"['NC1=C(I)C(Br)=CC=C1', 'COC1=C(Br)C=C(N)C(I)=C1']","['OCC1=CC(I)=CC(I)=C1', 'OC(=O)C1=C(F)C=C(I)C(Br)=C1', 'BrC1=CC(I)=CC(I)=C1', 'NS(=O)(=O)C1=CC=CC(I)=C1', 'COC(=O)C1=CC(I)=C(OC(F)F)C=C1', 'FC(F)(F)C1=CC(Cl)=C(I)C(Cl)=C1', 'ClC1=C(I)C=C(C=O)C=C1', 'OC(=O)C1=CC(I)=C(I)C=C1', 'CC1=C(F)C=C(F)C=C1I', 'CNC(=O)C1=CC=CC(I)=C1', 'OC1=C(Cl)C=C(I)C=C1I', 'COC(=O)C1=C(Cl)C=C(Cl)C(I)=C1', 'OC(=O)COC1=C(I)C=C(Cl)C=C1', 'CC1=C(I)C=CC(Cl)=C1', 'CC1=C(C=C(Cl)C=C1I)C(O)=O', 'COC1=CC(I)=C(I)C=C1OC', 'CCCNC(=O)C1=CC=CC=C1I', 'BrC1=C(I)C=CC=C1N(=O)=O', 'COC1=C(NCC(O)=O)C=C(I)C(Cl)=C1', 'ClCC(=O)NC1=CC(I)=CC=C1', 'CCOC(=O)C1=C(I)C=CC(C)=C1', 'COC1=C(I)C=C(C=C1I)C(F)(F)F', 'OC(=O)C1=C(Cl)C=C(I)C=C1Cl', 'BrCC1=CC=C(I)C=C1Br', 'FC(F)(F)C1=CC(Cl)=CC(I)=C1', 'IC1=CC(=CC(I)=C1)C#N', 'FC(F)(F)OC1=CC(Br)=CC(I)=C1', 'FC1=C(F)C=C(I)C(I)=C1', 'OCC1=CC(I)=CC(Cl)=C1', 'COS(=O)(=O)C1=CC=CC=C1I', 'FC1=CC(I)=CC(F)=C1Br', 'BrC(C1=CC=CC=C1)C1=C(I)C=CC=C1', 'OC1=CC=C(I)C=C1C(F)(F)F', 'IC1=CC=CC=C1[N+]#[C-]', 'OC1=C(F)C=C(I)C=C1I', 'IC1=CC=C(OC2=CC=C(C=C2)C#N)C=C1', 'CCCNC(=O)C1=CC=CC(I)=C1', 'OC(=O)C1=C(F)C=C(Br)C(I)=C1', 'COC1=C(Br)C=C(I)C=C1Br', 'CC1=CC=CC(Br)=C1I', 'CCOC(=O)C1=C(Cl)C=C(I)C=C1', 'COC(=O)C1=C(C)C(I)=CC=C1']"
6,"[2.534310221766964, 1.679079685371744]",2.3534667545734846,"['BrC1=C(C=CC(I)=C1)C#N', 'CC(Br)C(=O)N(C)C1=CC=C(I)C=C1']","['CC1=CC(I)=C(O)C=C1Cl', 'IC1=CC=CC(=C1)C1=CC=CC=C1', 'OC1=CC=C(OC(F)(F)F)C=C1I', 'FC(F)OC1=CC=C(I)C=C1', 'FC1=C(I)C=C(Br)C=C1', 'NC(=O)C1=CC(O)=C(I)C=C1', 'OC(=O)COC1=CC=C(I)C=C1', 'OC1=C(Cl)C=CC(I)=C1', 'COC(=O)C1=C(I)C=CC(O)=C1', 'ClCC(=O)NC1=CC=CC=C1I', 'NC1=C(Cl)C=C(I)C=C1Cl', 'COC(=O)C1=C(OC)C=C(Cl)C(I)=C1', 'COCOC1=C(I)C=CC=C1F', 'FC(F)OC1=CC=CC=C1I', 'FC1=C(I)C=CC=C1Br', 'COC1=CC(I)=CC=C1I', 'CC1=C(Cl)C=C(I)C(O)=C1I', 'COC(=O)C1=C(I)C=C(OC)C(OC)=C1', 'NC1=C(I)C=C(Br)C=C1F', 'FC1=C(Cl)C=C(Br)C=C1I', 'NC1=CC(Br)=C(Cl)C=C1I', 'COC1=C(C=O)C=C(Br)C=C1I', 'ClC1=CC=C(OC2=CC=C(I)C=C2)C=C1Cl', 'COC(=O)C1=CC(I)=C(O)C(I)=C1', 'FC1=C(I)C=CC(CBr)=C1', 'COC1=C(F)C=CC=C1I', 'COC1=C(I)C=C(C=C1)C(O)=O', 'FC1=C(I)C=CC(Br)=C1Cl', 'COC1=C(I)C(Cl)=C(Cl)C=C1', 'COC1=C(I)C=C(N)C=C1I', 'NC1=C(F)C(F)=C(Br)C=C1I', 'IC1=CC=C(C=C1)N1C=CC=N1', 'NC1=C(I)C=C(C=C1F)C(F)(F)F', 'OC1=C(I)C(Br)=CC=C1', 'CC1=CC(Cl)=CC(I)=C1', 'OC1=C(I)C=C(I)C=C1', 'COC1=CC=C(C=C1I)C(F)(F)F', 'NC1=C(I)C=C(OC(F)(F)F)C=C1', 'COC(=O)C1=CC(I)=C(N)C(Br)=C1', 'IC1=CC=C(OCC#N)C=C1']"
7,"[1.66710508485528, 2.668857624263255]",2.4958490898683054,"['FC1=C(C=CC(I)=C1)C#N', 'ClC1=C(C=CC(I)=C1)C#N']","['CNS(=O)(=O)C1=CC=C(I)C=C1', 'OC(=O)C1(CC1)C1=CC=C(I)C=C1', 'CCNS(=O)(=O)C1=CC=C(I)C=C1', 'CC(=O)OC1=CC=CC(I)=C1', 'IC1=CC(=CC=C1)C(=O)NCC1=CC=CC=C1', 'NS(=O)(=O)C1=CC=C(I)C=C1', 'CON(C)C(=O)C1=CC=C(I)C=C1', 'COC1=CC(=CC(I)=C1)C(F)(F)F', 'CN(C)S(=O)(=O)C1=CC=C(I)C=C1', 'CS(=O)(=O)C1=CC=CC(I)=C1', 'IC1=CC=C(C=C1)C(=O)N1CCOCC1', 'CC(=O)SCC1=CC(I)=CC=C1', 'NNS(=O)(=O)C1=CC=C(I)C=C1', 'OC(=O)COC1=CC=CC(I)=C1', 'IC1=CC=CC(=C1)C(=O)N1CCCC1', 'FS(F)(F)(F)(F)C1=CC=C(I)C=C1', 'CCOC(=O)C1=CC=C(I)C=C1F', 'IC1=CC=C(C=C1)N1CCC(=O)NC1=O', 'NC(=O)C1=CN=C(OC2=CC=C(I)C=C2)C=C1', 'FC(F)(F)C(F)(C1=CC=C(I)C=C1)C(F)(F)F', 'IC1=CC=C(C=C1)N1C=NN=N1', 'IC1=CC=CC(=C1)C(=O)N1CCOCC1', 'IC1=CC=C(CN2C=CN=C2)C=C1', 'FC(F)OC1=CC(I)=CC=C1', 'CC(C)NC(=O)C1=CC=CC(I)=C1', 'COC(=O)COC1=CC=C(I)C=C1', 'CN(C)C(=O)C1=CC(I)=CC=C1', 'O[C@@H]1CCN(C1)S(=O)(=O)C1=CC=C(I)C=C1', 'COC(=O)CC1=CC=CC(I)=C1', 'NNC(=O)C1=CC=C(I)C=C1', 'CC1=C(N=NN1C1=CC=C(I)C=C1)C(O)=O', 'ClC1=CC=C(OC2=CC=C(I)C=C2)C=C1', 'CC(=O)OC1=CC=C(I)C=C1', 'ClC1=CC(I)=CC(Cl)=C1', 'FC1=CC=C(OC2=CC=CC(I)=C2)C=C1', 'COC(=O)C1=C(I)C=CC(C)=C1', 'IC1=CC=CC(=C1)C(=O)NC1CC1']"
8,"[1.259538629422343, 1.8851762989967558]",2.5740048531716067,"['FC1=CC(I)=CC=C1', 'FS(=O)(=O)C1=CC=C(I)C=C1']","['IC1=CC=C(OC2=NC=CC=N2)C=C1', 'CC1=CC(=CC(I)=C1)C#N', 'COC(=O)C1=CC(I)=CC(F)=C1F', 'OC(=O)C1=CC(I)=CC(Cl)=C1F', 'ClC1=CC(=CC(I)=C1)C#N', 'OC(=O)C1=C(I)C=C(F)C=C1', 'CCC(=O)C1=CC=C(I)C=C1', 'OC(=O)C1=CC=C(I)C=C1F', 'BrC1=CC=C(I)C(=C1)C#N', 'COC(=O)C1=CC(I)=CC(F)=C1', 'COC(=O)C1=C(Cl)C(O)=C(I)C=C1', 'COC(=O)C1=C(C=C(I)C=C1)S(N)(=O)=O', 'ONC(=O)C1=CC=C(I)C=C1', 'FS(F)(F)(F)(F)C1=CC=CC(I)=C1', 'NC(=O)C1=CC(I)=CC=C1', 'COC(=O)C1=CC=CC=C1I', 'CCOC(=O)C1=CC=CC=C1I', 'IC1=CC=C(C=C1)S(=O)(=O)N1CCCC1', 'IC1=CC=C(C=C1)C(=O)CCCC#N', 'COC(=O)C1=CC=C(I)C=C1OC', 'CC(=O)C1=CC=C(I)C=C1', 'OS(=O)(=O)C1=CC=C(I)C=C1', 'COC(=O)C1=CC=C(I)C=C1C(=O)OC', 'OC(=O)C1=C(Cl)C=C(I)C=C1', 'CNC(=O)C1=C(F)C=C(I)C=C1', 'IC1=CC=CC(OC2=NC=CC=N2)=C1', 'IC1=CC=C(I)C(=C1)C#N', 'IC1=CC=C(C=C1)C(=O)NC1CC1', 'OC(=O)C1=C(C=C(I)C=C1)C(F)(F)F', 'COC1=CC(I)=CC=C1C#N', 'CC1=CC=C(I)C=C1C=O', 'COC1=C(C=CC(I)=C1)C(O)=O', 'FC(F)(F)C1=C(C=O)C=CC(I)=C1', 'OC(=O)C1=C(C=C(I)C=C1)C(O)=O', 'ClCC(=O)C1=CC=C(I)C=C1', 'OC(=O)CCC(=O)C1=CC=C(I)C=C1']"
9,"[3.6120266523660556, 2.366945908511635]",2.633165504096905,"['BrC1=CC=CC(I)=C1C#N', 'BrC1=C(I)C=CC(=C1)N(=O)=O']","['CS(=O)(=O)C1=CC=C(I)C=C1', 'CC1=CC(I)=CC=C1Cl', 'COC1=C(F)C=C(I)C=C1F', 'COC1=CC(Cl)=CC(I)=C1', 'IC1=CC(C=O)=CC=C1', 'COC(=O)C1=CC=C(I)C=C1C', 'FC(F)C1=CC(I)=CC=C1', 'FC(F)(F)C1=CC(I)=CC(=C1)C#N', 'OC(=O)CCC1=CC(I)=CC=C1', 'CC1=CC=C(I)C=C1F', 'OB(O)C1=CC=C(I)C=C1', 'NC(=O)CC1=CC=C(I)C=C1', 'COC(=O)C1=CC(=CC(I)=C1)C(F)(F)F', 'OC(=O)CC1=CC=CC(I)=C1', 'FC(F)C1=CC=C(I)C=C1', 'OC1=C(F)C=CC(I)=C1', 'OC(=O)C1=CC(I)=CC(=C1)C(F)(F)F', 'OC(=O)C1=CC=C(I)C=C1O', 'FC1=CC(I)=CC=C1C(F)(F)F', 'OC(=O)CC1=CC=C(I)C=C1', 'FC(F)(F)OC1=CC=C(I)C=C1', 'COC1=C(F)C=CC(I)=C1', 'OCC1=CC(I)=CC(F)=C1', 'IC1=CC(CC#N)=CC=C1', 'OCC(=O)C1=CC=C(I)C=C1', 'IC1=CC=CC(OCC#C)=C1', 'IC1=CC=C(C=C1)C1(CC1)C#N', 'FC1=CC(I)=CC=C1CC#N', 'IC1=CC=CC(C=C)=C1', 'CC1=CC(I)=CC(F)=C1', 'ClC1=CC=C(I)C=C1', 'IC1=CC=CC(=C1)N=C=O', 'FC1=CC(I)=CC(C=O)=C1', 'FC1=CC(=CC(I)=C1)C(F)(F)F']"
