,obj_values ['rate'],Vendi_score,eval_samples,cut_samples
0,"[1.279428069014106, 2.4187257357988816]",1.7585290041954007,"['COC(=O)C1=CC(Br)=CC(C(=O)OC)=C1I', 'COC1=C(I)C=C(O)C=C1']",[]
1,"[1.2748864375221187, 2.0536632093977865]",1.847201588881225,"['NC1=CC(I)=C(F)C=C1Cl', 'OC1=CC=C(C=C1I)C#N']","['NC1=C(I)C=C(Br)C=C1F', 'FC1=CC(I)=C(NC(=O)CCl)C=C1', 'FC(F)OC1=CC=CC=C1I', 'IC1=C(C=CC=C1)N=C=S', 'NC1=CC(Br)=C(Cl)C=C1I', 'OC(=O)COC1=C(I)C=C(Cl)C=C1', 'CCOC(=O)C1=C(I)C=CC(C)=C1', 'NC1=C(I)C=C(C=C1F)C(F)(F)F', 'CCOC1=C(I)C=CC=C1', 'COC1=CC(CO)=CC(I)=C1O', 'CC1=CC(Cl)=CC(I)=C1N', 'COC(=O)C1=C(I)C=CC(O)=C1', 'OC(=O)C1=C(I)C=CC(Br)=C1F', 'CC1=C(I)C(=CC(Br)=C1)C(O)=O', 'NC1=C(I)C=C(F)C=C1', 'COC(=O)C1=C(I)C=CC(Br)=C1', 'COC1=C(I)C=C(N)C=C1I', 'NC(=O)C1=CC(O)=C(I)C=C1', 'NC1=C(I)C=C(Cl)C(F)=C1', 'COCOC1=C(I)C=CC=C1F', 'OC(=O)CC1=CC=C(Br)C=C1I', 'COC1=CC=C(C=C1I)C(F)(F)F', 'CC1=CC(I)=C(O)C=C1Cl', 'COC1=CC=C(OC)C(I)=C1', 'CCOC(=O)COC1=CC=CC=C1I', 'CC(C)(C)OC(=O)C1=C(I)C=CC(Br)=C1', 'NC1=C(I)C=C(F)C(F)=C1', 'BrCC(=O)C1=C(I)C=CC=C1', 'COC1=C(I)C=C(Br)C=C1F', 'NC1=C(I)C=C(OC(F)(F)F)C=C1', 'CCOC(=O)C1=CC(I)=C(OC)C=C1', 'COC(=O)C1=C(I)C=CC(C)=C1', 'OC1=C(I)C=C(I)C=C1', 'COC1=CC(I)=C(F)C=C1', 'COC1=C(I)C=C(C=C1)C(O)=O', 'NC1=CC=C(C=C1I)C(F)(F)F', 'OC1=CC(F)=C(Cl)C=C1I', 'COC1=CC=C(I)C(C(O)=O)=C1F', 'IC1=C(C=CC=C1)C(=O)CC1=CC=CC=C1', 'IC1=CC=CC=C1N=C=O', 'COC1=C(F)C=CC=C1I', 'ClCC(=O)NC1=CC=CC=C1I', 'OC(=O)C1=CC(I)=C(C=C1)N1C=CC=N1', 'COC(=O)C1=C(I)C=CC=C1OC', 'OC1=CC=C(OC(F)(F)F)C=C1I', 'COC1=C(C(O)=O)C(I)=CC=C1', 'FC(F)(F)C1=CC=C(CBr)C(I)=C1', 'COC1=CC=CC(I)=C1OC', 'COC1=C(I)C=CC(=C1)C(C)C', 'OC1=C(Cl)C=C(Br)C=C1I', 'OC1=C(O)C(I)=CC=C1', 'OC(=O)CCC1=NN=C(O1)C1=CC=CC=C1I']"
2,"[1.7415390325909947, 1.8118252749162496]",1.9957848581668631,"['CNC1=CC=C(I)C=C1', 'CC1=CC(N)=C(I)C=C1C']","['CC1=C(Cl)C=C(I)C(O)=C1I', 'FC1=CC=C(I)C(F)=C1F', 'COC1=C(Br)C=C(N)C(I)=C1', 'CC1=CC=C(I)C(C(O)=O)=C1F', 'COC1=CC=CC(C(O)=O)=C1I', 'FC1=CC(F)=C(Cl)C=C1I', 'OC(=O)C1=CC=C(I)C(O)=C1', 'CS(=O)(=O)NC1=CC=CC=C1I', 'OC1=CC(=CC=C1I)C(=O)N1CCOCC1', 'COC(=O)C1=CC(I)=C(O)C(I)=C1', 'NC1=C(C=C(I)C=C1)C(F)(F)F', 'COC1=C(I)C(Cl)=C(Cl)C=C1', 'OC(=O)C1=C(I)C=CC(F)=C1Cl', 'FC1=C(I)C=CC(I)=C1', 'OC(=O)CC1=CC=C(I)C(F)=C1', 'SC1=CC(Cl)=CC=C1I', 'CC1=CC(I)=C(F)C=C1Cl', 'OCC1=CC(F)=C(I)C=C1', 'COC(=O)C1=CC(I)=C(N)C(Br)=C1', 'OC1=CC(I)=C(O)C=C1I', 'FC1=C(I)C=CC=C1Cl', 'OC1=C(I)C=C(C=C1I)C(F)(F)F', 'FC1=C(I)C=CC(OC(F)(F)F)=C1', 'NC1=CC(F)=C(I)C=C1', 'NC1=CC(F)=C(C=C1I)C#N', 'FC1=C(I)C=C(Br)C=C1', 'OB(O)C1=C(F)C(F)=C(I)C=C1', 'COC(=O)C1=CC(I)=C(OC(F)F)C=C1', 'COC1=CC(I)=C(F)C=C1Cl', 'COC(=O)C1=C(Cl)C(O)=C(I)C=C1', 'OC1=CC=C(I)C=C1C(F)(F)F', 'FC1=CC(I)=C(F)C=C1', 'CC1=C(N)C(I)=CC=C1', 'COC(=O)C1=CC(I)=C(F)C=C1C', 'FC1=C(Br)C=CC(I)=C1F', 'FC1=C(I)C=CC(CBr)=C1', 'COC(=O)C1=CC=C(I)C(O)=C1', 'OC1=C(I)C=C(Cl)C=C1I', 'FC1=C(I)C=CC=C1Br', 'NC1=CC(I)=C(O)C=C1', 'FC1=C(F)C(I)=CC=C1', 'CC1=C(C=C(I)C(N)=C1)C#N', 'COC(=O)CCC1=CC(I)=C(O)C=C1', 'NC1=C(F)C(F)=C(Br)C=C1I', 'FC(F)(F)OC1=CC=CC=C1I', 'FC1=CC=C(I)C(F)=C1', 'OC1=CC=CC(I)=C1F', 'CCN(CC)C(=O)C1=CC(O)=C(I)C=C1', 'COC(=O)C1=CC(I)=C(O)C=C1']"
3,"[1.2835840808545704, 3.8473120184418352]",2.233597321190327,"['COC1=CC=CC(OC)=C1I', 'CC1=CC=CC(I)=C1']","['NC1=C(OC(F)(F)F)C=C(I)C=C1', 'NC1=CC=C(I)C2=CC=CC=C12', 'COC1=C(F)C=C(I)C=C1', 'OC1=C(F)C=C(I)C=C1', 'CC1=C(I)C=C(Cl)C=C1N', 'CCCCOC1=CC=C(I)C=C1', 'OC(=O)CCCOC1=CC=C(I)C=C1', 'COC1=C(O)C=CC(I)=C1', 'NC1=CC(I)=CC=C1O', 'CC(=O)NC1=C(Cl)C=C(I)C=C1', 'CCOC1=CC=C(I)C=C1', 'NNC(=O)CNC1=CC=C(I)C=C1', 'IC1=CC=C(OCC#N)C=C1', 'CNC1=CC=C(I)C=C1C', 'COC1=C(C)C=C(I)C=C1', 'CC(=O)CC(=O)NC1=CC=C(I)C=C1', 'OC(=O)CNC1=CC=C(I)C=C1', 'IC1=CC=C(C=C1)N1C=CC=N1', 'IC1=CC=C(C=C1)N1CCOCC1', 'NC1=C(O)C=C(I)C=C1', 'OC(=O)COC1=CC=C(I)C=C1', 'CC1=CC(I)=C(CO)C=C1C', 'COC(=O)COC1=CC=C(I)C=C1', 'ClCC(=O)NC1=CC=C(I)C=C1', 'NC1=C(N)C=C(I)C=C1', 'COC1=C(F)C=CC(I)=C1', 'CC(OC1=CC=C(I)C=C1)C(C)=O', 'CC(=O)NC1=CC(I)=C(C)C=C1', 'CSC1=CC=C(I)C=C1', 'CCC1=C(I)C=CC(O)=C1', 'OC1=CC=C(OC2=CC=C(I)C=C2)C=C1', 'NC1=C(F)C=CC(I)=C1', 'CC1=C(O)C=CC(I)=C1', 'IC1=CC=C(OCC2CC2)C=C1', 'NC1=C(Br)C=C(I)C=C1', 'CC(=O)NC1=C(OC(F)(F)F)C=C(I)C=C1', 'NC1=C(Cl)C=C(I)C=C1Cl', 'IC1=CC=C(C=C1)N1CCCCC1', 'CC(C)(C)C1=C(N)C=CC(I)=C1', 'COC1=C(N)C=C(I)C=C1', 'OCC1=C(O)C=CC(I)=C1', 'COC1=C(N)C=CC(I)=C1', 'NCCOC1=CC=C(I)C=C1', 'OC1=CC(OCC2=CC=CC=C2)=CC=C1I', 'CC(C)OC1=CC=C(I)C=C1', 'IC1=CC=C(C=C1)N1CCNCC1', 'COC1=CC(B(O)O)=C(I)C=C1']"
4,"[2.626504030750194, 1.259538629422343]",2.3182471856335707,"['FC1=CC(I)=CC(F)=C1', 'FC1=CC(I)=CC=C1']","['CC1=C(I)C=CC(Cl)=C1', 'IC1=CC=C(CC#C)C=C1', 'NC(=O)CC1=CC=C(I)C=C1', 'IC1=CC=C(CN2C=CN=C2)C=C1', 'OCC1=C(I)C=C(C=C1)C(F)(F)F', 'CC1=C(Cl)C=C(I)C=C1', 'COC1=CC(I)=CC=C1CO', 'IC1=CC=CC(C=C)=C1', 'IC1=CC=C(C=C1)N=C=O', 'CC(=C)C1=CC=C(I)C=C1', 'CC(N)C1=CC=C(I)C=C1', 'IC1=CC=C(C=C1)C1=CC=CC=C1', 'SC1=CC=C(I)C=C1Cl', 'OC(=O)CC1=CC=CC(I)=C1', 'COC1=C(Cl)C=CC(I)=C1', 'FC(F)(F)C(=O)NC1=CC=C(I)C=C1', 'OC1=C(F)C=CC(I)=C1', 'CC(O)C1=CC=C(I)C=C1', 'C[C@H](O)C1=CC=C(I)C=C1', 'CC(C)(C)C1=CC=C(I)C=C1', 'CC1=CC=C(I)C=C1F', 'NCC1=CC=CC=C1I', 'CNC(=O)C1=CC=CC=C1I', 'CC(C)C1=CC=C(I)C=C1', 'CC(C)CC1=CC=C(I)C=C1', 'CCCCC1=CC=C(I)C=C1', 'IC1=CC=C(C=C1)N1C=CC=C1', 'OCCC1=CC=C(I)C=C1', 'NCCC1=CC=C(I)C=C1', 'OCC1=CC=CC=C1I', 'CC1=C(I)C=C(C=C1)C(F)(F)F', 'IC1=CC=C(C=C)C=C1', 'CC1=C(O)C=C(I)C=C1', 'CS(=O)(=O)NC1=CC=C(I)C=C1', 'OC1=C(Cl)C=CC(I)=C1', 'IC1=CC=CC(CNC2CC2)=C1', 'IC1=CC=CC(OCC#C)=C1', 'OCC1=CC=C(I)C=C1O', 'OCC1=C(Cl)C=CC=C1I', 'COC1=C(F)C=C(I)C=C1F', 'NC1(CC1)C1=CC=C(I)C=C1', 'FC(F)OC1=CC=C(I)C=C1', 'CC(=O)OC1=CC=C(I)C=C1', 'OC(=O)CC1=CC=C(I)C=C1']"
5,"[1.860670760369815, 2.483667661052211]",2.299703930176155,"['OC1=CC(I)=CC(O)=C1', 'NC1=CC=CC(I)=C1']","['OC(=O)C1=C(I)C=CC=C1F', 'OCC1=CC(I)=CC(F)=C1', 'CC1=CC(I)=CC=C1Cl', 'CN(C)C(=O)C1=CC(I)=CC=C1', 'CC1=C(F)C=CC=C1I', 'CC1=CC(I)=CC(F)=C1', 'FC(F)C1=CC=C(I)C=C1', 'CC1=CC=C(I)C=C1Br', 'COC(=O)CC1=CC=CC(I)=C1', 'CCOC1=CC=CC(I)=C1', 'IC1=CC(CC#N)=CC=C1', 'FC1=C2C=CC=CC2=CC(I)=C1', 'COC(=O)CCC1=CC=C(I)C=C1', 'CC1=C(F)C=C(F)C=C1I', 'IC1=CC=C(C=C1)C#C', 'FC(F)C(F)(F)OC1=CC=C(I)C=C1', 'OB(O)C1=CC=C(I)C=C1', 'OC(=O)COC1=CC=CC(I)=C1', 'NNC(=O)C1=CC=C(I)C=C1', 'COC(=O)C1=C(I)C=CC=C1Cl', 'OCC1=CC(I)=CC(Cl)=C1', 'OC(=O)CCC1=CC(I)=CC=C1', 'COC(=O)C1=C(I)C=CC=C1F', 'FC(F)(F)OC1=CC=C(I)C=C1', 'FC(F)OC1=CC(I)=CC=C1', 'FC(F)C1=CC(I)=CC=C1', 'COC1=CC(Cl)=CC(I)=C1', 'OC(=O)C1=C(I)C=CC=C1Cl', 'CC(=O)SCC1=CC(I)=CC=C1', 'IC1=CC=CC(=C1)N=C=O', 'CS(=O)(=O)NC1=CC(I)=CC=C1', 'OC1=C(F)C=C(I)C=C1F', 'CC1=CC(Cl)=CC(I)=C1', 'ClC1=C(Cl)C=C(I)C=C1', 'CC(=O)OC1=CC=CC(I)=C1', 'CC1=C(I)C=C(F)C(Br)=C1', 'OC(=O)C1(CC1)C1=CC=C(I)C=C1', 'FC1=CC(I)=CC=C1CC#N', 'ClC1=CC=C(I)C=C1', 'CC(C)C1=CC=CC(I)=C1', 'IC1=CC=C(C=C1)C1(CC1)C#N', 'IC1=CC=CC(=C1)C1=CC=CC=C1']"
6,"[1.4993699071466273, 1.8002786936086466]",2.347269715086805,"['CC1=C(C=CC(I)=C1)C#N', 'CC(C)C1=C(I)C=CC=C1']","['CC1=C(Br)C=CC(I)=C1', 'NC1=CC(I)=CC(F)=C1', 'IC1=CC(I)=CC=C1', 'ClCC(=O)NC1=CC(I)=CC=C1', 'FC1=CC=C(OC2=CC=CC(I)=C2)C=C1', 'BrCC1=CC=C(I)C=C1', 'COC1=CC(=CC(I)=C1)C(F)(F)F', 'OC1=C(Br)C=C(I)C=C1', 'FC(F)(F)C(=O)NC1=CC(I)=CC=C1', 'COC1=C(Br)C=CC(I)=C1', 'FC(F)(F)C1=C(Cl)C=CC(I)=C1', 'BrC1=CC=CC(I)=C1', 'NC(=O)NC1=CC(I)=CC=C1', 'COC1=CC(F)=CC(I)=C1', 'CC1=CC(Br)=CC(I)=C1', 'CC1=CC=C(C=C1)C1=CC=C(I)C=C1', 'OC1=CC=C(C=C1)C1=CC=C(I)C=C1', 'OC1=CC(Br)=CC(I)=C1', 'NC(CC1=CC=CC(I)=C1)C(O)=O', 'NC1=CC(Cl)=CC(I)=C1', 'CCOC(=O)CC1=CC(I)=CC=C1', 'COCCOC1=CC(I)=CC=C1', 'CS(=O)(=O)NC1=CC=C(I)C=C1F', 'CCOC(=O)C1=C(I)C=CC=C1F', 'CN(C)CCOC1=CC=CC(I)=C1', 'OC(=O)C1=CC=C(I)C=C1', 'FC1=CC(=CC(I)=C1)C(F)(F)F', 'IC1=CC(OC2=CC=CC=C2)=CC=C1', 'CCCCCC1=CC=C(I)C=C1', 'FC(F)(F)OC1=C(Cl)C=C(I)C=C1', 'CC1=C(Br)C(F)=CC(I)=C1', 'COC(=O)C1=CC=C(I)C=C1C', 'OC(=O)CCCC1=CC=C(I)C=C1', 'BrC1=CC=C(I)C=C1', 'IC1=CC=C(C=C1)N1CCC(=O)NC1=O', 'OC(=O)CCCCC1=CC=C(I)C=C1', 'CC(=O)NC1=C(C=C(I)C=C1)C(F)(F)F', 'CC1=C(I)C=C(Br)C=C1', 'CC1=C(Cl)C=C(I)C=C1Cl', 'CNC1=CC(I)=CC=C1']"
7,"[2.2277053601594985, 1.5266477018978144]",2.3675677124636345,"['COC1=CC(I)=CC=C1I', 'FC(F)(F)C(F)(C1=CC=C(I)C=C1)C(F)(F)F']","['COC(=O)C1=C(C)C(I)=CC=C1', 'CON(C)C(=O)C1=CC=C(I)C=C1', 'CC(C)NC(=O)CC1=CC=C(I)C=C1', 'ClC1=CC(I)=CC(Cl)=C1', 'ClCC1=CC(I)=C(CCl)C=C1', 'OCC1=CC(Br)=CC(I)=C1', 'CNC(=O)C1=CC=CC(I)=C1', 'NNS(=O)(=O)C1=CC=C(I)C=C1', 'OS(=O)(=O)C1=CC=C(I)C=C1', 'IC1=CC=CC=C1[N+]#[C-]', 'IC1=CC=C(C=C1)N1C=NN=N1', 'CC(C)(C)NC(=O)C1=CC=CC=C1I', 'IC1=CC(CC2=CC=CC=C2)=CC=C1', 'COC(=O)C1=C(Cl)C=C(I)C=C1', 'CC1=CC(I)=CC(I)=C1', 'OC(=O)CC1=C(I)C=C(Cl)C=C1', 'OC(C1=CC=CC=C1)C1=CC(I)=CC=C1', 'CCCNC(=O)C1=CC=CC=C1I', 'IC1=CC=CC(=C1)C(=O)N1CCCC1', 'NCC1=C(I)C=CC(Br)=C1', 'IC1=CC=C(OC2=CC=C(C=C2)C#N)C=C1', 'COC(=O)C1=CC(C)=C(I)C=C1', 'NCC1(CCCC1)C1=CC=C(I)C=C1', 'SCCC1=CC=CC=C1I', 'CC1=C(I)C=C(C=C1)C#N', 'CS(=O)(=O)C1=CC=CC(I)=C1', 'NS(=O)(=O)C1=CC=CC(I)=C1', 'CC1=CC(I)=CC(C)=C1Br', 'CC1=C(I)C=C(CBr)C=C1', 'NS(=O)(=O)C1=CC=C(I)C=C1', 'FC1=C(Cl)C=C(I)C=C1Cl', 'FC1=CC(I)=CC=C1C(F)(F)F', 'FC(F)(F)C1=CC(Cl)=CC(I)=C1', 'IC1=CC=C(C=C1)C(=O)N1CCCC1', 'OCC1=C(Cl)C=C(I)C=C1Cl', 'OS(=O)(=O)C1=CC=CC(I)=C1', 'COC(OC)C1=C(I)C=CC=C1']"
8,"[1.8213344273755523, 2.4413183653343107]",2.4569675324046614,"['NC1=CC(I)=C(C=C1)C#N', 'NC(=O)C1=CC(I)=CC=C1']","['CS(=O)(=O)C1=CC=C(I)C=C1', 'OB(O)C1=CC(Br)=CC(I)=C1', 'ClC1=CC(I)=CC=C1Br', 'ClC1=CC=C(I)C=C1I', 'IC1=CC=C(C=C1)C(=O)N1CCOCC1', 'IC1=CC=C(CN2CCCCC2)C=C1', 'FS(F)(F)(F)(F)C1=CC=C(I)C=C1', 'CC1=CC(Br)=C(C)C=C1I', 'CC1=C(N=NN1C1=CC=C(I)C=C1)C(O)=O', 'OC[C@H]1CN(C(=O)O1)C1=CC=C(I)C=C1', 'IC1=CC=CC(=C1)C(=O)N1CCOCC1', 'ClC1=C(CBr)C=CC(I)=C1', 'OCC1=CC(I)=CC(I)=C1', 'COC1=CC(Br)=CC(I)=C1', 'CCOC(=O)C1=C(Cl)C=C(I)C=C1', 'CCNS(=O)(=O)C1=CC=C(I)C=C1', 'ClC1=CC=C(OC2=CC=C(I)C=C2)C=C1', 'FC(F)C1=C(Br)C=CC(I)=C1', 'NC(=O)C1=C(Br)C=C(I)C=C1', 'CCCNC(=O)C1=CC=CC(I)=C1', 'CNS(=O)(=O)C1=CC=C(I)C=C1', 'FC(F)C1=CC(Br)=CC(I)=C1', 'CC(C)C1=CC(I)=CC(Br)=C1', 'ClC1=CC=C(C=C1)C1=CC=C(I)C=C1', 'NC(=O)C1=CN=C(OC2=CC=C(I)C=C2)C=C1', 'FC1=CC(I)=CC=C1CBr', 'FC1=CC=CC(I)=C1CBr', 'CCOC(=O)CC1=C(I)C=CC=C1', 'CN(C)S(=O)(=O)C1=CC=C(I)C=C1', 'BrC1=C(CC#N)C=C(I)C=C1', 'ClC1=CC=C(OC2=CC=C(I)C=C2)C=C1Cl', 'CC(C)(C)OC(=O)NC1=CC(I)=CC=C1', 'OC(=O)C1=C(Cl)C=C(I)C=C1Cl', 'CC1=CC(=CC=C1I)C#N', 'ClC1=C(Br)C=C(I)C=C1', 'CC(C)(C)OC(=O)CC1=CC(I)=CC=C1']"
9,"[1.509247248220096, 2.897003728518969]",2.538639392201423,"['CC1=CC(=CC(I)=C1)C(O)=O', 'IC1=CC=C(C=O)C=C1']","['CC(C)NC(=O)C1=CC=CC(I)=C1', 'COC1=CC=C(C#N)C(I)=C1', 'CCOC(=O)C1=CC=C(I)C=C1F', 'CCOC(=O)C1=CC=CC=C1I', 'CC1(C)COB(OC1)C1=CC=C(I)C=C1', 'FC1=CC(I)=CC=C1NC(=O)NC1CC1', 'COC(=O)C1=C(I)C=C(OC)C(OC)=C1', 'COC(=O)C1=C(F)C(Br)=CC=C1I', 'FC(F)(F)C1=C(Br)C=CC(I)=C1', 'CCNC(=O)C1=CC(Br)=CC=C1I', 'ClC1=CC=C(I)C=C1CBr', 'CC(C)(C)C1=CC(I)=CC(Br)=C1', 'IC1=CC=CC(=C1)C(=O)NC1CC1', 'FC(F)(F)C1=CC(I)=CC=C1I', 'ClC1=CC=C(COC2=CC=C(I)C=C2)C=C1', 'FC1=CC(I)=CC(Br)=C1', 'NC1=CC(I)=CC(I)=C1', 'OC1=C(F)C=C(I)C=C1I', 'COC(=O)C1=C(C)C(Cl)=CC(I)=C1', 'FC1=CC(I)=CC(F)=C1Br', 'IC1=CC=C(CC(=O)N2CCOCC2)C=C1', 'NC(=O)C1=C(I)C=CC(Br)=C1F', 'OC(=O)C1=CC(I)=CC(I)=C1', 'CC1=CC(Cl)=C(I)C=C1C', 'IC1=CC=C(CC(=O)N[C@H]2CCOC2=O)C=C1', 'CC(C)(C)OC(=O)NC1=CC=C(I)C=C1', 'IC1=CC=C(CC(=O)N2CCCC2)C=C1', 'OC(=O)C1=C(Br)C=CC=C1I', 'ONC(=O)C1=CC(I)=CC=C1', 'COC1=CC(I)=C(Cl)C=C1', 'IC1=CC=CC(=C1)N=C=S', 'BrC1=CC=C(C=C1)C1=CC=CC(I)=C1', 'CC(C)(C)OC(=O)NC1=CC=C(I)C=C1F', 'ClCC1=CC(Br)=CC=C1I']"
