,obj_values ['rate'],Vendi_score,eval_samples,cut_samples
0,"[2.1241371852557647, 1.7418318017148322]",1.5779245019100467,"['CCCCCC1=CC=C(C=C1)C1=CC=C(I)C=C1', 'NC1=C(N)C=C(I)C(I)=C1']",[]
1,"[2.385507492675296, 1.540747350490527]",1.6067756018664232,"['IC1=CC(OC2=CC=CC=C2)=CC=C1', 'FC1=CC=C(OC2=CC=CC(I)=C2)C=C1']","['OC[C@H]1CN(C(=O)O1)C1=CC=C(I)C=C1', 'IC1=CC=C(CC(=O)N2CCCCC2)C=C1', 'CN(C)CCOC1=CC=CC(I)=C1', 'IC1=CC=C(C=C1)C1=CC=CC=C1', 'ClC1=CC=C(COC2=CC=C(I)C=C2)C=C1', 'OC[C@H]1N=C(O[C@@H]1C1=CC=C(I)C=C1)C1=CC=CC=C1', 'NC(=O)C1=CN=C(OC2=CC=C(I)C=C2)C=C1', 'IC1=CC=C(OC2=CC=C(C=C2)C#N)C=C1', 'IC1=CC=C(CC(=O)N[C@H]2CCOC2=O)C=C1', 'COC1=CC(I)=C(I)C=C1OC', 'OC(=O)CCCCC1=CC=C(I)C=C1', 'IC1=CC=C(CC(=O)N2CCOCC2)C=C1', 'IC1=CC=C(OCCCN2CCOCC2)C=C1', 'CC(=O)NC1=C(C=C(I)C=C1)C(F)(F)F', 'IC1=CC=C(C=C1)N1CCC(=O)NC1=O', 'CC(C)(C)OC(=O)N1CCN(CC1)C1=CC=C(I)C=C1', 'COC1=C(NCC(O)=O)C=C(I)C(Cl)=C1', 'CCOC1=CC=C(C=C1)C(O)C1=CC(I)=CC=C1Cl', 'CCCCCCCCOC1=CC=C(I)C=C1', 'CC(C)(C)[Si](C)(C)OCC1=CC=C(I)C=C1', 'ClC1=CC=C(C=C1)C1=CC=C(I)C=C1', 'OC1=CC=C(OC2=CC=C(I)C=C2)C=C1', 'FC1=CC(I)=CC=C1NC(=O)NC1CC1', 'COC1=CC=C(COC2=CC=C(I)C=C2)C=C1', 'IC1=CC=C(CN2CCCCC2)C=C1', 'ClC1=CC=C(OC2=CC=C(I)C=C2)C=C1Cl', 'ClC1=CC=C(OC2=CC=C(I)C=C2)C=C1', 'CC(C)(C)OC(=O)NC1=CC=C(I)C=C1', 'IC1=CC=C(NC(=O)NCC2=CC=CC=C2)C=C1', 'IC1=CC=C(OC2CCN(CC2)C2CCC2)C=C1', 'CC1CC(C)(C)OB(O1)C1=CC=C(I)C=C1', 'IC1=CC=C(CC(=O)N2CCCC2)C=C1', 'IC1=CC=C(C=C1)C1=CN2C=CSC2=N1', 'IC1=CC=C(C=C1)N(C1=CC=CC=C1)C1=CC=CC=C1', 'NCC1(CCCC1)C1=CC=C(I)C=C1', 'CC(C)C1=CC(I)=CC(C(C)C)=C1O', 'CC(C)(C)OC(=O)NC1=CC=C(I)C=C1F', 'CN(C)C1=C(Br)C=C(I)C=C1', 'ClCC(=O)NC1=CC=C(I)C=C1', 'OC1=CC=C(C=C1)C1=CC=C(I)C=C1', 'CC1=CC(I)=CC(I)=C1N', 'CC(C)(C)OC(=O)N[C@@H](CC1=CC=C(I)C=C1)C(O)=O', 'CCCCOC1=CC=C(I)C=C1', 'CC(C)(C)OC(=O)NC1=C(N)C=C(I)C=C1', 'CC1=CC=C(C=C1)C1=CC=C(I)C=C1', 'CC(=O)NC1=C(OC(F)(F)F)C=C(I)C=C1', 'CCC[C@H]1CC[C@@H](CC1)C1=CC=C(I)C=C1', 'COC(=O)COC1=CC=C(I)C=C1', 'OC(=O)CCCOC1=CC=C(I)C=C1', 'CC1(C)OB(OC1(C)C)C1=CC(I)=CC=C1', 'CC(=O)CC(=O)NC1=CC=C(I)C=C1', 'CC(C)(C)OC(=O)NC1=CC(I)=CC=C1']"
2,"[1.430002427291616, 3.2956536905104463]",1.757024466994238,"['NC1=C(OC2=CC(I)=CC=C2)C=CC=C1', 'CC(C)(C)OC(=O)N1CCC[C@H]1C1=NC=C(N1)C1=CC=C(I)C=C1']","['IC1=CC=C(CN2C=CN=C2)C=C1', 'CCOC(=O)CC1=CC(I)=CC=C1', 'FC1=C2C=CC=CC2=CC(I)=C1', 'CCCCCC1=CC=C(I)C=C1', 'IC1=CC=CC(CNC2CC2)=C1', 'CS(=O)(=O)NC1=CC=C(I)C=C1', 'COC1=C(Cl)C=CC(I)=C1', 'CCN(CC)CC1=CC(I)=CC=C1', 'COC(=O)CC1=CC=CC(I)=C1', 'IC1=CC=C(C=C1)C(=O)N1CCOCC1', 'IC1=CC=CC(OCC#C)=C1', 'CC(=O)NC1=C(Cl)C=C(I)C=C1', 'COC1=CC(I)=CC=C1CO', 'FC(F)(F)C(=O)NC1=CC=C(I)C=C1', 'IC1=CC=CC(=C1)C1=CC=CC=C1', 'ClCC(=O)NC1=CC(I)=CC=C1', 'IC1=CC=CC(=C1)C(=O)N1CCOCC1', 'CC(=C)C1=CC=C(I)C=C1', 'NCCOC1=CC=C(I)C=C1', 'NC1(CC1)C1=CC=C(I)C=C1', 'CS(=O)(=O)NC1=CC(I)=CC=C1', 'COC(=O)CCC1=CC=C(I)C=C1', 'NC(CC1=CC=CC(I)=C1)C(O)=O', 'CC(C)CC1=CC=C(I)C=C1', 'IC1=CC=C(OCC2CC2)C=C1', 'CC(C)NC(=O)CC1=CC=C(I)C=C1', 'OC(=O)CCCC1=CC=C(I)C=C1', 'OC(=O)COC1=CC=CC(I)=C1', 'IC1=CC=C(C=C1)C(=O)N1CCCC1', 'IC1=CC=C(C=C1)N1C=CC=N1', 'FC(F)(F)C(=O)NC1=CC(I)=CC=C1', 'OCC1=CC=C(I)C=C1O', 'OC(=O)C1(CC1)C1=CC=C(I)C=C1', 'COCCOC1=CC(I)=CC=C1', 'IC1=CC=C(C=C1)N1C=CC=C1', 'COC1=C(F)C=CC(I)=C1', 'CC(=O)SCC1=CC(I)=CC=C1', 'CC1(C)COB(OC1)C1=CC=C(I)C=C1', 'CCCCC1=CC=C(I)C=C1', 'IC1=CC=CC(=C1)C(=O)N1CCCC1', 'CS(=O)(=O)NC1=CC=C(I)C=C1F', 'COC1=CC(=CC(I)=C1)C(F)(F)F', 'IC1=CC(CC2=CC=CC=C2)=CC=C1', 'CC(C)(C)OC(=O)CC1=CC(I)=CC=C1', 'OC(=O)COC1=CC=C(I)C=C1', 'CON(C)C(=O)C1=CC=C(I)C=C1', 'CCOC1=CC=CC(I)=C1', 'OC(C1=CC=CC=C1)C1=CC(I)=CC=C1', 'CC(C)(C)C1=CC=C(I)C=C1']"
3,"[2.3425490400204714, 1.3637239360088234]",1.9157668047162528,"['CN(C)C1=CC=C(CNC2=CC=C(I)C=C2)C=C1', '[H][C@@](CC1=CC=C(I)C=C1)(NC(=O)OCC1=CC=CC=C1)C(O)=O']","['C[C@H](O)C1=CC=C(I)C=C1', 'OCCC1=CC=C(I)C=C1', 'IC1=CC=C(C=C1)N1CCOCC1', 'CC(C)OC1=CC=C(I)C=C1', 'FC(F)OC1=CC(I)=CC=C1', 'COC(=O)[C@@H](CC1=CC=C(I)C=C1)NC(=O)OC(C)(C)C', 'COC1=CC(F)=CC(I)=C1', 'IC1=CC=C(C=C)C=C1', 'BrC1=CC=C(C=C1)C1=CC=CC(I)=C1', 'COC1=C(C)C=C(I)C=C1', 'BrC1=CC=C(I)C=C1CC1=CC=C2OCCOC2=C1', 'NC1=C(OC(F)(F)F)C=C(I)C=C1', 'SC1=CC=C(I)C=C1Cl', 'CSC1=CC=C(I)C=C1', 'FC(F)C(F)(F)OC1=CC=C(I)C=C1', 'IC1=CC=CC(C=C)=C1', 'CC(O)C1=CC=C(I)C=C1', 'NNC(=O)CNC1=CC=C(I)C=C1', 'BrC1=CC=CC(=C1)C1=CC=C(I)C=C1', 'COC(=O)C1=C(I)C=CC=C1OC', 'NC1=CC(Cl)=CC(I)=C1', 'IC1=CC=C(OCC#N)C=C1', 'CCOC1=CC=C(I)C=C1', 'OC1=C(F)C=CC(I)=C1', 'NC1=CC(I)=CC(I)=C1', 'OC(=O)CCC1=CC(I)=CC=C1', 'COC1=CC(Cl)=CC(I)=C1', 'OC(=O)CCCCNC(=O)C1=CC(I)=CC=C1', 'NCCC1=CC=C(I)C=C1', 'ClC1(Cl)CCCN(C2=CC=C(I)C=C2)C1=O', 'CC(C)(C)OC(=O)N[C@@H](CC1=CC(I)=CC=C1)C(O)=O', 'CN(C)C1=CC(F)=CC(I)=C1', 'COC(=O)C1=C(I)C=C(OC)C(OC)=C1', 'COC1=C(Br)C=CC(I)=C1', 'OC1=C(Cl)C=CC(I)=C1', 'NC1=C(F)C=CC(I)=C1', 'IC1=CC=CC(=C1)N1CCCCC1', 'OC(=O)CNC1=CC=C(I)C=C1', 'COC1=CC(Br)=CC(I)=C1', 'CC1(C)OB(OC1(C)C)C1=CC(O)=CC=C1I', 'CN(C)C(=O)C1=CC(I)=CC=C1', 'CC1=C(O)C=C(I)C=C1', 'CC(N)C1=CC=C(I)C=C1', 'NC(=O)NC1=CC(I)=CC=C1', 'COC1=C(O)C=CC(I)=C1', 'COC1=C(F)C=C(I)C=C1', 'IC1=CC=C(C=C1)N1CCNCC1']"
4,"[1.7415390325909947, 1.2997613105659385]",2.012490380020955,"['CNC1=CC=C(I)C=C1', 'CNC1=CC=C(I)C=C1C']","['CC(OC1=CC=C(I)C=C1)C(C)=O', 'CC(C)(C)OC(=O)NC(CC1=CC(I)=CC=C1F)C(O)=O', 'IC1=CC=C(OC2=CC=C(I)C=C2)C=C1', 'CCN(CC)C(=O)C1=CC(OCC(F)(F)F)=C(I)C=C1', 'CC(C)C1=CC=CC(I)=C1', 'NC1=C(O)C=C(I)C=C1', 'CC(=O)OC1=CC=CC(I)=C1', 'IC1=CC=C(C=C1)C1=CC=C(I)C=C1', 'OC1=CC(I)=CC(O)=C1', 'CCCNC(=O)C1=CC=CC(I)=C1', 'COC1=C(F)C=C(I)C=C1F', 'CC1=CC=C(I)C=C1F', 'OC(=O)CC1=CC=CC(I)=C1', 'CC(=O)OC1=CC=C(I)C=C1', 'CC(Br)C(=O)N(C)C1=CC=C(I)C=C1', 'NC1=CC(I)=CC(F)=C1', 'NCCOCCOCCNC(=O)C1=CC=C(I)C=C1', 'CC(=O)NC1=CC(I)=C(C)C=C1', 'NC1=C(Br)C=C(I)C=C1', 'NC1=C(C=C(I)C=C1)C(F)(F)F', 'O[C@@H]1CCN(C1)S(=O)(=O)C1=CC=C(I)C=C1', 'OC1=CC(=CC=C1I)C(=O)N1CCOCC1', 'COC1=C(N)C=CC(I)=C1', 'CC(C)C1=CC=C(I)C=C1', 'CNC1=CC(I)=CC=C1', 'IC1=CC=C(C=C1)C1(CC1)C#N', 'CC(C)(C)C1=CC(I)=CC(Br)=C1', 'OCC1=C(O)C=CC(I)=C1', 'NC1=CC(I)=CC=C1O', 'IC1=CC(=CC=C1)C(=O)NCC1=CC=CC=C1', 'CC(C)(C)OC(=O)N[C@H](CC1=CC(I)=CC=C1)C(O)=O', 'CC1=C(O)C=CC(I)=C1', 'COC1=C(N)C=C(I)C=C1', 'OC(=O)CC1=CC=C(I)C=C1', 'CC(C)(C)C1=C(N)C=CC(I)=C1', 'CCN(CC)C(=O)C1=CC(OCC(C)C)=C(I)C=C1', 'OC1=CC=C(I)C=C1C(F)(F)F', 'NC(=O)CC1=CC=C(I)C=C1', 'CC1=C(Cl)C=C(I)C=C1', 'NC1=C(Cl)C=C(I)C=C1Cl', 'FC(F)OC1=CC=C(I)C=C1', 'IC1=CC=C(C=C1)N1CCCCC1', 'COC1=CC(I)=CC=C1I', 'OCC1=CC(I)=CC(Cl)=C1']"
5,"[1.6139120615618865, 1.5656259984479897]",2.5067729715914884,"['BrC1=C(Br)C=C(I)C(I)=C1', 'COC1=CC(=C(I)C=C1)S(F)(=O)=O']","['IC1=CC=C(C=C1)C#C', 'COC1=C(I)C=C(N)C=C1I', 'FC(F)(F)OC1=CC=C(I)C=C1', 'COC1=CC(B(O)O)=C(I)C=C1', 'COC1=C(I)C=C(O)C=C1', 'CCN(CC)C(=O)C1=CC(O)=C(I)C=C1', 'CC1=C(N=NN1C1=CC=C(I)C=C1)C(O)=O', 'CCOC1=C(I)C=CC=C1', 'OCC1=CC(I)=CC(F)=C1', 'NC1=CC=CC(I)=C1', 'COC1=CC(CO)=CC(I)=C1O', 'CC(C)C1=CC(I)=CC(Br)=C1', 'IC1=CC=CC(=C1)N=C=O', 'CC1=CC(I)=CC=C1Cl', 'OC1=C(F)C=C(I)C=C1F', 'OB(O)C1=CC=C(I)C=C1', 'NC1=C(N)C=C(I)C=C1', 'IC1=CC=C(C=C1)N=C=O', 'CCOC(=O)COC1=CC=CC=C1I', 'BrCC1=CC=C(I)C=C1', 'CC1=CC(Cl)=CC(I)=C1', 'COC(=O)CCC1=CC(I)=C(O)C=C1', 'CC1=C(Br)C=CC(I)=C1', 'IC1=CC(CC#N)=CC=C1', 'COC1=C(C(O)=O)C(I)=CC=C1', 'CC1=CC(I)=C(CO)C=C1C', 'OC1=C(F)C=C(I)C=C1', 'COC1=CC=C(I)C(C(O)=O)=C1F', 'CC1=CC=CC(I)=C1', 'COC1=CC=C(OC)C(I)=C1', 'COC1=C(I)C=CC(=C1)C(C)C', 'NNC(=O)C1=CC=C(I)C=C1', 'NC1=C(I)C=C(OC(F)(F)F)C=C1', 'CC1=CC(I)=CC(C)=C1Br', 'CC1=CC=C(I)C=C1Br', 'CC1=CC(Cl)=CC(I)=C1N', 'CC1=CC(I)=CC(F)=C1', 'IC1=CC=C(CC#C)C=C1', 'CC1=C(I)C=C(Cl)C=C1N', 'COC(=O)C1=CC=C(I)C=C1C', 'COC1=CC(I)=C(Cl)C=C1', 'NC1=CC=C(C=C1I)C(F)(F)F']"
6,"[1.7203091976006621, 2.8329839741206793]",2.7316581342109036,"['CN1C(C)=C(C(O)=O)C(=C1C1=CC=C(Cl)C=C1)C1=CC(I)=CC=C1', 'CC1=CC(=CC=C1)N(C1=CC=CC=C1)C1=CC=C(C=C1)C1=CC=C(I)C=C1']","['FC(F)(F)OC1=C(Cl)C=C(I)C=C1', 'CC1=CC=C(I)C(C(O)=O)=C1F', 'COC(=O)C1=CC(I)=C(Cl)C=C1C', 'SC1=CC(Cl)=CC=C1I', 'OC1=C(F)C=C(I)C=C1I', 'CCCNC(=O)C1=CC=CC=C1I', 'CC1=CC(I)=CC(I)=C1', 'CC1=C(Br)C(F)=CC(I)=C1', 'FC(F)(F)C1=C(Cl)C=CC(I)=C1', 'OC(=O)COC1=C(I)C=C(Cl)C=C1', 'CC1=CC(Br)=CC(I)=C1', 'BrC1=C(CC#N)C=C(I)C=C1', 'ClC1=CC=C(I)C=C1CBr', 'IC1=C(C=CC=C1)N=C=S', 'OCC1=CC(Br)=CC(I)=C1', 'FC(F)C1=CC(I)=CC=C1', 'IC1=CC=CC=C1N=C=O', 'OC1=CC(I)=C(Br)C=C1', 'COC1=CC(I)=C(Br)C=C1', 'CC1=C(Cl)C=C(I)C=C1Cl', 'NC1=CC=CC(I)=C1Br', 'CCNS(=O)(=O)C1=CC=C(I)C=C1', 'OC1=CC(Br)=CC(I)=C1', 'OCC1=CC(I)=C(Br)C=C1', 'FC1=CC(I)=C(NC(=O)CCl)C=C1', 'OC1=C(Cl)C=C(Br)C(I)=C1', 'CC(C)(C)C1=CC=C(I)C(Br)=C1', 'CCOC(=O)C1=CC(I)=C(OC)C=C1', 'CC(C)NC(=O)C1=CC=CC(I)=C1', 'OC1=C(Br)C=C(I)C=C1', 'NC1=CC(I)=C(Br)C=C1', 'FC1=CC(I)=CC=C1CBr', 'CC1=CC(Cl)=C(I)C=C1C', 'CC1=C(Br)C=CC(I)=C1Cl', 'COC1=CC=CC(I)=C1Br', 'FC(F)C1=C(Br)C=CC(I)=C1', 'CC1=CC=C(Br)C(I)=C1', 'CCNC(=O)C1=CC(Br)=CC=C1I', 'OB(O)C1=CC(Br)=CC(I)=C1', 'OCC1=CC(I)=CC(I)=C1']"
7,"[2.289022526319771, 1.9459474104983077]",3.113034644364232,"['IC1=CC=C(C=C1)C(=O)NC1CCN(CC2=CC=CC=C2)CC1', 'CC(C)(C)OC(=O)NC1=C(I)C2=C(C=CC=C2)C(OCC2=CC=CC=C2)=C1']","['OC1=C(Cl)C=C(I)C=C1I', 'ClC1=CC=C(I)C=C1', 'OC(=O)C1=C(NC2=CC=C(I)C=C2Cl)C(F)=C(F)C=C1', 'CNC(=O)C1=CC=CC(I)=C1', 'OC[C@@H](O)CNC(=O)C1=C(NC2=CC=C(I)C=C2F)C=NC=C1', 'ClC1=C(Cl)C=C(I)C=C1', 'CN1C(=O)C(C)=CC(C(=O)NOCCO)=C1NC1=C(F)C=C(I)C=C1', 'FC(F)(F)C1=C(Br)C=CC(I)=C1', 'OC1=CC(I)=CC=C1C1=C(O)C=C(I)C=C1', 'IC1=CC=C(NC(=O)C2=CC=CC=C2)C=C1', 'NC(=O)C1=C(Br)C=C(I)C=C1', 'IC1=CC2=C(C=C1)C1=C(C=CC=C1)C1=C2C=CC=C1', 'COC(=O)C1=CC(I)=CC(N)=C1', 'OC[C@@H](O)CONC(=O)C1=C(NC2=C(F)C=C(I)C=C2)C(F)=C(F)C=C1', 'IC1=CC=C(C=C1)S(=O)(=O)N1CCCC1', 'COC1=C(I)C=C(C=C1C(C)(C)C)N1C=CC(=O)NC1=O', 'IC1=CC=CC(=C1)C(=O)NC1CC1', 'NC1=NC(=CS1)C1=CC=C(I)C=C1', 'CN(C)S(=O)(=O)C1=CC=C(I)C=C1', 'IC1=CC=C(C=C1)N1C2=C(C=CC=C2)C2=C1C=CC=C2', 'OC(=O)C1=CC(=CC=C1)C1=CC=C(I)C=C1', 'IC1=CC=C(NC2=NC=CC=N2)C=C1', 'NC1=C(C=C(I)C=C1I)C(O)=O', 'NC1=CC=C(I)C2=CC=CC=C12', 'CS(=O)(=O)C1=CC=CC(I)=C1', 'CCOC(=O)C1=C(I)C=CC=C1F', 'CC(C)(C)NC(=O)C1=CC=CC(I)=C1', 'CC(C)(C)OC(=O)C1=C(Br)C=C(I)C=C1', 'NC1=C(I)C=C(C=C1F)C(F)(F)F', 'IC1=CC(=CC(=C1)C1=CC=CC=C1)C1=CC=CC=C1', 'CC(C)(C)NC(=O)C1=CC=CC=C1I', 'CCOC(=O)C1=C(Cl)C=C(I)C=C1', 'OC(=O)C1=C(NC2=CC=C(I)C=C2F)C=NC=C1', 'FC(F)(F)C(F)(C1=CC=C(I)C=C1)C(F)(F)F', 'COC1=CC=C(C=C1)C(=O)NC1=CC=C(I)C=C1', 'CC(C)(C)OC(=O)NC1=CC(=CC(I)=C1)C(O)=O', 'CCOC(=O)C(=CNC1=CC=C(I)C=C1C)C(=O)OCC']"
8,"[2.715374778456439, 2.929667868510448]",3.215212814229879,"['C[C@@H]1CN(CCN1S(=O)(=O)C1=CC=C(I)C=C1)C(=O)C1=CC=CC=C1', 'OCCONC(=O)C1=C(NC2=CC=C(I)C=C2F)N2C=NC=C2C=C1']","['CNC1=CC(=O)N(C2CC2)C(=O)N1C1=CC=C(I)C=C1F', 'NC1=CC(Br)=C(Cl)C=C1I', 'IC1=CC=C(C=C1)C1=CC=C(C=C1)C1=CC=C(I)C=C1', 'CC1=C(C=C(I)C=C1)C(=O)C1=CC=C(S1)C1=CC=C(F)C=C1', 'COC(=O)C1=CC(I)=C(OC2=CC=CC=C2)C=C1', 'CC(C)(C)OC(=O)NCC1=CC=CC=C1I', 'COC(=O)C1=CC(I)=C(N)C(Br)=C1', 'OC1=CC(OCC2=CC=CC=C2)=CC=C1I', 'COC(=O)C1=C(I)C=C(Br)C=C1C', 'IC1=CC=C(C=C1)C(=O)NCC1=CC=CC=C1', 'COC1=CC=CC(I)=C1OC', 'NC(=O)C1=CC(O)=C(I)C=C1', 'CN(C(=O)C1=C(I)C=CC=C1)C1=CC=CC=C1', 'ClC1=CC=C(I)C=C1I', 'COC(=O)C1=CC(I)=C(OC(F)F)C=C1', 'CCOC(=O)C1=CC(OC)=CC(I)=C1', 'CC1=C(I)C=C(CBr)C=C1', 'FC1=CC(I)=CC=C1CC#N', 'COC1=C(I)C=C(C=C1)C(O)=O', 'CCOC(=O)C(=CNC1=C(I)C=CC=C1)C(=O)OCC', 'OC(=O)C1=C(I)C=CC(F)=C1Cl', 'IC1=CC=C(OC2=C(C=O)C=CC=C2)C=C1', 'OC1=CC=C(OC(F)(F)F)C=C1I', 'ClCC(=O)NC1=CC=CC=C1I', 'NC1=C(I)C=C(Br)C=C1F', '[H][C@@](CC1=CC(I)=C(O)C(I)=C1)(NC(C)=O)C(O)=O', '[H][C@@](N)(CC1=CC(I)=C(O)C(I)=C1)C(O)=O', 'ClC1=C(C=C(I)C=C1)C(=O)C1=CC=C(O[C@H]2CCOC2)C=C1', 'NS(=O)(=O)C1=CC=CC(I)=C1', 'COC1=CC=C(C=C1I)C(F)(F)F', 'CC1=CC(I)=C(O)C=C1Cl', 'CCN1CCN(CC1)C(=O)C1=CC=C(I)C=C1', 'CC1=CC(N)=C(I)C=C1C', 'NC1=C(I)C=C(F)C=C1', 'CCC1=C(I)C=CC(O)=C1', 'COC1=C(Br)C=C(N)C(I)=C1']"
9,"[2.4242101201086674, 2.255984110329559]",3.4914844375035834,"['CC(C)(C)OC(=O)N(C(=O)OC(C)(C)C)C1=C(I)C=C(C=C1)N(=O)=O', 'COC1=C(O)C(I)=CC(\\C=N\\NC(=O)C2=CC=CC(F)=C2)=C1']","['CC1=C(I)C=C(NC(=O)C2=CC=NC(Cl)=C2)C=C1', 'FC1=CC=C(C=C1)C(=O)C1=C(Cl)C=CC(I)=C1', 'CC1=CC=C(C)N1C1=C(F)C=C(I)C=C1', 'COC(=O)C1=CC=C(I)C=C1OC', 'BrC1=CN=C(OC2=CC=C(I)C=C2)N=C1', 'CC1=CC=C(C=C1)C(=O)C1=CC(I)=CC=C1', 'CC(C)NC(=O)C1=CC=C(I)C=C1', 'CC1=C(Cl)C=C(I)C(O)=C1I', 'COC1=CC=C2OC(=O)C(=CC2=C1)C1=CC=C(I)C=C1', 'CNS(=O)(=O)C1=CC=C(I)C=C1', 'OCC1=C(Cl)C=C(I)C=C1Cl', 'CC1=CC(I)=C(Br)C=C1F', 'OC(=O)CCCCC(=O)C1=CC=C(I)C=C1', 'CC1=C(I)C=C(Br)C=C1', 'FC(F)(F)C(=O)CC1=CC=C(I)C=C1', 'CC(C)(C)OC(=O)C1=CC=C(I)C=C1', 'CCOC(=O)C1=C(I)C=CC(C)=C1', 'COC(=O)C1=C(I)C=CC(O)=C1', 'IC1=CC=C(C=C1)C(=O)NC1CCCCC1', 'COC(=O)C1=C(C)C(Cl)=CC(I)=C1', 'CCCNC(=O)C1=CC=C(I)C=C1', 'OC1=CC=C(Cl)C=C1\\C=C\\C1=C(I)C=CC=C1', 'CC(C)(C)[C@@H](CO)\\N=C\\C1=CC(I)=CC(I)=C1O', 'IC1=CC=C(C=C1)C(=O)NCC1CC1', 'OC1=CC=C(C=C1I)C1=CC=C(C=C1)C#N', 'CC(C)(C)NC(=O)C1=CC=C(I)C=C1', 'IC1=CC=C(C=C1)C(=O)OCC1=CC=CC=C1', 'NNS(=O)(=O)C1=CC=C(I)C=C1', 'NC(=O)C1=C(I)C=CC(Br)=C1F', 'COC(=O)C1=CC(I)=C(O)C(I)=C1', 'IC1=CC=C(C=C1)C(=O)CC1=CC=CC=C1', 'ClCC1=CC(I)=C(CCl)C=C1', 'COC(=O)C1=CC(OC)=CC(I)=C1', 'IC1=CC=C(OC2=NC=CC=N2)C=C1']"
