,obj_values ['rate'],Vendi_score,eval_samples,cut_samples
0,"[2.7418890336440325, 1.7840739039399989]",1.2757989953899458,"['C[C@H](O)C1=CC=C(I)C=C1', 'IC1=CC=C(C=C1)N1CCCCC1']",[]
1,"[2.2076810526757074, 2.1566188421182773]",1.2862828868757075,"['COC(=O)CC1=CC=CC(I)=C1', 'NC(=O)CC1=CC=C(I)C=C1']","['CC(C)CC1=CC=C(I)C=C1', 'CCOC1=CC=C(I)C=C1', 'IC1=CC=C(C=C1)N1CCOCC1', 'COC(=O)CCC1=CC=C(I)C=C1', 'OC[C@H]1CN(C(=O)O1)C1=CC=C(I)C=C1', 'IC1=CC=C(C=C1)N1CCNCC1', 'IC1=CC=C(OCC2CC2)C=C1', 'CC(C)(C)C1=C(N)C=CC(I)=C1', 'COC1=C(F)C=C(I)C=C1', 'IC1=CC=CC(CNC2CC2)=C1', 'CCCCCC1=CC=C(I)C=C1', 'IC1=CC=C(CN2CCCCC2)C=C1', 'CC(=O)CC(=O)NC1=CC=C(I)C=C1', 'COC(=O)COC1=CC=C(I)C=C1', 'OC(=O)CCCC1=CC=C(I)C=C1', 'IC1=CC=C(C=C1)N1CCC(=O)NC1=O', 'NC1=C(OC(F)(F)F)C=C(I)C=C1', 'OCCC1=CC=C(I)C=C1', 'IC1=CC=C(OCC#N)C=C1', 'OC(=O)CCCOC1=CC=C(I)C=C1', 'OC(=O)CNC1=CC=C(I)C=C1', 'CC(C)OC1=CC=C(I)C=C1', 'CC(=C)C1=CC=C(I)C=C1', 'OC(=O)COC1=CC=C(I)C=C1', 'CC(C)(C)C1=CC=C(I)C=C1', 'IC1=CC=C(CN2C=CN=C2)C=C1', 'NC1=C(O)C=C(I)C=C1', 'NCCOC1=CC=C(I)C=C1', 'CC(C)(C)OC(=O)NC1=CC=C(I)C=C1', 'NC1(CC1)C1=CC=C(I)C=C1', 'COC1=C(C)C=C(I)C=C1', 'IC1=CC=C(C=C1)N1C=CC=N1', 'NNC(=O)CNC1=CC=C(I)C=C1', 'CSC1=CC=C(I)C=C1', 'ClCC(=O)NC1=CC=C(I)C=C1', 'COC1=C(N)C=CC(I)=C1', 'IC1=CC=C(C=C1)C1=CC=CC=C1', 'FC1=CC(I)=CC=C1NC(=O)NC1CC1', 'OC1=CC=C(OC2=CC=C(I)C=C2)C=C1', 'COC1=C(O)C=CC(I)=C1', 'CC(C)C1=CC(I)=CC(C(C)C)=C1O', 'NCCC1=CC=C(I)C=C1', 'NC1=CC(I)=CC=C1O', 'CC(N)C1=CC=C(I)C=C1', 'NC1=C(C=C(I)C=C1)C(F)(F)F', 'OC1=CC=C(C=C1)C1=CC=C(I)C=C1', 'CCCCOC1=CC=C(I)C=C1', 'CC1=C(O)C=CC(I)=C1', 'CC(C)C1=CC=C(I)C=C1', 'OCC1=C(O)C=CC(I)=C1', 'CCCCC1=CC=C(I)C=C1', 'CC1=CC=C(C=C1)C1=CC=C(I)C=C1']"
2,"[1.259538629422343, 2.4268080900333784]",1.3202699513773797,"['FC1=CC(I)=CC=C1', 'IC1=CC=C(C=C1)C#C']","['IC1=CC=C(C=C)C=C1', 'FC(F)(F)C(=O)NC1=CC=C(I)C=C1', 'IC1=CC=CC(OCC#C)=C1', 'IC1=CC=C(C=C1)C1(CC1)C#N', 'OC(C1=CC=CC=C1)C1=CC(I)=CC=C1', 'CS(=O)(=O)NC1=CC(I)=CC=C1', 'CC(O)C1=CC=C(I)C=C1', 'OC(=O)CC1=CC=C(I)C=C1', 'IC1=CC(CC#N)=CC=C1', 'CC1=CC(I)=CC(F)=C1', 'OC(=O)COC1=CC=CC(I)=C1', 'CC(=O)SCC1=CC(I)=CC=C1', 'CC1=CC(Cl)=CC(I)=C1', 'FC(F)C1=CC(I)=CC=C1', 'FC(F)OC1=CC=C(I)C=C1', 'CC(C)C1=CC=CC(I)=C1', 'CC(=O)NC1=C(Cl)C=C(I)C=C1', 'CN(C)C(=O)C1=CC(I)=CC=C1', 'CC1=CC=C(I)C=C1F', 'OC(=O)CCCCC1=CC=C(I)C=C1', 'NC(CC1=CC=CC(I)=C1)C(O)=O', 'FC(F)OC1=CC(I)=CC=C1', 'IC1=CC(CC2=CC=CC=C2)=CC=C1', 'CC1=C(Cl)C=C(I)C=C1', 'IC1=CC=C(C=C1)N1C=CC=C1', 'COC1=CC(I)=CC=C1CO', 'FC(F)C(F)(F)OC1=CC=C(I)C=C1', 'CC(C)NC(=O)CC1=CC=C(I)C=C1', 'IC1=CC=CC(=C1)C(=O)N1CCCC1', 'IC1=CC=C(C=C1)N=C=O', 'CC1=C(O)C=C(I)C=C1', 'IC1=CC=CC(C=C)=C1', 'ClCC(=O)NC1=CC(I)=CC=C1', 'IC1=CC=C(CC#C)C=C1', 'NCC1(CCCC1)C1=CC=C(I)C=C1', 'OB(O)C1=CC=C(I)C=C1', 'CCOC(=O)CC1=CC(I)=CC=C1', 'CS(=O)(=O)NC1=CC=C(I)C=C1', 'CC1=CC=CC(I)=C1', 'IC1=CC=CC(=C1)C1=CC=CC=C1', 'CC(=O)OC1=CC=C(I)C=C1', 'OC(=O)CCC1=CC(I)=CC=C1', 'OC(=O)CC1=CC=CC(I)=C1', 'IC1=CC=CC(=C1)N=C=O', 'CC(=O)OC1=CC=CC(I)=C1', 'OC(=O)C1(CC1)C1=CC=C(I)C=C1', 'OC1=C(F)C=CC(I)=C1', 'IC1=CC=C(C=C1)C(=O)N1CCCC1', 'COC1=C(F)C=CC(I)=C1']"
3,"[1.867549560412504, 2.0124566189914446]",1.470218087217703,"['CC1CC(C)(C)OB(O1)C1=CC=C(I)C=C1', 'IC1=CC=C(C=C1)C1=CC=C(I)C=C1']","['CC(C)(C)OC(=O)CC1=CC(I)=CC=C1', 'FC1=CC=C(OC2=CC=CC(I)=C2)C=C1', 'OC1=C(Cl)C=CC(I)=C1', 'NC1=C(F)C=CC(I)=C1', 'ClC1=C(Cl)C=C(I)C=C1', 'COC1=CC(=CC(I)=C1)C(F)(F)F', 'FC(F)C1=CC=C(I)C=C1', 'ClC1=CC=C(C=C1)C1=CC=C(I)C=C1', 'FC(F)(F)C(=O)NC1=CC(I)=CC=C1', 'COC1=CC(Cl)=CC(I)=C1', 'CC1(C)COB(OC1)C1=CC=C(I)C=C1', 'NS(=O)(=O)C1=CC=C(I)C=C1', 'IC1=CC(OC2=CC=CC=C2)=CC=C1', 'OCC1=CC(I)=CC(Cl)=C1', 'CCOC1=CC=CC(I)=C1', 'CC1=CC(I)=CC=C1Cl', 'COCCOC1=CC(I)=CC=C1', 'CON(C)C(=O)C1=CC=C(I)C=C1', 'OC(=O)C1=CC=C(I)C=C1', 'BrCC1=CC=C(I)C=C1', 'IC1=CC=C(CC(=O)N2CCOCC2)C=C1', 'COC1=C(F)C=C(I)C=C1F', 'FC1=CC(I)=CC=C1CC#N', 'FC(F)(F)OC1=CC=C(I)C=C1', 'IC1=CC=CC(=C1)C(=O)N1CCOCC1', 'IC1=CC=C(OC2=CC=C(C=C2)C#N)C=C1', 'CC(=O)NC1=C(C=C(I)C=C1)C(F)(F)F', 'ClC1=CC=C(I)C=C1', 'COC(=O)C1=CC=C(I)C=C1C', 'IC1=CC=C(C=C1)N1C=NN=N1', 'CC(=O)NC1=C(OC(F)(F)F)C=C(I)C=C1', 'ClC1=CC=C(OC2=CC=C(I)C=C2)C=C1', 'SC1=CC=C(I)C=C1Cl', 'CC1=CC=C(I)C=C1Br', 'OC1=C(F)C=C(I)C=C1F', 'OC1=C(F)C=C(I)C=C1', 'OCC1=CC(I)=CC(F)=C1', 'IC1=CC=C(CC(=O)N2CCCC2)C=C1', 'OCC1=CC=C(I)C=C1O', 'CS(=O)(=O)NC1=CC=C(I)C=C1F', 'CC1=C(Br)C=CC(I)=C1', 'FC1=C2C=CC=CC2=CC(I)=C1', 'OC1=CC=C(I)C=C1C(F)(F)F', 'CC1=CC(Br)=CC(I)=C1', 'NNC(=O)C1=CC=C(I)C=C1', 'IC1=CC=C(C=C1)C(=O)N1CCOCC1', 'COC1=C(Cl)C=CC(I)=C1']"
4,"[1.4808376233472296, 1.5893851535598733]",1.5527766957738867,"['CC1=CC(I)=C(CO)C=C1C', 'OCC1=CC=CC=C1I']","['OB(O)C1=CC(Br)=CC(I)=C1', 'OCC1=CC(I)=CC(I)=C1', 'CCOC(=O)C1=C(Cl)C=C(I)C=C1', 'CC1=C(Cl)C=C(I)C=C1Cl', 'NS(=O)(=O)C1=CC=CC(I)=C1', 'OCC1=CC(Br)=CC(I)=C1', 'COC1=CC=C(COC2=CC=C(I)C=C2)C=C1', 'CC(C)(C)[Si](C)(C)OCC1=CC=C(I)C=C1', 'NC(=O)C1=CN=C(OC2=CC=C(I)C=C2)C=C1', 'CS(=O)(=O)C1=CC=C(I)C=C1', 'FC(F)(F)OC1=C(Cl)C=C(I)C=C1', 'FC1=CC(=CC(I)=C1)C(F)(F)F', 'CC(C)(C)OC(=O)NC1=CC=C(I)C=C1F', 'IC1=CC=CC=C1N=C=O', 'FC(F)(F)C1=C(Cl)C=CC(I)=C1', 'FC(F)(F)C(F)(C1=CC=C(I)C=C1)C(F)(F)F', 'CC1(C)OB(OC1(C)C)C1=CC(I)=CC=C1', 'ClC1=CC=C(COC2=CC=C(I)C=C2)C=C1', 'COC1=CC(F)=CC(I)=C1', 'CC1=CC(I)=CC(I)=C1', 'BrC1=CC=CC(=C1)C1=CC=C(I)C=C1', 'OCC1=C(Cl)C=C(I)C=C1Cl', 'IC1=CC=C(CC(=O)N[C@H]2CCOC2=O)C=C1', 'CCNS(=O)(=O)C1=CC=C(I)C=C1', 'NNS(=O)(=O)C1=CC=C(I)C=C1', 'CC1=C(C=CC(I)=C1)C#N', 'FC1=CC(I)=CC(F)=C1', 'CN(C)CCOC1=CC=CC(I)=C1', 'CC(OC1=CC=C(I)C=C1)C(C)=O', 'IC1=CC(I)=CC=C1', 'CNS(=O)(=O)C1=CC=C(I)C=C1', 'CC(C)C1=CC(I)=CC(Br)=C1', 'IC1=CC=C(CC(=O)N2CCCCC2)C=C1', 'CC(C)(C)OC(=O)NC1=CC(I)=CC=C1', 'NC(=O)NC1=CC(I)=CC=C1', 'CC(C)(C)C1=CC(I)=CC(Br)=C1', 'CC1=C(N=NN1C1=CC=C(I)C=C1)C(O)=O', 'CC1=CC(I)=CC(C)=C1Br', 'COC1=CC(I)=CC=C1I', 'CS(=O)(=O)C1=CC=CC(I)=C1', 'CN(C)S(=O)(=O)C1=CC=C(I)C=C1', 'COC1=C(Br)C=CC(I)=C1', 'ClC1=CC=C(OC2=CC=C(I)C=C2)C=C1Cl', 'FC1=CC(I)=CC=C1C(F)(F)F']"
5,"[2.1241371852557647, 1.6583280079368328]",1.6643408251595149,"['CCCCCC1=CC=C(C=C1)C1=CC=C(I)C=C1', 'IC1=CC=C(C=C1)C1=CN2C=CSC2=N1']","['CC1=C(I)C=C(C=C1)C(F)(F)F', 'CNC(=O)C1=CC=CC(I)=C1', 'CC1=C(Br)C(F)=CC(I)=C1', 'NCC1=CC=CC=C1I', 'CC1=C(I)C=C(CBr)C=C1', 'CC(C)(C)NC(=O)C1=CC=CC=C1I', 'OS(=O)(=O)C1=CC=C(I)C=C1', 'FC(F)C1=C(Br)C=CC(I)=C1', 'FC1=CC(I)=CC=C1CBr', 'COC1=CC(B(O)O)=C(I)C=C1', 'CCOC(=O)CC1=C(I)C=CC=C1', 'CCCNC(=O)C1=CC=CC=C1I', 'CC1=C(I)C=C(Br)C=C1', 'COC(=O)C1=C(C)C(I)=CC=C1', 'ClC1=CC(I)=CC(Cl)=C1', 'CCC1=C(I)C=CC(O)=C1', 'OCC1=C(Cl)C=CC=C1I', 'CNC(=O)C1=CC=CC=C1I', 'CCC[C@H]1CC[C@@H](CC1)C1=CC=C(I)C=C1', 'CC1=C(F)C=CC=C1I', 'BrC1=CC=CC(I)=C1', 'CCCNC(=O)C1=CC=CC(I)=C1', 'COC(=O)C1=C(I)C=CC=C1F', 'BrC1=C(CC#N)C=C(I)C=C1', 'CC1=C(F)C=C(F)C=C1I', 'CC(C)C1=C(I)C=CC=C1', 'COC(=O)C1=CC(C)=C(I)C=C1', 'COC(=O)C1=C(Cl)C=C(I)C=C1', 'CC1=CC(Br)=C(C)C=C1I', 'CC1=CC=C(I)C(C(O)=O)=C1F', 'CC(=O)NC1=CC(I)=C(C)C=C1', 'OS(=O)(=O)C1=CC=CC(I)=C1', 'IC1=CC=C(OC2=CC=C(I)C=C2)C=C1', 'FC(F)(F)C1=CC(Cl)=CC(I)=C1', 'CCOC(=O)C1=C(I)C=CC=C1F', 'COC(=O)C1=C(I)C=CC=C1OC', 'SCCC1=CC=CC=C1I', 'CC1=C(I)C=CC(Cl)=C1', 'BrC1=CC=C(I)C=C1', 'COC(OC)C1=C(I)C=CC=C1', 'OCC1=C(I)C=C(C=C1)C(F)(F)F', 'FS(F)(F)(F)(F)C1=CC=C(I)C=C1']"
6,"[2.2498302218231667, 1.4580706699422825]",1.7472521415021867,"['COC(=O)[C@@H](CC1=CC=C(I)C=C1)NC(=O)OC(C)(C)C', 'CC(C)(C)OC(=O)N[C@H](CC1=CC(I)=CC=C1)C(O)=O']","['CC1=C(I)C=C(F)C(Br)=C1', 'CCOC1=CC=C(C=C1)C(O)C1=CC(I)=CC=C1Cl', 'CCCCCCCCOC1=CC=C(I)C=C1', 'NCC1=C(I)C=CC(Br)=C1', 'COC1=CC=C(I)C(C(O)=O)=C1F', 'NC1=CC(Cl)=CC(I)=C1', 'ClC1(Cl)CCCN(C2=CC=C(I)C=C2)C1=O', 'CC(C)(C)OC(=O)N[C@@H](CC1=CC(I)=CC=C1)C(O)=O', 'CC(C)(C)OC(=O)NCC1=CC=CC=C1I', 'OC1=C(Br)C=C(I)C=C1', 'CC1(C)OB(OC1(C)C)C1=CC(O)=CC=C1I', 'CC(C)(C)OC(=O)N[C@@H](CC1=CC=C(I)C=C1)C(O)=O', 'O[C@@H]1CCN(C1)S(=O)(=O)C1=CC=C(I)C=C1', 'OC1=CC(I)=CC(O)=C1', 'OC1=CC(=CC=C1I)C(=O)N1CCOCC1', 'CCN(CC)CC1=CC(I)=CC=C1', 'CC(Br)C(=O)N(C)C1=CC=C(I)C=C1', 'COC1=C(C(O)=O)C(I)=CC=C1', 'CC(C)(C)OC(=O)NC1=C(N)C=C(I)C=C1', 'COC1=CC(Br)=CC(I)=C1', 'COC1=C(F)C=CC=C1I', 'BrC1=CC=C(C=C1)C1=CC=CC(I)=C1', 'NC(=O)C1=C(Br)C=C(I)C=C1', 'FC1=CC(I)=C(NC(=O)CCl)C=C1', 'OC[C@H]1N=C(O[C@@H]1C1=CC=C(I)C=C1)C1=CC=CC=C1', 'OC(=O)C1=C(I)C=CC=C1Cl', 'NC1=C(Cl)C=C(I)C=C1Cl', 'ClCC1=CC(I)=C(CCl)C=C1', 'OC(=O)CC1=C(I)C=C(Cl)C=C1', 'COC(=O)C1=C(I)C=C(OC)C(OC)=C1', 'ClC1=CC=C(I)C=C1CBr', 'ClCC(=O)NC1=CC=CC=C1I', 'IC1=CC(=CC=C1)C(=O)NCC1=CC=CC=C1', 'OC(=O)CCCCNC(=O)C1=CC(I)=CC=C1', 'COC(=O)C1=C(I)C=CC=C1Cl', 'CC(C)NC(=O)C1=CC=CC(I)=C1', 'COC1=C(N)C=C(I)C=C1', 'IC1=CC=C(OCCCN2CCOCC2)C=C1', 'IC1=CC=C(NC(=O)NCC2=CC=CC=C2)C=C1', 'CN(C)C1=C(Br)C=C(I)C=C1']"
7,"[1.5355841075943817, 3.2956536905104463]",1.8476516392214306,"['CC(C)(C)OC(=O)N1CCN(CC1)C1=CC=C(I)C=C1', 'CC(C)(C)OC(=O)N1CCC[C@H]1C1=NC=C(N1)C1=CC=C(I)C=C1']","['IC1=CC=C(OC2CCN(CC2)C2CCC2)C=C1', 'NC1=CC=CC(I)=C1', 'IC1=CC=CC(=C1)C(=O)NC1CC1', 'OC1=CC(Br)=CC(I)=C1', 'IC1=CC(=CC(=C1)C1=CC=CC=C1)C1=CC=CC=C1', 'IC1=C(C=CC=C1)C(=O)N1CCCC1', 'ClC1=C(CBr)C=CC(I)=C1', 'FC(F)C1=CC(Br)=CC(I)=C1', 'CCOC(=O)COC1=CC=CC=C1I', 'CS(=O)(=O)NC1=CC=CC=C1I', 'CNC1=CC=C(I)C=C1', 'CC1=CC(=CC=C1I)C#N', 'NC1=C(Br)C=C(I)C=C1', 'FC1=C(Cl)C=C(I)C=C1Cl', 'OC(=O)C1=C(I)C=CC=C1F', 'ClC1=C(Br)C=C(I)C=C1', 'CNC1=CC=C(I)C=C1C', 'NC1=CC(I)=CC(F)=C1', 'ClC1=CC(I)=CC=C1Br', 'CCN(CC)C(=O)C1=CC(O)=C(I)C=C1', 'FC(F)(F)C1=C(Br)C=CC(I)=C1', 'IC1=CC=CC(=C1)N1CCCCC1', 'CCOC1=C(I)C=CC=C1', 'CC1=C(I)C=C(C=C1)C#N', 'IC1=CC=C(C=C1)N(C1=CC=CC=C1)C1=CC=CC=C1', 'NC1=CC(I)=CC(I)=C1', 'CCNC(=O)C1=CC(Br)=CC=C1I', 'ClC1=CC=C(I)C=C1I', 'NC(=O)C1=CC(O)=C(I)C=C1', 'NCCOCCOCCNC(=O)C1=CC=C(I)C=C1', 'CC(C)(C)OC(=O)NC(CC1=CC(I)=CC=C1F)C(O)=O', 'IC1=C(C=CC=C1)N=C=S', 'FC(F)OC1=CC=CC=C1I', 'COC(=O)CCC1=CC(I)=C(O)C=C1', 'COC1=C(I)C=CC(=C1)C(C)C', '[H][C@@](CC1=CC=C(I)C=C1)(NC(=O)OCC1=CC=CC=C1)C(O)=O', 'OC1=C(F)C=C(I)C=C1I']"
8,"[3.1493731755393135, 1.8310525563005826]",2.0996929391806005,"['IC1=CC=C(C=C1)\\N=N\\C1=CC=C(I)C=C1', 'BrC1=CC=C(I)C=C1CC1=CC=C2OCCOC2=C1']","['OC(=O)C1=CC(I)=CC(I)=C1', 'OC(=O)C1=C(I)C=CC(F)=C1Cl', 'CC(C)(C)NC(=O)C1=CC=CC(I)=C1', 'CC1=C(I)C=C(Cl)C=C1N', 'CCOC(=O)C1=CC(I)=C(OC)C=C1', 'NC1=C(I)C=C(OC(F)(F)F)C=C1', 'COC1=CC=CC(I)=C1OC', 'CN(C)C1=CC=C(CNC2=CC=C(I)C=C2)C=C1', 'NC1=C(OC2=CC(I)=CC=C2)C=CC=C1', 'COCOC1=C(I)C=CC=C1F', 'OC(=O)COC1=C(I)C=C(Cl)C=C1', 'CN(C(=O)C1=C(I)C=CC=C1)C1=CC=CC=C1', 'CCN(CC)C(=O)C1=CC(OCC(C)C)=C(I)C=C1', 'CC1=CC(I)=C(O)C=C1Cl', 'COC1=CC=C(OC)C(I)=C1', 'COC1=CC=C(C=C1I)C(F)(F)F', 'OC(=O)C1(CC1)C1=C(I)C=CC=C1', 'NC1=CC=C(C=C1I)C(F)(F)F', 'OC(=O)C1=CC(=CC=C1)C1=CC=C(I)C=C1', 'CC(C)(C)OC(=O)C1=C(Br)C=C(I)C=C1', 'CC1=CC(I)=CC(I)=C1N', 'CN(C)C1=CC(F)=CC(I)=C1', 'CC1=CC(Cl)=CC(I)=C1N', 'OC1=CC=C(OC(F)(F)F)C=C1I', 'ClCC1=CC(Br)=CC=C1I', 'SC1=CC(Cl)=CC=C1I', 'CCOC(=O)C1=C(I)C=CC(C)=C1', 'FC(F)(F)OC1=CC=C(I)C=C1Br', 'NC1=C(N)C=C(I)C=C1', 'CCN(CC)C(=O)C1=CC(OCC(F)(F)F)=C(I)C=C1', 'COC1=C(I)C=C(C=C1)C(O)=O', 'NC(=O)C1=CC(I)=CC=C1', 'NC1=C(I)C=C(C=C1F)C(F)(F)F', 'CNC1=CC(I)=CC=C1', 'OC(=O)C1=C(Cl)C=C(I)C=C1Cl', 'FC1=CC(I)=CC(Br)=C1']"
9,"[3.512549900548402, 2.8527501657143026]",2.283673995878788,"['CC1=NN=C(N=N1)C1=CC=C(I)C=C1', 'CCOC(=O)C1=CC=C(C=C1)C(=O)C1=CC=C(I)C=C1']","['COC(=O)C1=C(C)C(Cl)=CC(I)=C1', 'IC1=CC=C(NC(=O)C2=CC=CC=C2)C=C1', 'IC1=CC2=C(C=C1)C1=C(C=CC=C1)C1=C2C=CC=C1', 'COC(=O)C1=CC=C(I)C=C1OC', 'FC1=CC=CC(I)=C1CBr', 'OC(=O)C1=C(Br)C=CC=C1I', 'IC1=CC=C(C=C1)S(=O)(=O)N1CCCC1', 'BrC(C1=CC=CC=C1)C1=C(I)C=CC=C1', 'CCOC(=O)C1=CC=C(I)C=C1F', 'OC1=CC(I)=CC=C1C1=C(O)C=C(I)C=C1', 'FC(F)(F)C1=CC(I)=CC=C1I', 'FC(F)(F)C(=O)CC1=CC=C(I)C=C1', 'COC(=O)C1=CC(I)=CC(N)=C1', 'IC1=CC=C(NC2=NC=CC=N2)C=C1', 'IC1=CC=C(OC2=C(C=O)C=CC=C2)C=C1', 'COC1=C(I)C=C(O)C=C1', 'FC(F)(F)C1=CC=C(I)C=C1Br', 'IC1=CC=CC(OC2=NC=CC=N2)=C1', 'IC1=CC=C(C=C1)N1C2=C(C=CC=C2)C2=C1C=CC=C2', 'OC1=C(Cl)C=C(I)C=C1I', 'FC1=CC(I)=CC(F)=C1Br', 'COC1=C(I)C=C(C=C1C(C)(C)C)N1C=CC(=O)NC1=O', 'NC1=C(I)C=C(F)C=C1', 'CC1=CC(Cl)=C(I)C=C1C', 'FC(F)(F)C1=CC(Br)=CC(I)=C1', 'OC(=O)CC1=CC=C(Br)C=C1I', 'COC(=O)C1=CC(OC)=CC(I)=C1', 'CCOC(=O)C1=CC(OC)=CC(I)=C1', 'NC(=O)C1=C(I)C=CC(Br)=C1F', 'COC1=C(I)C=C(N)C=C1I', 'IC1=CC=C(OC2=NC=CC=N2)C=C1', 'COC(=O)C1=CC(I)=C(OC2=CC=CC=C2)C=C1', 'COC(=O)C1=C(I)C=C(Br)C=C1C', 'ONC(=O)C1=CC(I)=CC=C1']"
