,obj_values ['rate'],Vendi_score,eval_samples,cut_samples
0,"[2.96090247225439, 1.5959747166670464]",1.2991178027200645,"['CC(O)C1=CC=C(I)C=C1', 'CC(C)(C)OC(=O)N[C@@H](CC1=CC(I)=CC=C1)C(O)=O']",[]
1,"[2.1819423584577273, 2.967235118918774]",1.321331833588537,"['IC1=CC=C(C=C1)N=C=O', 'OC(=O)COC1=CC=C(I)C=C1']","['IC1=CC=CC(CNC2CC2)=C1', 'COC(=O)CCC1=CC=C(I)C=C1', 'C[C@H](O)C1=CC=C(I)C=C1', 'CC(C)CC1=CC=C(I)C=C1', 'CS(=O)(=O)NC1=CC=C(I)C=C1', 'IC1=CC=C(CC(=O)N2CCCCC2)C=C1', 'IC1=CC=C(C=C1)C(=O)N1CCOCC1', 'CCCCCC1=CC=C(I)C=C1', 'OC(=O)CCC1=CC(I)=CC=C1', 'IC1=CC=C(C=C1)C1=CC=CC=C1', 'IC1=CC=C(CC(=O)N2CCOCC2)C=C1', 'FC(F)C(F)(F)OC1=CC=C(I)C=C1', 'CC1(C)OB(OC1(C)C)C1=CC(I)=CC=C1', 'COC(=O)CC1=CC=CC(I)=C1', 'CC(C)(C)C1=CC=C(I)C=C1', 'OC(=O)CCCCC1=CC=C(I)C=C1', 'CN(C)C(=O)C1=CC(I)=CC=C1', 'CC1CC(C)(C)OB(O1)C1=CC=C(I)C=C1', 'IC1=CC=C(CC(=O)N[C@H]2CCOC2=O)C=C1', 'IC1=CC=C(CN2C=CN=C2)C=C1', 'NC(CC1=CC=CC(I)=C1)C(O)=O', 'NC1(CC1)C1=CC=C(I)C=C1', 'IC1=CC=C(OC2=CC=C(C=C2)C#N)C=C1', 'CC(C)C1=CC=CC(I)=C1', 'IC1=CC=CC(=C1)C(=O)N1CCOCC1', 'NC(=O)C1=CN=C(OC2=CC=C(I)C=C2)C=C1', 'IC1=CC=CC(=C1)C1=CC=CC=C1', 'CC(=O)OC1=CC=C(I)C=C1', 'CC(C)NC(=O)CC1=CC=C(I)C=C1', 'OC(=O)C1(CC1)C1=CC=C(I)C=C1', 'OCCC1=CC=C(I)C=C1', 'OC(=O)CCCC1=CC=C(I)C=C1', 'CC(N)C1=CC=C(I)C=C1', 'CC(C)(C)OC(=O)CC1=CC(I)=CC=C1', 'NCC1(CCCC1)C1=CC=C(I)C=C1', 'IC1=CC=C(CC(=O)N2CCCC2)C=C1', 'OC(=O)CC1=CC=C(I)C=C1', 'CC1(C)COB(OC1)C1=CC=C(I)C=C1', 'CC(C)(C)[Si](C)(C)OCC1=CC=C(I)C=C1', 'OC(=O)CC1=CC=CC(I)=C1', 'IC1=CC=C(C=C1)C(=O)N1CCCC1', 'ClCC(=O)NC1=CC=C(I)C=C1', 'CON(C)C(=O)C1=CC=C(I)C=C1', 'IC1=CC=C(C=C1)N1CCC(=O)NC1=O', 'CC(C)(C)OC(=O)N[C@@H](CC1=CC=C(I)C=C1)C(O)=O', 'OC(C1=CC=CC=C1)C1=CC(I)=CC=C1', 'CC(=O)SCC1=CC(I)=CC=C1', 'CC(C)C1=CC=C(I)C=C1', 'CCCCC1=CC=C(I)C=C1', 'CCOC(=O)CC1=CC(I)=CC=C1', 'IC1=CC(CC2=CC=CC=C2)=CC=C1', 'IC1=CC=CC(=C1)C(=O)N1CCCC1']"
2,"[1.8569437578042978, 1.2850282398145643]",1.4927687048330844,"['NC1=C(O)C=C(I)C=C1', 'IC1=CC=C(OCCCN2CCOCC2)C=C1']","['ClCC(=O)NC1=CC(I)=CC=C1', 'IC1=CC=C(C=C1)N1C=CC=N1', 'CC(=C)C1=CC=C(I)C=C1', 'IC1=CC=C(OCC#N)C=C1', 'ClC1=CC=C(I)C=C1', 'OC1=C(F)C=C(I)C=C1', 'OC1=C(F)C=CC(I)=C1', 'ClC1=CC=C(OC2=CC=C(I)C=C2)C=C1', 'COC1=C(F)C=C(I)C=C1', 'CCOC1=CC=C(I)C=C1', 'IC1=CC=CC(OCC#C)=C1', 'CC(=O)NC1=C(Cl)C=C(I)C=C1', 'CS(=O)(=O)NC1=CC=C(I)C=C1F', 'IC1=CC=C(OCC2CC2)C=C1', 'OB(O)C1=CC=C(I)C=C1', 'COC1=C(Cl)C=CC(I)=C1', 'FC(F)C1=CC(I)=CC=C1', 'OCC1=CC(I)=CC(F)=C1', 'FC1=CC=C(OC2=CC=CC(I)=C2)C=C1', 'OCC1=CC(I)=CC(Cl)=C1', 'OC1=CC=C(OC2=CC=C(I)C=C2)C=C1', 'CC1=CC(I)=CC=C1Cl', 'NCCC1=CC=C(I)C=C1', 'IC1=CC=C(CC#C)C=C1', 'IC1=CC=C(C=C1)C#C', 'FC(F)OC1=CC=C(I)C=C1', 'COC1=CC(I)=CC=C1CO', 'CC1=CC=C(I)C=C1F', 'IC1=CC=C(C=C)C=C1', 'IC1=CC=C(C=C1)N1C=CC=C1', 'CC(=O)NC1=C(C=C(I)C=C1)C(F)(F)F', 'CC(=O)NC1=C(OC(F)(F)F)C=C(I)C=C1', 'OC(=O)COC1=CC=CC(I)=C1', 'IC1=CC=CC(=C1)N=C=O', 'CS(=O)(=O)NC1=CC(I)=CC=C1', 'CC1=CC=CC(I)=C1', 'COC1=C(F)C=CC(I)=C1', 'FC(F)(F)OC1=CC=C(I)C=C1', 'CCCCOC1=CC=C(I)C=C1', 'COC(=O)COC1=CC=C(I)C=C1', 'FC(F)(F)C(=O)NC1=CC=C(I)C=C1', 'IC1=CC=C(C=C1)C1(CC1)C#N', 'CC(=O)OC1=CC=CC(I)=C1', 'NC(=O)CC1=CC=C(I)C=C1', 'NCCOC1=CC=C(I)C=C1', 'OC(=O)CCCOC1=CC=C(I)C=C1', 'FC(F)OC1=CC(I)=CC=C1', 'CC1=C(Cl)C=C(I)C=C1', 'OC1=CC=C(I)C=C1C(F)(F)F']"
3,"[2.583061603753716, 1.923637537021015]",1.664418344006823,"['COC1=C(N)C=C(I)C=C1', 'FC1=CC(I)=C(Cl)C=C1']","['OC[C@H]1N=C(O[C@@H]1C1=CC=C(I)C=C1)C1=CC=CC=C1', 'FC(F)(F)C(=O)NC1=CC(I)=CC=C1', 'CCCCCCCCOC1=CC=C(I)C=C1', 'ClC1=CC=C(C=C1)C1=CC=C(I)C=C1', 'FC(F)C1=CC=C(I)C=C1', 'CC1=C(O)C=C(I)C=C1', 'FC1=CC(I)=CC=C1NC(=O)NC1CC1', 'OC1=C(Cl)C=CC(I)=C1', 'NC1=C(F)C=CC(I)=C1', 'COC1=CC=C(COC2=CC=C(I)C=C2)C=C1', 'OC1=CC=C(C=C1)C1=CC=C(I)C=C1', 'CCOC1=CC=CC(I)=C1', 'ClC1=CC=C(OC2=CC=C(I)C=C2)C=C1Cl', 'IC1=CC=C(C=C1)N1CCOCC1', 'COCCOC1=CC(I)=CC=C1', 'CC(C)(C)OC(=O)NC1=CC=C(I)C=C1F', 'CC1=C(O)C=CC(I)=C1', 'IC1=CC=CC(C=C)=C1', 'CC1=CC=C(C=C1)C1=CC=C(I)C=C1', 'OCC1=C(O)C=CC(I)=C1', 'CC(C)OC1=CC=C(I)C=C1', 'CC(C)(C)OC(=O)NC1=C(N)C=C(I)C=C1', 'CC1=CC(Cl)=CC(I)=C1', 'COC1=C(F)C=C(I)C=C1F', 'COC1=C(C)C=C(I)C=C1', 'NNC(=O)CNC1=CC=C(I)C=C1', 'CN(C)CCOC1=CC=CC(I)=C1', 'CC(C)(C)OC(=O)NC1=CC=C(I)C=C1', 'NC1=C(C=C(I)C=C1)C(F)(F)F', 'CSC1=CC=C(I)C=C1', 'SC1=CC=C(I)C=C1Cl', 'CC(C)(C)OC(=O)NC1=CC(I)=CC=C1', 'CC1=CC(I)=CC(F)=C1', 'NC1=C(OC(F)(F)F)C=C(I)C=C1', 'CC(C)C1=CC(I)=CC(C(C)C)=C1O', 'COC1=C(O)C=CC(I)=C1', 'NC1=CC(I)=CC=C1O', 'CC(=O)CC(=O)NC1=CC=C(I)C=C1', 'OC(=O)CNC1=CC=C(I)C=C1', 'OCC1=CC=C(I)C=C1O', 'CCC[C@H]1CC[C@@H](CC1)C1=CC=C(I)C=C1', 'NNC(=O)C1=CC=C(I)C=C1', 'OC[C@H]1CN(C(=O)O1)C1=CC=C(I)C=C1', 'ClC1=CC=C(COC2=CC=C(I)C=C2)C=C1', 'IC1=CC(OC2=CC=CC=C2)=CC=C1', 'IC1=CC(CC#N)=CC=C1', 'IC1=CC=C(CN2CCCCC2)C=C1']"
4,"[2.7436483281422004, 2.727365127435091]",1.749168362770532,"['CNC1=CC(I)=CC=C1', 'OC(=O)C1=CC=C(I)C=C1']","['COC1=CC(F)=CC(I)=C1', 'COC1=CC(=CC(I)=C1)C(F)(F)F', 'ClC1=C(Cl)C=C(I)C=C1', 'FC(F)(F)OC1=C(Cl)C=C(I)C=C1', 'CC1=CC=C(I)C(C(O)=O)=C1F', 'CC1=C(Cl)C=C(I)C=C1Cl', 'NC1=CC(I)=CC(F)=C1', 'COC(=O)C1=C(I)C=CC=C1OC', 'CCOC1=CC=C(C=C1)C(O)C1=CC(I)=CC=C1Cl', 'BrCC1=CC=C(I)C=C1', 'COC1=CC=C(I)C(C(O)=O)=C1F', 'NC1=C(N)C=C(I)C=C1', 'FC(F)(F)C1=C(Cl)C=CC(I)=C1', 'COC1=C(N)C=CC(I)=C1', 'COC(=O)C1=CC=C(I)C=C1C', 'IC1=CC=CC=C1N=C=O', 'CNC1=CC=C(I)C=C1C', 'BrC1=CC=CC(=C1)C1=CC=C(I)C=C1', 'OC1=C(F)C=C(I)C=C1F', 'NC1=C(Br)C=C(I)C=C1', 'IC1=CC=C(C=C1)N1CCCCC1', 'FC(F)(F)C(F)(C1=CC=C(I)C=C1)C(F)(F)F', 'NC1=CC(Cl)=CC(I)=C1', 'FC1=CC(I)=CC=C1', 'OC1=C(Br)C=C(I)C=C1', 'IC1=CC=C(NC(=O)NCC2=CC=CC=C2)C=C1', 'CN(C)C1=C(Br)C=C(I)C=C1', 'CC(C)(C)C1=C(N)C=CC(I)=C1', 'COC1=CC(Cl)=CC(I)=C1', 'NC1=CC=CC(I)=C1', 'CC1=CC=C(I)C=C1Br', 'CNC1=CC=C(I)C=C1', 'IC1=CC=C(C=C1)N1CCNCC1', 'CC(OC1=CC=C(I)C=C1)C(C)=O', 'CC1=CC(Br)=CC(I)=C1', 'CC1=CC(I)=CC(C)=C1Br', 'CCCNC(=O)C1=CC=CC=C1I', 'CC(C)C1=CC(I)=CC(Br)=C1', 'COC1=C(Br)C=CC(I)=C1', 'NC1=C(Cl)C=C(I)C=C1Cl', 'FC1=CC(I)=CC=C1CC#N', 'NC(=O)NC1=CC(I)=CC=C1', 'CC1=C(Br)C=CC(I)=C1', 'FC1=C2C=CC=CC2=CC(I)=C1']"
5,"[2.897003728518969, 2.0225552741083734]",1.9702979740555728,"['IC1=CC=C(C=O)C=C1', 'CC(=O)C1=CC=C(I)C=C1']","['OCC1=C(Cl)C=C(I)C=C1Cl', 'CN(C)S(=O)(=O)C1=CC=C(I)C=C1', 'CCOC(=O)C1=C(Cl)C=C(I)C=C1', 'FC1=CC(=CC(I)=C1)C(F)(F)F', 'COC1=CC(B(O)O)=C(I)C=C1', 'CCN(CC)CC1=CC(I)=CC=C1', 'FC1=CC(I)=CC=C1CBr', 'OC1=CC(I)=CC(O)=C1', 'OS(=O)(=O)C1=CC=CC(I)=C1', 'CC1=C(N=NN1C1=CC=C(I)C=C1)C(O)=O', 'COC1=C(C(O)=O)C(I)=CC=C1', 'CCOC(=O)C1=C(I)C=CC=C1F', 'OCC1=C(Cl)C=CC=C1I', 'BrC1=CC=C(I)C=C1', 'CC1=C(Br)C(F)=CC(I)=C1', 'CC1=C(I)C=C(C=C1)C(F)(F)F', 'ClC1(Cl)CCCN(C2=CC=C(I)C=C2)C1=O', 'OCC1=CC(Br)=CC(I)=C1', 'IC1=CC=C(C=C1)N1C=NN=N1', 'CS(=O)(=O)C1=CC=CC(I)=C1', 'COC1=CC(I)=CC=C1I', 'CCNS(=O)(=O)C1=CC=C(I)C=C1', 'NS(=O)(=O)C1=CC=C(I)C=C1', 'BrC1=CC=CC(I)=C1', 'OB(O)C1=CC(Br)=CC(I)=C1', 'CNC(=O)C1=CC=CC=C1I', 'CC(C)(C)C1=CC(I)=CC(Br)=C1', 'CC1=C(I)C=CC(Cl)=C1', 'NNS(=O)(=O)C1=CC=C(I)C=C1', 'CNS(=O)(=O)C1=CC=C(I)C=C1', 'CS(=O)(=O)C1=CC=C(I)C=C1', 'OC(=O)C1=C(I)C=CC=C1Cl', 'COC(=O)C1=C(I)C=CC=C1F', 'COC(=O)C1=C(I)C=CC=C1Cl', 'CC1=CC(I)=CC(I)=C1', 'FC(F)C1=C(Br)C=CC(I)=C1', 'COC(=O)C1=C(Cl)C=C(I)C=C1', 'NS(=O)(=O)C1=CC=CC(I)=C1', 'IC1=CC(I)=CC=C1', 'IC1=CC=CC(=C1)N1CCCCC1', 'BrC1=C(CC#N)C=C(I)C=C1', 'CC1=C(C=CC(I)=C1)C#N']"
6,"[2.7341958355838423, 2.4253796564460917]",2.0126625018547126,"['COC(=O)C1=C(O)C=C(I)C=C1', 'OC(=O)C1=CC=C(I)C=C1O']","['IC1=CC=CC(=C1)N=C=S', 'OCC1=CC(I)=CC(I)=C1', 'CC1=C(F)C=CC=C1I', 'O[C@@H]1CCN(C1)S(=O)(=O)C1=CC=C(I)C=C1', 'OC(=O)C1=C(I)C=CC=C1F', 'CCCNC(=O)C1=CC=CC(I)=C1', 'COC(=O)C1=CC(OC)=CC(I)=C1', 'COC(=O)C1=C(C)C(Cl)=CC(I)=C1', 'CNC(=O)C1=CC=CC(I)=C1', 'OC1=CC(Br)=CC(I)=C1', 'FS(F)(F)(F)(F)C1=CC=C(I)C=C1', 'COC1=CC(I)=C(Cl)C=C1', 'FC(F)(F)C(=O)CC1=CC=C(I)C=C1', 'ClC1=CC=C(I)C=C1I', 'ONC(=O)C1=CC(I)=CC=C1', 'IC1=C(C=CC=C1)N=C=S', 'IC1=CC=CC(=C1)C(=O)NC1CC1', 'IC1=CC=C(OC2=NC=CC=N2)C=C1', 'BrC1=CC=C(C=C1)C1=CC=CC(I)=C1', 'ClC1=CC(I)=CC(Cl)=C1', 'CCC(=O)C1=CC=C(I)C=C1', 'NC1=CC(I)=CC(I)=C1', 'FC1=C(Cl)C=C(I)C=C1Cl', 'CC(C)NC(=O)C1=CC=CC(I)=C1', 'ONC(=O)C1=CC=C(I)C=C1', 'NC(=O)C1=C(Br)C=C(I)C=C1', 'OC(=O)CCCCNC(=O)C1=CC(I)=CC=C1', 'NC(=O)C1=CC(I)=CC=C1', 'FC1=CC(I)=CC=C1C(F)(F)F', 'IC1=CC(=CC=C1)C(=O)NCC1=CC=CC=C1', 'CC1=C(F)C=C(F)C=C1I', 'OC(=O)C1=CC(I)=CC(I)=C1', 'FC1=CC(I)=CC(F)=C1', 'FC(F)(F)C1=CC(Cl)=CC(I)=C1', 'COC1=CC(Br)=CC(I)=C1', 'OCC1=C(I)C=C(C=C1)C(F)(F)F', 'CC(=O)C1=CC(I)=CC=C1', 'CCOC(=O)C1=CC=C(I)C=C1F', 'OC(=O)C1=CC(I)=CC(O)=C1', 'OS(=O)(=O)C1=CC=C(I)C=C1']"
7,"[3.621671409253185, 1.66710508485528]",2.156753550828118,"['OC1=CC(I)=CC=C1N(=O)=O', 'FC1=C(C=CC(I)=C1)C#N']","['OC1=C(F)C=C(I)C=C1I', 'OC(=O)C1=CC(=CC=C1)C1=CC=C(I)C=C1', 'COC1=C(C=CC(I)=C1)C(O)=O', 'ClC1=CC(I)=CC=C1Br', 'COC1=CC(=CC(I)=C1)C(O)=O', 'FC(F)(F)C1=CC(I)=CC=C1I', 'FC1=C(C=O)C=CC(I)=C1', 'CC(C)(C)OC(=O)C1=CC=C(I)C=C1', 'CC1=C(C=C(I)C=C1Cl)C(O)=O', 'COC(=O)C1=CC(C)=C(I)C=C1', 'CC1=C(I)C=C(Cl)C=C1N', 'CC(C)NC(=O)C1=CC=C(I)C=C1', 'COC1=CC(I)=CC=C1C#N', 'COC(=O)C1=CC(I)=CC(N)=C1', 'IC1=CC=C(OC2=CC=C(I)C=C2)C=C1', 'NC1=CC(I)=CC(=C1)C(O)=O', 'ClC1=C(Br)C=C(I)C=C1', 'IC1=CC=C(C=C1)C(=O)CCCC#N', 'ClCC(=O)C1=CC=C(I)C=C1', 'COC1=C(C=O)C=CC(I)=C1', 'FC1=CC(I)=CC(C=O)=C1', 'CNC(=O)C1=C(F)C=C(I)C=C1', 'OCC(=O)C1=CC=C(I)C=C1', 'IC1=CC=C(C=C1)C(=O)NC1CC1', 'COC(=O)C1=CC=C(I)C=C1N', 'CC1=CC=C(I)C=C1C=O', 'CC(C)(C)NC(=O)C1=CC=CC(I)=C1', 'CCCNC(=O)C1=CC=C(I)C=C1', 'OC(=O)C1=C(Cl)C=C(I)C=C1Cl', 'IC1=CC=C(C=C1)C(=O)NCC1CC1', 'OC(=O)CCC(=O)C1=CC=C(I)C=C1', 'COC(=O)C1=CC(I)=CC(O)=C1', 'IC1=CC=CC(OC2=NC=CC=N2)=C1', 'IC1=CC(C=O)=CC=C1', 'CCOC(=O)C1=CC(OC)=CC(I)=C1', 'COC(=O)C1=CC=C(I)C=C1OC', 'OC(=O)C1=C(Cl)C=C(I)C=C1']"
8,"[1.3815733157431056, 3.512549900548402]",2.2680451687392087,"['OC1=C(C=O)C(I)=CC=C1', 'CC1=NN=C(N=N1)C1=CC=C(I)C=C1']","['FC1=CC=C(C=C1)C(=O)C1=CC=C(I)C=C1', 'CCOC(=O)C1=C(I)C=CC(C)=C1', 'CCOC(=O)CC(=O)C1=CC=CC(I)=C1', 'COC(=O)C1=CC=C(I)C=C1C(=O)OC', 'COC(=O)C1=CC(I)=CC(F)=C1', 'OC(=O)C1=C(C=C(I)C=C1)C(O)=O', 'IC1=CC=C(C=C1)C(=O)C1=CC=CC=C1', 'CCOC(=O)C1=CC=CC=C1I', 'COC(=O)C1=C(I)C=CC(C)=C1', 'OC(=O)\\C=C\\C1=CC=C(I)C=C1', 'OC(=O)C1=CC(Cl)=CC(I)=C1', 'CCOC(=O)CC(=O)C1=CC=C(I)C=C1', 'OC(=O)CCCCC(=O)C1=CC=C(I)C=C1', 'ClC1=CC=C(I)C=C1C=O', 'COC(=O)C1=CC=CC(I)=C1', 'IC1=CC=CC(=C1)C(=O)C1=CC=CC=C1', 'IC1=CC=C(C=C1)S(=O)(=O)N1CCCC1', 'FC(F)(F)C(=O)C1=CC=C(I)C=C1', 'CC1=CC(=CC(I)=C1)C(O)=O', 'CC1=C(C=CC(I)=C1)N(=O)=O', 'COC(=O)C1=CC(Cl)=CC(I)=C1', 'IC1=CC=C(C=C1)C(=O)CC#N', 'COC(=O)C1=C(Cl)C=CC(I)=C1', 'CCC1=CC=C(I)C=C1C(O)=O', 'OC(=O)C1=C(C=C(I)C=C1)C(F)(F)F', 'OC(=O)C1=CC=C(I)C=C1F', 'OC(=O)C1=CC(I)=CC=C1Cl', 'CC(C)(C)NC(=O)C1=CC=C(I)C=C1', 'FC(F)(F)C1=CC(C=O)=CC(I)=C1', 'IC1=CC=C(C=C1)C(=O)CC1=CC=CC=C1', 'IC1=CC=C(C=C1)C(=O)C1=CC=CC=N1', 'CC1=CC(=CC(I)=C1)C#N', 'FC(F)(F)C1=C(C=O)C=CC(I)=C1', 'IC1=CC(C=O)=CC(C=O)=C1', 'COC(=O)C1=C(Br)C=C(I)C=C1', 'COC1=C(C=CC(I)=C1)N(=O)=O']"
9,"[3.1493731755393135, 2.2916484009332447]",2.3939958440636384,"['IC1=CC=C(C=C1)\\N=N\\C1=CC=C(I)C=C1', 'IC1=CC(I)=CC(I)=C1']","['CC1=C(C=C(I)C=C1)C#N', 'IC1=CC=C(C=C1)N(=O)=O', 'CC1=C(C=C(Cl)C=C1I)C(O)=O', 'FS(F)(F)(F)(F)C1=CC=CC(I)=C1', 'ClC1=CC(I)=CC(Cl)=C1C=O', 'FC1=CC=C(C=O)C(I)=C1', 'IC1=CC=C(C=C1)C(=O)C1=CC=CC(=C1)C#N', 'ClC1=C(C=CC(I)=C1)N(=O)=O', 'CC1=CC=C(C(O)=O)C(I)=C1', 'ClC1=CC2=C(C=C1)C=C(I)C=C2', 'CC(C)(C)OC(=O)C1=CC(I)=CC=C1', 'IC1=CC=C(OC2=C(C=O)C=CC=C2)C=C1', 'IC1=CC(=CC(I)=C1)C#N', 'OC(=O)\\C=C\\C1=CC=CC(I)=C1', 'FC1=CC(I)=CC=C1N(=O)=O', 'CCOC(=O)C1=CC=CC(I)=C1', 'ClC1=C(C=CC(I)=C1)C#N', 'BrCC(=O)C1=CC=C(I)C=C1', 'IC1=CC=CC(=C1)C(=O)CC#N', 'ClC1=CC=C(C=C1)C(=O)C1=CC=C(I)C=C1', 'CC(=O)C1=C(Br)C=CC(I)=C1', 'COC(=O)C1=C(I)C=C(OC)C(OC)=C1', 'COC(=O)C1=CC=CC=C1I', 'COC(=O)C1=C(C)C(I)=CC=C1', 'COC(=O)C1=CC(I)=CC(F)=C1F', 'IC1=CC=C(C=C1)C1=CC=C(O1)C=O', 'IC1=CC=C(C=C1)C(=O)NCC1=CC=CC=C1', 'IC1=CC(C=O)=CC(I)=C1', 'CCOC(=O)C1=CC(I)=CC=C1C', 'FC1=CC(I)=CC(F)=C1C=O', 'COC(=O)C1=C(C)C=CC(I)=C1', 'OC(=O)C1=C(Br)C=C(I)C=C1', 'NC1=C(C(O)=O)C(I)=CC=C1', 'ClCC1=CC(I)=C(CCl)C=C1']"
