,obj_values ['rate'],Vendi_score,eval_samples,cut_samples
0,"[1.883677798580273, 1.5038178156977025]",1.504144019425963,"['OC(=O)C1(CC1)C1=C(I)C=CC=C1', 'IC1=CC=C(OC2=C(C=O)C=CC=C2)C=C1']",[]
1,"[1.8070789161363876, 1.5383958622167397]",1.531342688971162,"['NC1=CC(I)=CC(=C1)C(O)=O', 'COC(=O)C1=CC(I)=CC(N)=C1']","['CC1=C(I)C=C(CBr)C=C1', 'ONC(=O)C1=CC(I)=CC=C1', 'CCOC(=O)CC1=C(I)C=CC=C1', 'COC(=O)C1=C(I)C=CC(C)=C1', 'COC(=O)C1=CC=CC(C)=C1I', 'COC(=O)C1=C(I)C=CC(O)=C1', 'OC(=O)C1=CC(=CC=C1)C1=CC=C(I)C=C1', 'CN(C(=O)C1=C(I)C=CC=C1)C1=CC=CC=C1', 'CCOC(=O)C1=C(I)C=CC(C)=C1', 'OCC1=C(I)C=C(C=C1)C(F)(F)F', 'COC(=O)C1=CC(OC)=CC(I)=C1', 'CC1=C(C=C(Cl)C=C1I)C(O)=O', 'OCC1=C(Cl)C=CC=C1I', 'IC1=C(C=CC=C1)C(=O)N1CCCC1', 'IC1=CC=CC(=C1)C(=O)C1=CC=CC=C1', 'CC(C)NC(=O)C1=CC=CC(I)=C1', 'CCOC(=O)C1=CC=CC=C1I', 'CCOC(=O)CC(=O)C1=CC=CC(I)=C1', 'CNC(=O)C1=CC=CC=C1I', 'IC1=CC=C(NC(=O)C2=CC=CC=C2)C=C1', 'NCC1=CC=CC=C1I', 'FC(F)(F)C(=O)CC1=CC=C(I)C=C1', 'CC(C)(C)NC(=O)C1=CC=CC=C1I', 'CC1=CC=C(C=C1)C(=O)C1=CC(I)=CC=C1', 'SCCC1=CC=CC=C1I', 'IC1=CC=CC(=C1)C(=O)NC1CC1', 'CC1=CC=C(I)C(C(O)=O)=C1F', 'CC(C)(C)NC(=O)C1=CC=CC(I)=C1', 'CC1=C(I)C=CC(Cl)=C1', 'CCOC(=O)C1=CC(OC)=CC(I)=C1', 'IC1=CC=CC(OC2=NC=CC=N2)=C1', 'CCOC(=O)C1=CC(I)=CC=C1C', 'CC(OC1=CC=C(I)C=C1)C(C)=O', 'CC1=C(F)C=C(C=C1I)C(=O)NC1CC1', 'CNC(=O)C1=CC=CC(I)=C1', 'CC1=C(I)C=C(C=C1)C(F)(F)F', 'CCCNC(=O)C1=CC=CC(I)=C1', 'COC(=O)C1=C(C)C(Cl)=CC(I)=C1', 'COC(=O)C1=CC(C)=C(I)C=C1', 'CC(C)(C)OC(=O)NCC1=CC=CC=C1I', 'CS(=O)(=O)NC1=CC=CC=C1I', 'ClCC1=CC(I)=C(CCl)C=C1', 'IC1=C(C=CC=C1)C(=O)CC1=CC=CC=C1', 'CC1=C(I)C=C(Br)C=C1', 'IC1=CC=C(OC2=NC=CC=N2)C=C1', 'COC(OC)C1=C(I)C=CC=C1', 'OC(=O)CC1=C(I)C=C(Cl)C=C1', 'CCCNC(=O)C1=CC=CC=C1I', 'IC1=CC(=CC=C1)C(=O)NCC1=CC=CC=C1', 'COC(=O)C1=C(C)C(I)=CC=C1', 'OC(=O)CC1=CC=C(Br)C=C1I', 'CCOC(=O)C1=C(I)C=CC=C1F']"
2,"[3.1350414707982797, 1.8002786936086466]",1.6753016927849285,"['IC1=CC(I)=CC=C1', 'CC(C)C1=C(I)C=CC=C1']","['CC(C)NC(=O)C1=CC=C(I)C=C1', 'COC(=O)C1=CC=C(I)C=C1N', 'COC(=O)C1=C(C)C=CC(I)=C1', 'CCCNC(=O)C1=CC=C(I)C=C1', 'CCC1=CC=C(I)C=C1C(O)=O', 'CCOC(=O)C1=C(O)C=CC(I)=C1', 'COC1=CC(=CC(I)=C1)C(O)=O', 'CCOC(=O)C1=C(F)C=CC(I)=C1', 'IC1=CC=C(NC2=NC=CC=N2)C=C1', 'CC1=CC(=CC(I)=C1)C(O)=O', 'CC(C)(C)OC(=O)C1=CC(I)=CC=C1', 'CCOC(=O)C1=CC=CC(I)=C1', 'OC(=O)\\C=C\\C1=CC=CC(I)=C1', 'IC1=CC=C(C=C1)C(=O)C1=CC=CC=C1', 'COC(=O)C1=C(O)C=CC(I)=C1', 'NC1=NC(=CS1)C1=CC=C(I)C=C1', 'CCC(=O)C1=CC=C(I)C=C1', 'NC1=CC(I)=CC(I)=C1', 'COC(=O)C1=CC=CC(I)=C1', 'COC1=C(C(O)=O)C(I)=CC=C1', 'OC(=O)\\C=C\\C1=CC=C(I)C=C1', 'OC(=O)C1=CC(I)=CC(O)=C1', 'IC1=CC=C(C=C1)C1=CC=C(O1)C=O', 'IC1=CC=C(C=C1)C(=O)NC1CC1', 'NC(=O)C1=CC(I)=CC=C1', 'ClC1=CC2=C(C=C1)C=C(I)C=C2', 'COC(=O)C1=CC2=CC=CC=C2C=C1I', 'CC(C)(C)OC(=O)C1=CC=C(I)C=C1', 'COC1=C(C=CC(I)=C1)C(O)=O', 'ONC(=O)C1=CC=C(I)C=C1', 'CC(C)(C)OC(=O)NC1=CC(=CC(I)=C1)C(O)=O', 'NNC(=O)C1=C(O)C=CC(I)=C1', 'COC(=O)C1=CC=C(I)C=C1OC', 'IC1=CC=C(C=C1)C(=O)CC1=CC=CC=C1', 'CC1=CC=C(I)C=C1C=O', 'CC1=CC(I)=CC(I)=C1', 'IC1=CC=C(C=C1)C(=O)CCCC#N', 'OC(=O)C1=C(NC2=CC=C(I)C=C2F)C=NC=C1', 'CC(=O)C1=CC=C(I)C=C1', 'OC1=CC2=C(C=CC=C2)C(I)=C1', 'CC(=O)C1=CC(I)=CC=C1', 'COC(=O)C1=C(Cl)C=CC(I)=C1', 'IC1=CC=C(C=C1)C(=O)NCC1CC1', 'IC1=CC=CC(=C1)N=C=S', 'CCOC(=O)C1=CC2=CC=CC=C2C=C1I', 'CC1=C(C=C(I)C=C1Cl)C(O)=O', 'NC1=C(C(O)=O)C(I)=CC=C1', 'IC1=CC2=C(C=C1)C1=C(C=CC=C1)C1=C2C=CC=C1', 'COC(=O)C1=CC(I)=CC(O)=C1']"
3,"[2.1133089950755033, 2.2916484009332447]",1.8080999172267558,"['FC1=CC(I)=CC(C=O)=C1', 'IC1=CC(I)=CC(I)=C1']","['OC(=O)CC1=CC=CC(I)=C1', 'OCC1=CC(I)=CC(I)=C1', 'OCCC1=CC=C(I)C=C1', 'CCOC(=O)C1=CC=C(I)C=C1F', 'OC(=O)C1=CC(I)=CC(I)=C1', 'COC(=O)CC1=CC=CC(I)=C1', 'COC(=O)C1=C(I)C=CC=C1Cl', 'COC(=O)C1=C(O)C=C(I)C=C1', 'OC(=O)C1(CC1)C1=CC=C(I)C=C1', 'CN(C)C(=O)C1=CC(I)=CC=C1', 'COC1=C(Cl)C=CC(I)=C1', 'FC(F)(F)C(=O)NC1=CC(I)=CC=C1', 'OC(=O)COC1=CC=CC(I)=C1', 'FC1=CC=C(C=C1)C(=O)C1=CC=C(I)C=C1', 'CC(=O)SCC1=CC(I)=CC=C1', 'OCC1=CC=CC=C1I', 'CC1=C(I)C=C(F)C(Br)=C1', 'COC1=CC(I)=CC=C1I', 'CC1=C(F)C=CC=C1I', 'COC1=C(C=O)C=CC(I)=C1', 'OC(=O)C1=CC(I)=CC=C1Cl', 'OC(=O)C1=CC=C(I)C=C1O', 'OC(=O)CCC1=CC(I)=CC=C1', 'CC1=CC(I)=C(CO)C=C1C', 'FC(F)(F)C1=CC(I)=CC=C1I', 'CC1=C(Cl)C=C(I)C=C1', 'COC(=O)C1=C(F)C=CC(I)=C1', 'ClC1=CC=C(I)C=C1C=O', 'CC1=C(F)C=C(F)C=C1I', 'NC(=O)CC1=CC=C(I)C=C1', 'IC1=CC=CC=C1N=C=O', 'IC1=CC(C=O)=CC=C1', 'OCC1=CC(I)=CC(Cl)=C1', 'IC1=CC=CC(C=C)=C1', 'OC(=O)CC1=CC=C(I)C=C1', 'IC1=CC=CC(OCC#C)=C1', 'CC(=O)OC1=CC=CC(I)=C1', 'COC(=O)C1=C(I)C=CC=C1OC', 'CC1=CC(Cl)=CC(I)=C1', 'ClC1=CC=C(I)C=C1I', 'IC1=CC=CC(=C1)N=C=O', 'CS(=O)(=O)NC1=CC(I)=CC=C1', 'OC1=C(F)C=C(I)C=C1I', 'IC1=CC=CC(=C1)C1=CC=CC=C1', 'FC(F)OC1=CC(I)=CC=C1', 'COC(=O)C1=C(I)C=CC=C1F', 'COC1=CC(B(O)O)=C(I)C=C1']"
4,"[1.259538629422343, 2.626504030750194]",1.8915909802728157,"['FC1=CC(I)=CC=C1', 'FC1=CC(I)=CC(F)=C1']","['OC(=O)C1=CC(I)=CC(F)=C1F', 'IC1=CC=C(I)C(=C1)C#N', 'OC(=O)C1=C(I)C=CC=C1Cl', 'IC1=CC=C(C=O)C=C1', 'IC1=CC(=CC(I)=C1)C#N', 'OC(=O)C1=C(C=C(I)C=C1)C(O)=O', 'COC(=O)C1=CC=C(I)C=C1C(=O)OC', 'COC(=O)C1=CC(I)=CC(=C1)C(O)=O', 'COC(=O)C1=CC(I)=CC(F)=C1F', 'IC1=CC=CC(=C1)C(=O)CC#N', 'IC1=CC=C(C=C1)C(=O)C1=CC=CC=N1', 'CNC(=O)C1=C(F)C=C(I)C=C1', 'BrCC(=O)C1=CC(I)=CC=C1', 'FC1=CC=C(C=C1)C(=O)C1=C(Cl)C=CC(I)=C1', 'ClC1=CC=C(C=C1)C(=O)C1=CC=C(I)C=C1', 'COC(=O)C1=CC=CC=C1I', 'BrC1=CC(C=O)=CC(I)=C1', 'CC1=C(C=C(I)C=C1)C#N', 'OCC(=O)C1=CC=C(I)C=C1', 'OC(=O)C1=CC(I)=CC=C1O', 'COC(=O)C1=CC(I)=CC=C1Br', 'COC(=O)C1=CC(I)=CC(F)=C1', 'OC(=O)C1=C(Cl)C=C(I)C=C1', 'OC1=C(Cl)C=C(I)C=C1I', 'FC1=C(C=O)C=CC(I)=C1', 'OC(=O)C1=CC(Cl)=CC(I)=C1', 'ClCC(=O)C1=CC=C(I)C=C1', 'BrC1=C(C=O)C=C(I)C=C1', 'COC(=O)C1=CC(Cl)=CC(I)=C1', 'IC1=CC(C=O)=CC(C=O)=C1', 'CCOC(=O)CC(=O)C1=CC=C(I)C=C1', 'CC1=CC=C(C(O)=O)C(I)=C1', 'OC(=O)C1=CC(I)=CC=C1Br', 'IC1=CC(C=O)=CC(I)=C1', 'CC1=CC(=CC(I)=C1)C#N', 'CC(=O)C1=CC(Br)=CC(I)=C1', 'OC(=O)CCC(=O)C1=CC=C(I)C=C1', 'CC(=O)C1=C(Br)C=CC(I)=C1', 'COC(=O)C1=C(Cl)C=C(I)C=C1', 'OC(=O)C1=CC(I)=CC(Cl)=C1F', 'FS(F)(F)(F)(F)C1=CC=CC(I)=C1', 'FC(F)(F)C1=CC(C=O)=CC(I)=C1', 'FC(F)(F)C1=C(C=O)C=CC(I)=C1', 'COC1=CC(I)=CC=C1C#N']"
5,"[1.637920522992149, 2.347322754471227]",2.0432072083341386,"['OC(=O)C1=C(I)C=C(I)C=C1I', 'FC1=CC(I)=C(C=C1)C#N']","['SC1=CC=C(I)C=C1Cl', 'CC1=CC=C(I)C=C1F', 'COC(=O)C1=CC=C(I)C=C1C', 'COC1=C(F)C=CC(I)=C1', 'OC(=O)C1=CC=C(I)C=C1', 'FC1=CC(=CC(I)=C1)C(F)(F)F', 'ClC1=CC=C(I)C=C1', 'FC(F)(F)C1=CC(Cl)=CC(I)=C1', 'IC1=CC(CC#N)=CC=C1', 'IC1=CC=C(C=C1)N=C=O', 'OB(O)C1=CC=C(I)C=C1', 'CC1=CC=CC(I)=C1', 'CC1=C(Cl)C=C(I)C=C1Cl', 'CC(O)C1=CC=C(I)C=C1', 'OC1=C(F)C=CC(I)=C1', 'COC1=C(F)C=C(I)C=C1F', 'COC1=CC(Cl)=CC(I)=C1', 'CC1=CC(I)=CC(F)=C1', 'ClC1=C(Cl)C=C(I)C=C1', 'OC(=O)C1=C(I)C=CC=C1F', 'CC(C)C1=CC=C(I)C=C1', 'OC1=C(Cl)C=CC(I)=C1', 'CC(=O)OC1=CC=C(I)C=C1', 'FC1=C(Cl)C=C(I)C=C1Cl', 'NNC(=O)C1=CC=C(I)C=C1', 'OCC1=C(Cl)C=C(I)C=C1Cl', 'CC(=C)C1=CC=C(I)C=C1', 'FC(F)(F)OC1=CC=C(I)C=C1', 'FC(F)(F)OC1=C(Cl)C=C(I)C=C1', 'FC(F)OC1=CC=C(I)C=C1', 'FC(F)C1=CC=C(I)C=C1', 'OCC1=CC(I)=CC(F)=C1', 'IC1=CC=C(C=C1)C1(CC1)C#N', 'FC1=CC(I)=CC=C1CC#N', 'CC(N)C1=CC=C(I)C=C1', 'CC1=CC(I)=CC=C1Cl', 'FC(F)C(F)(F)OC1=CC=C(I)C=C1', 'IC1=CC=C(CC#C)C=C1', 'IC1=CC=C(C=C1)C#C', 'CC(C)C1=CC=CC(I)=C1', 'ClC1=CC(I)=CC(Cl)=C1', 'FC(F)C1=CC(I)=CC=C1']"
6,"[4.097922598372427, 4.089181710880199]",2.1155245514123906,"['IC1=CC=C(C=C1)N(=O)=O', 'FC1=CC(I)=CC=C1N(=O)=O']","['OS(=O)(=O)C1=CC=CC(I)=C1', 'FC(F)(F)C(=O)NC1=CC=C(I)C=C1', 'NCCC1=CC=C(I)C=C1', 'CS(=O)(=O)NC1=CC=C(I)C=C1F', 'CN(C)S(=O)(=O)C1=CC=C(I)C=C1', 'CC1=CC(=CC=C1I)C#N', 'FS(F)(F)(F)(F)C1=CC=C(I)C=C1', 'NS(=O)(=O)C1=CC=C(I)C=C1', 'CCOC(=O)CC1=CC(I)=CC=C1', 'NC1(CC1)C1=CC=C(I)C=C1', 'CC1=CC(Br)=CC(I)=C1', 'COC1=CC(=CC(I)=C1)C(F)(F)F', 'CC1=C(C=CC(I)=C1)C#N', 'BrC1=CC=CC(I)=C1', 'CS(=O)(=O)C1=CC=CC(I)=C1', 'FC(F)(F)C1=C(Cl)C=CC(I)=C1', 'CC1=CC=C(I)C=C1Br', 'NNS(=O)(=O)C1=CC=C(I)C=C1', 'IC1=CC=C(CN2C=CN=C2)C=C1', 'CC(=O)NC1=C(Cl)C=C(I)C=C1', 'IC1=C(C=CC=C1)N=C=S', 'NS(=O)(=O)C1=CC=CC(I)=C1', 'OC(=O)C1=C(Cl)C=C(I)C=C1Cl', 'IC1=CC=C(C=C1)N1C=NN=N1', 'OCC1=CC(Br)=CC(I)=C1', 'CC1=C(I)C=C(C=C1)C#N', 'CNS(=O)(=O)C1=CC=C(I)C=C1', 'COC1=CC(I)=CC=C1CO', 'OC(=O)C1=C(Br)C=CC=C1I', 'FC1=CC(I)=CC=C1C(F)(F)F', 'CS(=O)(=O)C1=CC=C(I)C=C1', 'CS(=O)(=O)NC1=CC=C(I)C=C1', 'OC(=O)C1=C(I)C=CC(F)=C1Cl', 'IC1=CC=C(C=C)C=C1', 'ClCC(=O)NC1=CC(I)=CC=C1', 'C[C@H](O)C1=CC=C(I)C=C1', 'CCOC(=O)C1=C(Cl)C=C(I)C=C1', 'IC1=CC=C(C=C1)N1C=CC=N1', 'OS(=O)(=O)C1=CC=C(I)C=C1', 'CON(C)C(=O)C1=CC=C(I)C=C1']"
7,"[2.3588493330500397, 3.621671409253185]",2.1761270004748905,"['CC1=C(I)C=CC(=C1)N(=O)=O', 'OC1=CC(I)=CC=C1N(=O)=O']","['CCNS(=O)(=O)C1=CC=C(I)C=C1', 'OC(=O)C1=C(C=CC(I)=C1)N(=O)=O', 'COC1=C(C=CC(I)=C1)N(=O)=O', 'OC(=O)C1=CC(I)=CC(=C1)C(F)(F)F', 'IC1=CC=C(OC2=CC=C(C=C2)C#N)C=C1', 'CC(C)C1=CC(I)=CC(Br)=C1', 'COC(=O)C1=CC(=CC(I)=C1)C(F)(F)F', 'CC1=C(Br)C(F)=CC(I)=C1', 'ClC1=CC(I)=CC(Cl)=C1C=O', 'COC(=O)C1=CC(=CC(I)=C1)C(=O)OC', 'OC(=O)C1=C(I)C=CC(Br)=C1F', 'OC(=O)C1=C(C=C(I)C=C1)N(=O)=O', 'ClC1=CC(=CC(I)=C1)C#N', 'FC(F)(F)C(=O)C1=CC=C(I)C=C1', 'COC(=O)C1=CC=C(I)C=C1N(=O)=O', 'ClC1=C(C=CC(I)=C1)N(=O)=O', 'IC1=CC=CC=C1[N+]#[C-]', 'OC(=O)CCCCC(=O)C1=CC=C(I)C=C1', 'BrC1=CC(I)=CC=C1C=O', 'OC(=O)C1=CC=C(I)C=C1F', 'FC(F)(F)C(F)(C1=CC=C(I)C=C1)C(F)(F)F', 'COC(=O)C1=C(Br)C=C(I)C=C1', 'IC1=CC=CC(=C1)C(=O)N1CCCC1', 'CC(=O)C1=CC(I)=C(C=C1)C(O)=O', 'FC1=CC(I)=CC(Br)=C1', 'IC1=CC(=C(C=O)C=C1)N(=O)=O', 'FC1=C2C=CC=CC2=CC(I)=C1', 'OC(=O)C1=C(C=C(I)C=C1)C(F)(F)F', 'FC1=CC(I)=CC(F)=C1C=O', 'IC1=CC=C(C=C1)C(=O)C1=CC=CC(=C1)C#N', 'OC(=O)C1=C(Br)C=C(I)C=C1', 'IC1=CC=CC(=C1)C#N', 'NC(=O)C1=C(Br)C=C(I)C=C1', 'IC1=CC=C(C=C1)C(=O)CC#N', 'CC1=C(C=CC(I)=C1)N(=O)=O', 'BrCC(=O)C1=CC=C(I)C=C1', 'OC(=O)C1=C(I)C=C(F)C=C1']"
8,"[1.8851762989967558, 1.66710508485528]",2.236514666563763,"['FS(=O)(=O)C1=CC=C(I)C=C1', 'FC1=C(C=CC(I)=C1)C#N']","['COC(=O)C1=C(Cl)C=C(C)C(I)=C1', 'CC1=C(I)C=C(C=C1F)C(O)=O', 'OC(=O)C1=C(O)C=CC=C1I', 'CC1=C(I)C=CC=C1C=O', 'OC(=O)C1=CC(Br)=CC(I)=C1', 'FC1=CC=CC(I)=C1C=O', 'CC1=CC=C(I)C(C)=C1N(=O)=O', 'IC1=C(C=O)C=CC=C1', 'IC1=CC(C=O)=C(I)C(I)=C1', 'COC1=CC(I)=C(C=O)C=C1', 'ClC1=C(C=O)C(I)=CC=C1', 'COC1=CC(=CC(I)=C1)N(=O)=O', 'CC1=CC=C(C=O)C=C1I', 'FC1=CC=C(C=O)C(I)=C1', 'FC1=CC=CC(I)=C1CBr', 'OC(=O)C1=CC=CC(I)=C1C(O)=O', 'CC1=CC(C=O)=C(C)C=C1I', 'CC1=CC=C(I)C=C1N(=O)=O', 'FC(F)(F)C1=CC=C(I)C(C=O)=C1', 'IC1=CC(C=O)=CC=C1C=O', 'FC(F)(F)C1=CC=C(C=O)C(I)=C1', 'BrC1=CC(I)=CC(I)=C1', 'CC1=NN=C(N=N1)C1=CC=C(I)C=C1', 'CC1=C(C)C=C(C=O)C(I)=C1', 'CC1=CC(C=O)=C(I)C=C1', 'OC1=C(C=O)C(I)=CC=C1', 'COC(=O)C1=CC(I)=CC(Br)=C1', 'OC(=O)C1=C(I)C=CC(I)=C1', 'IC1=CC(=C(I)C=C1)N(=O)=O', 'FC1=CC(C=O)=C(I)C=C1', 'CC(=O)C1=C(I)C=CC(F)=C1', 'FC1=C(Cl)C=CC(I)=C1C=O', 'CC1=C(I)C=CC=C1N(=O)=O', 'CC1=CC(I)=C(C=O)C=C1', 'CC1=CC(I)=C(C)C=C1N(=O)=O', 'OC(=O)CCC1=NN=C(O1)C1=CC=CC=C1I']"
9,"[3.1493731755393135, 2.0641889349052684]",2.3335221463969367,"['IC1=CC=C(C=C1)\\N=N\\C1=CC=C(I)C=C1', 'COC(=O)C1=C(I)C=CC(=C1)N(=O)=O']","['ClC1=C(C=CC(I)=C1)C#N', 'FC(F)(F)C1=CC(I)=CC=C1C#N', 'FC(F)(F)C1=CC(I)=CC(=C1)C#N', 'IC1=CC(=CC=C1)C(=O)ON1C(=O)CCC1=O', 'BrC1=C(C=C(I)C=C1)C#N', 'BrC1=CC(I)=CC(=C1)C#N', 'OCC1=CC(=CC(I)=C1)N(=O)=O', 'COC1=C(C=O)C(I)=CC=C1', 'IC1=CC=CC=C1C(=O)CC#N', 'COC(=O)C1=CC(I)=C(C=C1)C(=O)OC', 'FC(F)(F)C1=CC(I)=C(C=C1)C#N', 'FC(F)(F)C1=CC=C(I)C(=C1)C#N', 'OC(=O)C1=C(I)C=C(C=C1)C(F)(F)F', 'OCC1=CC=C(I)C=C1N(=O)=O', 'IC1=CC=C(C=C1)C(=O)ON1C(=O)CCC1=O', 'FC1=C(C=C(I)C=C1)C#N', 'IC1=CC(=CC(I)=C1)N(=O)=O', 'CC1=CC(I)=CC(=C1)N(=O)=O', 'ClC1=CC(I)=C(C=C1)C#N', 'COC(=O)C1=C(C(=O)OC)C(I)=CC=C1', 'BrC1=C(C=CC(I)=C1)C#N', 'COC1=CC(I)=C(C=O)C=C1OC', 'OC(=O)C1=CC(I)=C(C=C1)C(O)=O', 'CCOC(=O)C1=C(I)C=CC(Cl)=C1', 'COC(=O)C1=C(C=C(I)C=C1)S(N)(=O)=O', 'CCOC(=O)C1=CC(I)=CC(Br)=C1', 'CC(C)(C)NC(=O)C1=CC=C(I)C=C1', 'IC1=C(C=CC=C1)C#N', 'FC(F)(F)C1=C(C=C(I)C=C1)C#N', 'COC(=O)C1=CC=C(I)C(=C1)C(O)=O', 'CCOC(=O)C1=C(I)C=C(Cl)C=C1', 'COC(=O)C1=C(I)C=C(C=C1)C(O)=O', 'FC1=CC=CC(I)=C1C#N', 'IC1=CC=C(C=C1)S(=O)(=O)N1CCCC1']"
