,obj_values ['rate'],Vendi_score,eval_samples,cut_samples
0,"[1.9286778528893551, 1.6597424357957118]",1.4078223956810583,"['OC1=C(Cl)C=CC(I)=C1', 'BrCC(=O)C1=CC(I)=CC=C1']",[]
1,"[2.3704487671199335, 1.259538629422343]",1.439504288354713,"['COC1=CC(F)=CC(I)=C1', 'FC1=CC(I)=CC=C1']","['CS(=O)(=O)NC1=CC(I)=CC=C1', 'CC1=C(Cl)C=C(I)C=C1Cl', 'CC(=O)OC1=CC=CC(I)=C1', 'CC1=CC(Cl)=CC(I)=C1', 'OCC1=CC(I)=CC(F)=C1', 'OCC1=CC(I)=CC(I)=C1', 'CC1=CC(I)=CC(F)=C1', 'ONC(=O)C1=CC(I)=CC=C1', 'FC(F)OC1=CC(I)=CC=C1', 'IC1=CC(I)=CC=C1', 'BrC1=CC=CC(I)=C1', 'IC1=CC=CC(=C1)N=C=O', 'CC1=C(Br)C(F)=CC(I)=C1', 'CC(=O)C1=C(Br)C=CC(I)=C1', 'COC1=C(F)C=C(I)C=C1F', 'COC1=C(F)C=CC(I)=C1', 'OCC1=CC(Br)=CC(I)=C1', 'IC1=CC=CC(=C1)N=C=S', 'IC1=CC=CC(OCC#C)=C1', 'CNC(=O)C1=CC=CC(I)=C1', 'CC1=CC(I)=CC(I)=C1', 'COC(=O)C1=CC(I)=CC=C1Br', 'CC1=C(Cl)C=C(I)C=C1', 'FC(F)(F)C(=O)NC1=CC(I)=CC=C1', 'OC(=O)C1=CC(I)=CC(O)=C1', 'COC1=C(Br)C=CC(I)=C1', 'NC(=O)C1=CC(I)=CC=C1', 'IC1=CC=CC(C=C)=C1', 'COC1=C(Cl)C=CC(I)=C1', 'OC(=O)C1=CC(I)=CC(I)=C1', 'OC1=C(F)C=CC(I)=C1', 'ClC1=C(Cl)C=C(I)C=C1', 'OC(=O)COC1=CC=CC(I)=C1', 'CC1=CC=C(I)C=C1Br', 'OCC1=CC(I)=CC(Cl)=C1', 'BrC1=CC(C=O)=CC(I)=C1', 'ClC1=CC=C(I)C=C1I', 'CC1=CC=C(I)C=C1F', 'OC(=O)C1=CC(I)=CC=C1Br', 'COC1=CC(Cl)=CC(I)=C1', 'CC1=CC(Br)=CC(I)=C1', 'CC1=CC(I)=CC=C1Cl', 'COC(=O)C1=C(Br)C=C(I)C=C1', 'BrC1=C(C=O)C=C(I)C=C1', 'CC(=O)C1=CC(Br)=CC(I)=C1', 'COC1=CC(=CC(I)=C1)C(F)(F)F', 'IC1=CC=C(C=C1)C#C', 'CC(=O)C1=CC(I)=CC=C1', 'COC(=O)C1=C(C)C(Cl)=CC(I)=C1', 'COC1=CC(Br)=CC(I)=C1', 'OC1=CC(Br)=CC(I)=C1', 'SC1=CC=C(I)C=C1Cl']"
2,"[1.8322744071131625, 2.728059811068916]",1.6960578286813388,"['CC1=CC=C(C)N1C1=C(F)C=C(I)C=C1', 'NC1=CC(Cl)=CC(I)=C1']","['FC(F)(F)OC1=CC=C(I)C=C1', 'IC1=CC=C(C=C1)N1C=CC=N1', 'IC1=CC=C(C=C1)N=C=O', 'FC(F)C1=CC=C(I)C=C1', 'FC(F)(F)C1=C(Cl)C=CC(I)=C1', 'CCOC1=CC=CC(I)=C1', 'COCCOC1=CC(I)=CC=C1', 'OCC1=CC=C(I)C=C1O', 'CC(=C)C1=CC=C(I)C=C1', 'FC1=C2C=CC=CC2=CC(I)=C1', 'CS(=O)(=O)NC1=CC=C(I)C=C1', 'IC1=CC(CC#N)=CC=C1', 'COC(=O)CC1=CC=CC(I)=C1', 'FC(F)OC1=CC=C(I)C=C1', 'OCCC1=CC=C(I)C=C1', 'COC1=CC(I)=CC=C1CO', 'CC(C)C1=CC=CC(I)=C1', 'NC(=O)CC1=CC=C(I)C=C1', 'FC1=CC(I)=CC=C1CC#N', 'ClC1=CC=C(I)C=C1', 'OC1=CC(I)=CC(O)=C1', 'CC1=C(O)C=C(I)C=C1', 'FC(F)(F)OC1=C(Cl)C=C(I)C=C1', 'BrCC1=CC=C(I)C=C1', 'IC1=CC=C(CC#C)C=C1', 'OC(=O)CC1=CC=C(I)C=C1', 'FC(F)C1=CC(I)=CC=C1', 'FC(F)C(F)(F)OC1=CC=C(I)C=C1', 'CS(=O)(=O)NC1=CC=C(I)C=C1F', 'OC(=O)C1(CC1)C1=CC=C(I)C=C1', 'CC1=CC=CC(I)=C1', 'CC(=O)SCC1=CC(I)=CC=C1', 'CC(O)C1=CC=C(I)C=C1', 'IC1=CC=CC(=C1)C1=CC=CC=C1', 'CC(=O)OC1=CC=C(I)C=C1', 'COC(=O)C1=CC=C(I)C=C1C', 'FC1=CC(=CC(I)=C1)C(F)(F)F', 'OC1=C(F)C=C(I)C=C1F', 'IC1=CC=C(C=C)C=C1', 'OC(=O)C1=CC=C(I)C=C1', 'OC(=O)CCC1=CC(I)=CC=C1', 'ClCC(=O)NC1=CC(I)=CC=C1', 'OC(=O)CC1=CC=CC(I)=C1', 'ClC1=CC(I)=CC(Cl)=C1', 'CC(=O)NC1=C(Cl)C=C(I)C=C1', 'FC1=CC(I)=CC(F)=C1', 'NNC(=O)C1=CC=C(I)C=C1', 'FC1=CC=C(OC2=CC=CC(I)=C2)C=C1', 'OB(O)C1=CC=C(I)C=C1']"
3,"[3.4995427797365037, 1.8931948549431095]",1.768247133488257,"['CN(C)C1=CC(F)=CC(I)=C1', 'IC1=CC=CC(=C1)N1CCCCC1']","['OC1=C(F)C=C(I)C=C1', 'OC1=CC=C(I)C=C1C(F)(F)F', 'ONC(=O)C1=CC=C(I)C=C1', 'OC(=O)COC1=CC=C(I)C=C1', 'NC1=CC(I)=CC(I)=C1', 'NC1=CC=CC(I)=C1', 'C[C@H](O)C1=CC=C(I)C=C1', 'COC(=O)C1=C(Cl)C=C(I)C=C1', 'IC1=CC=CC(=C1)C(=O)NC1CC1', 'COC1=CC(=CC(I)=C1)C(O)=O', 'COC(=O)C1=CC(I)=CC(N)=C1', 'OCC1=C(Cl)C=C(I)C=C1Cl', 'BrC1=CC=C(I)C=C1', 'CCOC(=O)C1=CC=C(I)C=C1F', 'IC1=CC=C(C=C1)N1C=CC=C1', 'NC1(CC1)C1=CC=C(I)C=C1', 'CCCNC(=O)C1=CC=CC(I)=C1', 'FC(F)(F)C(=O)NC1=CC=C(I)C=C1', 'IC1=CC=C(C=C1)C1(CC1)C#N', 'IC1=CC=C(OCC#N)C=C1', 'NC(=O)NC1=CC(I)=CC=C1', 'IC1=CC(OC2=CC=CC=C2)=CC=C1', 'COC1=CC(I)=CC=C1I', 'CC(N)C1=CC=C(I)C=C1', 'ClCC(=O)NC1=CC=C(I)C=C1', 'IC1=CC=C(C=C1)C1=CC=CC=C1', 'COC1=C(C(O)=O)C(I)=CC=C1', 'IC1=CC=C(CN2C=CN=C2)C=C1', 'CSC1=CC=C(I)C=C1', 'COC(=O)C1=CC=C(I)C=C1OC', 'NC1=CC(I)=CC(F)=C1', 'COC(=O)C1=CC(OC)=CC(I)=C1', 'CN(C)CCOC1=CC=CC(I)=C1', 'IC1=CC=C(C=C1)N1C=NN=N1', 'NCCC1=CC=C(I)C=C1', 'FC1=C(Cl)C=C(I)C=C1Cl', 'COC(=O)C1=CC(I)=CC(O)=C1', 'NC1=CC(I)=CC(=C1)C(O)=O', 'CCOC(=O)C1=CC(OC)=CC(I)=C1', 'CC(C)C1=CC=C(I)C=C1', 'NC1=C(F)C=CC(I)=C1', 'CN(C)C(=O)C1=CC(I)=CC=C1', 'FC1=CC(I)=CC=C1CBr', 'CC(C)C1=CC(I)=CC(Br)=C1', 'COC1=C(F)C=C(I)C=C1', 'IC1=CC=CC(CNC2CC2)=C1', 'CC1=C(Br)C=CC(I)=C1']"
4,"[2.37501494835547, 2.4347610035470084]",1.976136362499518,"['COC1=C(OC)C(=CC(I)=C1)C(O)=O', 'COC1=CC(=CC(I)=C1)N(=O)=O']","['CCOC(=O)CC1=CC(I)=CC=C1', 'NCCOC1=CC=C(I)C=C1', 'OC(=O)CCCC1=CC=C(I)C=C1', 'COC1=C(O)C=CC(I)=C1', 'ClC1=CC=C(C=C1)C1=CC=C(I)C=C1', 'CCCCCC1=CC=C(I)C=C1', 'CCN(CC)CC1=CC(I)=CC=C1', 'CC(=O)NC1=C(OC(F)(F)F)C=C(I)C=C1', 'COC1=C(C)C=C(I)C=C1', 'COC1=C(N)C=C(I)C=C1', 'CCCCC1=CC=C(I)C=C1', 'COC(=O)COC1=CC=C(I)C=C1', 'IC1=CC=C(OC2=CC=C(C=C2)C#N)C=C1', 'OC(C1=CC=CC=C1)C1=CC(I)=CC=C1', 'IC1=CC=CC(=C1)C(=O)N1CCCC1', 'CON(C)C(=O)C1=CC=C(I)C=C1', 'CC(C)CC1=CC=C(I)C=C1', 'OC1=CC=C(C=C1)C1=CC=C(I)C=C1', 'IC1=CC(CC2=CC=CC=C2)=CC=C1', 'CC1=C(O)C=CC(I)=C1', 'IC1=CC=C(C=C1)C(=O)N1CCCC1', 'CC(C)NC(=O)C1=CC=CC(I)=C1', 'IC1=CC=C(CN2CCCCC2)C=C1', 'OCC1=C(O)C=CC(I)=C1', 'CC1=C(I)C=C(Cl)C=C1N', 'CNC1=CC(I)=CC=C1', 'CC(OC1=CC=C(I)C=C1)C(C)=O', 'NC1=C(OC2=CC(I)=CC=C2)C=CC=C1', 'IC1=CC=C(C=C1)C(=O)N1CCOCC1', 'CN(C)C1=C(Br)C=C(I)C=C1', 'NC1=CC(I)=CC=C1O', 'NC1=C(O)C=C(I)C=C1', 'COC(=O)C1=C(I)C=CC=C1OC', 'CC(=O)NC1=C(C=C(I)C=C1)C(F)(F)F', 'NC(CC1=CC=CC(I)=C1)C(O)=O', 'CC(C)(C)OC(=O)NC1=C(N)C=C(I)C=C1', 'CCOC1=CC=C(I)C=C1', 'BrC1=CC=C(C=C1)C1=CC=CC(I)=C1', 'IC1=CC=C(C=C1)N1CCC(=O)NC1=O', 'CC(C)(C)OC(=O)NC1=CC(I)=CC=C1', 'CC1=CC=C(C=C1)C1=CC=C(I)C=C1', 'CC(C)(C)C1=CC=C(I)C=C1', 'CC1=CC(I)=CC(C)=C1Br', 'COC(=O)CCC1=CC=C(I)C=C1']"
5,"[2.8096931916501395, 2.82310000300966]",2.1030708222426906,"['BrC1=CC(I)=CC(I)=C1', 'FC(F)(F)OC1=CC(Br)=CC(I)=C1']","['CC(C)(C)NC(=O)C1=CC=CC(I)=C1', 'CCCNC(=O)C1=CC=C(I)C=C1', 'OC(=O)\\C=C\\C1=CC=CC(I)=C1', 'COC1=C(C=O)C=CC(I)=C1', 'COC(=O)C1=CC=C(I)C=C1N', 'CNC(=O)C1=C(F)C=C(I)C=C1', 'CC(=O)C1=CC=C(I)C=C1', 'COC(=O)C1=C(O)C=C(I)C=C1', 'COC(=O)C1=C(Cl)C=CC(I)=C1', 'IC1=CC=CC(=C1)C(=O)N1CCOCC1', 'CC(C)(C)OC(=O)C1=CC=C(I)C=C1', 'FC1=CC(I)=CC(C=O)=C1', 'COC1=C(C=CC(I)=C1)C(O)=O', 'IC1=CC=C(C=C1)C(=O)CCCC#N', 'IC1=CC=C(OC2=NC=CC=N2)C=C1', 'IC1=CC=C(C=C1)C(=O)NC1CC1', 'ClC1=CC=C(I)C=C1C=O', 'IC1=CC=CC(=C1)C(=O)CC#N', 'CC(C)NC(=O)C1=CC=C(I)C=C1', 'FC(F)(F)C(=O)CC1=CC=C(I)C=C1', 'IC1=CC(C=O)=CC=C1', 'IC1=CC=CC(=C1)C(=O)C1=CC=CC=C1', 'OC(=O)\\C=C\\C1=CC=C(I)C=C1', 'CC1=CC=C(I)C=C1C=O', 'CCOC(=O)CC(=O)C1=CC=CC(I)=C1', 'FS(F)(F)(F)(F)C1=CC=CC(I)=C1', 'IC1=CC(=CC=C1)C(=O)NCC1=CC=CC=C1', 'OC(=O)C1=CC(=CC=C1)C1=CC=C(I)C=C1', 'CC1=CC=C(I)C(C(O)=O)=C1F', 'IC1=CC=C(C=C1)C1=CC=C(O1)C=O', 'COC1=CC(I)=CC=C1C#N', 'CCC(=O)C1=CC=C(I)C=C1', 'IC1=CC=CC(OC2=NC=CC=N2)=C1', 'IC1=CC=C(C=C1)C(=O)NCC1CC1', 'CC1=CC(=CC(I)=C1)C(O)=O', 'NS(=O)(=O)C1=CC=CC(I)=C1', 'IC1=CC=C(OC2=C(C=O)C=CC=C2)C=C1', 'CC1=C(C=C(I)C=C1Cl)C(O)=O', 'CC1=CC(=CC(I)=C1)C#N', 'NC1=NC(=CS1)C1=CC=C(I)C=C1', 'OC(=O)CCC(=O)C1=CC=C(I)C=C1', 'OC(=O)C1=CC=C(I)C=C1O']"
6,"[2.4281582406508706, 2.3150828323224255]",2.1860503593687386,"['COC1=C(Br)C=C(I)C=C1Br', 'BrC1=CC(I)=CC(Br)=C1']","['BrC1=CC=CC(=C1)C1=CC=C(I)C=C1', 'ClC1=CC(Br)=CC(I)=C1', 'OC1=C(F)C=C(I)C=C1I', 'ClC1=CC(I)=CC=C1Br', 'COC(=O)C1=CC(Cl)=CC(I)=C1', 'OC(=O)C1=CC(I)=CC=C1Cl', 'FC1=CC(I)=CC(F)=C1Br', 'FC(F)C1=C(Br)C=CC(I)=C1', 'FC1=CC(I)=CC(Br)=C1', 'ClC1=CC(I)=CC(Cl)=C1Br', 'CCOC(=O)C1=C(Cl)C=C(I)C=C1', 'FC(F)(F)C1=CC(I)=CC=C1I', 'FC(F)(F)C1=CC(Br)=CC(I)=C1', 'CC(C)(C)OC(=O)C1=C(Br)C=C(I)C=C1', 'CC1=C(C=CC(I)=C1)C#N', 'NS(=O)(=O)C1=CC=C(I)C=C1', 'NC(=O)C1=C(Br)C=C(I)C=C1', 'COC(=O)C1=CC(I)=CC(Br)=C1', 'BrC1=C(CC#N)C=C(I)C=C1', 'ClC1=CC=C(I)C=C1CBr', 'OC1=C(Cl)C=C(I)C=C1I', 'OS(=O)(=O)C1=CC=CC(I)=C1', 'CC(C)(C)C1=CC(I)=CC(Br)=C1', 'FC(F)(F)C1=CC(C=O)=CC(I)=C1', 'IC1=CC(C=O)=CC(I)=C1', 'OC(=O)C1=C(Cl)C=C(I)C=C1Cl', 'NNS(=O)(=O)C1=CC=C(I)C=C1', 'CS(=O)(=O)C1=CC=CC(I)=C1', 'FC(F)(F)C1=C(Br)C=CC(I)=C1', 'IC1=CC(=CC(I)=C1)C#N', 'FC1=CC(I)=CC=C1C(F)(F)F', 'FC(F)(F)C1=CC=C(I)C=C1Br', 'FC(F)(F)C1=CC(Cl)=CC(I)=C1', 'ClC1=C(CBr)C=CC(I)=C1', 'OS(=O)(=O)C1=CC=C(I)C=C1', 'ClC1=C(Br)C=C(I)C=C1', 'FC(F)(F)OC1=CC=C(I)C=C1Br', 'FC1=CC=C(C=C1)C(=O)C1=C(Cl)C=CC(I)=C1', 'OB(O)C1=CC(Br)=CC(I)=C1', 'FC(F)C1=CC(Br)=CC(I)=C1']"
7,"[3.216504452813451, 2.2916484009332447]",2.265822812656057,"['ClC1=CC(I)=CC(Cl)=C1C=O', 'IC1=CC(I)=CC(I)=C1']","['BrCC(=O)C1=CC=C(I)C=C1', 'ClC1=CC=C(OC2=CC=C(I)C=C2)C=C1', 'CN(C)S(=O)(=O)C1=CC=C(I)C=C1', 'FC(F)(F)C(F)(C1=CC=C(I)C=C1)C(F)(F)F', 'OC(=O)CCCCC1=CC=C(I)C=C1', 'OC(=O)C1=CC(Cl)=CC(I)=C1', 'OC1=C(Br)C=C(I)C=C1', 'IC1=CC=C(C=C1)S(=O)(=O)N1CCCC1', 'BrC1=CN=C(OC2=CC=C(I)C=C2)N=C1', 'OC(=O)C1=C(C=C(I)C=C1)C(O)=O', 'OC(=O)C1=C(Br)C=C(I)C=C1', 'ClC1=CC=C(OC2=CC=C(I)C=C2)C=C1Cl', 'CS(=O)(=O)C1=CC=C(I)C=C1', 'IC1=CC=C(C=C1)C(=O)C1=CC=CC=C1', 'COC(=O)C1=CC(I)=CC(F)=C1', 'COC(=O)C1=C(F)C(Br)=CC=C1I', 'CC1=C(I)C=C(F)C(Br)=C1', 'OC(=O)C1=C(Cl)C=C(I)C=C1', 'OC(=O)C1=C(Br)C=CC=C1I', 'COC(=O)C1=C(I)C=CC=C1F', 'FS(F)(F)(F)(F)C1=CC=C(I)C=C1', 'CCOC(=O)C1=CC(I)=CC(Br)=C1', 'CNS(=O)(=O)C1=CC=C(I)C=C1', 'COC(=O)C1=CC=C(I)C=C1C(=O)OC', 'OC(=O)C1=CC(Br)=CC(I)=C1', 'CC(Br)C(=O)N(C)C1=CC=C(I)C=C1', 'BrCC1=CC=C(I)C=C1Br', 'NC(=O)C1=CN=C(OC2=CC=C(I)C=C2)C=C1', 'BrCC1=C(Br)C=CC(I)=C1', 'ClCC(=O)C1=CC=C(I)C=C1', 'CC(C)NC(=O)CC1=CC=C(I)C=C1', 'OC(=O)C1=C(I)C=CC(Br)=C1F', 'CC1=C(N=NN1C1=CC=C(I)C=C1)C(O)=O', 'CC(C)(C)OC(=O)NC1=CC=C(I)C=C1F', 'CCNS(=O)(=O)C1=CC=C(I)C=C1', 'COC(=O)C1=CC(I)=CC(F)=C1F', 'O[C@@H]1CCN(C1)S(=O)(=O)C1=CC=C(I)C=C1']"
8,"[3.621671409253185, 2.2750940565493107]",2.3265437264236226,"['OC1=CC(I)=CC=C1N(=O)=O', 'FC1=CC(I)=CC(F)=C1C=O']","['IC1=CC=C(C=C1)C(=O)C1=CC=CC(=C1)C#N', 'COC(=O)C1=CC(I)=CC(=C1)C(O)=O', 'CCC1=CC=C(I)C=C1C(O)=O', 'COC1=C(C=CC(I)=C1)N(=O)=O', 'BrC1=C(C=C(I)C=C1)C#N', 'OC(=O)C1=C(I)C=CC=C1F', 'FC(F)(F)C1=C(C=O)C=CC(I)=C1', 'OC(=O)CCCCC(=O)C1=CC=C(I)C=C1', 'IC1=CC=C(C=O)C=C1', 'IC1=CC=C(C=C1)C(=O)CC1=CC=CC=C1', 'OC(=O)C1=C(C=C(I)C=C1)C(F)(F)F', 'OC(=O)C1=CC(I)=CC(F)=C1F', 'OCC(=O)C1=CC=C(I)C=C1', 'CCOC(=O)CC(=O)C1=CC=C(I)C=C1', 'FC1=C(C=O)C=CC(I)=C1', 'COC(=O)C1=CC=CC(I)=C1', 'IC1=CC(C=O)=CC(C=O)=C1', 'IC1=CC=C(C=C1)C(=O)CC#N', 'IC1=CC=C(C=C1)C1=CC=C(I)C=C1', 'FC1=CC=C(C=C1)C(=O)C1=CC=C(I)C=C1', 'ClC1=C(C=CC(I)=C1)N(=O)=O', 'OC(=O)C1=CC(I)=CC(Cl)=C1F', 'CC(C)(C)OC(=O)NC1=CC(=CC(I)=C1)C(O)=O', 'CC1=CC=C(C=C1)C(=O)C1=CC(I)=CC=C1', 'COC(=O)C1=CC(=CC(I)=C1)C(F)(F)F', 'IC1=CC=C(I)C(=C1)C#N', 'FC(F)(F)C(=O)C1=CC=C(I)C=C1', 'BrC1=CC(I)=CC(=C1)C#N', 'CC1=C(C=CC(I)=C1)N(=O)=O', 'CCOC(=O)C1=CC=CC(I)=C1', 'ClC1=CC2=C(C=C1)C=C(I)C=C2', 'ClC1=CC=C(C=C1)C(=O)C1=CC=C(I)C=C1', 'OC1=CC(I)=CC=C1C1=C(O)C=C(I)C=C1', 'ClC1=CC(=CC(I)=C1)C#N', 'BrC1=CC(I)=CC=C1C=O', 'IC1=CC=C(C=C1)C(=O)C1=CC=CC=N1']"
9,"[3.414951317954121, 2.4472400571232678]",2.4223317538886553,"['CC(C)(C)OC(=O)CC1=CC(I)=CC=C1N(=O)=O', 'CC1=CC(=C(N)C=C1I)N(=O)=O']","['FC1=CC(I)=CC=C1N(=O)=O', 'COC(=O)C1=CC(=CC(I)=C1)C(=O)OC', 'COC(=O)C1=C(I)C=CC=C1Cl', 'COC(=O)C1=C(C)C=CC(I)=C1', 'BrC1=C(C=CC(I)=C1)C#N', 'IC1=CC(=C(C=O)C=C1)N(=O)=O', 'IC1=CC=C(C=C1)N(=O)=O', 'COC(=O)C1=C(C=C(I)C=C1)S(N)(=O)=O', 'CCOC(=O)C1=C(F)C=CC(I)=C1', 'OC(=O)C1=C(I)C=CC=C1Cl', 'IC1=C(C=CC=C1)N=C=S', 'IC1=CC2=C(C=C1)C1=C(C=CC=C1)C1=C2C=CC=C1', 'ClC1=C(C=CC(I)=C1)C1=NN=C(Br)S1', 'COC(=O)C1=C(F)C=CC(I)=C1', 'IC1=CC=CC(=C1)C#N', 'IC1=CC(=C(I)C=C1)N(=O)=O', 'FC(F)(F)C1=CC(I)=CC(=C1)C#N', 'OC(=O)C1=CC(I)=CC(=C1)C(F)(F)F', 'CC(C)(C)OC(=O)C1=CC(Br)=CC(I)=C1', 'CC1=C(C=C(I)C=C1)C#N', 'IC1=CC(=CC=C1)C(=O)ON1C(=O)CCC1=O', 'BrC1=CC=C(C=C1)C(=O)C1=CC=C(I)C=C1', 'IC1=CC=C(OC2=CC=C(I)C=C2)C=C1', 'CCOC(=O)C1=CC(I)=CC=C1C', 'OC(=O)C1=CC=C(I)C=C1F', 'IC1=CC=C(C=C1)C(=O)NCC1=CC=CC=C1', 'OC(=O)C1=C(C=CC(I)=C1)N(=O)=O', 'OC(=O)C1=C(C=C(I)C=C1)N(=O)=O', 'CC(C)(C)NC(=O)C1=CC=C(I)C=C1', 'BrC1=CC2=CC=C(I)C=C2C=C1', 'CC(C)(C)OC(=O)C1=CC(I)=CC=C1', 'NC1=C(Cl)C=C(I)C=C1Cl', 'CC1=CC=C(I)C=C1N(=O)=O', 'COC(=O)C1=CC=C(I)C=C1N(=O)=O']"
