,obj_values ['rate'],Vendi_score,eval_samples,cut_samples
0,"[2.048144569358617, 2.4745758322705393]",1.5338493184062278,"['OS(=O)(=O)C1=CC=C(I)C=C1', 'COC1=C(NCC(O)=O)C=C(I)C(Cl)=C1']",[]
1,"[1.350868673692307, 2.368598147547133]",1.5541087380056071,"['CC1=CC=C(Br)C(I)=C1', 'ClC1=C(Cl)C(I)=CC=C1']","['IC1=CC=C(C=C1)N1C=NN=N1', 'IC1=CC(CC#N)=CC=C1', 'FC(F)(F)C1=C(Cl)C=CC(I)=C1', 'COC(=O)C1=CC=C(I)C=C1C', 'IC1=C(C=CC=C1)N=C=S', 'CS(=O)(=O)NC1=CC=C(I)C=C1', 'COC1=CC=C(I)C(C(O)=O)=C1F', 'NC(=O)C1=C(Br)C=C(I)C=C1', 'CC1=C(C=CC(I)=C1)C#N', 'COC(=O)C1=C(Cl)C=C(I)C=C1', 'CC1=C(N=NN1C1=CC=C(I)C=C1)C(O)=O', 'CC1=CC(Cl)=C(I)C=C1C', 'IC1=CC=CC(=C1)C(=O)N1CCCC1', 'CC(=O)NC1=C(C=C(I)C=C1)C(F)(F)F', 'CN(C)S(=O)(=O)C1=CC=C(I)C=C1', 'CS(=O)(=O)C1=CC=C(I)C=C1', 'CCOC(=O)C1=C(Cl)C=C(I)C=C1', 'FC(F)(F)C(=O)NC1=CC=C(I)C=C1', 'COC1=CC(=CC(I)=C1)C(F)(F)F', 'FC(F)(F)OC1=C(Cl)C=C(I)C=C1', 'CN(C)C(=O)C1=CC(I)=CC=C1', 'COC(=O)C1=C(I)C=CC=C1Cl', 'CC(=O)OC1=CC=CC(I)=C1', 'CC1=C(Cl)C=C(I)C=C1', 'CS(=O)(=O)C1=CC=CC(I)=C1', 'NNS(=O)(=O)C1=CC=C(I)C=C1', 'OS(=O)(=O)C1=CC=CC(I)=C1', 'FC(F)OC1=CC(I)=CC=C1', 'CCNS(=O)(=O)C1=CC=C(I)C=C1', 'IC1=CC=C(OC2=CC=C(C=C2)C#N)C=C1', 'FS(F)(F)(F)(F)C1=CC=C(I)C=C1', 'CC(=O)NC1=C(OC(F)(F)F)C=C(I)C=C1', 'FC1=CC(I)=CC=C1CC#N', 'CS(=O)(=O)NC1=CC=C(I)C=C1F', 'BrC1=C(CC#N)C=C(I)C=C1', 'OCC1=CC(I)=CC(Cl)=C1', 'NS(=O)(=O)C1=CC=C(I)C=C1', 'FC1=CC(I)=CC=C1C(F)(F)F', 'OCC1=C(Cl)C=C(I)C=C1Cl', 'OC(=O)C1=C(I)C=CC=C1Cl', 'FC(F)(F)C(=O)NC1=CC(I)=CC=C1', 'ClC1=C(Cl)C=C(I)C=C1', 'NNC(=O)C1=CC=C(I)C=C1', 'COC1=CC(I)=C(Cl)C=C1', 'FC(F)(F)C1=CC(Cl)=CC(I)=C1', 'CON(C)C(=O)C1=CC=C(I)C=C1', 'CC1=CC=C(I)C(C(O)=O)=C1F', 'CC(=O)NC1=C(Cl)C=C(I)C=C1', 'CC1=CC(Cl)=CC(I)=C1', 'NS(=O)(=O)C1=CC=CC(I)=C1', 'CS(=O)(=O)NC1=CC(I)=CC=C1', 'CNS(=O)(=O)C1=CC=C(I)C=C1']"
2,"[3.075655531886956, 1.457704613843152]",1.7449903080987885,"['COS(=O)(=O)C1=CC=CC=C1I', 'FC1=CC(I)=CC=C1NC(=O)NC1CC1']","['CC(C)(C)C1=CC=C(I)C(Br)=C1', 'COC(=O)C1=C(I)C=CC=C1F', 'OC(=O)C1=C(Cl)C=C(I)C=C1Cl', 'OC(=O)C1=C(I)C=CC=C1F', 'BrC1=CC=CC=C1I', 'CC1=CC(Br)=CC(I)=C1', 'FC(F)(F)C1=CC(I)=C(Br)C=C1', 'ClC1=CC(Cl)=C(I)C=C1Cl', 'OC1=CC(I)=C(Br)C=C1', 'OC(=O)C1=C(I)C=CC(F)=C1Cl', 'ClCC1=CC(I)=C(CCl)C=C1', 'CC1=CC=C(I)C=C1Br', 'FC(F)(F)C1=CC=C(I)C(Br)=C1', 'OC(=O)C1=CC(I)=C(Br)C=C1', 'COC(=O)C1=C(Br)C(I)=CC=C1', 'COC(=O)C1=CC(I)=C(Br)C=C1', 'OC(=O)C1=C(Br)C=CC=C1I', 'OC1=C(Cl)C=C(Br)C(I)=C1', 'ClC1=C(I)C=CC(=C1)C#N', 'COC1=CC(I)=C(Br)C=C1', 'ClC1=CC(I)=C(Cl)C=C1', 'CC1=CC(I)=C(Br)C=C1F', 'FC(F)C1=C(Br)C=CC(I)=C1', 'IC1=CC=CC=C1N=C=O', 'FC1=C(Cl)C=C(I)C=C1Cl', 'FC(F)(F)C1=C(Br)C=CC(I)=C1', 'NS(=O)(=O)C1=CC=CC=C1I', 'COC(=O)C1=CC(I)=C(Cl)C=C1', 'FC(F)(F)OC1=CC(Br)=C(I)C=C1', 'CCOC(=O)C1=C(I)C=CC=C1F', 'FC1=CC(Cl)=C(I)C=C1', 'OB(O)C1=CC(Br)=CC(I)=C1', 'FC1=CC(I)=C(Cl)C=C1', 'BrC1=C(I)C=CC(=C1)C#N', 'CC1=C(Br)C=CC(I)=C1Cl', 'ClC1=C(I)C=C(C=C1)C#N', 'OCC1=CC(I)=C(Br)C=C1', 'SC1=CC(Cl)=CC=C1I', 'NC(=O)C1=C(I)C=CC(Br)=C1F', 'IC1=CC=CC=C1[N+]#[C-]', 'OC(=O)C1=CC=CC(I)=C1Cl', 'ClC1=CC=CC=C1I', 'COC1=CC=CC(I)=C1Br', 'ClC1=C(Br)C=C(I)C=C1', 'OCC1=C(Cl)C=CC=C1I', 'OS(=O)(=O)C1=C(I)C=CC=C1', 'ClC1=CC(Cl)=C(I)C=C1', 'COC(=O)C1=CC(I)=C(Cl)C=C1C', 'CC1=C(C=C(I)C(Br)=C1)C(O)=O']"
3,"[1.2915061127868146, 1.9081684937113568]",2.0042141549420283,"['CS(=O)(=O)NC1=CC(=C(C=C1I)C#N)C(F)(F)F', 'FC(F)(F)C1=CC(Cl)=C(I)C(Cl)=C1']","['IC1=CC=C(CN2C=CN=C2)C=C1', 'BrCC1=CC=C(I)C=C1', 'CCOC(=O)CC1=CC(I)=CC=C1', 'COC1=C(C(O)=O)C(I)=CC=C1', 'IC1=CC=CC(=C1)N=C=O', 'COC1=CC(=C(I)C=C1)S(F)(=O)=O', 'IC1=CC=C(OCC#N)C=C1', 'FC(F)C1=CC(I)=CC=C1', 'OC(=O)COC1=CC=CC(I)=C1', 'ClCC(=O)NC1=CC(I)=CC=C1', 'COC1=C(Cl)C=CC(I)=C1', 'COC(=O)C1=C(I)C=CC=C1OC', 'FC(F)C(F)(F)OC1=CC=C(I)C=C1', 'CCNC(=O)C1=CC(Br)=CC=C1I', 'OC(=O)CC1=CC=CC(I)=C1', 'OC(=O)CC1=CC=C(I)C=C1', 'FC(F)OC1=CC=C(I)C=C1', 'OCC1=CC(Br)=CC(I)=C1', 'COC(=O)COC1=CC=C(I)C=C1', 'OC(=O)C1(CC1)C1=CC=C(I)C=C1', 'IC1=CC=C(C=C1)C1=CC=CC=C1', 'IC1=CC=C(C=C1)C1(CC1)C#N', 'IC1=CC=CC(=C1)C1=CC=CC=C1', 'COC1=C(F)C=C(I)C=C1F', 'IC1=CC=CC(=C1)C(=O)N1CCOCC1', 'CC(=O)OC1=CC=C(I)C=C1', 'NC(=O)C1=CN=C(OC2=CC=C(I)C=C2)C=C1', 'NC(=O)CC1=CC=C(I)C=C1', 'CCCNC(=O)C1=CC=CC=C1I', 'OC(=O)COC1=CC=C(I)C=C1', 'OC(=O)CCCOC1=CC=C(I)C=C1', 'IC1=CC=C(C=C1)N1CCC(=O)NC1=O', 'IC1=CC=C(C=C1)N1C=CC=N1', 'CNC(=O)C1=CC=CC=C1I', 'ClCC(=O)NC1=CC=C(I)C=C1', 'CC(=O)SCC1=CC(I)=CC=C1', 'NC(CC1=CC=CC(I)=C1)C(O)=O', 'CC(=O)CC(=O)NC1=CC=C(I)C=C1', 'FC(F)(F)OC1=CC=CC=C1I', 'COC(=O)CC1=CC=CC(I)=C1', 'CC1=C(Cl)C=C(I)C=C1Cl', 'IC1=CC=C(C=C1)C(=O)N1CCCC1', 'IC1=CC=C(C=C1)C(=O)N1CCOCC1', 'OC1=CC=C(I)C=C1C(F)(F)F', 'OC[C@H]1CN(C(=O)O1)C1=CC=C(I)C=C1', 'CC(C)C1=CC(I)=CC(Br)=C1', 'COC(=O)CCC1=CC=C(I)C=C1']"
4,"[1.8213344273755523, 1.8171556086662508]",2.1054896337218785,"['NC1=CC(I)=C(C=C1)C#N', 'COC1=CC=C(C#N)C(I)=C1']","['ClC1=CC=C(I)C=C1CBr', 'CC(C)(C)NC(=O)C1=CC=CC=C1I', 'ClC1=CC(I)=CC=C1Br', 'CC1=C(Br)C(F)=CC(I)=C1', 'OC1=CC=C(OC2=CC=C(I)C=C2)C=C1', 'ClC1(Cl)CCCN(C2=CC=C(I)C=C2)C1=O', 'CS(=O)(=O)NC1=CC=CC=C1I', 'COC(=O)C1=CC(I)=C(OC(F)F)C=C1', 'IC1=CC=C(CC(=O)N2CCCC2)C=C1', 'COC(=O)C1=C(I)C=C(Br)C=C1C', 'OC(=O)CCC1=CC(I)=CC=C1', 'FC1=CC(I)=C(C=C1)C#N', 'OC(C1=CC=CC=C1)C1=CC(I)=CC=C1', 'COC1=C(Cl)C(I)=CC(I)=C1Cl', 'BrC1=C(C=CC=C1I)C#N', 'O[C@@H]1CCN(C1)S(=O)(=O)C1=CC=C(I)C=C1', 'CC1=C(I)C=C(C=C1)C#N', 'FC(F)(F)OC1=CC=C(I)C=C1Br', 'OC(=O)CC1=C(I)C=C(Cl)C=C1', 'ClC1=C(CBr)C=CC(I)=C1', 'COC(=O)C1=C(F)C=C(I)C(Br)=C1', 'CC1=CC=C(I)C=C1F', 'CC1=C(I)C=C(C=C1)C(F)(F)F', 'NC1=CC=CC(I)=C1Br', 'COC(=O)C1=C(F)C(F)=C(Br)C(I)=C1', 'COC(=O)C1=C(F)C(Br)=CC=C1I', 'FC1=CC(I)=CC=C1CBr', 'BrC1=C(I)C=C(C=C1)C#N', 'ClC1=CC=C(OC2=CC=C(I)C=C2)C=C1Cl', 'OC(=O)COC1=C(I)C=C(Cl)C=C1', 'FC(F)(F)OC1=C(I)C=C(Br)C=C1', 'ClCC1=CC(Br)=CC=C1I', 'FC1=CC=CC(I)=C1CBr', 'CON(C)C(=O)C1=C(I)C=CC(Br)=C1', 'FC1=CC(=CC(I)=C1)C(F)(F)F', 'OC(=O)C1=CC=C(Cl)C(I)=C1', 'CC1=C(I)C=C(F)C(Br)=C1', 'OCC1=C(I)C=C(C=C1)C(F)(F)F', 'COC1=C(F)C=C(I)C=C1', 'BrC1=C(I)C(=CC=C1)C#N', 'CC(C)(C)C1=CC(I)=CC(Br)=C1', 'CC(C)(C)OC(=O)NC1=CC=C(I)C=C1F', 'OC(=O)CCCC1=CC=C(I)C=C1', 'CC(C)NC(=O)CC1=CC=C(I)C=C1']"
5,"[1.5982512774005724, 2.3716174900850997]",2.1826633956333126,"['FC1=C(F)C=C(I)C(I)=C1', 'OC(=O)C1=CC(I)=C(I)C=C1']","['COC1=CC=C(C=C1I)C(F)(F)F', 'NC1=CC(I)=C(Br)C=C1', 'COC1=C(F)C=CC(I)=C1', 'IC1=CC=CC(C=C)=C1', 'COC1=CC(I)=CC=C1CO', 'NC(=O)NC1=CC(I)=CC=C1', 'CC(=C)C1=CC=C(I)C=C1', 'FC1=C2C=CC=CC2=CC(I)=C1', 'FC(F)(F)C1=CC=C(I)C=C1Br', 'COC1=C(Br)C=CC(I)=C1', 'BrC1=CC=CC(I)=C1', 'IC1=CC=CC(OCC#C)=C1', 'IC1=CC=CC(CNC2CC2)=C1', 'CNC(=O)C1=CC=CC(I)=C1', 'IC1=CC=C(C=C1)C#C', 'OCC1=CC(I)=CC(F)=C1', 'FC(F)C1=CC=C(I)C=C1', 'COC1=CC(Br)=CC(I)=C1', 'IC1=CC=C(CC(=O)N[C@H]2CCOC2=O)C=C1', 'OCCC1=CC=C(I)C=C1', 'C[C@H](O)C1=CC=C(I)C=C1', 'CC(C)(C)OC(=O)NC1=CC=C(I)C=C1', 'CC1=CC(I)=CC(I)=C1', 'OC1=C(F)C=CC(I)=C1', 'FC1=CC=C(OC2=CC=CC(I)=C2)C=C1', 'CC1=CC(I)=CC(F)=C1', 'OCC1=CC=C(I)C=C1O', 'CC1=CC(=CC=C1I)C#N', 'OC1=CC(Br)=CC(I)=C1', 'NCCC1=CC=C(I)C=C1', 'CC1=CC=C(C=C1)C1=CC=C(I)C=C1', 'SC1=CC=C(I)C=C1Cl', 'COC1=CC(Cl)=CC(I)=C1', 'IC1=CC=C(CC(=O)N2CCOCC2)C=C1', 'COC(=O)C1=C(I)C=C(OC)C(OC)=C1', 'CC1=C(I)C=C(Br)C=C1', 'OC(=O)C1=CC=C(I)C=C1', 'IC1=CC(OC2=CC=CC=C2)=CC=C1', 'OB(O)C1=CC=C(I)C=C1', 'OC1=C(Cl)C=CC(I)=C1', 'COCCOC1=CC(I)=CC=C1', 'COC1=CC(F)=CC(I)=C1']"
6,"[1.2974500586760698, 1.860670760369815]",2.3331164691463697,"['ClC1=C(Cl)C(Cl)=C(I)C(Cl)=C1Cl', 'OC1=CC(I)=CC(O)=C1']","['COC1=C(I)C=C(C=C1)C(O)=O', 'COC1=C(I)C=C(C=C1I)C#N', 'OCC1=CC(I)=CC(I)=C1', 'COC1=CC(I)=C(I)C=C1OC', 'COC1=C(I)C=C(C=C1I)C(F)(F)F', 'FC1=CC(I)=C(NC(=O)CCl)C=C1', 'CN(C)C1=C(Br)C=C(I)C=C1', 'FC(F)C1=CC(Br)=CC(I)=C1', 'FC(F)(F)OC1=CC=C(I)C=C1', 'IC1=CC(I)=CC=C1', 'FC(F)OC1=CC=CC=C1I', 'CC(C)CC1=CC=C(I)C=C1', 'COC1=C(C=C(Cl)C(I)=C1)C(O)=O', 'ClC1=CC=C(I)C=C1I', 'FC(F)(F)C1=CC(Br)=CC(I)=C1', 'FC(F)(F)C1=CC=C(Br)C=C1I', 'COC1=CC(I)=CC=C1I', 'FC(F)(F)C1=CC(I)=CC=C1I', 'IC1=CC=C(C=C)C=C1', 'NC1=C(Cl)C=C(I)C=C1Cl', 'ClC1=C(I)C=C(C=O)C=C1', 'OC1=C(F)C=C(I)C=C1I', 'COC(=O)C1=C(C)C(Cl)=CC(I)=C1', 'IC1=CC(=CC(I)=C1)C#N', 'COC(=O)C1=CC(I)=C(O)C(I)=C1', 'FC1=CC(I)=CC=C1', 'OC1=C(Cl)C=C(I)C=C1I', 'CC1=CC(I)=CC=C1Cl', 'CCOC1=CC=CC(I)=C1', 'COC(=O)C1=C(Cl)C=C(Cl)C(I)=C1', 'BrC1=CC(I)=C(I)C=C1', 'COC(=O)C1=C(OC)C=C(I)C(Cl)=C1', 'OC(=O)C1=CC(I)=CC(I)=C1', 'COC1=C(I)C(Cl)=C(Cl)C=C1', 'CCCCC1=CC=C(I)C=C1', 'ClC1=CC(I)=CC(Cl)=C1', 'CCCNC(=O)C1=CC=CC(I)=C1', 'OC(=O)CC1=CC=C(Br)C=C1I', 'OC(=O)C1=C(I)C=CC(Br)=C1F', 'FC(F)(F)C(F)(C1=CC=C(I)C=C1)C(F)(F)F']"
7,"[1.730100408228663, 1.3567984820754906]",2.383145554233058,"['CN(C(=O)C1=C(I)C=CC=C1)C1=CC=CC=C1', 'IC1=C(C=CC=C1)C(=O)N1CCCC1']","['IC1=CC=C(OCC2CC2)C=C1', 'OC1=C(F)C=C(I)C=C1', 'NC1=C(C=C(I)C=C1)C(F)(F)F', 'IC1=CC(CC2=CC=CC=C2)=CC=C1', 'NC1(CC1)C1=CC=C(I)C=C1', 'CC(C)C1=CC=C(I)C=C1', 'OC1=C(F)C=C(I)C=C1F', 'IC1=CC=C(C=C1)N1C=CC=C1', 'CC(C)(C)C1=CC=C(I)C=C1', 'CCOC1=CC=C(I)C=C1', 'IC1=CC=C(CC(=O)N2CCCCC2)C=C1', 'OC1=CC=C(C=C1)C1=CC=C(I)C=C1', 'NC1=CC(I)=CC(I)=C1', 'CC1=CC=CC(I)=C1', 'CC(N)C1=CC=C(I)C=C1', 'IC1=CC=C(CC#C)C=C1', 'CC(O)C1=CC=C(I)C=C1', 'NC1=CC(Cl)=CC(I)=C1', 'NC1=C(F)C=CC(I)=C1', 'NC1=CC(I)=CC(F)=C1', 'ClC1=CC=C(OC2=CC=C(I)C=C2)C=C1', 'COC1=C(O)C=CC(I)=C1', 'CC(C)C1=CC=CC(I)=C1', 'CC1=C(Br)C=CC(I)=C1', 'OC1=C(Br)C=C(I)C=C1', 'NCCOC1=CC=C(I)C=C1', 'OC(=O)CCCCC1=CC=C(I)C=C1', 'CSC1=CC=C(I)C=C1', 'IC1=CC=C(C=C1)N=C=O', 'CC1=C(O)C=C(I)C=C1', 'CC(C)(C)OC(=O)NC1=CC(I)=CC=C1', 'CC(C)OC1=CC=C(I)C=C1', 'CC1=CC(I)=CC(C)=C1Br', 'CCCCCC1=CC=C(I)C=C1', 'NC1=C(OC(F)(F)F)C=C(I)C=C1', 'ClC1=CC=C(I)C=C1', 'CCCCOC1=CC=C(I)C=C1']"
8,"[1.7418318017148322, 1.8931948549431095]",2.5264681534919857,"['NC1=C(N)C=C(I)C(I)=C1', 'IC1=CC=CC(=C1)N1CCCCC1']","['CN(C)CCOC1=CC=CC(I)=C1', 'CC(C)(C)OC(=O)CC1=CC(I)=CC=C1', 'COC1=C(C)C=C(I)C=C1', 'COC(OC)C1=C(I)C=CC=C1', 'NC(=O)C1=CC(O)=C(I)C=C1', 'COC1=CC(B(O)O)=C(I)C=C1', 'COC1=C(F)C=CC=C1I', 'CC1(C)OB(OC1(C)C)C1=CC(O)=CC=C1I', 'NCC1(CCCC1)C1=CC=C(I)C=C1', 'CC1(C)COB(OC1)C1=CC=C(I)C=C1', 'CCOC(=O)C1=C(I)C=CC(C)=C1', 'COCOC1=C(I)C=CC=C1F', 'CC(=O)NC1=CC(I)=C(C)C=C1', 'BrC(C1=CC=CC=C1)C1=C(I)C=CC=C1', 'BrC1=CC=CC(=C1)C1=CC=C(I)C=C1', 'CCOC(=O)C1=CC(I)=C(OC)C=C1', 'IC1=CC(=CC=C1)C(=O)NCC1=CC=CC=C1', 'ClC1=CC=C(C=C1)C1=CC=C(I)C=C1', 'NCC1=C(I)C=CC(Br)=C1', 'OC1=CC(=CC=C1I)C(=O)N1CCOCC1', 'COC(=O)C1=CC(C)=C(I)C=C1', 'OC(=O)C1(CC1)C1=C(I)C=CC=C1', 'CCOC(=O)CC1=C(I)C=CC=C1', 'ClC1=CC=C(COC2=CC=C(I)C=C2)C=C1', 'SCCC1=CC=CC=C1I', 'FC(F)(F)C1=CC=C(I)C(CBr)=C1', 'IC1=CC=C(CN2CCCCC2)C=C1', 'CC(C)NC(=O)C1=CC=CC(I)=C1', 'CC(C)(C)OC(=O)NCC1=CC=CC=C1I', 'CC1=C(I)C=C(CBr)C=C1', 'COC(=O)C1=C(C)C(I)=CC=C1', 'BrC1=CC=C(C=C1)C1=CC=CC(I)=C1', 'OCC1=C(O)C=CC(I)=C1', 'CC1=C(I)C=CC(Cl)=C1', 'CC1=C(F)C=C(F)C=C1I', 'COC1=C(I)C=C(N)C=C1I']"
9,"[1.5959747166670464, 1.4580706699422825]",2.6003988006710763,"['CC(C)(C)OC(=O)N[C@@H](CC1=CC(I)=CC=C1)C(O)=O', 'CC(C)(C)OC(=O)N[C@H](CC1=CC(I)=CC=C1)C(O)=O']","['IC1=CC=CC(=C1)C(=O)NC1CC1', 'NC1=C(O)C=C(I)C=C1', 'ClCC(=O)NC1=CC=CC=C1I', 'CC(C)C1=CC(I)=CC(C(C)C)=C1O', 'CC1=C(F)C=CC=C1I', 'COC1=CC=CC(I)=C1OC', 'CCOC1=CC=C(C=C1)C(O)C1=CC(I)=CC=C1Cl', 'OC1=CC=C(OC(F)(F)F)C=C1I', 'COC1=CC=C(COC2=CC=C(I)C=C2)C=C1', 'CC1=CC(I)=C(CO)C=C1C', 'CC1=C(I)C=C(Cl)C=C1N', 'CC1(C)OB(OC1(C)C)C1=CC(I)=CC=C1', 'NC1=CC(I)=CC=C1O', 'COC(=O)C1=C(OC)C=C(Cl)C(I)=C1', 'NC1=CC=CC(I)=C1', 'CCOC(=O)COC1=CC=CC=C1I', 'CC(C)(C)OC(=O)NC(CC1=CC(I)=CC=C1F)C(O)=O', 'OC(=O)CCCCNC(=O)C1=CC(I)=CC=C1', 'CN(C)C1=CC(F)=CC(I)=C1', 'CNC1=CC(I)=CC=C1', 'COC1=C(N)C=C(I)C=C1', 'CC(C)(C)OC(=O)NC1=C(N)C=C(I)C=C1', 'CC1=C(O)C=CC(I)=C1', 'CC1=CC=CC(Br)=C1I', 'OC(=O)CNC1=CC=C(I)C=C1', 'IC1=CC=C(C=C1)C1=CN2C=CSC2=N1', 'CC1CC(C)(C)OB(O1)C1=CC=C(I)C=C1', 'CC1=C(Cl)C=C(I)C(O)=C1I', 'CCN(CC)CC1=CC(I)=CC=C1', 'COC(=O)C1=C(I)C=CC(O)=C1', 'COC1=C(I)C=C(Br)C=C1F', 'COC(=O)C1=C(I)C=CC(C)=C1', 'CCN(CC)C(=O)C1=CC(O)=C(I)C=C1', 'CC(OC1=CC=C(I)C=C1)C(C)=O']"
