,obj_values ['rate'],Vendi_score,eval_samples,cut_samples
0,"[1.8102356795963574, 1.7700848234695403]",1.3528891174255233,"['COC(=O)CCC1=CC=C(I)C=C1', 'OB(O)C1=C(F)C(F)=C(I)C=C1']",[]
1,"[1.7278957606854002, 1.6507080434178953]",1.3625236439526263,"['IC1=CC=C(CC(=O)N2CCCCC2)C=C1', 'NCC1(CCCC1)C1=CC=C(I)C=C1']","['FC(F)OC1=CC=CC=C1I', 'CC1=C(Cl)C=C(I)C=C1', 'IC1=CC=C(C=C1)C1(CC1)C#N', 'NC(CC1=CC=CC(I)=C1)C(O)=O', 'NC(=O)CC1=CC=C(I)C=C1', 'FC(F)(F)C(=O)NC1=CC(I)=CC=C1', 'CS(=O)(=O)NC1=CC=C(I)C=C1', 'CC(C)C1=CC=C(I)C=C1', 'CC(=O)OC1=CC=C(I)C=C1', 'CCCCC1=CC=C(I)C=C1', 'IC1=CC=CC(=C1)C(=O)N1CCOCC1', 'IC1=CC=CC(=C1)C1=CC=CC=C1', 'CC(C)NC(=O)CC1=CC=C(I)C=C1', 'OC(C1=CC=CC=C1)C1=CC(I)=CC=C1', 'CCCCCC1=CC=C(I)C=C1', 'IC1=CC(CC#N)=CC=C1', 'C[C@H](O)C1=CC=C(I)C=C1', 'CS(=O)(=O)NC1=CC(I)=CC=C1', 'CC(=O)SCC1=CC(I)=CC=C1', 'CC(=O)OC1=CC=CC(I)=C1', 'OC1=CC=C(I)C=C1C(F)(F)F', 'FC(F)OC1=CC(I)=CC=C1', 'IC1=CC=C(CN2C=CN=C2)C=C1', 'IC1=CC=C(C=C1)N1C=CC=N1', 'COC1=C(F)C=CC=C1I', 'FC1=C(I)C=CC=C1Cl', 'OC(=O)C1(CC1)C1=CC=C(I)C=C1', 'OC(=O)CC1=CC=CC(I)=C1', 'CS(=O)(=O)NC1=CC=C(I)C=C1F', 'IC1=CC=C(OCC#N)C=C1', 'IC1=CC=CC(=C1)C(=O)N1CCCC1', 'FC(F)C1=CC(I)=CC=C1', 'IC1=CC=C(C=C1)C(=O)N1CCCC1', 'OC(=O)CC1=CC=C(I)C=C1', 'ClCC(=O)NC1=CC=C(I)C=C1', 'IC1=CC=CC=C1N=C=O', 'FC(F)(F)C(=O)NC1=CC=C(I)C=C1', 'OCCC1=CC=C(I)C=C1', 'COC(=O)CC1=CC=CC(I)=C1', 'FC(F)C(F)(F)OC1=CC=C(I)C=C1', 'OC(=O)CCC1=CC(I)=CC=C1', 'OC(=O)CCCCC1=CC=C(I)C=C1', 'OC(=O)COC1=CC=C(I)C=C1', 'FC(F)OC1=CC=C(I)C=C1', 'CC(O)C1=CC=C(I)C=C1', 'CC(C)(C)C1=CC=C(I)C=C1', 'CCOC(=O)CC1=CC(I)=CC=C1', 'OC(=O)CCCC1=CC=C(I)C=C1', 'CC(C)CC1=CC=C(I)C=C1', 'CN(C)C(=O)C1=CC(I)=CC=C1', 'IC1=CC(CC2=CC=CC=C2)=CC=C1', 'IC1=CC=C(C=C1)N1CCC(=O)NC1=O']"
2,"[2.34510914217987, 2.106560746516958]",1.4060708465021567,"['OCC1=CC(I)=CC(F)=C1', 'FC1=CC(I)=CC=C1CC#N']","['ClC1=CC=C(C=C1)C1=CC=C(I)C=C1', 'IC1=CC=C(CC#C)C=C1', 'OB(O)C1=CC=C(I)C=C1', 'OCC1=CC(I)=CC(Cl)=C1', 'CCC[C@H]1CC[C@@H](CC1)C1=CC=C(I)C=C1', 'COC1=CC(I)=CC=C1CO', 'ClC1=CC=C(OC2=CC=C(I)C=C2)C=C1', 'FC1=CC=C(OC2=CC=CC(I)=C2)C=C1', 'CON(C)C(=O)C1=CC=C(I)C=C1', 'CC1(C)COB(OC1)C1=CC=C(I)C=C1', 'IC1=CC=C(OC2=CC=C(C=C2)C#N)C=C1', 'CC(C)(C)OC(=O)NC1=CC=C(I)C=C1', 'IC1=CC=C(C=C1)C(=O)N1CCOCC1', 'OC(=O)CCCOC1=CC=C(I)C=C1', 'ClCC(=O)NC1=CC(I)=CC=C1', 'CC1CC(C)(C)OB(O1)C1=CC=C(I)C=C1', 'CC(=C)C1=CC=C(I)C=C1', 'IC1=CC=CC(CNC2CC2)=C1', 'IC1=CC=C(CN2CCCCC2)C=C1', 'CC(=O)NC1=C(Cl)C=C(I)C=C1', 'CCCCOC1=CC=C(I)C=C1', 'CC(C)C1=CC=CC(I)=C1', 'NC(=O)C1=CN=C(OC2=CC=C(I)C=C2)C=C1', 'NC1(CC1)C1=CC=C(I)C=C1', 'IC1=CC=C(CC(=O)N2CCOCC2)C=C1', 'OC[C@H]1CN(C(=O)O1)C1=CC=C(I)C=C1', 'CC(C)(C)OC(=O)CC1=CC(I)=CC=C1', 'COC(=O)COC1=CC=C(I)C=C1', 'CC(C)(C)[Si](C)(C)OCC1=CC=C(I)C=C1', 'IC1=CC(OC2=CC=CC=C2)=CC=C1', 'CC1=CC=C(C=C1)C1=CC=C(I)C=C1', 'CC1(C)OB(OC1(C)C)C1=CC(I)=CC=C1', 'ClC1=CC=C(OC2=CC=C(I)C=C2)C=C1Cl', 'ClC1(Cl)CCCN(C2=CC=C(I)C=C2)C1=O', 'NCCC1=CC=C(I)C=C1', 'CC(N)C1=CC=C(I)C=C1', 'CC(C)(C)OC(=O)NC1=CC=C(I)C=C1F', 'IC1=CC=C(C=C1)C1=CC=CC=C1', 'CC1=CC=C(I)C=C1F', 'CC(=O)CC(=O)NC1=CC=C(I)C=C1', 'OC(=O)COC1=CC=CC(I)=C1', 'ClC1=CC=C(COC2=CC=C(I)C=C2)C=C1', 'IC1=CC=C(OCC2CC2)C=C1', 'CC(=O)NC1=C(C=C(I)C=C1)C(F)(F)F', 'IC1=CC=C(CC(=O)N2CCCC2)C=C1', 'OC1=CC=C(OC2=CC=C(I)C=C2)C=C1', 'CC(=O)NC1=C(OC(F)(F)F)C=C(I)C=C1', 'NCCOC1=CC=C(I)C=C1', 'IC1=CC=C(CC(=O)N[C@H]2CCOC2=O)C=C1']"
3,"[2.626504030750194, 1.4993699071466273]",1.469047060586107,"['FC1=CC(I)=CC(F)=C1', 'CC1=C(C=CC(I)=C1)C#N']","['FC1=CC(=CC(I)=C1)C(F)(F)F', 'BrCC1=CC=C(I)C=C1', 'CC1=CC=CC(I)=C1', 'OS(=O)(=O)C1=CC=CC(I)=C1', 'OC1=C(Cl)C=CC(I)=C1', 'NS(=O)(=O)C1=CC=C(I)C=C1', 'IC1=CC=CC(C=C)=C1', 'ClC1=C(Cl)C=C(I)C=C1', 'FC(F)C1=CC=C(I)C=C1', 'FC(F)(F)OC1=C(Cl)C=C(I)C=C1', 'COC1=CC(=CC(I)=C1)C(F)(F)F', 'COC1=C(Cl)C=CC(I)=C1', 'CC1=CC(I)=CC(F)=C1', 'CC1=C(N=NN1C1=CC=C(I)C=C1)C(O)=O', 'IC1=CC=C(C=C1)C#C', 'NS(=O)(=O)C1=CC=CC(I)=C1', 'FC(F)(F)C(F)(C1=CC=C(I)C=C1)C(F)(F)F', 'FC(F)(F)OC1=CC=C(I)C=C1', 'IC1=CC=C(C=C1)N1C=CC=C1', 'IC1=CC=CC(=C1)N=C=O', 'CS(=O)(=O)C1=CC=C(I)C=C1', 'CN(C)S(=O)(=O)C1=CC=C(I)C=C1', 'COC1=C(F)C=C(I)C=C1F', 'CNS(=O)(=O)C1=CC=C(I)C=C1', 'FC1=CC(I)=CC=C1', 'OC1=C(F)C=CC(I)=C1', 'CS(=O)(=O)C1=CC=CC(I)=C1', 'CC1=CC=C(I)C=C1Br', 'FC1=CC(I)=CC=C1C(F)(F)F', 'IC1=CC=C(C=C1)N1C=NN=N1', 'IC1=CC=C(C=C)C=C1', 'CCNS(=O)(=O)C1=CC=C(I)C=C1', 'NNS(=O)(=O)C1=CC=C(I)C=C1', 'COC1=C(F)C=CC(I)=C1', 'CC1=C(Cl)C=C(I)C=C1Cl', 'CC1=CC(I)=CC=C1Cl', 'COCCOC1=CC(I)=CC=C1', 'COC1=C(F)C=C(I)C=C1', 'FC(F)(F)C1=C(Cl)C=CC(I)=C1', 'CC1=CC(Cl)=CC(I)=C1', 'NNC(=O)C1=CC=C(I)C=C1', 'ClC1=CC=C(I)C=C1', 'IC1=CC=C(C=C1)N=C=O', 'COC(=O)C1=CC=C(I)C=C1C', 'CC(C)C1=CC(I)=CC(Br)=C1', 'CC1=CC(Br)=CC(I)=C1', 'IC1=CC=CC(OCC#C)=C1']"
4,"[1.9725186679385271, 3.7260913716977924]",1.5581860007373571,"['CC1=C(F)C=CC=C1I', 'FC1=CC(I)=CC(Br)=C1']","['CCCNC(=O)C1=CC=CC=C1I', 'FC(F)C1=C(Br)C=CC(I)=C1', 'IC1=CC(I)=CC=C1', 'FC(F)(F)C1=CC(Cl)=CC(I)=C1', 'CC(C)(C)C1=CC(I)=CC(Br)=C1', 'CC1=CC(I)=CC(C)=C1Br', 'OS(=O)(=O)C1=CC=C(I)C=C1', 'CCOC(=O)C1=C(Cl)C=C(I)C=C1', 'CC1=CC=C(I)C(C(O)=O)=C1F', 'OB(O)C1=CC(Br)=CC(I)=C1', 'FS(F)(F)(F)(F)C1=CC=C(I)C=C1', 'OC(=O)C1=C(I)C=CC=C1F', 'OCC1=CC=C(I)C=C1O', 'COC1=CC(Cl)=CC(I)=C1', 'COC(=O)C1=C(I)C=CC=C1F', 'CC1=C(Br)C(F)=CC(I)=C1', 'SC1=CC=C(I)C=C1Cl', 'BrC1=CC=C(I)C=C1', 'OC1=C(F)C=C(I)C=C1F', 'CC1=CC(I)=CC(I)=C1', 'FC1=C(Cl)C=C(I)C=C1Cl', 'OC(=O)C1=C(I)C=CC=C1Cl', 'FC1=CC(I)=CC=C1CBr', 'O[C@@H]1CCN(C1)S(=O)(=O)C1=CC=C(I)C=C1', 'COC1=CC(F)=CC(I)=C1', 'CCOC1=CC=CC(I)=C1', 'NC(=O)C1=C(Br)C=C(I)C=C1', 'OC1=C(F)C=C(I)C=C1', 'OCC1=C(Cl)C=CC=C1I', 'ClC1=CC(I)=CC(Cl)=C1', 'CC1=C(I)C=C(C=C1)C(F)(F)F', 'CC1=C(F)C=C(F)C=C1I', 'CC1=C(O)C=C(I)C=C1', 'OCC1=C(Cl)C=C(I)C=C1Cl', 'OC(=O)C1=CC=C(I)C=C1', 'ClC1=C(CBr)C=CC(I)=C1', 'BrC1=CC=CC(I)=C1', 'BrC1=C(CC#N)C=C(I)C=C1', 'COC(=O)C1=C(I)C=CC=C1Cl', 'COC(=O)C1=C(Cl)C=C(I)C=C1', 'OC(=O)C1=C(Cl)C=C(I)C=C1Cl', 'CC1=C(Br)C=CC(I)=C1', 'OCC1=CC(Br)=CC(I)=C1', 'CCOC(=O)C1=C(I)C=CC=C1F']"
5,"[2.480114510702471, 2.3150828323224255]",1.6801077716856365,"['ClC1=CC(I)=CC(Cl)=C1Br', 'BrC1=CC(I)=CC(Br)=C1']","['CC1=C(I)C=CC(Cl)=C1', 'FC(F)(F)OC1=CC(Br)=CC(I)=C1', 'CC1=C(I)C=C(C=C1)C#N', 'CNC(=O)C1=CC=CC(I)=C1', 'OC(=O)C1=C(I)C=CC(F)=C1Cl', 'BrC1=CC=C(C=C1)C1=CC=CC(I)=C1', 'FC(F)(F)C1=C(Br)C=CC(I)=C1', 'COC(=O)C1=C(I)C=CC=C1OC', 'OC1=CC(Br)=CC(I)=C1', 'FC1=C2C=CC=CC2=CC(I)=C1', 'COC1=CC(I)=CC=C1I', 'OCC1=CC(I)=CC(I)=C1', 'CC1=C(I)C=C(CBr)C=C1', 'CC(C)(C)OC(=O)NC1=CC(I)=CC=C1', 'ClC1=CC(Br)=CC(I)=C1', 'CCOC1=CC=C(I)C=C1', 'IC1=C(C=CC=C1)N=C=S', 'ClCC1=CC(I)=C(CCl)C=C1', 'CC(C)(C)NC(=O)C1=CC=CC=C1I', 'CC(C)OC1=CC=C(I)C=C1', 'IC1=CC=CC=C1[N+]#[C-]', 'ClC1=C(Br)C=C(I)C=C1', 'FC1=CC(I)=CC(F)=C1Br', 'CC1=C(I)C=C(Br)C=C1', 'OCC1=C(I)C=C(C=C1)C(F)(F)F', 'COC(OC)C1=C(I)C=CC=C1', 'CC1=CC(=CC=C1I)C#N', 'FC(F)(F)OC1=CC=C(I)C=C1Br', 'BrC1=CC=CC(=C1)C1=CC=C(I)C=C1', 'FC(F)(F)C1=CC=C(I)C=C1Br', 'ClC1=CC(I)=CC=C1Br', 'CC(Br)C(=O)N(C)C1=CC=C(I)C=C1', 'OCC1=CC=CC=C1I', 'OC(=O)CCCCNC(=O)C1=CC(I)=CC=C1', 'CNC(=O)C1=CC=CC=C1I', 'CCCNC(=O)C1=CC=CC(I)=C1', 'FC(F)C1=CC(Br)=CC(I)=C1', 'COC1=C(Br)C=CC(I)=C1', 'FC(F)(F)C1=CC(Br)=CC(I)=C1', 'COC(=O)C1=CC(C)=C(I)C=C1', 'ClC1=CC=C(I)C=C1CBr', 'CC1=C(I)C=C(F)C(Br)=C1']"
6,"[2.8096931916501395, 1.637920522992149]",1.8505222221631181,"['BrC1=CC(I)=CC(I)=C1', 'OC(=O)C1=C(I)C=C(I)C=C1I']","['CC(C)(C)OC(=O)C1=C(Br)C=C(I)C=C1', 'FC1=CC=CC(I)=C1CBr', 'FC1=CC(I)=CC=C1NC(=O)NC1CC1', 'BrCC1=CC=C(I)C=C1Br', 'IC1=CC(=CC=C1)C(=O)NCC1=CC=CC=C1', 'FC(F)(F)OC1=CC=CC=C1I', 'OC[C@H]1N=C(O[C@@H]1C1=CC=C(I)C=C1)C1=CC=CC=C1', 'COCOC1=C(I)C=CC=C1F', 'NC(=O)C1=C(I)C=CC(Br)=C1F', 'OC(=O)COC1=C(I)C=C(Cl)C=C1', 'FC1=CC(I)=C(NC(=O)CCl)C=C1', 'COC(=O)C1=C(I)C=C(Br)C=C1C', 'FC1=CC(I)=C(C=C1)C#N', 'CC1=C(O)C=CC(I)=C1', 'BrCC1=C(Br)C=CC(I)=C1', 'CSC1=CC=C(I)C=C1', 'CCNC(=O)C1=CC(Br)=CC=C1I', 'OC1=C(Br)C=C(I)C=C1', 'COC1=C(C)C=C(I)C=C1', 'FC(F)(F)C1=CC(I)=CC=C1I', 'COC1=CC=C(I)C(C(O)=O)=C1F', 'OC(=O)C1=CC(I)=CC(I)=C1', 'COC(=O)C1=C(F)C(Br)=CC=C1I', 'ClC1=CC=C(I)C=C1I', 'COC(=O)C1=C(C)C(I)=CC=C1', 'CC(OC1=CC=C(I)C=C1)C(C)=O', 'CC(C)NC(=O)C1=CC=CC(I)=C1', 'CC1=CC(Br)=C(C)C=C1I', 'OC(=O)C1=C(Br)C=CC=C1I', 'NCC1=C(I)C=CC(Br)=C1', 'SCCC1=CC=CC=C1I', 'COC1=CC(Br)=CC(I)=C1', 'OCC1=C(O)C=CC(I)=C1', 'OC(=O)CC1=C(I)C=C(Cl)C=C1', 'COC1=C(C(O)=O)C(I)=CC=C1', 'OC1=CC=C(C=C1)C1=CC=C(I)C=C1', 'COC1=C(Br)C=C(I)C=C1Br', 'ClCC1=CC(Br)=CC=C1I', 'NCC1=CC=CC=C1I', 'CCOC(=O)C1=CC=C(I)C=C1F']"
7,"[3.096570909005395, 2.2498302218231667]",2.018122772742058,"['BrCC1=CC(CBr)=CC(I)=C1', 'COC(=O)[C@@H](CC1=CC=C(I)C=C1)NC(=O)OC(C)(C)C']","['COC(=O)C1=C(C)C(Cl)=CC(I)=C1', 'ClC1=C(Cl)C(I)=CC=C1', 'COC1=C(I)C=C(Br)C=C1F', 'COC(=O)C1=C(I)C=C(OC)C(OC)=C1', 'OC1=CC=C(OC(F)(F)F)C=C1I', 'OC1=C(F)C=C(I)C=C1I', 'CC1=CC(I)=C(CO)C=C1C', 'IC1=CC=CC(=C1)C(=O)NC1CC1', 'CCOC(=O)CC1=C(I)C=CC=C1', 'FC(F)(F)C1=CC=C(I)C(CBr)=C1', 'OC(=O)CC1=CC=C(Br)C=C1I', 'ClC1=CC(I)=C(Cl)C=C1', 'IC1=CC=C(C=C1)C1=CC=C(I)C=C1', 'IC1=CC(=CC(I)=C1)C#N', 'CCOC(=O)C1=CC=CC=C1I', 'CCOC(=O)C1=C(I)C=CC(C)=C1', 'NC(=O)C1=CC(I)=CC=C1', 'CS(=O)(=O)NC1=CC=CC=C1I', 'CCOC1=CC=C(C=C1)C(O)C1=CC(I)=CC=C1Cl', 'COC1=CC=C(C=C1I)C(F)(F)F', 'FC(F)(F)OC1=C(I)C=C(Br)C=C1', 'IC1=CC=C(OC2=CC=C(I)C=C2)C=C1', 'COC(=O)C1=CC(I)=C(OC(F)F)C=C1', 'CN(C)CCOC1=CC=CC(I)=C1', 'OC1=CC(=CC=C1I)C(=O)N1CCOCC1', 'NC(=O)NC1=CC(I)=CC=C1', 'OC1=C(Cl)C=C(Br)C=C1I', 'COC(=O)C1=C(Br)C=C(I)C=C1', 'OC1=C(Cl)C=C(I)C=C1I', 'ONC(=O)C1=CC(I)=CC=C1', 'IC1=CC(I)=CC(I)=C1', 'FC(F)(F)C1=CC=C(Br)C=C1I', 'FC1=CC(I)=C(Cl)C=C1', 'OC(=O)C1=C(I)C=CC(Br)=C1F', 'COC1=C(I)C=C(C=C1I)C(F)(F)F', 'ClCC(=O)NC1=CC=CC=C1I', 'CC(C)(C)OC(=O)N[C@@H](CC1=CC=C(I)C=C1)C(O)=O']"
8,"[2.9940250755705993, 2.534310221766964]",2.1426030673374403,"['CC(C)(C)OC(=O)C1=CC(Br)=CC(I)=C1', 'BrC1=C(C=CC(I)=C1)C#N']","['CC(C)(C)OC(=O)N[C@@H](CC1=CC(I)=CC=C1)C(O)=O', 'CCOC(=O)C1=CC(I)=CC(Br)=C1', 'NC1=C(Cl)C=C(I)C=C1Cl', 'IC1=CC(=CC(=C1)C1=CC=CC=C1)C1=CC=CC=C1', 'CC(=O)C1=CC(Br)=CC(I)=C1', 'IC1=CC=C(OC2=NC=CC=N2)C=C1', 'CC(=O)C1=C(Br)C=CC(I)=C1', 'COC(=O)C1=CC(OC)=CC(I)=C1', 'IC1=CC=CC(=C1)N=C=S', 'CC1=C(C=C(I)C=C1Cl)C(O)=O', 'CC(C)C1=CC(I)=CC(C(C)C)=C1O', 'COC(=O)C1=CC(I)=CC=C1Br', 'OC(=O)C1=C(Br)C=C(I)C=C1', 'FC(F)(F)C(=O)CC1=CC=C(I)C=C1', 'CC(C)(C)NC(=O)C1=CC=CC(I)=C1', 'COC(=O)C1=CC(I)=CC(O)=C1', 'OC(=O)C1=CC(=CC=C1)C1=CC=C(I)C=C1', 'CCOC(=O)COC1=CC=CC=C1I', 'CCOC(=O)C1=CC(OC)=CC(I)=C1', 'OC(=O)C1=CC(I)=CC=C1Br', 'CC(C)(C)OC(=O)NCC1=CC=CC=C1I', 'COC(=O)C1=CC(I)=CC(Br)=C1', 'IC1=CC=CC(OC2=NC=CC=N2)=C1', 'OC(=O)C1=CC(Br)=CC(I)=C1', 'COC(=O)C1=C(Cl)C=CC(I)=C1', 'CC(C)(C)OC(=O)N[C@H](CC1=CC(I)=CC=C1)C(O)=O', 'COC(=O)C1=C(I)C=CC(C)=C1', 'COC1=CC=C(COC2=CC=C(I)C=C2)C=C1', 'COC1=CC(=CC(I)=C1)C(O)=O', 'CC1(C)OB(OC1(C)C)C1=CC(O)=CC=C1I', 'CN(C)C1=C(Br)C=C(I)C=C1', 'BrC1=CN=C(OC2=CC=C(I)C=C2)N=C1', 'IC1=CC=C(C=C1)S(=O)(=O)N1CCCC1', 'CC(C)(C)OC(=O)NC(CC1=CC(I)=CC=C1F)C(O)=O', 'FS(F)(F)(F)(F)C1=CC=CC(I)=C1', 'BrC1=CC(C=O)=CC(I)=C1']"
9,"[1.3846013470731064, 3.205171894851396]",2.205696377664737,"['BrC1=CC=C(C=C1)C(=O)C1=CC=C(I)C=C1', 'BrC1=CC2=CC=C(I)C=C2C=C1']","['IC1=CC=C(C=C1)C(=O)C1=CC=CC=C1', 'COC(=O)C1=CC=C(I)C=C1OC', 'BrC1=C(C=O)C=C(I)C=C1', 'CC(C)NC(=O)C1=CC=C(I)C=C1', 'CCCNC(=O)C1=CC=C(I)C=C1', 'BrC1=CC(I)=CC(=C1)C#N', 'CCOC(=O)CC(=O)C1=CC=CC(I)=C1', 'FC1=CC=C(C=C1)C(=O)C1=CC=C(I)C=C1', 'CNC(=O)C1=C(F)C=C(I)C=C1', 'FC1=CC=C(C=C1)C(=O)C1=C(Cl)C=CC(I)=C1', 'COC(=O)C1=CC(I)=CC(F)=C1', 'CC(=O)C1=CC(I)=CC=C1', 'OC(=O)C1=CC(Cl)=CC(I)=C1', 'OC(=O)C1=C(C=C(I)C=C1)C(O)=O', 'OC(=O)C1=CC(I)=CC(O)=C1', 'IC1=CC=CC(=C1)C(=O)C1=CC=CC=C1', 'OC(=O)C1=C(C=C(I)C=C1)C(F)(F)F', 'CC(C)(C)OC(=O)C1=CC=C(I)C=C1', 'IC1=CC=C(C=C1)C(=O)NC1CC1', 'COC1=C(C=CC(I)=C1)C(O)=O', 'ONC(=O)C1=CC=C(I)C=C1', 'BrC1=CC(I)=CC=C1C=O', 'OC(=O)C1=CC(I)=CC=C1Cl', 'CCC(=O)C1=CC=C(I)C=C1', 'OC(=O)C1=C(Cl)C=C(I)C=C1', 'IC1=CC=C(C=C1)C(=O)NCC1CC1', 'COC(=O)C1=CC=C(I)C=C1C(=O)OC', 'CCOC(=O)CC(=O)C1=CC=C(I)C=C1', 'BrCC(=O)C1=CC=C(I)C=C1', 'IC1=CC=C(C=C1)C(=O)CCCC#N', 'OC(=O)CCC(=O)C1=CC=C(I)C=C1', 'COC(=O)C1=CC(Cl)=CC(I)=C1', 'BrCC(=O)C1=CC(I)=CC=C1', 'IC1=CC(C=O)=CC(I)=C1']"
