,obj_values ['rate'],Vendi_score,eval_samples,cut_samples
0,"[1.3386517843221137, 1.7170712448710619]",1.3231800109054772,"['ClC1=C(Br)C=C(I)C=C1', 'ClCC(=O)NC1=CC=CC=C1I']",[]
1,"[1.4230944489022817, 1.7534505632768638]",1.404792756779094,"['COC(=O)C1=CC(I)=C(N)C(Br)=C1', 'NC1=C(I)C=C(Br)C=C1F']","['OC1=C(Br)C=C(I)C=C1', 'ClCC1=CC(Br)=CC=C1I', 'FC(F)(F)OC1=CC=C(I)C=C1', 'CC(C)C1=CC(I)=CC(Br)=C1', 'FC1=CC(I)=C(NC(=O)CCl)C=C1', 'OC(=O)COC1=C(I)C=C(Cl)C=C1', 'CC1=C(I)C=C(CBr)C=C1', 'CC1=C(Br)C=CC(I)=C1', 'FC(F)C1=CC(Br)=CC(I)=C1', 'FC(F)(F)C1=C(Cl)C=CC(I)=C1', 'BrC1=CC=CC(I)=C1', 'OC(=O)C1=C(Br)C=CC=C1I', 'CC1=C(Cl)C=C(I)C=C1Cl', 'CC1=C(Cl)C=C(I)C=C1', 'CC1=C(I)C=C(F)C(Br)=C1', 'CC(C)(C)C1=CC(I)=CC(Br)=C1', 'NC(=O)C1=C(Br)C=C(I)C=C1', 'BrCC1=CC=C(I)C=C1', 'CC1=CC(I)=CC(C)=C1Br', 'FC(F)(F)C(=O)NC1=CC(I)=CC=C1', 'FC(F)(F)C1=C(Br)C=CC(I)=C1', 'ClC1=C(Cl)C=C(I)C=C1', 'COC1=C(Br)C=CC(I)=C1', 'ClC1=C(CBr)C=CC(I)=C1', 'ClC1=CC(I)=CC=C1Br', 'SC1=CC=C(I)C=C1Cl', 'ClC1=CC(Br)=CC(I)=C1', 'OB(O)C1=CC(Br)=CC(I)=C1', 'FC(F)(F)OC1=CC=C(I)C=C1Br', 'FC1=CC(I)=CC(Br)=C1', 'BrC1=CC=C(I)C=C1', 'OCC1=CC(Br)=CC(I)=C1', 'CS(=O)(=O)NC1=CC=C(I)C=C1F', 'CC1=C(Br)C(F)=CC(I)=C1', 'CC1=CC(Br)=C(C)C=C1I', 'NCC1=C(I)C=CC(Br)=C1', 'CC1=CC=C(I)C=C1Br', 'BrC1=C(CC#N)C=C(I)C=C1', 'FC1=C(Cl)C=C(I)C=C1Cl', 'FC(F)OC1=CC=C(I)C=C1', 'FC(F)(F)OC1=C(Cl)C=C(I)C=C1', 'FC(F)(F)C1=CC(Br)=CC(I)=C1', 'OCC1=C(Cl)C=C(I)C=C1Cl', 'ClC1=CC=C(I)C=C1CBr', 'CC1=CC(Br)=CC(I)=C1', 'OCC1=CC(I)=CC(Cl)=C1', 'FC(F)C1=C(Br)C=CC(I)=C1', 'FC(F)(F)C(=O)NC1=CC=C(I)C=C1', 'CC1=C(I)C=C(Br)C=C1', 'IC1=CC=CC=C1N=C=O', 'FC1=CC(I)=CC=C1CBr', 'FC(F)C(F)(F)OC1=CC=C(I)C=C1']"
2,"[2.005785483409443, 1.289635948675417]",1.5004307966358137,"['NC1=C(I)C=C(F)C=C1', 'NC1=C(I)C=C(F)C(F)=C1']","['OC1=CC(F)=C(Cl)C=C1I', 'OC1=C(I)C=C(I)C=C1', 'NC1=C(Cl)C=C(I)C=C1Cl', 'CS(=O)(=O)NC1=CC=C(I)C=C1', 'OC1=CC(=CC=C1I)C(=O)N1CCOCC1', 'FC(F)OC1=CC=CC=C1I', 'CC1=CC(Cl)=CC(I)=C1N', 'OCC1=C(I)C=C(C=C1)C(F)(F)F', 'CCOC1=C(I)C=CC=C1', 'CCNC(=O)C1=CC(Br)=CC=C1I', 'COC1=C(Br)C=C(N)C(I)=C1', 'CC(=O)NC1=C(Cl)C=C(I)C=C1', 'IC1=C(C=CC=C1)N=C=S', 'OC1=CC=C(I)C=C1C(F)(F)F', 'NC(=O)C1=CC(O)=C(I)C=C1', 'CCN(CC)C(=O)C1=CC(O)=C(I)C=C1', 'BrC1=CC=C(C=C1)C1=CC=CC(I)=C1', 'ClC1=CC=C(OC2=CC=C(I)C=C2)C=C1', 'COC1=C(I)C=C(Br)C=C1F', 'NC1=C(Br)C=C(I)C=C1', 'ClC1=CC=C(OC2=CC=C(I)C=C2)C=C1Cl', 'NC1=C(I)C=C(C=C1F)C(F)(F)F', 'COC(=O)C1=CC(I)=C(O)C=C1', 'COC1=C(I)C=C(C=C1)C(O)=O', 'COC1=CC=C(I)C(C(O)=O)=C1F', 'NC1=C(I)C=C(Cl)C(F)=C1', 'NC1=C(I)C=C(OC(F)(F)F)C=C1', 'COCOC1=C(I)C=CC=C1F', 'COC(=O)CCC1=CC(I)=C(O)C=C1', 'COC1=C(F)C=CC=C1I', 'NC1=CC=C(C=C1I)C(F)(F)F', 'OC1=C(I)C=C(Cl)C=C1I', 'COC1=CC=C(C=C1I)C(F)(F)F', 'CC(=O)NC1=C(C=C(I)C=C1)C(F)(F)F', 'CC(=O)NC1=C(OC(F)(F)F)C=C(I)C=C1', 'NC1=C(F)C(F)=C(Br)C=C1I', 'CN(C)C1=C(Br)C=C(I)C=C1', 'OC1=C(Cl)C=C(Br)C=C1I', 'ClCC(=O)NC1=CC=C(I)C=C1', 'CC1=C(I)C=CC(Cl)=C1', 'OC1=CC(Br)=CC(I)=C1', 'BrC1=CC=CC(=C1)C1=CC=C(I)C=C1', 'CC1=CC(I)=C(O)C=C1Cl', 'SC1=CC(Cl)=CC=C1I', 'OC(=O)COC1=CC=C(I)C=C1', 'CCOC(=O)COC1=CC=CC=C1I', 'CCOC(=O)C1=CC(I)=C(OC)C=C1', 'NC1=CC(Br)=C(Cl)C=C1I', 'OC1=CC=C(OC(F)(F)F)C=C1I']"
3,"[2.583061603753716, 2.483667661052211]",1.6651776558759142,"['COC1=C(N)C=C(I)C=C1', 'NC1=CC=CC(I)=C1']","['COC(=O)COC1=CC=C(I)C=C1', 'COC1=C(C)C=C(I)C=C1', 'CCOC1=CC=C(I)C=C1', 'CC(=O)OC1=CC=C(I)C=C1', 'COC1=C(Cl)C=CC(I)=C1', 'IC1=CC=C(C=C1)N1C=CC=N1', 'CC(OC1=CC=C(I)C=C1)C(C)=O', 'IC1=CC=C(C=C1)N=C=O', 'IC1=CC=C(OCC#N)C=C1', 'COC1=C(O)C=CC(I)=C1', 'CC1=CC(N)=C(I)C=C1C', 'COC1=CC=C(OC)C(I)=C1', 'COC1=C(F)C=CC(I)=C1', 'IC1=CC=C(OCC2CC2)C=C1', 'COC1=CC=CC(I)=C1OC', 'CC1=C(N)C(I)=CC=C1', 'OC1=C(Cl)C=CC(I)=C1', 'CSC1=CC=C(I)C=C1', 'CCCCOC1=CC=C(I)C=C1', 'NC1=CC(F)=C(C=C1I)C#N', 'OC1=C(F)C=C(I)C=C1', 'COC1=CC(CO)=CC(I)=C1O', 'NC1=C(C=C(I)C=C1)C(F)(F)F', 'NC1(CC1)C1=CC=C(I)C=C1', 'CC1=CC=C(I)C=C1F', 'OC1=C(F)C=C(I)C=C1F', 'CC1=C(C=C(I)C(N)=C1)C#N', 'CCC1=C(I)C=CC(O)=C1', 'OC(=O)CCCOC1=CC=C(I)C=C1', 'IC1=CC=C(C=C1)N1C=CC=C1', 'CC1=CC(I)=C(CO)C=C1C', 'CC1=C(O)C=CC(I)=C1', 'OC1=C(O)C(I)=CC=C1', 'COC1=C(F)C=C(I)C=C1F', 'COC1=C(F)C=C(I)C=C1', 'OC1=C(F)C=CC(I)=C1', 'OCC1=C(O)C=CC(I)=C1', 'OC1=CC=C(C=C1I)C#N', 'OC1=CC(I)=C(O)C=C1I', 'CS(=O)(=O)NC1=CC=CC=C1I', 'NCCOC1=CC=C(I)C=C1', 'COC1=C(I)C=C(O)C=C1', 'CC(C)OC1=CC=C(I)C=C1', 'NC1=C(OC(F)(F)F)C=C(I)C=C1', 'COC1=C(I)C=CC(=C1)C(C)C', 'OC1=CC=C(OC2=CC=C(I)C=C2)C=C1', 'COC1=CC(B(O)O)=C(I)C=C1']"
4,"[1.8859818058768292, 1.8931948549431095]",1.7682823368665919,"['CCN(CC)CC1=CC(I)=CC=C1', 'IC1=CC=CC(=C1)N1CCCCC1']","['IC1=CC=C(C=C)C=C1', 'OC(=O)COC1=CC=CC(I)=C1', 'CC1=C(O)C=C(I)C=C1', 'NC(=O)NC1=CC(I)=CC=C1', 'NC1=CC(I)=CC(F)=C1', 'IC1=CC(OC2=CC=CC=C2)=CC=C1', 'FC1=C2C=CC=CC2=CC(I)=C1', 'FC1=CC=C(OC2=CC=CC(I)=C2)C=C1', 'COCCOC1=CC(I)=CC=C1', 'IC1=CC=C(C=C1)C1=CC=CC=C1', 'CC1=CC(I)=CC=C1Cl', 'OCC1=CC=C(I)C=C1O', 'IC1=CC=CC(=C1)C1=CC=CC=C1', 'NC1=C(O)C=C(I)C=C1', 'IC1=CC=CC(CNC2CC2)=C1', 'OC1=CC=C(C=C1)C1=CC=C(I)C=C1', 'NC1=C(N)C=C(I)C=C1', 'OC(=O)CC1=CC=C(I)C=C1', 'CC(=C)C1=CC=C(I)C=C1', 'IC1=CC=C(CC#C)C=C1', 'COC1=CC(Cl)=CC(I)=C1', 'CC(N)C1=CC=C(I)C=C1', 'NC1=CC(I)=CC=C1O', 'CNC1=CC(I)=CC=C1', 'NC1=CC(Cl)=CC(I)=C1', 'CCOC1=CC=CC(I)=C1', 'ClCC(=O)NC1=CC(I)=CC=C1', 'CNC1=CC=C(I)C=C1', 'COC1=CC(I)=CC=C1CO', 'IC1=CC=CC(C=C)=C1', 'OCCC1=CC=C(I)C=C1', 'IC1=CC=CC(=C1)N=C=O', 'CC1=C(I)C=C(Cl)C=C1N', 'NC1=C(F)C=CC(I)=C1', 'NNC(=O)CNC1=CC=C(I)C=C1', 'IC1=CC=C(C=C1)N1CCC(=O)NC1=O', 'IC1=CC=CC(OCC#C)=C1', 'NC(=O)CC1=CC=C(I)C=C1', 'OC(=O)CNC1=CC=C(I)C=C1', 'CC(O)C1=CC=C(I)C=C1', 'COC1=C(N)C=CC(I)=C1', 'CC(C)C1=CC=C(I)C=C1', 'NCCC1=CC=C(I)C=C1', 'C[C@H](O)C1=CC=C(I)C=C1']"
5,"[3.8473120184418352, 2.1606650030745747]",1.8040747556107155,"['CC1=CC=CC(I)=C1', 'CC(C)C1=CC=CC(I)=C1']","['ClC1=CC=C(C=C1)C1=CC=C(I)C=C1', 'COC1=CC(=CC(I)=C1)C(F)(F)F', 'CC(C)(C)OC(=O)NC1=CC=C(I)C=C1F', 'CC(C)C1=CC(I)=CC(C(C)C)=C1O', 'CC(C)(C)C1=C(N)C=CC(I)=C1', 'CC1=CC=C(C=C1)C1=CC=C(I)C=C1', 'OC1=CC(I)=CC(O)=C1', 'FC1=CC(I)=CC=C1NC(=O)NC1CC1', 'CCCCCC1=CC=C(I)C=C1', 'IC1=CC=C(C=C1)N1CCCCC1', 'IC1=CC=C(C=C1)N1CCNCC1', 'OC[C@H]1CN(C(=O)O1)C1=CC=C(I)C=C1', 'COC(=O)CCC1=CC=C(I)C=C1', 'NC1=C(OC2=CC(I)=CC=C2)C=CC=C1', 'CS(=O)(=O)NC1=CC(I)=CC=C1', 'CCCCC1=CC=C(I)C=C1', 'OC(=O)CCCCC1=CC=C(I)C=C1', 'COC(=O)CC1=CC=CC(I)=C1', 'CN(C)CCOC1=CC=CC(I)=C1', 'CC(=O)CC(=O)NC1=CC=C(I)C=C1', 'COC1=CC(F)=CC(I)=C1', 'CC(C)(C)OC(=O)NC1=C(N)C=C(I)C=C1', 'CC(C)(C)OC(=O)NC1=CC(I)=CC=C1', 'OC(=O)CCCC1=CC=C(I)C=C1', 'IC1=CC=C(C=C1)C#C', 'IC1=CC=C(CN2CCCCC2)C=C1', 'CC(C)(C)C1=CC=C(I)C=C1', 'CC(C)(C)OC(=O)NC1=CC=C(I)C=C1', 'FC(F)OC1=CC(I)=CC=C1', 'OC(=O)CC1=CC=CC(I)=C1', 'COC1=CC(Br)=CC(I)=C1', 'IC1=CC=C(CN2C=CN=C2)C=C1', 'CN(C)C1=CC(F)=CC(I)=C1', 'ClC1=CC=C(COC2=CC=C(I)C=C2)C=C1', 'COC(=O)C1=C(I)C=CC=C1OC', 'OC(=O)CCC1=CC(I)=CC=C1', 'CC(=O)NC1=CC(I)=C(C)C=C1', 'CC(C)CC1=CC=C(I)C=C1', 'IC1=CC=C(C=C1)N1CCOCC1', 'CC(=O)SCC1=CC(I)=CC=C1', 'CNC1=CC=C(I)C=C1C', 'OC(=O)C1(CC1)C1=CC=C(I)C=C1']"
6,"[2.626504030750194, 2.727365127435091]",1.8951986924176965,"['FC1=CC(I)=CC(F)=C1', 'OC(=O)C1=CC=C(I)C=C1']","['IC1=CC(CC#N)=CC=C1', 'NCC1(CCCC1)C1=CC=C(I)C=C1', 'CON(C)C(=O)C1=CC=C(I)C=C1', 'IC1=CC=C(CC(=O)N2CCOCC2)C=C1', 'CC1=CC=C(I)C(C(O)=O)=C1F', 'OCC1=CC(I)=CC(F)=C1', 'CC1=C(F)C=CC=C1I', 'NCC1=CC=CC=C1I', 'IC1=CC=C(OC2=CC=C(C=C2)C#N)C=C1', 'NNC(=O)C1=CC=C(I)C=C1', 'COC(=O)C1=CC=C(I)C=C1C', 'ClC1=CC=C(I)C=C1', 'FC(F)C1=CC=C(I)C=C1', 'CC1=CC(I)=CC(F)=C1', 'IC1=CC=C(C=C1)C(=O)N1CCCC1', 'OCC1=C(Cl)C=CC=C1I', 'CN(C)C(=O)C1=CC(I)=CC=C1', 'IC1=CC=C(C=C1)C1(CC1)C#N', 'CC(=O)OC1=CC=CC(I)=C1', 'CC1(C)COB(OC1)C1=CC=C(I)C=C1', 'CC(C)(C)OC(=O)CC1=CC(I)=CC=C1', 'OC(C1=CC=CC=C1)C1=CC(I)=CC=C1', 'IC1=CC=CC(=C1)C(=O)N1CCOCC1', 'CC1=CC(Cl)=CC(I)=C1', 'FC(F)C1=CC(I)=CC=C1', 'OCC1=CC=CC=C1I', 'NC(CC1=CC=CC(I)=C1)C(O)=O', 'FC1=CC(I)=CC=C1CC#N', 'OB(O)C1=CC=C(I)C=C1', 'COC1=C(C(O)=O)C(I)=CC=C1', 'NC(=O)C1=CN=C(OC2=CC=C(I)C=C2)C=C1', 'IC1=CC(CC2=CC=CC=C2)=CC=C1', 'CC(C)NC(=O)CC1=CC=C(I)C=C1', 'IC1=CC=C(C=C1)C(=O)N1CCOCC1', 'IC1=CC=C(CC(=O)N2CCCC2)C=C1', 'FC1=CC(I)=CC=C1', 'CCOC(=O)CC1=CC(I)=CC=C1', 'IC1=CC=CC(=C1)C(=O)N1CCCC1', 'IC1=CC=C(CC(=O)N[C@H]2CCOC2=O)C=C1', 'CC1=C(I)C=C(C=C1)C(F)(F)F']"
7,"[1.8002786936086466, 2.897003728518969]",2.060918470105864,"['CC(C)C1=C(I)C=CC=C1', 'IC1=CC=C(C=O)C=C1']","['CS(=O)(=O)C1=CC=C(I)C=C1', 'FC(F)(F)C(F)(C1=CC=C(I)C=C1)C(F)(F)F', 'NS(=O)(=O)C1=CC=C(I)C=C1', 'OC(=O)C1=C(I)C=CC=C1Cl', 'COC(=O)C1=C(Cl)C=C(I)C=C1', 'COC(=O)C1=C(I)C=CC=C1Cl', 'NC1=CC(I)=CC(I)=C1', 'COC(=O)C1=C(I)C=C(OC)C(OC)=C1', 'OC(=O)C1=C(I)C=CC=C1F', 'FC1=CC(I)=CC(F)=C1Br', 'CS(=O)(=O)C1=CC=CC(I)=C1', 'CC1=C(C=CC(I)=C1)C#N', 'COC(=O)C1=C(I)C=CC=C1F', 'FC(F)(F)C1=CC(Cl)=CC(I)=C1', 'CC1=CC(I)=CC(I)=C1', 'ClC1=CC(I)=CC(Cl)=C1', 'NS(=O)(=O)C1=CC=CC(I)=C1', 'OCC1=CC(I)=CC(I)=C1', 'OS(=O)(=O)C1=CC=C(I)C=C1', 'CNS(=O)(=O)C1=CC=C(I)C=C1', 'COC(=O)C1=CC(C)=C(I)C=C1', 'CN(C)S(=O)(=O)C1=CC=C(I)C=C1', 'COC1=CC(I)=CC=C1I', 'CCOC(=O)C1=C(I)C=CC=C1F', 'NNS(=O)(=O)C1=CC=C(I)C=C1', 'CC1(C)OB(OC1(C)C)C1=CC(I)=CC=C1', 'IC1=CC=C(CC(=O)N2CCCCC2)C=C1', 'FC1=CC(I)=CC=C1C(F)(F)F', 'IC1=CC=C(C=C1)N1C=NN=N1', 'CC1CC(C)(C)OB(O1)C1=CC=C(I)C=C1', 'CC1=C(F)C=C(F)C=C1I', 'FC1=CC(=CC(I)=C1)C(F)(F)F', 'CCOC(=O)C1=C(Cl)C=C(I)C=C1', 'CNC(=O)C1=CC=CC=C1I', 'IC1=CC(I)=CC=C1', 'OS(=O)(=O)C1=CC=CC(I)=C1', 'FS(F)(F)(F)(F)C1=CC=C(I)C=C1']"
8,"[1.4923453316758004, 2.4647167674177073]",2.1890122479539604,"['IC1=CC=CC(=C1)C#N', 'IC1=CC(C=O)=CC=C1']","['COC(OC)C1=C(I)C=CC=C1', 'FC1=CC=CC(I)=C1CBr', 'CCOC(=O)CC1=C(I)C=CC=C1', 'OC1=C(F)C=C(I)C=C1I', 'FC(F)(F)C1=CC=C(I)C=C1Br', 'COC1=C(I)C=C(N)C=C1I', 'CC1=C(N=NN1C1=CC=C(I)C=C1)C(O)=O', 'OC(=O)C1=CC(I)=CC(I)=C1', 'CC1=C(I)C=C(C=C1)C#N', 'CCNS(=O)(=O)C1=CC=C(I)C=C1', 'OC(=O)CC1=C(I)C=C(Cl)C=C1', 'SCCC1=CC=CC=C1I', 'NC1=CC=C(I)C2=CC=CC=C12', 'OC(=O)C1=C(I)C=CC(F)=C1Cl', 'COC(=O)C1=C(C)C(I)=CC=C1', 'ClC1=CC=C(I)C=C1I', 'CC1(C)OB(OC1(C)C)C1=CC(O)=CC=C1I', 'ONC(=O)C1=CC(I)=CC=C1', 'OC(=O)C1=CC=C(I)C(O)=C1', 'OC(=O)C1=C(Cl)C=C(I)C=C1Cl', 'IC1=CC=CC=C1[N+]#[C-]', 'CC(C)(C)NC(=O)C1=CC=CC=C1I', 'CC(Br)C(=O)N(C)C1=CC=C(I)C=C1', 'CCCNC(=O)C1=CC=CC=C1I', 'CNC(=O)C1=CC=CC(I)=C1', 'COC(=O)C1=C(C)C(Cl)=CC(I)=C1', 'IC1=CC=CC(=C1)C(=O)NC1CC1', 'ClCC1=CC(I)=C(CCl)C=C1', 'CC(C)NC(=O)C1=CC=CC(I)=C1', 'NC(=O)C1=CC(I)=CC=C1', 'NC1=CC(I)=CC(=C1)C(O)=O', 'COC1=CC=C(COC2=CC=C(I)C=C2)C=C1', 'CCCNC(=O)C1=CC=CC(I)=C1', 'CC1=CC(=CC=C1I)C#N', 'CCOC(=O)C1=CC=C(I)C=C1F', 'IC1=CC=C(OC2=CC=C(I)C=C2)C=C1']"
9,"[3.621671409253185, 2.7341958355838423]",2.2997259463189246,"['OC1=CC(I)=CC=C1N(=O)=O', 'COC(=O)C1=C(O)C=C(I)C=C1']","['CCC1=CC=C(I)C=C1C(O)=O', 'CC(=O)C1=CC=C(I)C=C1', 'COC(=O)C1=CC(I)=CC(O)=C1', 'COC(=O)C1=CC(I)=CC(N)=C1', 'CCOC(=O)C1=CC=CC=C1I', 'FC(F)(F)C1=CC(I)=CC=C1I', 'CC1=CC(=CC(I)=C1)C(O)=O', 'COC1=CC(=CC(I)=C1)C(O)=O', 'OC(=O)C1=CC(I)=CC(O)=C1', 'CCOC(=O)C1=C(I)C=CC(C)=C1', 'FC(F)(F)C(=O)CC1=CC=C(I)C=C1', 'IC1=CC(=CC=C1)C(=O)NCC1=CC=CC=C1', 'OC(=O)C1=CC=C(I)C=C1O', 'COC(=O)C1=CC=C(I)C(O)=C1', 'CC1=CC=C(I)C=C1C=O', 'COC(=O)C1=C(Cl)C=CC(I)=C1', 'CC(C)(C)NC(=O)C1=CC=CC(I)=C1', 'ONC(=O)C1=CC=C(I)C=C1', 'ClC1=CC=C(I)C=C1C=O', 'IC1=CC=CC(OC2=NC=CC=N2)=C1', 'COC1=C(C=CC(I)=C1)C(O)=O', 'CC(=O)C1=CC(I)=CC=C1', 'COC(=O)C1=C(I)C=CC(C)=C1', 'COC(=O)C1=CC(OC)=CC(I)=C1', 'CCC(=O)C1=CC=C(I)C=C1', 'FC1=CC(I)=CC(C=O)=C1', 'IC1=CC=C(OC2=NC=CC=N2)C=C1', 'COC(=O)C1=C(I)C=CC(O)=C1', 'IC1=CC=CC(=C1)N=C=S', 'OCC(=O)C1=CC=C(I)C=C1', 'OC1=C(Cl)C=C(I)C=C1I', 'CCOC(=O)C1=CC(OC)=CC(I)=C1', 'COC(=O)C1=CC=C(I)C=C1OC', 'CC1=C(C=C(I)C=C1Cl)C(O)=O']"
