,obj_values ['rate'],Vendi_score,eval_samples,cut_samples
0,"[1.8118252749162496, 2.2356258949979093]",1.521408797134837,"['CC1=CC(N)=C(I)C=C1C', 'COC1=CC(C=O)=C(OC)C=C1I']",[]
1,"[1.8898688269871382, 2.4472400571232678]",1.8964879317418524,"['CCOC(=O)C1=CC(F)=C(I)C=C1', 'CC1=CC(=C(N)C=C1I)N(=O)=O']","['COC1=CC(CO)=CC(I)=C1O', 'COC1=C(I)C=CC(C=O)=C1', 'COC1=C(OCC=C)C(I)=CC(C=O)=C1', 'CCOC1=C(I)C=CC=C1', 'COC1=CC(I)=C(OC)C=C1I', 'CCC1=C(I)C=CC(O)=C1', 'OC1=CC2=C(C=CC=C2I)C=C1', 'OC1=C(O)C(I)=CC=C1', 'NC1=CC=C(C=C1I)C(F)(F)F', 'FC1=CC(I)=C(NC(=O)CCl)C=C1', 'NC1=CC=C(I)C2=CC=CC=C12', 'CC1=C(C=C(I)C(N)=C1)C#N', 'COC1=CC(=CC=C1I)C(O)=O', 'NC1=C(I)C=C(C=C1F)C(F)(F)F', 'NC1=C(I)C=C(OC(F)(F)F)C=C1', 'COC1=CC=CC(I)=C1OC', 'NC1=C(I)C=C(Br)C=C1F', 'CC(=O)C1=CC=C(N)C(I)=C1', 'COC1=C(I)C=CC(=C1)C(C)C', 'OC(=O)C1=CC=C(I)C(O)=C1', 'CC1=CC(Cl)=CC(I)=C1N', 'COC(=O)C1=CC=C(I)C(O)=C1', 'COC1=CC2=CC=CC=C2C=C1I', 'CCN(CC)C(=O)C1=CC(O)=C(I)C=C1', 'OC1=CC=C(OC(F)(F)F)C=C1I', 'OC1=CC2=C(C=CC=C2)C(I)=C1', 'NC1=C(I)C=C(Cl)C(F)=C1', 'CC1=CC(I)=C(O)C(=C1)C(O)=O', 'ClCC(=O)NC1=CC=CC=C1I', 'NC(=O)C1=CC(O)=C(I)C=C1', 'COC(=O)C1=C(N)C(I)=CC(Cl)=C1', 'CC1=C(I)C=C(Cl)C=C1N', 'COC(=O)C1=C(Cl)C(O)=C(I)C=C1', 'CC1=CC(I)=C(O)C=C1Cl', 'COC(=O)C1=C(N)C(I)=CC(=C1)C(F)(F)F', 'COC1=C(OC)C(I)=CC(C=O)=C1', 'CC1=C(N)C(I)=CC=C1', 'NC1=CC(I)=C(O)C=C1', 'COC1=CC=C(OC)C(I)=C1', 'OC1=CC=C(C=C1I)C1=CC=C(C=C1)C#N', 'COC(=O)C1=C(N)C(I)=CC(F)=C1', 'COC(=O)CCC1=CC(I)=C(O)C=C1', 'COC(=O)C1=CC(I)=C(O)C=C1', 'OC1=C(I)C=C(I)C=C1', 'OC1=CC(I)=C(O)C=C1I', 'CCOC(=O)COC1=CC=CC=C1I', 'COC1=C(I)C=C(N)C=C1I', 'NC1=C(I)C=C(F)C(F)=C1', 'COC1=C(Br)C=C(N)C(I)=C1', 'OC1=C(I)C=C(Cl)C=C1I', 'COC1=C(I)C=C(O)C=C1', 'NC1=C(I)C=C(F)C=C1']"
2,"[2.5711253844266295, 1.7043210992875184]",2.0556803849007315,"['CC1=CC=C(C(O)=O)C(I)=C1', 'OC(=O)C1=C(I)C=C(C=C1)C#N']","['COC(=O)C1=C(F)C(I)=CC=C1', 'COC(=O)C1=C(O)C(I)=CC(Br)=C1', 'CC(=O)C1=C(F)C(I)=CC=C1F', 'COC1=C(I)C=CC(=C1)N(=O)=O', 'OC(=O)\\C=C\\C1=CC=C(I)C=C1', 'IC1=CC2=C(C=CC=C2)C2=C1C=CC=C2', 'CC1=CC=C(C=O)C=C1I', 'CC1=C(I)C=C(C=C1F)C(O)=O', 'OC1=C(I)C=CC(=C1)N(=O)=O', 'NC1=CC(I)=CC(=C1)C(O)=O', 'OC(=O)C1=CC=CC(I)=C1F', 'CC1=C(I)C=CC=C1N(=O)=O', 'COC(=O)C1=CC(I)=CC(O)=C1', 'COC(=O)C1=CC(OC)=CC(I)=C1', 'OC(=O)C1=CC(OC(F)(F)F)=C(I)C=C1', 'FC1=C(C=O)C=CC=C1I', 'CC1=C(Cl)C=C(I)C(O)=C1I', 'OC1=C(C=O)C(I)=CC=C1', 'CC1=C(C)C=C(C=O)C(I)=C1', 'FC1=C(I)C=CC(C=O)=C1', 'COC1=CC(C=O)=C(I)C=C1', 'CC1=CC(C=O)=C(C)C=C1I', 'CCOC(=O)C1=CC(OC)=CC(I)=C1', 'CC1=CC(I)=C(C=O)C=C1', 'OC(=O)C1=CC(I)=C(C=C1)N1C=CC=N1', 'IC1=CC=C(C=C1)C1=CC=C(O1)C=O', 'CC1=C(I)C=CC=C1C=O', 'CC(=O)C1=C(I)C=CC(F)=C1', 'CC1=CC=C(I)C=C1C=O', 'CC(=O)C1=CC=C(I)C(F)=C1F', 'COC1=CC=CC(C(O)=O)=C1I', 'COC(=O)C1=C(I)C=CC(O)=C1', 'CC1=CC(C=O)=C(I)C=C1', 'CC1=CC(I)=C(C)C=C1N(=O)=O', 'COC(=O)C1=C(I)C=CC(C)=C1', 'CC1=C(C=C(Cl)C=C1I)C(O)=O', 'ONC(=O)C1=CC=C(I)C=C1', 'FC1=CC(C=O)=C(I)C=C1', 'COC1=CC(=CC(I)=C1)C(O)=O', 'IC1=CC=C(OC2=C(C=O)C=CC=C2)C=C1', 'CC1=CC=C(I)C(C)=C1N(=O)=O', 'OC(=O)C1=CC=C(I)C(F)=C1', 'COC(=O)C1=C(Cl)C=C(C)C(I)=C1', 'COC1=CC(I)=C(C=O)C=C1', 'COC1=CC(I)=C(C=O)C=C1OC', 'COC(=O)C1=CC(I)=CC(N)=C1', 'OC1=C(C=O)C=C(OC(F)(F)F)C=C1I', 'NC(=O)C1=CC(F)=C(I)C=C1', 'CC1=CC(=CC=C1I)C(O)=O']"
3,"[2.3588493330500397, 2.775536749805446]",2.072378548751338,"['CC1=C(I)C=CC(=C1)N(=O)=O', 'COC1=C(C=O)C=CC(I)=C1']","['COC(=O)C1=CC(=CC=C1I)C(F)(F)F', 'IC1=CC(C=O)=CC=C1C=O', 'CC1=C(F)C=C(C=C1I)C(=O)NC1CC1', 'OC(=O)C1=C(I)C=CC(=C1)C#N', 'OC(=O)C1=C(C=C(I)C=C1)C(F)(F)F', 'FC1=CC=C(C=O)C(I)=C1', 'COC1=C(C=O)C(I)=CC=C1', 'COC(=O)C1=CC=C(I)C(=C1)C(O)=O', 'OC(=O)C1=CC(I)=C(C=C1)C(F)(F)F', 'OC(=O)C1=CC(I)=C(C=C1)C(O)=O', 'ClC1=C(C=O)C(I)=CC=C1', 'BrCC(=O)C1=C(I)C=CC=C1', 'IC1=CC=CC=C1C(=O)CC#N', 'OC(=O)C1=C(I)C=C(C=C1)C(F)(F)F', 'CC(=O)C1=CC(I)=C(C=C1)C(O)=O', 'OC(=O)C1=C(I)C=CC(I)=C1', 'OC(=O)C1=C(O)C=CC=C1I', 'COC(=O)C1=C(C(=O)OC)C(I)=CC=C1', 'FC(F)(F)C1=CC(I)=C(C=C1)C#N', 'OC(=O)C1=CC=CC(I)=C1C(O)=O', 'CC1=C(C=CC=C1I)C#N', 'CCC(=O)C1=CC=C(I)C=C1', 'COC(=O)C1=C(Cl)C=CC(I)=C1', 'ONC(=O)C1=CC(I)=CC=C1', 'COC(=O)C1=CC(I)=CC(F)=C1', 'CC(=O)C1=CC(I)=CC=C1', 'FC(F)(F)C1=CC=C(I)C(C=O)=C1', 'COC(=O)C1=CC=C(I)C(=C1)C(F)(F)F', 'NC1=C(C(O)=O)C(I)=CC=C1', 'OC(=O)C1=CC(I)=CC(O)=C1', 'COC(=O)C1=CC(=CC=C1I)C#N', 'CC1=CC=C(C=C1I)C(O)=O', 'FC1=CC=CC(I)=C1C=O', 'FC(F)(F)C1=CC=C(C=O)C(I)=C1', 'COC(=O)C1=CC(I)=C(C=C1)C(=O)OC', 'COC(=O)C1=C(I)C=C(C=C1)C(O)=O', 'IC1=CC=CC(=C1)N=C=S', 'IC1=C(C=O)C=CC=C1', 'CCOC(=O)C1=C(I)C=CC(Cl)=C1', 'COC(=O)C1=CC=CC=C1I', 'CCOC(=O)C1=C(I)C=CC(C)=C1', 'CC(=O)C1=CC=C(I)C=C1', 'FC1=C(Cl)C=CC(I)=C1C=O', 'CCOC(=O)C1=C(I)C=C(Cl)C=C1', 'OC(=O)C1=C(C=C(I)C=C1)C(O)=O', 'CCOC(=O)C1=CC=CC=C1I', 'COC(=O)C1=CC2=CC=CC=C2C=C1I']"
4,"[2.835056692425329, 1.4993699071466273]",2.2341475122380845,"['COC(=O)C1=CC=C(I)C=C1N', 'CC1=C(C=CC(I)=C1)C#N']","['IC1=CC=CC(=C1)C(=O)CC#N', 'COC(=O)C1=CC(I)=CC(=C1)C(O)=O', 'CC1=C(C=CC(I)=C1)N(=O)=O', 'COC(=O)C1=CC=CC(I)=C1', 'FC(F)(F)C1=C(C=O)C=CC(I)=C1', 'COC1=CC(I)=CC=C1C#N', 'IC1=CC=C(C=C1)C(=O)C1=CC=CC=C1', 'BrC1=C(C=O)C(I)=CC=C1', 'IC1=C(C=CC=C1)C#N', 'FC(F)(F)C(=O)C1=CC=C(I)C=C1', 'IC1=CC=CC(=C1)C(=O)C1=CC=CC=C1', 'CNC(=O)C1=C(F)C=C(I)C=C1', 'FC(F)(F)C1=CC(C=O)=CC(I)=C1', 'COC(=O)C1=CC=C(I)C=C1OC', 'COC1=C(C=CC(I)=C1)N(=O)=O', 'COC(=O)C1=CC(Cl)=CC(I)=C1', 'OCC(=O)C1=CC=C(I)C=C1', 'OC(=O)C1=CC=C(I)C=C1F', 'IC1=CC=C(C=C1)C(=O)C1=CC=CC=N1', 'OC(=O)C1=C(Cl)C=C(I)C=C1', 'IC1=CC=C(C=C1)C(=O)CCCC#N', 'CCOC(=O)CC(=O)C1=CC=CC(I)=C1', 'COC1=C(C=CC(I)=C1)C(O)=O', 'IC1=CC(C=O)=CC(C=O)=C1', 'FC1=C(C=O)C=CC(I)=C1', 'IC1=CC=C(C=C1)C(=O)NC1CC1', 'OC(=O)C1=CC=C(I)C=C1O', 'ClC1=CC=C(I)C=C1C=O', 'OC(=O)C1=CC(Cl)=CC(I)=C1', 'NC(=O)C1=CC(I)=CC=C1', 'ClCC(=O)C1=CC=C(I)C=C1', 'IC1=CC(C=O)=CC=C1', 'CCOC(=O)CC(=O)C1=CC=C(I)C=C1', 'OC(=O)C1=CC(I)=CC=C1Cl', 'IC1=CC=C(C=C1)C(=O)CC#N', 'CC1=C(C=C(I)C=C1)C#N', 'COC(=O)C1=CC=C(I)C=C1C(=O)OC', 'FC1=CC(I)=CC(C=O)=C1', 'IC1=CC=C(C=O)C=C1', 'OC(=O)CCC(=O)C1=CC=C(I)C=C1', 'CC1=CC(=CC(I)=C1)C(O)=O', 'ClC1=CC(I)=C(C=C1)C#N', 'CC1=CC(=CC(I)=C1)C#N', 'COC(=O)C1=C(O)C=C(I)C=C1']"
5,"[1.3961113964211211, 3.504150713837424]",2.343478417572911,"['NC(=O)C1=C(O)C=CC(I)=C1', 'CC(=O)CC1=C(I)C=CC=C1']","['FC(F)(F)C(=O)CC1=CC=C(I)C=C1', 'ClC1=CC=C(C=C1)C(=O)C1=CC=C(I)C=C1', 'OC(=O)C1=C(C=CC(I)=C1)N(=O)=O', 'CC1=C(C=C(I)C=C1Cl)C(O)=O', 'OC(=O)CCCCC(=O)C1=CC=C(I)C=C1', 'FC1=CC(I)=CC(F)=C1C=O', 'ClC1=CC2=C(C=C1)C=C(I)C=C2', 'IC1=CC=C(C=C1)C(=O)NCC1CC1', 'OC(=O)C1=CC(I)=CC(F)=C1F', 'BrCC(=O)C1=CC=C(I)C=C1', 'IC1=CC=C(OC2=NC=CC=N2)C=C1', 'IC1=CC(C=O)=CC(I)=C1', 'CNC(=O)C1=CC=CC(I)=C1', 'COC(=O)C1=CC(I)=CC(F)=C1F', 'CCC1=CC=C(I)C=C1C(O)=O', 'IC1=CC=C(C=C1)C(=O)CC1=CC=CC=C1', 'OC(=O)C1=C(I)C=C(F)C=C1', 'COC(=O)C1=C(C)C(Cl)=CC(I)=C1', 'OC(=O)\\C=C\\C1=CC=CC(I)=C1', 'CC(C)(C)OC(=O)C1=CC=C(I)C=C1', 'CCOC(=O)C1=CC=CC(I)=C1', 'CCOC(=O)C1=C(F)C=CC(I)=C1', 'ClC1=CC(=CC(I)=C1)C#N', 'FC1=CC=C(C=C1)C(=O)C1=CC=C(I)C=C1', 'IC1=CC=CC(=C1)C#N', 'CC(C)NC(=O)C1=CC=C(I)C=C1', 'CCOC(=O)C1=CC(I)=CC=C1C', 'COC(=O)C1=C(F)C=CC(I)=C1', 'IC1=CC=CC(=C1)C(=O)NC1CC1', 'ClC1=CC(I)=CC(Cl)=C1C=O', 'IC1=CC=CC(OC2=NC=CC=N2)=C1', 'BrC1=CC=C(C=O)C(I)=C1', 'CCCNC(=O)C1=CC=C(I)C=C1', 'IC1=CC=C(C=C1)C(=O)C1=CC=CC(=C1)C#N', 'CC1=CC(I)=CC(I)=C1', 'ClC1=C(C=CC(I)=C1)N(=O)=O', 'IC1=CC=C(C=C1)N(=O)=O', 'CCOC(=O)C1=CC=C(I)C=C1F', 'CCCNC(=O)C1=CC=CC(I)=C1', 'IC1=CC(I)=CC=C1', 'COC(=O)C1=C(C)C=CC(I)=C1', 'CC(C)NC(=O)C1=CC=CC(I)=C1']"
6,"[2.153446919554737, 1.3534800275888195]",2.379965386234663,"['IC1=CC=C(C=C1)C(=O)NCC1=CC=CC=C1', 'CC1=CC=C(C=C1)C(=O)C1=C(I)C=CC=C1']","['CC(=O)C1=CC(I)=CC=C1O', 'CC1=CC=C(C=C1)C(=O)C1=CC(I)=CC=C1', 'OC(=O)C1=CC(I)=CC=C1O', 'FC(F)(F)C1=CC(I)=CC(=C1)C#N', 'IC1=CC=C(I)C(=C1)C#N', 'COC1=CC=C(I)C=C1C(O)=O', 'CC1=C(I)C=C(Cl)C=C1N(=O)=O', 'COC(=O)C1=CC(=CC(I)=C1)C(F)(F)F', 'CC(C)(C)NC(=O)C1=CC=CC(I)=C1', 'CCOC(=O)C1=CC(I)=C(C)C=C1', 'CC(C)(C)NC(=O)C1=CC=C(I)C=C1', 'BrCC(=O)C1=CC(I)=CC=C1', 'COC(=O)C1=CC(=CC(I)=C1)C(=O)OC', 'IC1=CC2=C(C=C1)C1=C(C=CC=C1)C1=C2C=CC=C1', 'OC(=O)C1=CC(I)=CC(Cl)=C1F', 'CC(=O)C1=C(Br)C=CC(I)=C1', 'OC(=O)C1=CC(=CC=C1)C1=CC=C(I)C=C1', 'CC(OC1=CC=C(I)C=C1)C(C)=O', 'CCOC(=O)C1=CC2=CC=CC=C2C=C1I', 'COC(=O)C1=C(C)C(I)=CC=C1', 'CC1=CC=C(I)C=C1N(=O)=O', 'CC1=CC(C)=C(I)C=C1C(O)=O', 'OC(=O)CCC1=NN=C(O1)C1=CC=CC=C1I', 'OCC1=C(Cl)C=CC=C1I', 'CC1=C(I)C=CC(=C1)C(=O)OC(C)(C)C', 'NNC(=O)C1=C(O)C=CC(I)=C1', 'BrC1=C(C=O)C=C(I)C=C1', 'COC(=O)C1=C(O)C=CC(I)=C1', 'ClC1=CC=C(I)C=C1I', 'CCC1=C(I)C=C(C=C1)C(O)=O', 'OCC1=CC(I)=CC(I)=C1', 'COC(=O)C1=CC(I)=C(C)C=C1C', 'CC(C)(C)OC(=O)C1=CC(I)=CC=C1', 'ClC1=C(C=CC(I)=C1)C#N', 'FC1=CC=C(C=C1)C(=O)C1=C(Cl)C=CC(I)=C1', 'IC1=C(C=CC=C1)C(=O)CC1=CC=CC=C1', 'OC(=O)C1=CC(I)=CC(=C1)C(F)(F)F', 'FC1=C(C=C(I)C=C1)C#N', 'IC1=CC=CC=C1C(=O)C1=NC=CC=C1', 'CCOC(=O)C1=C(O)C=CC(I)=C1']"
7,"[1.9115512513692812, 1.8002786936086466]",2.4823204014385154,"['COC1=C(OC)C(I)=C(C=O)C=C1', 'CC(C)C1=C(I)C=CC=C1']","['IC1=CC=C(NC(=O)C2=CC=CC=C2)C=C1', 'FC1=C(C=O)C(I)=CC=C1Br', 'OC(=O)C1=C(Br)C=C(I)C=C1', 'ClCC1=CC(I)=C(CCl)C=C1', 'CC1=CC=CC(C(O)=O)=C1I', 'NC1=NC(=CS1)C1=CC=C(I)C=C1', 'FC1=C(C=CC(I)=C1)C#N', 'COC(=O)C1=C(OC)C=C(C)C(I)=C1', 'IC1=CC=C(C=C1)S(=O)(=O)N1CCCC1', 'COC(=O)C1=C(C=C(I)C=C1)S(N)(=O)=O', 'CCOC(=O)CC(=O)C1=C(I)C=CC=C1', 'CC(=O)C1=CC(Br)=CC(I)=C1', 'FC1=CC=CC(I)=C1C#N', 'FC1=CC=C(C=C1)C(=O)C1=C(I)C=CC=C1', 'OC1=CC=C(Cl)C=C1\\C=C\\C1=C(I)C=CC=C1', 'IC1=CC=C(C=C1)C(=O)ON1C(=O)CCC1=O', 'CC(C)(C)OC(=O)NC1=CC(=CC(I)=C1)C(O)=O', 'OC(=O)C1=CC(I)=CC(I)=C1', 'COC(=O)C1=C(Br)C=C(I)C=C1', 'OC(=O)C1=CC=C(CBr)C(I)=C1', 'OC(=O)C1=CC(I)=CC=C1Br', 'COC(=O)C1=CC(I)=CC=C1Br', 'IC1=CC=C(C=C1)C(=O)OCC1=CC=CC=C1', 'CCOC(=O)C1=CC(I)=C(C=C1)C#N', 'FC(F)(F)C1=CC=C(I)C(=C1)C#N', 'IC1=C(C=CC=C1)N=C=S', 'IC1=CC=C(C=C1)C(=O)NC1CCCCC1', 'OC(=O)C1=C(I)C=CC(Br)=C1', 'ClC1=CC=C(C=C1)C(=O)C1=CC=CC=C1I', 'FC1=CC=CC=C1C(=O)C1=C(I)C=CC=C1', 'IC1=CC(=CC=C1)C(=O)ON1C(=O)CCC1=O', 'IC1=CC(=CC=C1)C(=O)NCC1=CC=CC=C1', 'FC1=CC(=CC=C1)C(=O)C1=C(I)C=CC=C1', 'ClC1=CC=CC=C1C(=O)C1=C(I)C=CC=C1', 'IC1=CC=CC=C1C(=O)C1=CC=CC=C1', 'COC1=C(C(O)=O)C(I)=CC=C1', 'COC(=O)C1=C(I)C=CC(Br)=C1']"
8,"[2.7436483281422004, 3.4995427797365037]",2.639425634728964,"['CNC1=CC(I)=CC=C1', 'CN(C)C1=CC(F)=CC(I)=C1']","['BrC1=CC(I)=CC=C1C=O', 'COC1=C(OC)C(=CC(I)=C1)C(O)=O', 'BrC1=CC=C(I)C2=C1C=CC=C2', 'CC1=CC(=CC=C1I)C#N', 'IC1=CC=C(NC2=NC=CC=N2)C=C1', 'COC(=O)C1=C(Cl)C=C(I)C=C1', 'CC1=C(I)C=C(C=C1)C#N', 'OCC1=CC=CC=C1I', 'BrC1=CC(C=O)=CC(I)=C1', 'CC1=C(I)C=CC(Cl)=C1', 'CC1=C(I)C=C(C=C1)C(F)(F)F', 'NCC1=CC=CC=C1I', 'OC1=CC=C(I)C=C1C=O', 'OCC1=C(I)C=C(C=C1)C(F)(F)F', 'COC1=CC(I)=CC(C=O)=C1O', 'IC1=CC=CC(=C1)C1=CC=CC=C1', 'FC(F)(F)C1=CC=C(CBr)C(I)=C1', 'IC1=CC=CC=C1N=C=O', 'COC1=CC(I)=CC=C1I', 'OC(=O)C1=C(NC2=CC=C(I)C=C2F)C=NC=C1', 'COC(=O)C1=CC(C)=C(I)C=C1', 'CC(C)(C)NC(=O)C1=CC=CC=C1I', 'CC1=C(I)C=C(Br)C=C1', 'FS(F)(F)(F)(F)C1=CC=CC(I)=C1', 'CC1=CC=C(I)C(C(O)=O)=C1F', 'CNC(=O)C1=CC=CC=C1I', 'CC1=C(F)C=CC=C1I', 'OC1=CC(I)=CC=C1C1=C(O)C=C(I)C=C1', 'OC(=O)CC1=C(I)C=C(Cl)C=C1', 'COC(OC)C1=C(I)C=CC=C1', 'NC1=CC(I)=CC(I)=C1', 'COC1=C(C=O)C=C(Br)C=C1I', 'CC1=CC(I)=C(CO)C=C1C', 'COC(=O)C1=CC(I)=CC(Br)=C1', 'CCCNC(=O)C1=CC=CC=C1I', 'SCCC1=CC=CC=C1I']"
9,"[1.8859818058768292, 1.8931948549431095]",2.6830566787924175,"['CCN(CC)CC1=CC(I)=CC=C1', 'IC1=CC=CC(=C1)N1CCCCC1']","['OCCC1=CC=C(I)C=C1', 'COC1=C(Cl)C=CC(I)=C1', 'COC1=CC(Cl)=CC(I)=C1', 'COC(=O)C1=C(I)C=CC=C1OC', 'ClCC(=O)NC1=CC(I)=CC=C1', 'NC(=O)CC1=CC=C(I)C=C1', 'IC1=CC(OC2=CC=CC=C2)=CC=C1', 'IC1=CC=C(C=C1)C1=CC=CC=C1', 'IC1=CC=C(C=C)C=C1', 'NC1=CC(Cl)=CC(I)=C1', 'CC(=C)C1=CC=C(I)C=C1', 'FC1=C2C=CC=CC2=CC(I)=C1', 'NCCC1=CC=C(I)C=C1', 'OC(=O)COC1=CC=CC(I)=C1', 'OCC1=CC=C(I)C=C1O', 'CCOC1=CC=CC(I)=C1', 'COC1=CC(I)=CC=C1CO', 'NC(=O)NC1=CC(I)=CC=C1', 'COC1=C(F)C=CC(I)=C1', 'IC1=CC=C(CN2C=CN=C2)C=C1', 'IC1=CC=CC(C=C)=C1', 'CC1=C(Cl)C=C(I)C=C1', 'FC(F)(F)C(=O)NC1=CC(I)=CC=C1', 'IC1=CC=C(C=C1)N1C=CC=N1', 'FC1=CC=C(OC2=CC=CC(I)=C2)C=C1', 'CN(C)C(=O)C1=CC(I)=CC=C1', 'IC1=CC=CC(CNC2CC2)=C1', 'COCCOC1=CC(I)=CC=C1', 'IC1=CC=CC(OCC#C)=C1', 'NC1=C(F)C=CC(I)=C1', 'COC1=CC(B(O)O)=C(I)C=C1', 'CC1=C(O)C=C(I)C=C1', 'CC(=O)NC1=CC(I)=C(C)C=C1', 'CS(=O)(=O)NC1=CC(I)=CC=C1']"
