,obj_values ['yield'],Vendi_score,eval_samples,cut_samples
0,"[0.0, 16.3, 0.3]",1.7867962142897453,"['CC(C)(C)OC(=O)N1CCC(Nc2ccc(Br)cc2)CC1', 'OC1CCOc2c(Br)cccc21', 'Cc1ccc(S(=O)(=O)n2cc(Br)c3ccccc32)cc1']",[]
1,"[0.3, 0.3, 8.9]",2.34867020628973,"['Oc1ccnc(Br)c1', 'Nc1cc(Br)ccn1', 'Oc1nccc2cc(Br)cnc12']","['O=C1CCCc2ccc(Br)cc2N1', 'Brc1ccc(N2CCOCC2)nc1', 'O=C1Nc2ccc(Br)cc2C12OCCO2', 'O=C1CCc2cccc(Br)c2N1', 'Cc1cc(Br)cc(Nc2nccc(C3CC3)n2)c1', 'Cn1ccc(-c2cccc(Br)c2)n1', 'CC(C)(C)OC(=O)n1cc(CO)c2c(Br)cccc21', 'C[C@@H](NC(=O)OC(C)(C)C)c1ccc(Br)cc1', 'CC(C)(C)OC(=O)N1CCN(c2ncc(Br)cn2)CC1', 'O=C1CCC(Oc2ccccc2Br)CC1', 'CC1(C)C(=O)Nc2ccc(Br)cc21', 'CCOP(=O)(Cc1ccc(Br)cn1)OCC', 'CC(C)(CO)c1ccc(Br)cn1', 'CC(C)(C)OC(=O)N1CCCCC1c1ccc(Br)cc1', 'COc1ccc(Cn2cnc3cc(Br)ccc32)cc1', 'COc1ccccc1Br', 'C=CCc1ccc(Br)c(F)c1', 'O=C(Nc1ccc(Br)c(F)c1)c1ccccn1', 'CC(=O)N1CCc2cc(Br)ccc21', 'Brc1ccc2oc3ccccc3c2c1', 'O=C1CCC(c2cccc(Br)c2)CN1', 'Brc1cccc2[nH]c3ccccc3c12', 'CC(C)(C)OC(=O)N1CCOc2ccc(Br)cc2C1', 'CC(C)(C)OC(=O)NCCc1c[nH]c2ccc(Br)cc12', 'CC(C)(C)OC(=O)Nc1ccc(Br)cn1', 'CC(C)(C)OC(=O)n1cc(Br)c2cccnc21', 'CC(C)(C)Oc1ccc(Br)cc1', 'CC(C)(C)c1cc(Br)c2ncccc2c1', 'Brc1ccc([C@@H]2CNCCO2)cc1', 'O=C1CCCN1c1ccc(Br)cc1F', 'O=C1CCCCC1Oc1ccc(Br)cc1', 'Brc1ccc(N2CCNCC2)cc1', 'O=S(=O)(Cc1ccc(Br)cc1)N1CCCC1', 'FC(F)(F)c1ccc(Br)c2[nH]ccc12']"
2,"[15.5, 67.8, 0.6]",2.601732167996783,"['Cn1cc(Br)nn1', 'Cn1cnc2cc(Br)ccc21', 'O=c1[nH]cc(Br)c(=O)[nH]1']","['COc1cccc(Br)c1', 'CNC(=O)c1cccc(Br)c1', 'Brc1cccc(-c2cc[nH]n2)c1', 'Fc1cc(Br)ccc1-c1ccccc1', 'Brc1cccc2[nH]ncc12', 'Cc1cn[nH]c1-c1ccc(Br)cc1', 'Brc1ccc(-c2ncco2)cc1', 'Brc1ccc2c(c1)oc1ccccc12', 'Cn1cnc2ccc(Br)cc21', 'Cn1nnc(-c2ccc(Br)cn2)n1', 'O=C1c2ccc(Br)cc2CN1C1CC1', 'OC1Cc2ccc(Br)cc2C1', 'O=C1COc2cc(Br)ccc2N1', 'O=C(c1ccc(Br)cc1)N1CCOCC1', 'O=C1CCc2ncc(Br)cc2N1', 'NCCc1ccc(Br)cc1', 'Brc1ccc(-c2cccs2)cc1', 'Oc1ccnc2ccc(Br)cc12', 'Brc1cccc(-c2nnc(C3CC3)o2)c1', 'Brc1cccc(Cn2cccn2)c1', 'CC(=O)Cc1cccc(Br)c1', 'Brc1ccc(C2OCCO2)cc1', 'Brc1ccc(C2CCCN2)cc1', 'C#Cc1ccc(Br)cc1', 'O=C1CC(c2ccc(Br)cc2)N1', 'FCCOc1cncc(Br)c1', 'O=C1CCc2ccc(Br)cc2N1', 'Brc1cccc(-n2cncn2)c1', 'Brc1cccc(-n2ccnc2)c1']"
3,"[20.4, 0.2, 0.3]",2.600549935332819,"['Brc1ccc(-c2nc3ccccc3[nH]2)cc1', 'Brc1ccnc2ccccc12', 'Brc1ncnc2ccccc12']","['O=C1NCc2cc(Br)ccc21', 'Brc1ccc2cnnn2c1', 'Cc1ccc(Br)cn1', 'Nc1nc2cc(Br)ccc2o1', 'Brc1cnc2[nH]ccc2c1', 'N#CC1(c2ccc(Br)cc2)CC1', 'Brc1cnc2cc[nH]c2c1', 'OCc1ccc(Br)c(F)c1', 'Brc1cnc2ncoc2c1', 'OCC(O)c1cccc(Br)c1', 'CC(=O)Nc1ccc(Br)cc1', 'Brc1ccc2ncnn2c1', 'CC(C)(C#N)c1ccc(Br)cn1', 'N#CCCc1ccc(Br)cc1', 'COc1ccc2cc(Br)cnc2n1', 'CC(C)c1ccc(Br)cc1', 'Brc1ccc2nn[nH]c2c1', 'Brc1cnc2nccn2c1', 'Brc1cncc2[nH]ccc12', 'Brc1cccc2ccoc12', 'Nc1nc2ccc(Br)cc2o1', 'Brc1cccc2[nH]cnc12', 'Brc1ccc2[nH]cnc2c1', 'Cc1cc(Br)cnc1C', 'Cc1cncc(Br)c1']"
4,"[17.7, 21.9, 55.5]",2.6863432199628363,"['Nc1ncncc1Br', 'CC(C)(C)OC(=O)NC1(c2ccc(Br)cc2)CC(=O)C1', 'Cc1ccc(Br)nc1']","['Nc1cnc(-c2cccc(Br)c2)nc1', 'Brc1cccc2cncnc12', 'Brc1cncc2ccccc12', 'Brc1cccc2nccnc12', 'Brc1ccc(-c2nnc[nH]2)cc1', 'NC1(c2ccc(Br)cc2)CC1', 'Brc1ccc(-c2nc3cnccc3[nH]2)cc1', 'O=c1cc(O)c2ccc(Br)cc2o1', 'Brc1cnc2cccnc2c1', 'Brc1cccc2ncncc12', 'CC(=O)c1cccc(Br)c1', 'COc1ncc2cc(Br)ccc2n1', 'Cc1n[nH]c2cc(Br)ccc12', 'COc1ccc2cc(Br)ccc2n1', 'Brc1ccc2cnccc2c1', 'Brc1cccc2cnccc12', 'Oc1cc2cccc(Br)c2cn1', 'Brc1cnc2ncccc2c1', 'CC(=O)/C=C/c1ccc(Br)cc1', 'CCC(=O)c1ccc(Br)cc1O', 'COc1ccc2nccc(Br)c2c1']"
5,"[5.0, 1.5, 52.4]",2.6977098849624435,"['FC(F)(F)c1ccc2cc(Br)ncc2n1', 'Brc1ccc(-c2nnc(-c3ccccc3)o2)cc1', 'Nc1nccc(Br)n1']","['Brc1ccc2ncncc2c1', 'CSc1ncc(Br)cn1', 'CC(=O)c1cc(Br)cs1', 'CC(=O)c1ccc(Oc2cccc(Br)c2)cc1', 'C[Si](C)(C)C#Cc1cccc(Br)c1', 'O=C1CN(Cc2cccc(Br)c2)C(=O)N1', 'Oc1cccc(Br)c1', 'O=C1CCC(Oc2cccc(Br)c2)CC1', 'CC(C)NC(=O)c1ccc(Br)cn1', 'COc1cc(Br)cc(OC)c1', 'CC(O)c1ccc(Br)cc1', 'CC(C)(C)c1cccc(Br)c1', 'Brc1ccc2cncnc2c1', 'CC1(C)OB(c2ccc(Br)cc2)OC1(C)C', 'CC(C)Sc1ccc(Br)cc1', 'O=C(c1cccc(Br)c1)c1ccccn1', 'Brc1cnc(Oc2cccnc2)nc1', 'O=C1CC(c2cccc(Br)c2)CC(=O)N1']"
6,"[0.3, 0.0, 8.9]",2.8113506459685245,"['COc1ccc(COc2cccc(Br)n2)cc1', 'FC(F)C(F)(F)Oc1cccc(Br)c1', 'CC(=O)Nc1ncc(F)cc1Br']","['NS(=O)(=O)Cc1cccc(Br)c1', 'Brc1cn2ccnc2cn1', 'Oc1cnc2cc(Br)ccc2n1', 'FC(F)(F)c1cc2ccc(Br)cc2cn1', 'N#Cc1cc2cc(Br)ccc2s1', 'Oc1cccc(Br)n1', 'Oc1ccc(Br)cc1', 'Brc1cccnc1', 'Cc1cncc(Br)n1', 'O=C(c1cccc(Br)c1)C(F)(F)F', 'CC(C)(CO)c1cc(Br)ccn1', 'CC(C)(N)c1ccc(Br)cc1', 'Cc1ccc(Br)cc1', 'O=C(NCc1ccccc1)c1ccc(Br)cn1', 'CC(=O)CC(=O)c1ccc(Br)cc1']"
7,"[66.7, 63.4, 0.0]",2.824504495563963,"['Fc1ccc(Br)cc1', 'Fc1ccc(Br)nc1', 'FC(F)(F)c1ccc(Br)c2ncccc12']","['FC(F)(F)c1cncc(Br)c1', 'OCc1ccc(Br)cc1', 'CN(C)S(=O)(=O)c1ccc(Br)cc1', 'CNC(=O)c1ccnc(Br)c1', 'Oc1ncnc2ccc(Br)cc12', 'Cc1ccnc(Br)c1', 'FC(F)(F)c1ccnc(Nc2cccc(Br)c2)n1', 'CS(=O)(=O)c1ccc(Br)cc1', 'CC(=O)Nc1ccc(C(C)=O)cc1Br', 'Cc1cn2cc(F)cc(Br)c2n1', 'Fc1ccccc1Br', 'Brc1cnc2cncn2c1', 'FC(F)(F)c1cc(Br)c2nc[nH]c2c1']"
8,"[0.0, 0.0, 0.0]",2.9870108175807,"['Brc1nncs1', 'O=S(=O)(O)c1cncc(Br)c1', 'Brc1ccc(CN2CCOCC2)cc1']","['Brc1ccnc2cccnc12', 'COc1ncc(Br)nc1OC', 'Nc1cc(Br)ncn1', 'O=c1cc(Br)c(-c2ccccc2)n[nH]1', 'O=S(=O)(CCO)c1ccc(Br)cc1', 'Brc1cccc(-c2nnn[nH]2)c1', 'Brc1cnc2[nH]ncc2c1', 'COc1cccnc1Br', 'Nc1ncc(Br)cn1', 'Oc1ncc(Br)cn1', 'Oc1ccc(Br)cn1']"
