,obj_values ['yield'],Vendi_score,eval_samples,cut_samples
0,"[5.9, 38.0, 47.7]",1.5540166787003085,"['Brc1ccn2nccc2n1', 'Brc1cccc(-c2cc[nH]n2)c1', 'O=S(=O)(CCO)c1ccc(Br)cc1']",[]
1,"[20.4, 0.2, 0.3]",1.9303258704742436,"['Brc1ncccn1', 'Brc1ccnc2ccccc12', 'Oc1ccnc(Br)c1']","['Cn1cnc2ccc(Br)cc21', 'Cn1ccc(-c2cccc(Br)c2)n1', 'O=c1cc(O)c2ccc(Br)cc2o1', 'Brc1cccc(Cn2cccn2)c1', 'NS(=O)(=O)Cc1cccc(Br)c1', 'OC1Cc2ccc(Br)cc2C1', 'O=C1CCc2ccc(Br)cc2N1', 'O=C1CCCc2ccc(Br)cc2N1', 'Brc1ccc2nn[nH]c2c1', 'Oc1ccnc2ccc(Br)cc12', 'Brc1cccc(-c2nnc(C3CC3)o2)c1', 'Brc1cccc(-n2ccnc2)c1', 'Brc1cccc(-n2cncn2)c1', 'N#CC1(c2ccc(Br)cc2)CC1', 'O=C1CC(c2ccc(Br)cc2)N1', 'Brc1ccc(C2OCCO2)cc1', 'N#CCCc1ccc(Br)cc1', 'Brc1ccc([C@@H]2CNCCO2)cc1', 'Brc1ccc(-c2ncco2)cc1', 'N#Cc1cc2cc(Br)ccc2s1', 'Nc1nc2cc(Br)ccc2o1', 'Brc1ccc2oc3ccccc3c2c1', 'O=C1CN(Cc2cccc(Br)c2)C(=O)N1', 'O=C1CCC(c2cccc(Br)c2)CN1', 'OCC(O)c1cccc(Br)c1', 'O=C1CCCN1c1ccc(Br)cc1F', 'FCCOc1cncc(Br)c1', 'CS(=O)(=O)c1ccc(Br)cc1', 'CC(=O)Nc1ccc(Br)cc1', 'CNC(=O)c1cccc(Br)c1', 'CCC(=O)c1ccc(Br)cc1O', 'Fc1cc(Br)ccc1-c1ccccc1', 'FC(F)(F)c1cc2ccc(Br)cc2cn1', 'Brc1ccc2c(c1)oc1ccccc12']"
2,"[57.1, 51.7, 19.7]",1.9773036411483291,"['Brc1cnc2[nH]ccc2c1', 'Brc1cncc2[nH]ccc12', 'Brc1cnc2[nH]ncc2c1']","['Brc1ccc2ccncc2n1', 'COc1ccc2nccc(Br)c2c1', 'Brc1ccc2ncncc2c1', 'Oc1cccc(Br)n1', 'Oc1ccc(Br)nc1', 'Nc1cc(Br)ncn1', 'O=C1NCc2cc(Br)ccc21', 'O=C1CCc2ncc(Br)cc2N1', 'Brc1ncnc2ccccc12', 'NCCc1ccc(Br)cc1', 'Cc1cncc(Br)n1', 'Nc1nccc(Br)n1', 'Brc1ccc2ncccc2n1', 'Brc1cccc2[nH]ncc12', 'Cn1nnc(-c2ccc(Br)cn2)n1', 'CC(C)(C#N)c1ccc(Br)cn1', 'CC(=O)CC(=O)c1ccc(Br)cc1', 'CC(=O)Cc1cccc(Br)c1', 'O=C1COc2cc(Br)ccc2N1', 'Brc1ccc2cnccc2c1', 'Brc1ccc2cncnc2c1', 'Cc1ccnc(Br)c1', 'Cc1ccc(Br)nc1', 'CC(=O)c1cccc(Br)c1', 'Brc1cnc2ccccc2n1', 'CNC(=O)c1ccnc(Br)c1', 'C#Cc1ccc(Br)cc1', 'Brc1cn2ccnc2cn1', 'COc1ncc2cc(Br)ccc2n1']"
3,"[18.3, 0.0, 0.3]",2.2417889760895893,"['Cc1ccc2ccc(Br)nc2n1', 'Brc1nncc2ccccc12', 'Brc1cnn2ccccc12']","['Cc1cc(Br)cnc1C', 'Nc1nc2ccc(Br)cc2o1', 'Cc1cncc(Br)c1', 'CC1(C)C(=O)Nc2ccc(Br)cc21', 'CC(O)c1ccc(Br)cc1', 'CC(C)c1ccc(Br)cc1', 'Cc1ccc(Br)cc1', 'Brc1ccc2ncnn2c1', 'Cn1cnc2cc(Br)ccc21', 'Oc1cc2cccc(Br)c2cn1', 'Oc1cnc2cc(Br)ccc2n1', 'COc1ccc2cc(Br)cnc2n1', 'Cc1ccc(Br)cn1', 'Brc1ccc2[nH]cnc2c1', 'Oc1ccc(Br)cc1', 'Brc1cncc2ccccc12', 'Cc1cn[nH]c1-c1ccc(Br)cc1', 'Brc1cnc2cccnc2c1', 'Oc1ncnc2ccc(Br)cc12', 'Brc1cccc2cnccc12', 'COc1ccc2cc(Br)ccc2n1', 'COc1cccc(Br)c1', 'CC(C)(CO)c1ccc(Br)cn1', 'Brc1cnc2cc[nH]c2c1', 'Brc1cnc2ncoc2c1']"
4,"[0.0, 20.9, 0.3]",2.490826580097441,"['O=S(=O)(Nc1ccccc1Br)C(F)(F)F', 'CC1(C)OB(c2ccc(Br)cc2)OC1(C)C', 'CCc1cccn2c(Br)cnc12']","['Oc1nccc2cc(Br)cnc12', 'C=CCc1ccc(Br)c(F)c1', 'Brc1ccc2cnnn2c1', 'Brc1ccc(-c2nnc[nH]2)cc1', 'CC(C)(N)c1ccc(Br)cc1', 'Brc1cccc2ccoc12', 'Brc1cnc2ncccc2c1', 'Brc1cccc2cncnc12', 'Brc1cccc2[nH]cnc12', 'Brc1cccc2nccnc12', 'OCc1ccc(Br)cc1', 'Brc1cccc2ncncc12', 'O=C1c2ccc(Br)cc2CN1C1CC1', 'NC1(c2ccc(Br)cc2)CC1', 'Brc1ccc(-c2cccs2)cc1', 'Brc1ccc(C2CCCN2)cc1', 'CC(=O)/C=C/c1ccc(Br)cc1', 'CSc1ncc(Br)cn1', 'COc1cccnc1Br', 'CC(C)(C)c1cccc(Br)c1', 'CC(=O)N1CCc2cc(Br)ccc21']"
5,"[0.3, 0.0, 0.0]",2.567352010205613,"['Nc1cc(Br)ccn1', 'O=C(Nc1ccc(Br)c(F)c1)c1ccccn1', 'Brc1ccn2nnnc2c1']","['OCc1ccc(Br)c(F)c1', 'Cc1n[nH]c2cc(Br)ccc12', 'CC(C)(C)Oc1ccc(Br)cc1', 'FC(F)(F)c1ccc(Br)c2[nH]ccc12', 'C[Si](C)(C)C#Cc1cccc(Br)c1', 'Nc1cnc(-c2cccc(Br)c2)nc1', 'O=C(c1ccc(Br)cc1)N1CCOCC1', 'COc1ccccc1Br', 'CC(C)(C)OC(=O)Nc1ccc(Br)cn1', 'O=C1CC(c2cccc(Br)c2)CC(=O)N1', 'FC(F)C(F)(F)Oc1cccc(Br)c1', 'FC(F)(F)c1cc(Br)c2nc[nH]c2c1', 'COc1ncc(Br)nc1OC', 'Brc1cccc2[nH]c3ccccc3c12', 'Brc1cccc(-c2nnn[nH]2)c1', 'O=C1Nc2ccc(Br)cc2C12OCCO2', 'O=C1CCc2cccc(Br)c2N1', 'OC1CCOc2c(Br)cccc21']"
6,"[17.3, 1.6, 0.3]",2.5940113232487514,"['COc1ccc2cc(Br)ncc2n1', 'CCOP(=O)(Cc1ccc(Br)cn1)OCC', 'COc1ccc2[nH]cc(Br)c2n1']","['Brc1ccc(-c2nc3cnccc3[nH]2)cc1', 'OC(c1ccc(Br)cn1)C(F)(F)F', 'Brc1cccnc1', 'Brc1cnc(Oc2cccnc2)nc1', 'CC(=O)c1cc(Br)cs1', 'O=C(c1cccc(Br)c1)C(F)(F)F', 'CC(C)NC(=O)c1ccc(Br)cn1', 'Oc1cccc(Br)c1', 'CC(C)(C)c1cc(Br)c2ncccc2c1', 'FC(F)(F)c1cncc(Br)c1', 'CC(C)(CO)c1cc(Br)ccn1', 'Brc1ccc(N2CCOCC2)nc1', 'O=C(c1cccc(Br)c1)c1ccccn1', 'Brc1ccc(-c2nc3ccccc3[nH]2)cc1', 'COc1cc(Br)cc(OC)c1']"
7,"[17.7, 17.2, 3.0]",2.721377938245347,"['Nc1ncncc1Br', 'Brc1cnn(-c2ncccn2)c1', 'OB(O)c1ccc(Br)s1']","['Brc1ccc(-n2cnnc2)nc1', 'CC(=O)c1ccc(Oc2cccc(Br)c2)cc1', 'O=S(=O)(Cc1ccc(Br)cc1)N1CCCC1', 'Oc1ccc(Br)cn1', 'CC(C)Sc1ccc(Br)cc1', 'FC(F)(F)c1nc2ccc(Br)cn2n1', 'O=C1CCCCC1Oc1ccc(Br)cc1', 'Brc1cnc2cncn2c1', 'Brc1csc2cnccc12', 'Nc1ncc(Br)cn1', 'Brc1cnc2nccn2c1', 'Fc1ccccc1Br', 'COc1ccc2nc(Br)ccc2n1']"
8,"[21.0, 0.0, 0.0]",2.9168834274062965,"['Cn1cnc(Br)c1', 'CN1CCOc2cc(Br)ccc21', 'COc1cc2ccc(Br)nc2cn1']","['O=C1CCC(Oc2ccccc2Br)CC1', 'FC(F)(F)c1ccc(Br)c2ncccc12', 'Cc1cn2cc(F)cc(Br)c2n1', 'Fc1ccc(Br)cc1', 'Brc1ccnc2cccnc12', 'Oc1ncc(Br)cn1', 'O=S(=O)(O)c1cncc(Br)c1', 'CC(=O)Nc1ncc(F)cc1Br', 'N#Cc1cccc(Br)c1', 'CC(=O)Nc1ccc(C(C)=O)cc1Br', 'Nc1c(F)cncc1Br']"
