,obj_values ['yield'],Vendi_score,eval_samples,cut_samples
0,"[39.0, 0.0, 0.4]",1.253195809808108,"['O=C1CCc2ncc(Br)cc2N1', 'Nc1cnc(-c2cccc(Br)c2)nc1', 'NCCc1ccc(Br)cc1']",[]
1,"[30.3, 8.9, 3.0]",1.3080009066704827,"['Cn1nnc(-c2ccc(Br)cn2)n1', 'Oc1nccc2cc(Br)cnc12', 'Brc1cnc2cccnc2c1']",[]
2,"[51.1, 80.4, 1.6]",1.3862086832767817,"['Brc1cnc(Oc2cccnc2)nc1', 'CC(C)(CO)c1ccc(Br)cn1', 'CCOP(=O)(Cc1ccc(Br)cn1)OCC']",[]
3,"[34.0, 21.9, 17.2]",1.4578804043181157,"['CSc1ncc(Br)cn1', 'Nc1ncc(Br)cn1', 'CC(=O)c1cc(Br)cs1']",[]
4,"[1.5, 17.2, 39.2]",1.6698469500934912,"['CC(C)(C)OC(=O)N1CCN(c2ncc(Br)cn2)CC1', 'Brc1cnn(-c2ncccn2)c1', 'Brc1cnn(-c2ccncc2)c1']",[]
5,"[0.0, 0.3, 60.9]",1.7354687707626506,"['Fc1ncc(Br)c(F)n1', 'Oc1ncc(Br)cn1', 'Brc1cncnc1']",[]
6,"[75.3, 85.9, 69.7]",1.7672571023346633,"['Brc1cccnc1', 'Cc1cc(Br)ccn1', 'CC(C)(CO)c1cc(Br)ccn1']",[]
7,"[0.3, 0.0, 0.0]",1.8330454768464413,"['Nc1cc(Br)ccn1', 'FC(F)(F)Sc1ccc(Br)cc1', 'Brc1ccc(CN2CCOCC2)cc1']",[]
8,"[77.6, 67.6, 43.8]",1.7741210639713163,"['Cc1ccc(Br)cn1', 'Cc1cncc(Br)c1', 'CC(C)(C#N)c1ccc(Br)cn1']",[]
