,obj_values ['yield'],Vendi_score,eval_samples,cut_samples
0,"[0.0, 30.3, 0.3]",1.630390132053595,"['CC(C)(C)OC(=O)N1CCC(Nc2ccc(Br)cc2)CC1', 'Cn1nnc(-c2ccc(Br)cn2)n1', 'Brc1ccc2cncnc2c1']",[]
1,"[80.4, 34.1, 3.0]",1.5583457424891978,"['CC(C)(CO)c1ccc(Br)cn1', 'Cc1cc(Br)cnc1C', 'Brc1cnc2cccnc2c1']",[]
2,"[43.8, 1.6, 77.6]",1.5384452678732865,"['CC(C)(C#N)c1ccc(Br)cn1', 'CCOP(=O)(Cc1ccc(Br)cn1)OCC', 'Cc1ccc(Br)cn1']",[]
3,"[21.9, 75.3, 60.9]",1.57892000775233,"['Nc1ncc(Br)cn1', 'Brc1cccnc1', 'Brc1cncnc1']",[]
4,"[24.4, 72.1, 19.1]",1.5860442200214822,"['OCc1ccc(Br)cc1', 'Cc1ccc(Br)cc1', 'CC(O)c1ccc(Br)cc1']",[]
5,"[85.9, 67.6, 66.7]",1.5825262481322242,"['Cc1cc(Br)ccn1', 'Cc1cncc(Br)c1', 'Fc1ccc(Br)cc1']",[]
6,"[28.3, 69.7, 15.5]",1.7127631677941313,"['Fc1ccccc1Br', 'CC(C)(CO)c1cc(Br)ccn1', 'Cn1cc(Br)nn1']",[]
7,"[0.0, 67.2, 36.8]",1.684079999500355,"['CC(C)(N)c1ccc(Br)cc1', 'CC(C)(C)c1cccc(Br)c1', 'Oc1ccc(Br)cc1']",[]
8,"[49.8, 0.0, 12.1]",1.7045834245861045,"['COc1cccc(Br)c1', 'Brc1ccc(CN2CCOCC2)cc1', 'Oc1cccc(Br)c1']",[]
