,obj_values ['yield'],Vendi_score,eval_samples,cut_samples
0,"[75.2, 27.0, 28.9]",1.474527543061926,"['CNC(=O)c1ccnc(Br)c1', 'N#Cc1cccc(Br)c1', 'Oc1ccc(Br)nc1']",[]
1,"[0.0, 18.3, 14.2]",1.5770510700127531,"['FC(F)(F)c1cnc2nc(Br)ccc2c1', 'Cc1ccc2ccc(Br)nc2n1', 'Brc1ccc2ncccc2n1']",[]
2,"[16.8, 34.1, 69.7]",1.880800154287765,"['FC(F)(F)c1ccnc(Nc2cccc(Br)c2)n1', 'CC(C)(C)OC(=O)NCc1cccc(Br)n1', 'Brc1cccc(-n2ccnc2)c1']",[]
3,"[0.0, 16.8, 85.9]",2.072531303752621,"['Brc1ccc(CN2CCNCC2)cc1', 'COc1cc(Br)cc(OC)c1', 'Cc1cc(Br)ccn1']",[]
4,"[47.7, 60.9, 17.2]",2.1711887109330728,"['FC(F)(F)c1cncc(Br)c1', 'Brc1cncnc1', 'FC(F)(F)c1ncc(Br)cn1']",[]
5,"[0.3, 67.6, 75.3]",2.1062998877256236,"['Nc1cc(Br)ccn1', 'Cc1cncc(Br)c1', 'Brc1cccnc1']",[]
6,"[46.3, 69.6, 27.1]",1.9854879327990593,"['O=C1NCc2cc(Br)ccc21', 'CNC(=O)c1cccc(Br)c1', 'CC(=O)c1cccc(Br)c1']",[]
7,"[0.3, 85.7, 31.2]",1.9846215149384563,"['Oc1ccnc(Br)c1', 'Cc1ccnc(Br)c1', 'CC(=O)Cc1cccc(Br)c1']",[]
8,"[34.1, 69.7, 77.6]",1.93541733151718,"['Cc1cc(Br)cnc1C', 'CC(C)(CO)c1cc(Br)ccn1', 'Cc1ccc(Br)cn1']",[]
