,obj_values ['yield'],Vendi_score,eval_samples,cut_samples
0,"[0.0, 31.1, 0.0]",1.313453678607569,"['Brc1ccc2nn[nH]c2c1', 'Brc1cccc2ccoc12', 'O=C(c1cccc(Br)c1)C(F)(F)F']",[]
1,"[28.7, 10.3, 28.3]",1.3648359255999136,"['COc1ccccc1Br', 'OCc1ccc(Br)c(F)c1', 'Fc1ccccc1Br']",[]
2,"[0.0, 0.0, 28.3]",1.5840832267675244,"['COc1nccc(N)c1Br', 'Oc1ccc2cccnc2c1Br', 'Brc1cccc2[nH]cnc12']",[]
3,"[81.1, 0.3, 15.5]",1.9146583768090308,"['Brc1cnc2ncccn12', 'Nc1cc(Br)ccn1', 'Cn1cc(Br)nn1']",[]
4,"[0.3, 22.0, 0.6]",2.0343201289595463,"['CCc1cccn2c(Br)cnc12', 'Brc1cc2ncccc2[nH]1', 'Nc1ncnn2c(Br)ccc12']",[]
5,"[30.6, 0.0, 0.6]",2.1475904123898433,"['N#Cc1cc(Br)cs1', 'Fc1ncc(Br)c(F)n1', 'O=c1[nH]cc(Br)c(=O)[nH]1']",[]
6,"[63.4, 36.8, 28.9]",2.288289404697687,"['Fc1ccc(Br)nc1', 'Oc1ccc(Br)cc1', 'Oc1ccc(Br)nc1']",[]
7,"[11.3, 43.5, 20.4]",2.5180561806256256,"['Cc1cncc(Br)n1', 'Brc1ccc2[nH]ccc2n1', 'Brc1ncccn1']",[]
8,"[66.7, 22.5, 17.3]",2.5035680823751467,"['Fc1ccc(Br)cc1', 'Oc1ccc(Br)cn1', 'COc1ccc2cc(Br)ncc2n1']",[]
