,obj_values ['yield'],Vendi_score,eval_samples,cut_samples
0,"[53.1, 34.1, 0.0]",1.4970285670496715,"['CC(C)c1ccc(Br)cc1', 'Cc1cc(Br)cnc1C', 'O=C(Nc1ccc(Br)c(F)c1)c1ccccn1']",[]
1,"[0.0, 0.0, 39.5]",1.3856332163576512,"['NC1(c2ccc(Br)cc2)CC1', 'CC(C)(N)c1ccc(Br)cc1', 'OC1Cc2ccc(Br)cc2C1']",[]
2,"[7.6, 23.7, 53.0]",1.367734501912207,"['Cn1cnc2ccc(Br)cc21', 'Nc1nc2cc(Br)ccc2o1', 'Brc1cnc2cc[nH]c2c1']",[]
3,"[57.1, 0.3, 21.9]",1.440365008920607,"['Brc1cnc2[nH]ccc2c1', 'Oc1ncc(Br)cn1', 'Nc1ncc(Br)cn1']",[]
4,"[35.4, 67.8, 36.8]",1.4224354576359646,"['Brc1ccc2[nH]cnc2c1', 'Cn1cnc2cc(Br)ccc21', 'Oc1ccc(Br)cc1']",[]
5,"[0.0, 37.7, 0.1]",1.4276835154075223,"['CN1CCOc2cc(Br)ccc21', 'CC(=O)Nc1ccc(Br)cc1', 'CC(=O)N1CCc2cc(Br)ccc21']",[]
6,"[22.5, 27.0, 66.7]",1.496730072945655,"['Oc1ccc(Br)cn1', 'N#Cc1cccc(Br)c1', 'Fc1ccc(Br)cc1']",[]
7,"[72.1, 77.6, 0.6]",1.4977983526325709,"['Cc1ccc(Br)cc1', 'Cc1ccc(Br)cn1', 'Oc1cnc2cc(Br)ccc2n1']",[]
8,"[75.3, 12.1, 67.6]",1.4961790352131534,"['Brc1cccnc1', 'Oc1cccc(Br)c1', 'Cc1cncc(Br)c1']",[]
