,obj_values ['yield'],Vendi_score,eval_samples,cut_samples
0,"[15.4, 60.9, 18.3]",1.7818056575083032,"['FC(F)(F)c1nc2ccc(Br)cn2n1', 'Brc1cncnc1', 'Cc1ccc2ccc(Br)nc2n1']",[]
1,"[0.3, 85.9, 47.7]",1.7048001829380572,"['Oc1ncc(Br)cn1', 'Cc1cc(Br)ccn1', 'FC(F)(F)c1cncc(Br)c1']",[]
2,"[75.3, 69.7, 17.2]",1.6763787867441782,"['Brc1cccnc1', 'CC(C)(CO)c1cc(Br)ccn1', 'FC(F)(F)c1ncc(Br)cn1']",[]
3,"[47.6, 67.2, 72.1]",1.6984645780023788,"['OCC(O)c1cccc(Br)c1', 'CC(C)(C)c1cccc(Br)c1', 'Cc1ccc(Br)cc1']",[]
4,"[24.4, 12.1, 0.3]",1.7466279866408625,"['OCc1ccc(Br)cc1', 'Oc1cccc(Br)c1', 'Oc1ccnc(Br)c1']",[]
5,"[49.8, 67.6, 34.1]",1.672640592314568,"['COc1cccc(Br)c1', 'Cc1cncc(Br)c1', 'Cc1cc(Br)cnc1C']",[]
6,"[9.2, 0.3, 1.7]",1.7009281973003307,"['Brc1ccc2ncncc2c1', 'Brc1ccc2cncnc2c1', 'Brc1ccnc2cccnc12']",[]
7,"[21.9, 60.2, 41.5]",1.7853539010431423,"['CC(C)(C)OC(=O)NC1(c2ccc(Br)cc2)CC(=O)C1', 'O=C1CC(c2cccc(Br)c2)CC(=O)N1', 'Brc1cccc(Cn2cccn2)c1']",[]
8,"[77.6, 0.0, 28.3]",1.758566645848238,"['Cc1ccc(Br)cn1', 'CC(C)(N)c1ccc(Br)cc1', 'Fc1ccccc1Br']",[]
