,obj_values ['yield'],Vendi_score,eval_samples,cut_samples
0,"[5.9, 0.6, 0.3]",2.124712926911606,"['Brc1ccn2nccc2n1', 'Brc1cc2ncncc2s1', 'Brc1cnn2ccccc12']",[]
1,"[52.4, 0.3, 14.2]",2.0836743394662807,"['Nc1nccc(Br)n1', 'Brc1ccc2ccncc2n1', 'Brc1ccc2ncccc2n1']",[]
2,"[18.8, 0.3, 44.1]",1.9466550387252028,"['Oc1cccc(Br)n1', 'Oc1ccnc(Br)c1', 'Nc1cc(Br)ncn1']",[]
3,"[11.3, 0.3, 85.9]",1.997890764830745,"['Cc1cncc(Br)n1', 'Nc1cc(Br)ccn1', 'Cc1cc(Br)ccn1']",[]
4,"[75.3, 12.1, 67.6]",1.9832226820882737,"['Brc1cccnc1', 'Oc1cccc(Br)c1', 'Cc1cncc(Br)c1']",[]
5,"[72.1, 34.1, 0.0]",1.943104398536566,"['Cc1ccc(Br)cc1', 'Cc1cc(Br)cnc1C', 'Brc1ccc2nn[nH]c2c1']",[]
6,"[60.9, 66.7, 17.7]",1.9877201785669116,"['Brc1cncnc1', 'Fc1ccc(Br)cc1', 'Nc1ncncc1Br']",[]
7,"[0.3, 28.3, 22.5]",1.9718793920045306,"['Oc1ncc(Br)cn1', 'Fc1ccccc1Br', 'Oc1ccc(Br)cn1']",[]
8,"[15.2, 0.0, 21.0]",2.4249857681884617,"['Brc1ncc[nH]1', 'Brc1ncn[nH]1', 'Cn1cnc(Br)c1']",[]
