,obj_values ['yield'],Vendi_score,eval_samples,cut_samples
0,"[0.0, 15.4, 0.0]",1.4903428637160994,"['CC(C)(N)c1ccc(Br)cc1', 'FC(F)(F)c1nc2ccc(Br)cn2n1', 'O=C(c1cccc(Br)c1)c1ccccn1']",[]
1,"[0.3, 15.7, 28.7]",1.5184489116695559,"['Brc1cnc2ncoc2c1', 'Brc1cnc2nncn2c1', 'Brc1ccc2ncnn2c1']",[]
2,"[1.4, 3.2, 19.7]",1.5126559923335186,"['Brc1cnc2cncn2c1', 'Brc1cnc2nccn2c1', 'Brc1cnc2[nH]ncc2c1']",[]
3,"[0.3, 66.7, 22.5]",1.5264524948942764,"['Brc1ccc2cnnn2c1', 'Fc1ccc(Br)cc1', 'Oc1ccc(Br)cn1']",[]
4,"[27.0, 72.1, 36.8]",1.5780720936839951,"['N#Cc1cccc(Br)c1', 'Cc1ccc(Br)cc1', 'Oc1ccc(Br)cc1']",[]
5,"[0.0, 24.4, 12.1]",1.572392435159705,"['C#Cc1ccc(Br)cc1', 'OCc1ccc(Br)cc1', 'Oc1cccc(Br)c1']",[]
6,"[75.3, 30.6, 67.6]",1.6083907875304995,"['Brc1cccnc1', 'N#Cc1cc(Br)cs1', 'Cc1cncc(Br)c1']",[]
7,"[31.1, 11.3, 0.0]",1.652442547727166,"['Brc1cccc2ccoc12', 'Cc1cncc(Br)n1', 'Brc1ccc2nn[nH]c2c1']",[]
8,"[34.1, 0.3, 47.7]",1.6968798209208944,"['Cc1cc(Br)cnc1C', 'Oc1ccnc(Br)c1', 'FC(F)(F)c1cncc(Br)c1']",[]
