,obj_values ['yield'],Vendi_score,eval_samples,cut_samples
0,"[24.4, 0.0, 34.9]",1.25452963065986,"['OCc1ccc(Br)cc1', 'Nc1cnc(-c2cccc(Br)c2)nc1', 'Cn1ccc(-c2cccc(Br)c2)n1']",[]
1,"[38.0, 47.6, 67.2]",1.2175931315574235,"['Brc1cccc(-c2cc[nH]n2)c1', 'OCC(O)c1cccc(Br)c1', 'CC(C)(C)c1cccc(Br)c1']",[]
2,"[49.8, 41.5, 58.7]",1.2274509865438825,"['COc1cccc(Br)c1', 'Brc1cccc(Cn2cccn2)c1', 'O=C1CCC(c2cccc(Br)c2)CN1']",[]
3,"[12.1, 43.9, 16.8]",1.2719329891276645,"['Oc1cccc(Br)c1', 'O=C1CN(Cc2cccc(Br)c2)C(=O)N1', 'COc1cc(Br)cc(OC)c1']",[]
4,"[28.5, 60.2, 27.8]",1.3929543408014209,"['CC(C)(C)OC(=O)N1CCCCC1c1ccc(Br)cc1', 'O=C1CC(c2cccc(Br)c2)CC(=O)N1', 'C[C@@H](NC(=O)OC(C)(C)C)c1ccc(Br)cc1']",[]
5,"[27.1, 31.2, 69.6]",1.4059075480015513,"['CC(=O)c1cccc(Br)c1', 'CC(=O)Cc1cccc(Br)c1', 'CNC(=O)c1cccc(Br)c1']",[]
6,"[7.5, 0.0, 69.7]",1.4816964227256448,"['Brc1cccc(-c2nnn[nH]2)c1', 'Brc1ccc(CN2CCOCC2)cc1', 'Brc1cccc(-n2ccnc2)c1']",[]
7,"[0.0, 72.1, 0.4]",1.461060271290198,"['Brc1ccc(C2CCCN2)cc1', 'Cc1ccc(Br)cc1', 'NCCc1ccc(Br)cc1']",[]
8,"[18.6, 0.0, 22.0]",1.5264430483314393,"['CC(C)(C)OC(=O)N1CCOc2ccc(Br)cc2C1', 'Brc1ccn2nnnc2c1', 'O=C1CCC(Oc2cccc(Br)c2)CC1']",[]
