,obj_values ['yield'],Vendi_score,eval_samples,cut_samples
0,"[16.8, 0.0, 53.3]",2.119814946548783,"['FC(F)(F)c1ccnc(Nc2cccc(Br)c2)n1', 'Brc1nncs1', 'COc1ccc2nc(Br)ccc2n1']",[]
1,"[17.3, 14.2, 0.0]",1.92120404827786,"['COc1ccc2cc(Br)ncc2n1', 'Brc1ccc2ncccc2n1', 'COc1cc2ccc(Br)nc2cn1']",[]
2,"[43.5, 28.9, 63.4]",1.956046975286669,"['Brc1ccc2[nH]ccc2n1', 'Oc1ccc(Br)nc1', 'Fc1ccc(Br)nc1']",[]
3,"[66.7, 18.8, 0.3]",2.0110512136651066,"['Fc1ccc(Br)cc1', 'Oc1cccc(Br)n1', 'Oc1ccnc(Br)c1']",[]
4,"[0.0, 22.5, 72.1]",2.078470305098811,"['Brc1ccc2nn[nH]c2c1', 'Oc1ccc(Br)cn1', 'Cc1ccc(Br)cc1']",[]
5,"[22.0, 0.0, 36.8]",2.070955122145561,"['CC(C)(C)Oc1ccc(Br)cc1', 'CC(C)(N)c1ccc(Br)cc1', 'Oc1ccc(Br)cc1']",[]
6,"[67.8, 35.4, 13.1]",2.031268067597229,"['Cn1cnc2cc(Br)ccc21', 'Brc1ccc2[nH]cnc2c1', 'Nc1nc2ccc(Br)cc2o1']",[]
7,"[30.6, 37.7, 27.0]",2.093497231003252,"['N#Cc1cc(Br)cs1', 'CC(=O)Nc1ccc(Br)cc1', 'N#Cc1cccc(Br)c1']",[]
8,"[0.0, 0.4, 57.1]",2.0631412387234422,"['CN1CCOc2cc(Br)ccc21', 'NCCc1ccc(Br)cc1', 'Brc1cnc2[nH]ccc2c1']",[]
