,obj_values ['yield'],Vendi_score,eval_samples,cut_samples
0,"[0.3, 13.1, 43.9]",1.5825091834652985,"['Brc1ccc(-c2ccn[nH]2)s1', 'Nc1nc2ccc(Br)cc2o1', 'O=C1CN(Cc2cccc(Br)c2)C(=O)N1']",[]
1,"[27.8, 0.0, 58.7]",1.5364802767312047,"['C[C@@H](NC(=O)OC(C)(C)C)c1ccc(Br)cc1', 'C[Si](C)(C)C#Cc1cccc(Br)c1', 'O=C1CCC(c2cccc(Br)c2)CN1']",[]
2,"[67.2, 41.5, 0.0]",1.4768611960254756,"['CC(C)(C)c1cccc(Br)c1', 'Brc1cccc(Cn2cccn2)c1', 'N#CC1(c2ccc(Br)cc2)CC1']",[]
3,"[49.8, 47.6, 16.8]",1.4726620962967414,"['COc1cccc(Br)c1', 'OCC(O)c1cccc(Br)c1', 'COc1cc(Br)cc(OC)c1']",[]
4,"[0.0, 18.6, 29.7]",1.522399286191417,"['FC(F)C(F)(F)Oc1cccc(Br)c1', 'CC(C)(C)OC(=O)N1CCOc2ccc(Br)cc2C1', 'O=S(=O)(Cc1ccc(Br)cc1)N1CCCC1']",[]
5,"[0.0, 53.1, 72.1]",1.5031794564216776,"['CC(C)(N)c1ccc(Br)cc1', 'CC(C)c1ccc(Br)cc1', 'Cc1ccc(Br)cc1']",[]
6,"[19.1, 39.5, 0.4]",1.458254285282064,"['CC(O)c1ccc(Br)cc1', 'OC1Cc2ccc(Br)cc2C1', 'NCCc1ccc(Br)cc1']",[]
7,"[0.3, 85.7, 55.5]",1.6185643915535775,"['Oc1ccnc(Br)c1', 'Cc1ccnc(Br)c1', 'Cc1ccc(Br)nc1']",[]
8,"[0.3, 0.0, 67.6]",1.6223414070481086,"['Brc1cnc2ncoc2c1', 'Brc1ccc(C2OCCO2)cc1', 'Cc1cncc(Br)c1']",[]
