,obj_values ['yield'],Vendi_score,eval_samples,cut_samples
0,"[27.9, 44.1, 41.9]",1.8444378456667774,"['CCCc1cc(NC(=O)OC(C)(C)C)c2cc(Br)ccc2n1', 'Nc1cc(Br)ncn1', 'CS(=O)(=O)c1ccc(Br)cc1']",[]
1,"[20.4, 0.0, 52.4]",2.1481305799588237,"['Brc1ncccn1', 'Brc1ccn2nnnc2c1', 'Nc1nccc(Br)n1']",[]
2,"[85.7, 0.0, 16.8]",2.217161839812366,"['Cc1ccnc(Br)c1', 'Brc1cccc(N2CCCC2)c1', 'COc1cc(Br)cc(OC)c1']",[]
3,"[55.5, 0.3, 18.3]",2.1212139420680622,"['Cc1ccc(Br)nc1', 'Oc1ccnc(Br)c1', 'Cc1ccc2ccc(Br)nc2n1']",[]
4,"[14.2, 1.8, 11.3]",2.037293598509599,"['Brc1ccc2ncccc2n1', 'Brc1cnc2ccccc2n1', 'Cc1cncc(Br)n1']",[]
5,"[18.8, 85.9, 69.7]",2.0458623365584736,"['Oc1cccc(Br)n1', 'Cc1cc(Br)ccn1', 'CC(C)(CO)c1cc(Br)ccn1']",[]
6,"[21.9, 0.0, 60.2]",2.134469982913552,"['CC(C)(C)OC(=O)NC1(c2ccc(Br)cc2)CC(=O)C1', 'FC(F)(F)Sc1ccc(Br)cc1', 'O=C1CC(c2cccc(Br)c2)CC(=O)N1']",[]
7,"[12.1, 31.2, 67.6]",2.1093425597454893,"['Oc1cccc(Br)c1', 'CC(=O)Cc1cccc(Br)c1', 'Cc1cncc(Br)c1']",[]
8,"[46.3, 75.3, 60.9]",2.1026130049166114,"['O=C1NCc2cc(Br)ccc21', 'Brc1cccnc1', 'Brc1cncnc1']",[]
