,obj_values ['yield'],Vendi_score,eval_samples,cut_samples
0,"[27.8, 1.5, 0.0]",1.5480025628054235,"['C[C@@H](NC(=O)OC(C)(C)C)c1ccc(Br)cc1', 'CC(C)(C)OC(=O)N1CCN(c2ncc(Br)cn2)CC1', 'O=S(=O)(Nc1ccccc1Br)C(F)(F)F']",[]
1,"[28.5, 0.0, 0.0]",1.6384548589182597,"['CC(C)(C)OC(=O)N1CCCCC1c1ccc(Br)cc1', 'Brc1ccc([C@@H]2CNCCO2)cc1', 'NC1(c2ccc(Br)cc2)CC1']",[]
2,"[27.9, 21.9, 0.0]",1.7192299640314717,"['CCCc1cc(NC(=O)OC(C)(C)C)c2cc(Br)ccc2n1', 'CC(C)(C)OC(=O)NC1(c2ccc(Br)cc2)CC(=O)C1', 'CC(C)(C)OC(=O)N1CCC(Nc2ccc(Br)cc2)CC1']",[]
3,"[20.9, 1.5, 0.0]",1.6956182156651163,"['CC1(C)OB(c2ccc(Br)cc2)OC1(C)C', 'Brc1ccc(-c2nnc(-c3ccccc3)o2)cc1', 'C[Si](C)(C)C#Cc1cccc(Br)c1']",[]
4,"[61.9, 0.0, 18.6]",1.760285365582643,"['O=C(OCc1ccccc1)N1CCc2ncc(Br)cc2C1', 'CC(C)(C)OC(=O)N1CCN(Cc2ccc(Br)cc2)CC1', 'CC(C)(C)OC(=O)N1CCOc2ccc(Br)cc2C1']",[]
5,"[0.0, 0.0, 0.0]",1.8511434077428432,"['CC(C)(C)OC(=O)n1cc(CO)c2c(Br)cccc21', 'CC(C)(C)OC(=O)NCCc1c[nH]c2ccc(Br)cc12', 'CCOc1ccc(F)c(B(O)O)c1Br']",[]
6,"[4.0, 29.7, 1.6]",1.9774128108807414,"['CC(C)(C)OC(=O)N1C[C@H](F)C[C@H]1c1nc(Br)c[nH]1', 'O=S(=O)(Cc1ccc(Br)cc1)N1CCCC1', 'CCOP(=O)(Cc1ccc(Br)cn1)OCC']",[]
7,"[51.8, 67.2, 66.6]",2.0394299425659836,"['CC(C)(C)OC(=O)N1CCCc2ccc(Br)nc21', 'CC(C)(C)c1cccc(Br)c1', 'COc1ccc(Cn2cnc3cc(Br)ccc32)cc1']",[]
8,"[43.5, 18.3, 85.7]",2.281989539214311,"['Brc1ccc2[nH]ccc2n1', 'Cc1ccc2ccc(Br)nc2n1', 'Cc1ccnc(Br)c1']",[]
