,obj_values ['yield'],Vendi_score,eval_samples,cut_samples
0,"[0.0, 0.0, 0.0]",1.9404619054939043,"['Brc1ccc(CN2CCOCC2)cc1', 'Brc1ccc(C2CCCN2)cc1', 'Brc1nncs1']",[]
1,"[63.4, 16.3, 9.6]",2.1336874175118434,"['Fc1ccc(Br)nc1', 'OC1CCOc2c(Br)cccc21', 'O=C1CCc2cccc(Br)c2N1']",[]
2,"[20.4, 5.9, 14.2]",2.442194118189621,"['Brc1ncccn1', 'Brc1ccn2nccc2n1', 'Brc1ccc2ncccc2n1']",[]
3,"[28.9, 30.6, 27.0]",2.5375817409179064,"['Oc1ccc(Br)nc1', 'N#Cc1cc(Br)cs1', 'N#Cc1cccc(Br)c1']",[]
4,"[37.2, 17.3, 66.7]",2.475980435668143,"['Oc1ncnc2ccc(Br)cc12', 'COc1ccc2cc(Br)ncc2n1', 'Fc1ccc(Br)cc1']",[]
5,"[22.5, 72.1, 19.7]",2.3719945883421127,"['Oc1ccc(Br)cn1', 'Cc1ccc(Br)cc1', 'Brc1cnc2[nH]ncc2c1']",[]
6,"[75.3, 36.8, 67.6]",2.2750187891708875,"['Brc1cccnc1', 'Oc1ccc(Br)cc1', 'Cc1cncc(Br)c1']",[]
7,"[85.9, 34.1, 44.1]",2.2474245083140065,"['Cc1cc(Br)ccn1', 'Cc1cc(Br)cnc1C', 'Nc1cc(Br)ncn1']",[]
8,"[28.3, 0.3, 12.1]",2.208884829282766,"['Fc1ccccc1Br', 'Oc1ccnc(Br)c1', 'Oc1cccc(Br)c1']",[]
