,obj_values ['yield'],Vendi_score,eval_samples,cut_samples
0,"[34.1, 0.6, 9.6]",1.6549882956032922,"['CC(C)(C)OC(=O)NCc1cccc(Br)n1', 'Oc1cnc2cc(Br)ccc2n1', 'O=C1CCc2cccc(Br)c2N1']",[]
1,"[0.3, 0.0, 75.2]",1.9486572548334797,"['COc1ccc(COc2cccc(Br)n2)cc1', 'FC(F)(F)c1cnc2nc(Br)ccc2c1', 'CNC(=O)c1ccnc(Br)c1']",[]
2,"[0.3, 85.7, 55.5]",1.936823484220476,"['Oc1ccnc(Br)c1', 'Cc1ccnc(Br)c1', 'Cc1ccc(Br)nc1']",[]
3,"[18.3, 58.4, 0.3]",1.8379577461021475,"['Cc1ccc2ccc(Br)nc2n1', 'Brc1ccc2cccnc2n1', 'Brc1ccc2ccncc2n1']",[]
4,"[11.3, 28.9, 43.5]",1.84375295682781,"['Cc1cncc(Br)n1', 'Oc1ccc(Br)nc1', 'Brc1ccc2[nH]ccc2n1']",[]
5,"[15.2, 0.0, 44.1]",2.2767499404344504,"['Brc1ncc[nH]1', 'Brc1ncn[nH]1', 'Nc1cc(Br)ncn1']",[]
6,"[52.4, 20.4, 0.0]",2.2971967528398394,"['Nc1nccc(Br)n1', 'Brc1ncccn1', 'Brc1nncc2ccccc12']",[]
7,"[49.8, 18.8, 0.0]",2.340259518370943,"['COc1cccc(Br)c1', 'Oc1cccc(Br)n1', 'Brc1cccc(N2CCCC2)c1']",[]
8,"[85.9, 0.3, 14.2]",2.358911207343767,"['Cc1cc(Br)ccn1', 'Nc1cc(Br)ccn1', 'Brc1ccc2ncccc2n1']",[]
