,obj_values ['yield'],Vendi_score,eval_samples,cut_samples
0,"[0.0, 4.2, 60.2]",1.577831523821416,"['COc1nccc(N)c1Br', 'Brc1cccc2cnccc12', 'O=C1CC(c2cccc(Br)c2)CC(=O)N1']",[]
1,"[21.9, 19.0, 22.0]",1.66166218851541,"['CC(C)(C)OC(=O)NC1(c2ccc(Br)cc2)CC(=O)C1', 'CC(=O)c1ccc(Oc2cccc(Br)c2)cc1', 'O=C1CCC(Oc2cccc(Br)c2)CC1']",[]
2,"[69.7, 85.9, 27.1]",1.7277093895731346,"['CC(C)(CO)c1cc(Br)ccn1', 'Cc1cc(Br)ccn1', 'CC(=O)c1cccc(Br)c1']",[]
3,"[12.1, 0.3, 16.8]",1.73092978381637,"['Oc1cccc(Br)c1', 'Nc1cc(Br)ccn1', 'COc1cc(Br)cc(OC)c1']",[]
4,"[47.7, 0.0, 17.2]",1.8235795813440296,"['FC(F)(F)c1cncc(Br)c1', 'O=S(=O)(O)c1cncc(Br)c1', 'FC(F)(F)c1ncc(Br)cn1']",[]
5,"[75.3, 43.8, 60.9]",1.7780749839176981,"['Brc1cccnc1', 'CC(C)(C#N)c1ccc(Br)cn1', 'Brc1cncnc1']",[]
6,"[85.7, 0.0, 67.6]",1.8322688440677268,"['Cc1ccnc(Br)c1', 'FC(F)C(F)(F)Oc1cccc(Br)c1', 'Cc1cncc(Br)c1']",[]
7,"[0.3, 44.1, 55.5]",1.9417376016773777,"['Oc1ccnc(Br)c1', 'Nc1cc(Br)ncn1', 'Cc1ccc(Br)nc1']",[]
8,"[46.3, 77.6, 31.2]",1.8667434469010946,"['O=C1NCc2cc(Br)ccc21', 'Cc1ccc(Br)cn1', 'CC(=O)Cc1cccc(Br)c1']",[]
