,obj_values ['yield'],Vendi_score,eval_samples,cut_samples
0,"[5.9, 38.0, 47.7]",1.5540166787003085,"['Brc1ccn2nccc2n1', 'Brc1cccc(-c2cc[nH]n2)c1', 'O=S(=O)(CCO)c1ccc(Br)cc1']",[]
1,"[29.7, 25.7, 1.6]",1.6332501705957092,"['O=S(=O)(Cc1ccc(Br)cc1)N1CCCC1', 'OC(c1ccc(Br)cn1)C(F)(F)F', 'CCOP(=O)(Cc1ccc(Br)cn1)OCC']",[]
2,"[41.9, 18.2, 7.5]",1.6127580841320432,"['CS(=O)(=O)c1ccc(Br)cc1', 'CN(C)S(=O)(=O)c1ccc(Br)cc1', 'Brc1cccc(-c2nnn[nH]2)c1']",[]
3,"[16.8, 69.7, 85.9]",1.723020785911313,"['COc1cc(Br)cc(OC)c1', 'CC(C)(CO)c1cc(Br)ccn1', 'Cc1cc(Br)ccn1']",[]
4,"[0.3, 0.3, 0.0]",1.72543786130099,"['Nc1cc(Br)ccn1', 'Brc1ccc2cncnc2c1', 'CCC(=O)c1ccc(Br)cc1O']",[]
5,"[85.7, 67.2, 0.3]",1.8356238467545656,"['Cc1ccnc(Br)c1', 'CC(C)(C)c1cccc(Br)c1', 'Oc1ccnc(Br)c1']",[]
6,"[44.1, 47.6, 52.4]",1.8544939949638322,"['Nc1cc(Br)ncn1', 'OCC(O)c1cccc(Br)c1', 'Nc1nccc(Br)n1']",[]
7,"[55.5, 0.3, 0.3]",1.9938655603503899,"['Cc1ccc(Br)nc1', 'Brc1ncnc2ccccc12', 'COc1ccc(COc2cccc(Br)n2)cc1']",[]
8,"[41.5, 12.1, 0.0]",1.95009453174147,"['Brc1cccc(Cn2cccn2)c1', 'Oc1cccc(Br)c1', 'Brc1ccc(C2OCCO2)cc1']",[]
