,obj_values ['yield'],Vendi_score,eval_samples,cut_samples
0,"[20.4, 66.6, 21.9]",1.3245399374281277,"['Brc1ccc(-c2nc3ccccc3[nH]2)cc1', 'COc1ccc(Cn2cnc3cc(Br)ccc32)cc1', 'CC(C)(C)OC(=O)NC1(c2ccc(Br)cc2)CC(=O)C1']",[]
1,"[35.4, 67.8, 18.6]",1.5018819301746893,"['Brc1ccc2[nH]cnc2c1', 'Cn1cnc2cc(Br)ccc21', 'CC(C)(C)OC(=O)N1CCOc2ccc(Br)cc2C1']",[]
2,"[0.0, 57.1, 23.7]",1.5301468056975644,"['CN1CCOc2cc(Br)ccc21', 'Brc1cnc2[nH]ccc2c1', 'Nc1nc2cc(Br)ccc2o1']",[]
3,"[19.7, 25.7, 22.5]",1.7099390732933486,"['Brc1cnc2[nH]ncc2c1', 'OC(c1ccc(Br)cn1)C(F)(F)F', 'Oc1ccc(Br)cn1']",[]
4,"[2.9, 11.4, 53.0]",1.7431513229885898,"['O=C(c1cc2cc(Br)cnc2s1)N1CCOCC1', 'CC(C)(C)OC(=O)Nc1ccc(Br)cn1', 'Brc1cnc2cc[nH]c2c1']",[]
5,"[15.7, 7.4, 51.7]",1.820981146197052,"['Brc1cnc2nncn2c1', 'Brc1cncc2ccccc12', 'Brc1cncc2[nH]ccc12']",[]
6,"[38.0, 13.1, 0.0]",1.7981802551707797,"['Brc1cccc(-c2cc[nH]n2)c1', 'Nc1nc2ccc(Br)cc2o1', 'Brc1ccccc1-c1nnn[nH]1']",[]
7,"[49.9, 7.6, 0.0]",1.7439623963605082,"['FCCOc1cncc(Br)c1', 'Cn1cnc2ccc(Br)cc21', 'Nc1cnc(-c2cccc(Br)c2)nc1']",[]
8,"[1.5, 17.7, 0.0]",1.7873686466292478,"['Nc1c(F)cncc1Br', 'Nc1ncncc1Br', 'CC(C)NC(=O)c1ccc(Br)cn1']",[]
