,obj_values ['yield'],Vendi_score,eval_samples,cut_samples
0,"[37.2, 11.3, 17.7]",1.5713859041682718,"['Oc1ncnc2ccc(Br)cc12', 'Cc1cncc(Br)n1', 'Nc1ncncc1Br']",[]
1,"[20.3, 0.6, 8.1]",1.4640688949288685,"['Oc1ccnc2ccc(Br)cc12', 'Oc1cnc2cc(Br)ccc2n1', 'COc1ccc2cc(Br)cnc2n1']",[]
2,"[19.7, 24.4, 3.7]",1.47802152424164,"['Brc1cnc2[nH]ncc2c1', 'OCc1ccc(Br)cc1', 'O=C1Nc2ccc(Br)cc2C12OCCO2']",[]
3,"[66.7, 22.5, 60.9]",1.5080290316219365,"['Fc1ccc(Br)cc1', 'Oc1ccc(Br)cn1', 'Brc1cncnc1']",[]
4,"[0.0, 75.3, 85.9]",1.6269731539789047,"['Fc1ncc(Br)c(F)n1', 'Brc1cccnc1', 'Cc1cc(Br)ccn1']",[]
5,"[12.1, 0.3, 67.6]",1.62135590646614,"['Oc1cccc(Br)c1', 'Nc1cc(Br)ccn1', 'Cc1cncc(Br)c1']",[]
6,"[69.7, 47.7, 77.6]",1.6107017964470902,"['CC(C)(CO)c1cc(Br)ccn1', 'FC(F)(F)c1cncc(Br)c1', 'Cc1ccc(Br)cn1']",[]
7,"[46.3, 0.0, 43.8]",1.6018585957802258,"['O=C1NCc2cc(Br)ccc21', 'N#CC1(c2ccc(Br)cc2)CC1', 'CC(C)(C#N)c1ccc(Br)cn1']",[]
8,"[34.1, 0.0, 27.1]",1.6041540130033327,"['Cc1cc(Br)cnc1C', 'FC(F)(F)Sc1ccc(Br)cc1', 'CC(=O)c1cccc(Br)c1']",[]
