,obj_values ['yield'],Vendi_score,eval_samples,cut_samples
0,"[43.8, 34.1, 0.0]",1.246607827037271,"['CC(C)(C#N)c1ccc(Br)cn1', 'Cc1cc(Br)cnc1C', 'Brc1ccc(N2CCOCC2)nc1']",[]
1,"[75.3, 9.0, 67.6]",1.2908626342088148,"['Brc1cccnc1', 'Brc1cnc2ncccc2c1', 'Cc1cncc(Br)c1']",[]
2,"[72.1, 66.7, 24.4]",1.3492465269623628,"['Cc1ccc(Br)cc1', 'Fc1ccc(Br)cc1', 'OCc1ccc(Br)cc1']",[]
3,"[27.0, 36.8, 85.9]",1.4394174309565646,"['N#Cc1cccc(Br)c1', 'Oc1ccc(Br)cc1', 'Cc1cc(Br)ccn1']",[]
4,"[0.0, 28.3, 12.1]",1.5480247501173046,"['Fc1ncc(Br)c(F)n1', 'Fc1ccccc1Br', 'Oc1cccc(Br)c1']",[]
5,"[77.6, 60.9, 44.1]",1.6119894839884092,"['Cc1ccc(Br)cn1', 'Brc1cncnc1', 'Nc1cc(Br)ncn1']",[]
6,"[55.5, 0.3, 85.7]",1.7348235223302715,"['Cc1ccc(Br)nc1', 'Oc1ccnc(Br)c1', 'Cc1ccnc(Br)c1']",[]
7,"[11.3, 0.3, 0.0]",1.7337518293286516,"['Cc1cncc(Br)n1', 'Nc1cc(Br)ccn1', 'C#Cc1ccc(Br)cc1']",[]
8,"[15.5, 67.2, 53.1]",1.8068810168830705,"['Cn1cc(Br)nn1', 'CC(C)(C)c1cccc(Br)c1', 'CC(C)c1ccc(Br)cc1']",[]
