,obj_values ['yield'],Vendi_score,eval_samples,cut_samples
0,"[1.4, 52.4, 51.7]",1.6071057762296768,"['Brc1cnc2cncn2c1', 'Nc1nccc(Br)n1', 'Brc1cncc2[nH]ccc12']",[]
1,"[28.7, 28.3, 44.1]",1.6631448632588772,"['COc1ccccc1Br', 'Brc1cccc2[nH]cnc12', 'Nc1cc(Br)ncn1']",[]
2,"[49.8, 85.7, 43.5]",1.7826513920967306,"['COc1cccc(Br)c1', 'Cc1ccnc(Br)c1', 'Brc1ccc2[nH]ccc2n1']",[]
3,"[0.2, 0.3, 0.3]",1.8700986620314175,"['Brc1ccnc2ccccc12', 'Brc1ncnc2ccccc12', 'Oc1ccnc(Br)c1']",[]
4,"[55.5, 0.3, 0.0]",1.8941394014768778,"['Cc1ccc(Br)nc1', 'Nc1cc(Br)ccn1', 'CN1CCOc2cc(Br)ccc21']",[]
5,"[11.3, 18.8, 72.1]",1.8641763955852004,"['Cc1cncc(Br)n1', 'Oc1cccc(Br)n1', 'Cc1ccc(Br)cc1']",[]
6,"[36.8, 67.6, 75.3]",1.8446421791718732,"['Oc1ccc(Br)cc1', 'Cc1cncc(Br)c1', 'Brc1cccnc1']",[]
7,"[34.1, 17.7, 77.6]",1.8383672334935834,"['Cc1cc(Br)cnc1C', 'Nc1ncncc1Br', 'Cc1ccc(Br)cn1']",[]
8,"[15.5, 85.9, 60.9]",1.9411901431619902,"['Cn1cc(Br)nn1', 'Cc1cc(Br)ccn1', 'Brc1cncnc1']",[]
