,obj_values ['yield'],Vendi_score,eval_samples,cut_samples
0,"[0.3, 0.4, 57.1]",1.204055751347851,"['Nc1cc(Br)ccn1', 'NCCc1ccc(Br)cc1', 'Brc1cnc2[nH]ccc2c1']",[]
1,"[53.0, 19.7, 0.3]",1.345332947785303,"['Brc1cnc2cc[nH]c2c1', 'Brc1cnc2[nH]ncc2c1', 'Brc1ccc2cnnn2c1']",[]
2,"[21.9, 22.5, 36.8]",1.3702684738502056,"['Nc1ncc(Br)cn1', 'Oc1ccc(Br)cn1', 'Oc1ccc(Br)cc1']",[]
3,"[35.4, 67.8, 13.1]",1.372222126530593,"['Brc1ccc2[nH]cnc2c1', 'Cn1cnc2cc(Br)ccc21', 'Nc1nc2ccc(Br)cc2o1']",[]
4,"[8.1, 0.6, 1.5]",1.435413726056176,"['COc1ccc2cc(Br)cnc2n1', 'Oc1cnc2cc(Br)ccc2n1', 'Nc1c(F)cncc1Br']",[]
5,"[23.7, 7.6, 72.1]",1.419610233218946,"['Nc1nc2cc(Br)ccc2o1', 'Cn1cnc2ccc(Br)cc21', 'Cc1ccc(Br)cc1']",[]
6,"[75.3, 67.6, 66.7]",1.4307299009093832,"['Brc1cccnc1', 'Cc1cncc(Br)c1', 'Fc1ccc(Br)cc1']",[]
7,"[27.0, 77.6, 34.1]",1.4426882306051163,"['N#Cc1cccc(Br)c1', 'Cc1ccc(Br)cn1', 'Cc1cc(Br)cnc1C']",[]
8,"[12.1, 24.4, 60.9]",1.4587064258987883,"['Oc1cccc(Br)c1', 'OCc1ccc(Br)cc1', 'Brc1cncnc1']",[]
