,obj_values ['yield'],Vendi_score,eval_samples,cut_samples
0,"[23.1, 67.6, 8.1]",1.3425978376169694,"['Fc1cc(Br)ccc1-c1ccccc1', 'Cc1cncc(Br)c1', 'O=C1CCC(Oc2ccccc2Br)CC1']",[]
1,"[12.1, 34.1, 75.3]",1.3394984757476742,"['Oc1cccc(Br)c1', 'Cc1cc(Br)cnc1C', 'Brc1cccnc1']",[]
2,"[17.2, 47.7, 60.9]",1.4524843087317865,"['FC(F)(F)c1ncc(Br)cn1', 'FC(F)(F)c1cncc(Br)c1', 'Brc1cncnc1']",[]
3,"[77.6, 72.1, 66.7]",1.4403129899196145,"['Cc1ccc(Br)cn1', 'Cc1ccc(Br)cc1', 'Fc1ccc(Br)cc1']",[]
4,"[22.5, 36.8, 24.4]",1.4422377208573272,"['Oc1ccc(Br)cn1', 'Oc1ccc(Br)cc1', 'OCc1ccc(Br)cc1']",[]
5,"[27.0, 0.0, 27.1]",1.4775181563845075,"['N#Cc1cccc(Br)c1', 'C#Cc1ccc(Br)cc1', 'CC(=O)c1cccc(Br)c1']",[]
6,"[9.0, 0.0, 85.9]",1.4979121922150362,"['Brc1cnc2ncccc2c1', 'CC(C)(N)c1ccc(Br)cc1', 'Cc1cc(Br)ccn1']",[]
7,"[28.3, 15.5, 69.7]",1.6141621777063806,"['Fc1ccccc1Br', 'Cn1cc(Br)nn1', 'CC(C)(CO)c1cc(Br)ccn1']",[]
8,"[0.0, 0.0, 15.2]",2.081264982999997,"['OCc1coc(Br)n1', 'Brc1ncn[nH]1', 'Brc1ncc[nH]1']",[]
