,obj_values ['yield'],Vendi_score,eval_samples,cut_samples
0,"[0.6, 0.3, 24.7]",1.6824390728936416,"['Nc1ncnn2c(Br)ccc12', 'Brc1cnc2ncoc2c1', 'Brc1cccc(-c2nnc(C3CC3)o2)c1']",[]
1,"[19.0, 1.5, 13.6]",1.7725595869949302,"['CC(=O)c1ccc(Oc2cccc(Br)c2)cc1', 'Brc1ccc(-c2nnc(-c3ccccc3)o2)cc1', 'Cc1cc(Br)cc(Nc2nccc(C3CC3)n2)c1']",[]
2,"[21.9, 28.5, 18.6]",1.8185147342729644,"['CC(C)(C)OC(=O)NC1(c2ccc(Br)cc2)CC(=O)C1', 'CC(C)(C)OC(=O)N1CCCCC1c1ccc(Br)cc1', 'CC(C)(C)OC(=O)N1CCOc2ccc(Br)cc2C1']",[]
3,"[27.8, 66.6, 0.0]",1.8141224819098063,"['C[C@@H](NC(=O)OC(C)(C)C)c1ccc(Br)cc1', 'COc1ccc(Cn2cnc3cc(Br)ccc32)cc1', 'CC(C)(C)OC(=O)N1CCC(Nc2ccc(Br)cc2)CC1']",[]
4,"[35.4, 67.8, 43.5]",2.0107284940950847,"['Brc1ccc2[nH]cnc2c1', 'Cn1cnc2cc(Br)ccc21', 'Brc1ccc2[nH]ccc2n1']",[]
5,"[15.7, 0.0, 28.4]",2.1620573643288727,"['Brc1cnc2nncn2c1', 'O=C(Nc1ccc(Br)c(F)c1)c1ccccn1', 'Brc1ccc(-n2cnnc2)nc1']",[]
6,"[23.7, 0.0, 28.9]",2.1612880352176758,"['Nc1nc2cc(Br)ccc2o1', 'N#CC1(c2ccc(Br)cc2)CC1', 'Oc1ccc(Br)nc1']",[]
7,"[18.3, 10.5, 0.0]",2.170617492087207,"['Cc1ccc2ccc(Br)nc2n1', 'O=C1CCCCC1Oc1ccc(Br)cc1', 'Nc1cnc(-c2cccc(Br)c2)nc1']",[]
8,"[15.5, 0.0, 28.3]",2.277819143351942,"['Cn1cc(Br)nn1', 'Brc1ccccc1-c1nnn[nH]1', 'Brc1cccc2[nH]cnc12']",[]
