,obj_values ['yield'],Vendi_score,eval_samples,cut_samples
0,"[43.8, 0.0, 59.0]",1.4317866187163681,"['CC(C)(C#N)c1ccc(Br)cn1', 'Brc1cccc(N2CCCC2)c1', 'NS(=O)(=O)Cc1cccc(Br)c1']",[]
1,"[41.9, 25.7, 41.5]",1.415993764372624,"['CS(=O)(=O)c1ccc(Br)cc1', 'OC(c1ccc(Br)cn1)C(F)(F)F', 'Brc1cccc(Cn2cccn2)c1']",[]
2,"[0.0, 0.0, 22.0]",1.5078825987856073,"['O=C(c1cccc(Br)c1)C(F)(F)F', 'O=S(=O)(O)c1cncc(Br)c1', 'CC(C)(C)Oc1ccc(Br)cc1']",[]
3,"[0.0, 40.9, 50.4]",1.4925203557150908,"['O=c1cc(O)c2ccc(Br)cc2o1', 'O=C1CCCN1c1ccc(Br)cc1F', 'Brc1ccc(-c2nnc[nH]2)cc1']",[]
4,"[11.0, 1.6, 10.5]",1.5664471821806099,"['O=C(NCc1ccccc1)c1ccc(Br)cn1', 'CCOP(=O)(Cc1ccc(Br)cn1)OCC', 'O=C1CCCCC1Oc1ccc(Br)cc1']",[]
5,"[0.4, 0.0, 69.7]",1.5652096056762714,"['NCCc1ccc(Br)cc1', 'N#CC1(c2ccc(Br)cc2)CC1', 'CC(C)(CO)c1cc(Br)ccn1']",[]
6,"[30.3, 0.0, 20.9]",1.5477179826165637,"['Cn1nnc(-c2ccc(Br)cn2)n1', 'CC(C)NC(=O)c1ccc(Br)cn1', 'CC1(C)OB(c2ccc(Br)cc2)OC1(C)C']",[]
7,"[0.0, 24.4, 80.4]",1.5495184745266612,"['NC1(c2ccc(Br)cc2)CC1', 'OCc1ccc(Br)cc1', 'CC(C)(CO)c1ccc(Br)cn1']",[]
8,"[30.6, 85.9, 17.2]",1.663333738744158,"['N#Cc1cc(Br)cs1', 'Cc1cc(Br)ccn1', 'CC(=O)c1cc(Br)cs1']",[]
