,obj_values ['yield'],Vendi_score,eval_samples,cut_samples
0,"[24.7, 52.4, 50.4]",1.4976216744757305,"['Brc1cccc(-c2nnc(C3CC3)o2)c1', 'Nc1nccc(Br)n1', 'Brc1ccc(-c2nnc[nH]2)cc1']",[]
1,"[0.3, 18.8, 44.1]",1.5712578936813575,"['Nc1cc(Br)ccn1', 'Oc1cccc(Br)n1', 'Nc1cc(Br)ncn1']",[]
2,"[0.3, 58.4, 0.0]",1.6995091218581322,"['Brc1ccc2ccncc2n1', 'Brc1ccc2cccnc2n1', 'FC(F)(F)c1cnc2nc(Br)ccc2c1']",[]
3,"[85.7, 0.0, 43.5]",1.8575614578904411,"['Cc1ccnc(Br)c1', 'Brc1ccc(CN2CCNCC2)cc1', 'Brc1ccc2[nH]ccc2n1']",[]
4,"[28.9, 55.5, 0.3]",1.8027373825542807,"['Oc1ccc(Br)nc1', 'Cc1ccc(Br)nc1', 'Oc1ccnc(Br)c1']",[]
5,"[15.2, 0.0, 18.3]",2.228178480850748,"['Brc1ncc[nH]1', 'Brc1ncn[nH]1', 'Cc1ccc2ccc(Br)nc2n1']",[]
6,"[67.8, 35.4, 0.0]",2.2593162474349375,"['Cn1cnc2cc(Br)ccc21', 'Brc1ccc2[nH]cnc2c1', 'Brc1nncc2ccccc12']",[]
7,"[37.7, 0.0, 23.7]",2.2627914069481427,"['CC(=O)Nc1ccc(Br)cc1', 'CN1CCOc2cc(Br)ccc21', 'Nc1nc2cc(Br)ccc2o1']",[]
8,"[27.0, 72.1, 36.8]",2.2952521858084123,"['N#Cc1cccc(Br)c1', 'Cc1ccc(Br)cc1', 'Oc1ccc(Br)cc1']",[]
