,obj_values ['yield'],Vendi_score,eval_samples,cut_samples
0,"[80.4, 5.9, 0.3]",1.5092165330327216,"['CC(C)(CO)c1ccc(Br)cn1', 'Brc1ccn2nccc2n1', 'Brc1cccc2ncncc12']",[]
1,"[20.9, 47.2, 0.0]",1.4906812570566343,"['CC1(C)OB(c2ccc(Br)cc2)OC1(C)C', 'O=C1CCCc2ccc(Br)cc2N1', 'Brc1ccc(C2CCCN2)cc1']",[]
2,"[51.1, 11.0, 30.3]",1.528531177888106,"['Brc1cnc(Oc2cccnc2)nc1', 'O=C(NCc1ccccc1)c1ccc(Br)cn1', 'Cn1nnc(-c2ccc(Br)cn2)n1']",[]
3,"[60.9, 0.0, 10.3]",1.7218849975865034,"['Brc1cncnc1', 'Fc1ncc(Br)c(F)n1', 'OCc1ccc(Br)c(F)c1']",[]
4,"[31.2, 85.9, 75.3]",1.713163352788952,"['CC(=O)Cc1cccc(Br)c1', 'Cc1cc(Br)ccn1', 'Brc1cccnc1']",[]
5,"[77.6, 67.6, 69.7]",1.6557928134473205,"['Cc1ccc(Br)cn1', 'Cc1cncc(Br)c1', 'CC(C)(CO)c1cc(Br)ccn1']",[]
6,"[0.3, 34.1, 43.8]",1.6136959490844054,"['Oc1ncc(Br)cn1', 'Cc1cc(Br)cnc1C', 'CC(C)(C#N)c1ccc(Br)cn1']",[]
7,"[0.3, 0.0, 47.7]",1.6356691106482717,"['Nc1cc(Br)ccn1', 'FC(F)(F)Sc1ccc(Br)cc1', 'FC(F)(F)c1cncc(Br)c1']",[]
8,"[0.3, 33.6, 67.2]",1.689569396179553,"['Oc1ccnc(Br)c1', 'N#CCCc1ccc(Br)cc1', 'CC(C)(C)c1cccc(Br)c1']",[]
