,obj_values ['yield'],Vendi_score,eval_samples,cut_samples
0,"[0.0, 16.3, 0.3]",1.7867962142897453,"['CC(C)(C)OC(=O)N1CCC(Nc2ccc(Br)cc2)CC1', 'OC1CCOc2c(Br)cccc21', 'Cc1ccc(S(=O)(=O)n2cc(Br)c3ccccc32)cc1']",[]
1,"[28.7, 9.6, 28.3]",1.7973180943987903,"['COc1ccccc1Br', 'O=C1CCc2cccc(Br)c2N1', 'Fc1ccccc1Br']",[]
2,"[10.3, 0.9, 1.5]",1.6777995713445715,"['OCc1ccc(Br)c(F)c1', 'C=CCc1ccc(Br)c(F)c1', 'Nc1c(F)cncc1Br']",[]
3,"[85.9, 12.1, 0.3]",1.8319480882905463,"['Cc1cc(Br)ccn1', 'Oc1cccc(Br)c1', 'Nc1cc(Br)ccn1']",[]
4,"[47.7, 47.7, 41.9]",1.923891156193978,"['FC(F)(F)c1cncc(Br)c1', 'O=S(=O)(CCO)c1ccc(Br)cc1', 'CS(=O)(=O)c1ccc(Br)cc1']",[]
5,"[11.3, 0.0, 69.7]",2.0140803889768226,"['Cc1cncc(Br)n1', 'O=S(=O)(O)c1cncc(Br)c1', 'CC(C)(CO)c1cc(Br)ccn1']",[]
6,"[41.5, 67.2, 0.3]",2.0375100048997465,"['Brc1cccc(Cn2cccn2)c1', 'CC(C)(C)c1cccc(Br)c1', 'Oc1ccnc(Br)c1']",[]
7,"[47.6, 0.0, 43.9]",1.9655626357189058,"['OCC(O)c1cccc(Br)c1', 'FC(F)C(F)(F)Oc1cccc(Br)c1', 'O=C1CN(Cc2cccc(Br)c2)C(=O)N1']",[]
8,"[21.9, 33.6, 75.3]",1.9749818452676333,"['CC(C)(C)OC(=O)NC1(c2ccc(Br)cc2)CC(=O)C1', 'N#CCCc1ccc(Br)cc1', 'Brc1cccnc1']",[]
