,obj_values ['yield'],Vendi_score,eval_samples,cut_samples
0,"[0.6, 0.3, 0.0]",1.8131187107699578,"['O=c1[nH]cc(Br)c(=O)[nH]1', 'CCc1cccn2c(Br)cnc12', 'Brc1ccccc1N1CCNCC1']",[]
1,"[0.3, 15.7, 0.0]",1.971144252135029,"['Oc1ncc(Br)cn1', 'Brc1cnc2nncn2c1', 'Fc1ncc(Br)c(F)n1']",[]
2,"[0.0, 3.2, 28.4]",1.9403874523498321,"['Brc1ccn2nnnc2c1', 'Brc1cnc2nccn2c1', 'Brc1ccc(-n2cnnc2)nc1']",[]
3,"[0.0, 0.0, 1.3]",2.058658256997753,"['O=C(Nc1ccc(Br)c(F)c1)c1ccccn1', 'CC(C)NC(=O)c1ccc(Br)cn1', 'Brc1ccc(-c2nc3cnccc3[nH]2)cc1']",[]
4,"[50.4, 46.3, 9.0]",1.970864041880834,"['Brc1ccc(-c2nnc[nH]2)cc1', 'O=C1NCc2cc(Br)ccc21', 'Brc1cnc2ncccc2c1']",[]
5,"[55.5, 85.7, 0.3]",2.321694155518541,"['Cc1ccc(Br)nc1', 'Cc1ccnc(Br)c1', 'COc1ccc(COc2cccc(Br)n2)cc1']",[]
6,"[43.5, 0.3, 44.1]",2.451849212289897,"['Brc1ccc2[nH]ccc2n1', 'Oc1ccnc(Br)c1', 'Nc1cc(Br)ncn1']",[]
7,"[18.3, 58.4, 0.3]",2.4829052691896907,"['Cc1ccc2ccc(Br)nc2n1', 'Brc1ccc2cccnc2n1', 'Brc1ccc2ccncc2n1']",[]
8,"[49.8, 52.4, 0.0]",2.500179162732757,"['COc1cccc(Br)c1', 'Nc1nccc(Br)n1', 'Brc1cccc(N2CCCC2)c1']",[]
