,obj_values ['yield'],Vendi_score,eval_samples,cut_samples
0,"[37.2, 24.7, 68.5]",1.2380829854799469,"['Oc1ncnc2ccc(Br)cc12', 'Brc1cccc(-c2nnc(C3CC3)o2)c1', 'O=C(c1ccc(Br)cc1)N1CCOCC1']",[]
1,"[48.1, 50.4, 0.0]",1.334704851212649,"['O=C1c2ccc(Br)cc2CN1C1CC1', 'Brc1ccc(-c2nnc[nH]2)cc1', 'FC(F)(F)Sc1ccc(Br)cc1']",[]
2,"[20.4, 3.6, 21.7]",1.3293515704361727,"['Brc1ccc(-c2nc3ccccc3[nH]2)cc1', 'CC(C)Sc1ccc(Br)cc1', 'Brc1ccc2c(c1)oc1ccccc12']",[]
3,"[0.6, 46.3, 27.0]",1.4341957744505662,"['Oc1cnc2cc(Br)ccc2n1', 'O=C1NCc2cc(Br)ccc21', 'N#Cc1cccc(Br)c1']",[]
4,"[19.6, 19.0, 69.7]",1.427381686807458,"['Brc1ccc2cnccc2c1', 'CC(=O)c1ccc(Oc2cccc(Br)c2)cc1', 'Brc1cccc(-n2ccnc2)c1']",[]
5,"[16.8, 42.2, 0.0]",1.441788080406039,"['COc1cc(Br)cc(OC)c1', 'Brc1cccc(-n2cncn2)c1', 'N#CC1(c2ccc(Br)cc2)CC1']",[]
6,"[34.1, 7.5, 1.8]",1.60251596269979,"['CC(C)(C)OC(=O)NCc1cccc(Br)n1', 'Brc1cccc(-c2nnn[nH]2)c1', 'Brc1cnc2ccccc2n1']",[]
7,"[77.6, 9.2, 80.4]",1.5985623263565605,"['Cc1ccc(Br)cn1', 'Brc1ccc2ncncc2c1', 'CC(C)(CO)c1ccc(Br)cn1']",[]
8,"[0.0, 75.3, 34.1]",1.622485830428832,"['Brc1ccc(N2CCOCC2)nc1', 'Brc1cccnc1', 'Cc1cc(Br)cnc1C']",[]
