,obj_values ['yield'],Vendi_score,eval_samples,cut_samples
0,"[0.0, 67.2, 48.1]",1.5655816033581698,"['CC(C)(C)OC(=O)N1CCN(Cc2ccc(Br)cc2)CC1', 'CC(C)(C)c1cccc(Br)c1', 'O=C1c2ccc(Br)cc2CN1C1CC1']",[]
1,"[12.1, 49.8, 47.6]",1.533827924413201,"['Oc1cccc(Br)c1', 'COc1cccc(Br)c1', 'OCC(O)c1cccc(Br)c1']",[]
2,"[38.0, 41.5, 60.2]",1.4923862386896007,"['Brc1cccc(-c2cc[nH]n2)c1', 'Brc1cccc(Cn2cccn2)c1', 'O=C1CC(c2cccc(Br)c2)CC(=O)N1']",[]
3,"[27.1, 0.0, 0.3]",1.571658066856104,"['CC(=O)c1cccc(Br)c1', 'O=C(c1cccc(Br)c1)C(F)(F)F', 'Brc1ccc2cncnc2c1']",[]
4,"[13.6, 0.0, 58.7]",1.6379954440889335,"['Cc1cc(Br)cc(Nc2nccc(C3CC3)n2)c1', 'Brc1cccc(N2CCCC2)c1', 'O=C1CCC(c2cccc(Br)c2)CN1']",[]
5,"[43.9, 18.6, 39.5]",1.6288610129443233,"['O=C1CN(Cc2cccc(Br)c2)C(=O)N1', 'CC(C)(C)OC(=O)N1CCOc2ccc(Br)cc2C1', 'OC1Cc2ccc(Br)cc2C1']",[]
6,"[69.7, 22.0, 20.9]",1.6063567387598252,"['CC(C)(CO)c1cc(Br)ccn1', 'O=C1CCC(Oc2cccc(Br)c2)CC1', 'CC1(C)OB(c2ccc(Br)cc2)OC1(C)C']",[]
7,"[46.3, 85.9, 69.6]",1.6020794199454256,"['O=C1NCc2cc(Br)ccc21', 'Cc1cc(Br)ccn1', 'CNC(=O)c1cccc(Br)c1']",[]
8,"[33.6, 31.2, 0.0]",1.5727474103664223,"['N#CCCc1ccc(Br)cc1', 'CC(=O)Cc1cccc(Br)c1', 'N#CC1(c2ccc(Br)cc2)CC1']",[]
