,obj_values ['yield'],Vendi_score,eval_samples,cut_samples
0,"[22.0, 0.0, 7.1]",1.4259466937914866,"['O=C1CCC(Oc2cccc(Br)c2)CC1', 'Brc1ccc(CN2CCOCC2)cc1', 'N#Cc1cc2cc(Br)ccc2s1']",[]
1,"[20.9, 58.7, 60.2]",1.3647467924536771,"['CC1(C)OB(c2ccc(Br)cc2)OC1(C)C', 'O=C1CCC(c2cccc(Br)c2)CN1', 'O=C1CC(c2cccc(Br)c2)CC(=O)N1']",[]
2,"[67.2, 41.5, 49.8]",1.4065107894856765,"['CC(C)(C)c1cccc(Br)c1', 'Brc1cccc(Cn2cccn2)c1', 'COc1cccc(Br)c1']",[]
3,"[69.7, 0.0, 16.8]",1.4639782899345446,"['CC(C)(CO)c1cc(Br)ccn1', 'Brc1cccc(N2CCCC2)c1', 'COc1cc(Br)cc(OC)c1']",[]
4,"[85.9, 12.1, 43.9]",1.514751141855994,"['Cc1cc(Br)ccn1', 'Oc1cccc(Br)c1', 'O=C1CN(Cc2cccc(Br)c2)C(=O)N1']",[]
5,"[47.6, 69.6, 0.3]",1.495939545010529,"['OCC(O)c1cccc(Br)c1', 'CNC(=O)c1cccc(Br)c1', 'Nc1cc(Br)ccn1']",[]
6,"[0.0, 27.1, 0.0]",1.5442485531969534,"['O=C(c1cccc(Br)c1)C(F)(F)F', 'CC(=O)c1cccc(Br)c1', 'O=C(c1cccc(Br)c1)c1ccccn1']",[]
7,"[0.0, 72.1, 31.2]",1.5281522991128595,"['N#CC1(c2ccc(Br)cc2)CC1', 'Cc1ccc(Br)cc1', 'CC(=O)Cc1cccc(Br)c1']",[]
8,"[0.0, 67.6, 66.7]",1.5386812054442451,"['CC(C)(N)c1ccc(Br)cc1', 'Cc1cncc(Br)c1', 'Fc1ccc(Br)cc1']",[]
