,obj_values ['yield'],Vendi_score,eval_samples,cut_samples
0,"[43.9, 4.0, 0.0]",2.362047415703901,"['O=C1CN(Cc2cccc(Br)c2)C(=O)N1', 'CC(C)(C)OC(=O)N1C[C@H](F)C[C@H]1c1nc(Br)c[nH]1', 'Brc1nncs1']",[]
1,"[0.0, 27.8, 0.0]",2.1899082521897224,"['FC(F)C(F)(F)Oc1cccc(Br)c1', 'C[C@@H](NC(=O)OC(C)(C)C)c1ccc(Br)cc1', 'NC1(c2ccc(Br)cc2)CC1']",[]
2,"[28.5, 66.6, 18.6]",2.0917234982300297,"['CC(C)(C)OC(=O)N1CCCCC1c1ccc(Br)cc1', 'COc1ccc(Cn2cnc3cc(Br)ccc32)cc1', 'CC(C)(C)OC(=O)N1CCOc2ccc(Br)cc2C1']",[]
3,"[0.0, 0.0, 0.0]",2.349533991786426,"['O=C(Nc1ccc(Br)c(F)c1)c1ccccn1', 'Brc1ccccc1-c1nnn[nH]1', 'CC(C)(C)OC(=O)N1CCC(Nc2ccc(Br)cc2)CC1']",[]
4,"[51.8, 27.9, 43.5]",2.5830646788206937,"['CC(C)(C)OC(=O)N1CCCc2ccc(Br)nc21', 'CCCc1cc(NC(=O)OC(C)(C)C)c2cc(Br)ccc2n1', 'Brc1ccc2[nH]ccc2n1']",[]
5,"[17.3, 53.3, 0.0]",2.7107346905849568,"['COc1ccc2cc(Br)ncc2n1', 'COc1ccc2nc(Br)ccc2n1', 'FC(F)(F)c1cnc2nc(Br)ccc2c1']",[]
6,"[0.3, 63.4, 28.9]",2.734314401033404,"['Oc1ccnc(Br)c1', 'Fc1ccc(Br)nc1', 'Oc1ccc(Br)nc1']",[]
7,"[0.0, 44.7, 30.6]",2.8527463101437736,"['CC(C)(C)OC(=O)NCCc1c[nH]c2ccc(Br)cc12', 'Brc1ncccc1OC1CCCCO1', 'N#Cc1cc(Br)cs1']",[]
8,"[0.0, 7.5, 31.1]",3.0425390104423977,"['OCc1coc(Br)n1', 'Brc1cccc(-c2nnn[nH]2)c1', 'COc1ncc(Br)nc1OC']",[]
