,obj_values ['yield'],Vendi_score,eval_samples,cut_samples
0,"[0.0, 69.7, 0.0]",1.2189314708112975,"['O=c1cc(O)c2ccc(Br)cc2o1', 'CC(C)(CO)c1cc(Br)ccn1', 'CC(=O)/C=C/c1ccc(Br)cc1']",[]
1,"[31.1, 85.9, 0.3]",1.5144437493829654,"['COc1ncc(Br)nc1OC', 'Cc1cc(Br)ccn1', 'Nc1cc(Br)ccn1']",[]
2,"[41.9, 0.3, 47.7]",1.5586150752268775,"['CS(=O)(=O)c1ccc(Br)cc1', 'Brc1ccc2cncnc2c1', 'O=S(=O)(CCO)c1ccc(Br)cc1']",[]
3,"[43.8, 17.7, 52.4]",1.7479742734228743,"['CC(C)(C#N)c1ccc(Br)cn1', 'Nc1ncncc1Br', 'Nc1nccc(Br)n1']",[]
4,"[42.4, 1.6, 44.1]",1.8846208858083864,"['COc1cccnc1Br', 'CCOP(=O)(Cc1ccc(Br)cn1)OCC', 'Nc1cc(Br)ncn1']",[]
5,"[0.3, 85.7, 75.3]",1.9183963213511575,"['Oc1ccnc(Br)c1', 'Cc1ccnc(Br)c1', 'Brc1cccnc1']",[]
6,"[55.5, 67.6, 11.3]",1.888758900165988,"['Cc1ccc(Br)nc1', 'Cc1cncc(Br)c1', 'Cc1cncc(Br)n1']",[]
7,"[0.3, 12.1, 34.1]",1.8914687099891705,"['Brc1ncnc2ccccc12', 'Oc1cccc(Br)c1', 'Cc1cc(Br)cnc1C']",[]
8,"[60.9, 47.7, 17.2]",1.9164460500252356,"['Brc1cncnc1', 'FC(F)(F)c1cncc(Br)c1', 'FC(F)(F)c1ncc(Br)cn1']",[]
