,obj_values ['yield'],Vendi_score,eval_samples,cut_samples
0,"[43.9, 7.6, 81.1]",1.6657927397848038,"['O=C1CN(Cc2cccc(Br)c2)C(=O)N1', 'Cn1cnc2ccc(Br)cc21', 'Brc1cnc2ncccn12']",[]
1,"[0.6, 0.3, 30.6]",1.8802536447174816,"['Nc1ncnn2c(Br)ccc12', 'CCc1cccn2c(Br)cnc12', 'N#Cc1cc(Br)cs1']",[]
2,"[15.7, 0.0, 17.2]",2.1263746389271962,"['Brc1cnc2nncn2c1', 'Fc1ncc(Br)c(F)n1', 'FC(F)(F)c1ncc(Br)cn1']",[]
3,"[16.8, 5.0, 17.3]",2.4950265959331857,"['FC(F)(F)c1ccnc(Nc2cccc(Br)c2)n1', 'FC(F)(F)c1ccc2cc(Br)ncc2n1', 'COc1ccc2cc(Br)ncc2n1']",[]
4,"[7.5, 0.3, 27.0]",2.4837663607736893,"['Brc1cccc(-c2nnn[nH]2)c1', 'Brc1cnn2ccccc12', 'N#Cc1cccc(Br)c1']",[]
5,"[42.4, 28.9, 63.4]",2.542254069476647,"['COc1cccnc1Br', 'Oc1ccc(Br)nc1', 'Fc1ccc(Br)nc1']",[]
6,"[0.3, 20.4, 43.5]",2.679361199176657,"['Oc1ccnc(Br)c1', 'Brc1ncccn1', 'Brc1ccc2[nH]ccc2n1']",[]
7,"[53.3, 44.7, 0.0]",2.719599249347189,"['COc1ccc2nc(Br)ccc2n1', 'Brc1ncccc1OC1CCCCO1', 'Brc1nncc2ccccc12']",[]
8,"[51.8, 18.8, 31.1]",2.694784027012351,"['CC(C)(C)OC(=O)N1CCCc2ccc(Br)nc21', 'Oc1cccc(Br)n1', 'COc1ncc(Br)nc1OC']",[]
