,obj_values ['yield'],Vendi_score,eval_samples,cut_samples
0,"[15.5, 21.7, 0.0]",1.605487322324006,"['Cn1cc(Br)nn1', 'Brc1ccc2c(c1)oc1ccccc12', 'CCC(=O)c1ccc(Br)cc1O']",[]
1,"[50.2, 20.3, 0.3]",1.794297613270126,"['O=C1COc2cc(Br)ccc2N1', 'CC1(C)C(=O)Nc2ccc(Br)cc21', 'CCc1cccn2c(Br)cnc12']",[]
2,"[12.1, 16.2, 39.0]",1.8060553666162191,"['Oc1cccc(Br)c1', 'Oc1ccccc1Br', 'O=C1CCc2ncc(Br)cc2N1']",[]
3,"[0.0, 0.0, 24.8]",1.7606102295845913,"['FC(F)C(F)(F)Oc1cccc(Br)c1', 'C[Si](C)(C)C#Cc1cccc(Br)c1', 'Brc1ccc2oc3ccccc3c2c1']",[]
4,"[1.4, 17.7, 21.9]",1.811531100166224,"['Brc1cnc2cncn2c1', 'Nc1ncncc1Br', 'Nc1ncc(Br)cn1']",[]
5,"[0.0, 21.1, 53.1]",1.757791430650828,"['NC1(c2ccc(Br)cc2)CC1', 'Cc1n[nH]c2cc(Br)ccc12', 'CC(C)c1ccc(Br)cc1']",[]
6,"[67.2, 39.5, 72.1]",1.7139752682502498,"['CC(C)(C)c1cccc(Br)c1', 'OC1Cc2ccc(Br)cc2C1', 'Cc1ccc(Br)cc1']",[]
7,"[24.4, 0.0, 19.1]",1.6603912892892105,"['OCc1ccc(Br)cc1', 'CC(C)(N)c1ccc(Br)cc1', 'CC(O)c1ccc(Br)cc1']",[]
8,"[35.4, 49.8, 36.8]",1.6458242615904688,"['Brc1ccc2[nH]cnc2c1', 'COc1cccc(Br)c1', 'Oc1ccc(Br)cc1']",[]
