,obj_values ['yield'],Vendi_score,eval_samples,cut_samples
0,"[60.2, 20.3, 0.3]",1.553315635886345,"['O=C1CC(c2cccc(Br)c2)CC(=O)N1', 'Oc1ccnc2ccc(Br)cc12', 'Brc1ccc(-c2ccn[nH]2)s1']",[]
1,"[20.9, 19.0, 29.7]",1.56004575157824,"['CC1(C)OB(c2ccc(Br)cc2)OC1(C)C', 'CC(=O)c1ccc(Oc2cccc(Br)c2)cc1', 'O=S(=O)(Cc1ccc(Br)cc1)N1CCCC1']",[]
2,"[69.7, 0.0, 69.6]",1.586988055462328,"['CC(C)(CO)c1cc(Br)ccn1', 'FC(F)(F)Sc1ccc(Br)cc1', 'CNC(=O)c1cccc(Br)c1']",[]
3,"[85.9, 34.1, 33.6]",1.634860122250908,"['Cc1cc(Br)ccn1', 'Cc1cc(Br)cnc1C', 'N#CCCc1ccc(Br)cc1']",[]
4,"[85.7, 75.3, 55.5]",1.791997350705425,"['Cc1ccnc(Br)c1', 'Brc1cccnc1', 'Cc1ccc(Br)nc1']",[]
5,"[0.3, 67.6, 44.1]",1.8453804870236634,"['Oc1ccnc(Br)c1', 'Cc1cncc(Br)c1', 'Nc1cc(Br)ncn1']",[]
6,"[0.3, 27.1, 60.9]",1.8321033011575598,"['Brc1ccc2cncnc2c1', 'CC(=O)c1cccc(Br)c1', 'Brc1cncnc1']",[]
7,"[31.2, 49.8, 16.8]",1.7937807399106886,"['CC(=O)Cc1cccc(Br)c1', 'COc1cccc(Br)c1', 'COc1cc(Br)cc(OC)c1']",[]
8,"[46.3, 77.6, 43.8]",1.7411974782511803,"['O=C1NCc2cc(Br)ccc21', 'Cc1ccc(Br)cn1', 'CC(C)(C#N)c1ccc(Br)cn1']",[]
