,obj_values ['yield'],Vendi_score,eval_samples,cut_samples
0,"[0.3, 28.5, 1.3]",1.586100358085537,"['Nc1cc(Br)ccn1', 'CC(C)(C)OC(=O)N1CCCCC1c1ccc(Br)cc1', 'Brc1ccc(-c2nc3cnccc3[nH]2)cc1']",[]
1,"[18.6, 27.8, 66.6]",1.4907507491418701,"['CC(C)(C)OC(=O)N1CCOc2ccc(Br)cc2C1', 'C[C@@H](NC(=O)OC(C)(C)C)c1ccc(Br)cc1', 'COc1ccc(Cn2cnc3cc(Br)ccc32)cc1']",[]
2,"[23.7, 35.4, 67.8]",1.560440024242592,"['Nc1nc2cc(Br)ccc2o1', 'Brc1ccc2[nH]cnc2c1', 'Cn1cnc2cc(Br)ccc21']",[]
3,"[0.0, 0.1, 0.0]",1.625460399803445,"['CN1CCOc2cc(Br)ccc21', 'CC(=O)N1CCc2cc(Br)ccc21', 'CC(C)(C)OC(=O)N1CCC(Nc2ccc(Br)cc2)CC1']",[]
4,"[38.0, 0.0, 34.9]",1.55440953238452,"['Brc1cccc(-c2cc[nH]n2)c1', 'Nc1cnc(-c2cccc(Br)c2)nc1', 'Cn1ccc(-c2cccc(Br)c2)n1']",[]
5,"[59.0, 7.5, 27.0]",1.663595453901694,"['NS(=O)(=O)Cc1cccc(Br)c1', 'Brc1cccc(-c2nnn[nH]2)c1', 'N#Cc1cccc(Br)c1']",[]
6,"[33.6, 0.0, 41.5]",1.6174491425192623,"['N#CCCc1ccc(Br)cc1', 'N#CC1(c2ccc(Br)cc2)CC1', 'Brc1cccc(Cn2cccn2)c1']",[]
7,"[47.6, 67.2, 0.0]",1.6060996238526448,"['OCC(O)c1cccc(Br)c1', 'CC(C)(C)c1cccc(Br)c1', 'C[Si](C)(C)C#Cc1cccc(Br)c1']",[]
8,"[39.5, 0.0, 49.9]",1.6057742161700472,"['OC1Cc2ccc(Br)cc2C1', 'Brc1cccc(N2CCCC2)c1', 'FCCOc1cncc(Br)c1']",[]
