,obj_values ['yield'],Vendi_score,eval_samples,cut_samples
0,"[58.7, 24.2, 22.5]",1.4813081181101386,"['O=C1CCC(c2cccc(Br)c2)CN1', 'Brc1cn2ccnc2cn1', 'Oc1ccc(Br)cn1']",[]
1,"[27.8, 20.9, 41.5]",1.5207355820854258,"['C[C@@H](NC(=O)OC(C)(C)C)c1ccc(Br)cc1', 'CC1(C)OB(c2ccc(Br)cc2)OC1(C)C', 'Brc1cccc(Cn2cccn2)c1']",[]
2,"[0.0, 59.0, 33.6]",1.4503150898806025,"['N#CC1(c2ccc(Br)cc2)CC1', 'NS(=O)(=O)Cc1cccc(Br)c1', 'N#CCCc1ccc(Br)cc1']",[]
3,"[28.5, 18.6, 66.6]",1.5506650198435108,"['CC(C)(C)OC(=O)N1CCCCC1c1ccc(Br)cc1', 'CC(C)(C)OC(=O)N1CCOc2ccc(Br)cc2C1', 'COc1ccc(Cn2cnc3cc(Br)ccc32)cc1']",[]
4,"[67.8, 35.4, 43.5]",1.6551884214427128,"['Cn1cnc2cc(Br)ccc21', 'Brc1ccc2[nH]cnc2c1', 'Brc1ccc2[nH]ccc2n1']",[]
5,"[0.0, 23.7, 13.6]",1.7056759948366877,"['CN1CCOc2cc(Br)ccc21', 'Nc1nc2cc(Br)ccc2o1', 'Cc1cc(Br)cc(Nc2nccc(C3CC3)n2)c1']",[]
6,"[7.5, 63.4, 28.9]",1.8092817385979536,"['Brc1cccc(-c2nnn[nH]2)c1', 'Fc1ccc(Br)nc1', 'Oc1ccc(Br)nc1']",[]
7,"[17.3, 53.3, 0.3]",1.8922302664508754,"['COc1ccc2cc(Br)ncc2n1', 'COc1ccc2nc(Br)ccc2n1', 'Oc1ccnc(Br)c1']",[]
8,"[24.8, 0.0, 67.2]",1.852849321328419,"['Brc1ccc2oc3ccccc3c2c1', 'C[Si](C)(C)C#Cc1cccc(Br)c1', 'CC(C)(C)c1cccc(Br)c1']",[]
