,obj_values ['yield'],Vendi_score,eval_samples,cut_samples
0,"[0.3, 0.3, 0.0]",1.484362433473425,"['Brc1cccc2ncncc12', 'Brc1ncnc2ccccc12', 'FC(F)(F)c1cnc2cc(Br)ncc2n1']",[]
1,"[67.6, 7.4, 1.9]",1.640589772514643,"['Cc1cncc(Br)c1', 'Brc1cncc2ccccc12', 'Oc1cc2cccc(Br)c2cn1']",[]
2,"[75.3, 77.6, 34.1]",1.6015995652327857,"['Brc1cccnc1', 'Cc1ccc(Br)cn1', 'Cc1cc(Br)cnc1C']",[]
3,"[36.8, 12.1, 66.7]",1.6305431694975934,"['Oc1ccc(Br)cc1', 'Oc1cccc(Br)c1', 'Fc1ccc(Br)cc1']",[]
4,"[47.7, 60.9, 0.3]",1.6394066396371283,"['FC(F)(F)c1cncc(Br)c1', 'Brc1cncnc1', 'Oc1ncc(Br)cn1']",[]
5,"[72.1, 19.1, 24.4]",1.6118598197187615,"['Cc1ccc(Br)cc1', 'CC(O)c1ccc(Br)cc1', 'OCc1ccc(Br)cc1']",[]
6,"[27.0, 0.3, 63.4]",1.7508862072098694,"['N#Cc1cccc(Br)c1', 'Oc1ccnc(Br)c1', 'Fc1ccc(Br)nc1']",[]
7,"[0.0, 22.5, 85.9]",1.728358614373413,"['Brc1ccc2nn[nH]c2c1', 'Oc1ccc(Br)cn1', 'Cc1cc(Br)ccn1']",[]
8,"[28.3, 15.5, 0.0]",1.8694695006963624,"['Fc1ccccc1Br', 'Cn1cc(Br)nn1', 'Fc1ncc(Br)c(F)n1']",[]
