,obj_values ['yield'],Vendi_score,eval_samples,cut_samples
0,"[0.0, 4.2, 60.2]",1.577831523821416,"['COc1nccc(N)c1Br', 'Brc1cccc2cnccc12', 'O=C1CC(c2cccc(Br)c2)CC(=O)N1']",[]
1,"[22.0, 21.9, 19.0]",1.66166218851541,"['O=C1CCC(Oc2cccc(Br)c2)CC1', 'CC(C)(C)OC(=O)NC1(c2ccc(Br)cc2)CC(=O)C1', 'CC(=O)c1ccc(Oc2cccc(Br)c2)cc1']","['O=C1CCc2cccc(Br)c2N1', 'Brc1cncc2ccccc12', 'OC1CCOc2c(Br)cccc21', 'Nc1c(F)cncc1Br', 'CC(C)(CO)c1ccc(Br)cn1', 'FCCOc1cncc(Br)c1', 'Brc1cccc2ccoc12', 'COc1ccccc1Br', 'CNC(=O)c1cccc(Br)c1', 'Brc1cccc2[nH]ncc12', 'O=C1CCCc2ccc(Br)cc2N1', 'C=CCc1ccc(Br)c(F)c1', 'O=C1CCc2ncc(Br)cc2N1']"
2,"[27.1, 69.7, 85.9]",1.7277093895731346,"['CC(=O)c1cccc(Br)c1', 'CC(C)(CO)c1cc(Br)ccn1', 'Cc1cc(Br)ccn1']","['Brc1ccc2c(c1)oc1ccccc12', 'O=C1CCC(c2cccc(Br)c2)CN1', 'CC1(C)OB(c2ccc(Br)cc2)OC1(C)C', 'Brc1ccc2oc3ccccc3c2c1', 'O=C1CCc2ccc(Br)cc2N1', 'O=C1c2ccc(Br)cc2CN1C1CC1', 'Brc1cccc(-c2nnc(C3CC3)o2)c1', 'Cn1nnc(-c2ccc(Br)cn2)n1', 'Brc1ccc([C@@H]2CNCCO2)cc1', 'O=C(c1ccc(Br)cc1)N1CCOCC1', 'O=C1CCCN1c1ccc(Br)cc1F', 'Fc1cc(Br)ccc1-c1ccccc1']"
3,"[0.3, 16.8, 12.1]",1.73092978381637,"['Nc1cc(Br)ccn1', 'COc1cc(Br)cc(OC)c1', 'Oc1cccc(Br)c1']","['Oc1ccnc2ccc(Br)cc12', 'O=C1COc2cc(Br)ccc2N1', 'CC(=O)Cc1cccc(Br)c1', 'Brc1ccc2cnccc2c1', 'COc1ncc2cc(Br)ccc2n1', 'O=C1CC(c2ccc(Br)cc2)N1', 'Brc1cccc(-n2ccnc2)c1', 'O=C1NCc2cc(Br)ccc21', 'Cc1cn[nH]c1-c1ccc(Br)cc1', 'CC(C)(C#N)c1ccc(Br)cn1', 'Cc1cc(Br)cnc1C', 'CC(C)Sc1ccc(Br)cc1']"
4,"[17.2, 0.0, 47.7]",1.8235795813440296,"['FC(F)(F)c1ncc(Br)cn1', 'O=S(=O)(O)c1cncc(Br)c1', 'FC(F)(F)c1cncc(Br)c1']","['Cc1ccc(Br)cn1', 'C#Cc1ccc(Br)cc1', 'OCC(O)c1cccc(Br)c1', 'Cc1n[nH]c2cc(Br)ccc12', 'Cc1cncc(Br)c1', 'OC1Cc2ccc(Br)cc2C1', 'Brc1ccc(C2CCCN2)cc1', 'NC1(c2ccc(Br)cc2)CC1', 'Brc1ccc(-c2ncco2)cc1', 'NCCc1ccc(Br)cc1', 'COc1cccc(Br)c1']"
5,"[85.7, 60.9, 0.3]",1.9870363740777905,"['Cc1ccnc(Br)c1', 'Brc1cncnc1', 'Oc1ccnc(Br)c1']","['Brc1ccc2cncnc2c1', 'O=C1CN(Cc2cccc(Br)c2)C(=O)N1', 'Brc1cnc2cccnc2c1', 'CC(=O)CC(=O)c1ccc(Br)cc1', 'Brc1ccc2ncncc2c1', 'Brc1ccc(C2OCCO2)cc1', 'N#CC1(c2ccc(Br)cc2)CC1', 'Brc1cnc2ncoc2c1', 'Brc1cccnc1', 'Brc1cccc(-n2cncn2)c1']"
6,"[11.3, 55.5, 44.1]",2.0322066488546517,"['Cc1cncc(Br)n1', 'Cc1ccc(Br)nc1', 'Nc1cc(Br)ncn1']","['CC(O)c1ccc(Br)cc1', 'Cn1cnc2ccc(Br)cc21', 'Brc1cnc2ncccc2c1', 'N#CCCc1ccc(Br)cc1', 'CC(C)(C)c1cccc(Br)c1', 'OCc1ccc(Br)cc1', 'Brc1cccc(Cn2cccn2)c1', 'Brc1ccc2nn[nH]c2c1', 'CC1(C)C(=O)Nc2ccc(Br)cc21', 'Brc1cccc(-c2cc[nH]n2)c1']"
7,"[21.0, 0.0, 0.0]",2.40685013510983,"['Cn1cnc(Br)c1', 'Brc1ncn[nH]1', 'FC(F)(F)Sc1ccc(Br)cc1']","['Cc1ccc(Br)cc1', 'FC(F)C(F)(F)Oc1cccc(Br)c1', 'Brc1ccnc2ccccc12', 'Cn1ccc(-c2cccc(Br)c2)n1', 'CC(C)(N)c1ccc(Br)cc1', 'CC(C)c1ccc(Br)cc1', 'CCC(=O)c1ccc(Br)cc1O', 'O=c1cc(O)c2ccc(Br)cc2o1', 'Brc1cnc2[nH]ccc2c1']"
8,"[0.3, 28.4, 17.7]",2.4112982243301926,"['Oc1ncc(Br)cn1', 'Brc1ccc(-n2cnnc2)nc1', 'Nc1ncncc1Br']","['CC(C)NC(=O)c1ccc(Br)cn1', 'CC(C)(C)Oc1ccc(Br)cc1', 'Oc1nccc2cc(Br)cnc12', 'Nc1nc2cc(Br)ccc2o1', 'Brc1cccc2ncncc12', 'Brc1ccc(-c2nnc[nH]2)cc1', 'Brc1ccc2ncnn2c1', 'O=C(c1cccc(Br)c1)C(F)(F)F']"
