,obj_values ['yield'],Vendi_score,eval_samples,cut_samples
0,"[0.0, 0.0, 0.0]",1.9404619054939043,"['Brc1ccc(CN2CCOCC2)cc1', 'Brc1ccc(C2CCCN2)cc1', 'Brc1nncs1']",[]
1,"[63.4, 16.3, 9.6]",2.1336874175118434,"['Fc1ccc(Br)nc1', 'OC1CCOc2c(Br)cccc21', 'O=C1CCc2cccc(Br)c2N1']","['CC(C)Sc1ccc(Br)cc1', 'CC(C)(C)Oc1ccc(Br)cc1', 'O=C1CCC(c2cccc(Br)c2)CN1', 'Brc1ccc([C@@H]2CNCCO2)cc1', 'CC(C)(CO)c1ccc(Br)cn1', 'OC1Cc2ccc(Br)cc2C1', 'O=C1c2ccc(Br)cc2CN1C1CC1', 'O=C1CCc2ccc(Br)cc2N1', 'O=C1CCCc2ccc(Br)cc2N1', 'O=C1CCCN1c1ccc(Br)cc1F', 'NCCc1ccc(Br)cc1', 'O=C1CC(c2ccc(Br)cc2)N1', 'Brc1cccc(-n2ccnc2)c1']"
2,"[20.4, 5.9, 14.2]",2.442194118189621,"['Brc1ncccn1', 'Brc1ccn2nccc2n1', 'Brc1ccc2ncccc2n1']","['OCC(O)c1cccc(Br)c1', 'CC(=O)Nc1ccc(Br)cc1', 'CC(C)(C)c1cccc(Br)c1', 'CC(C)c1ccc(Br)cc1', 'CC1(C)C(=O)Nc2ccc(Br)cc21', 'O=C1COc2cc(Br)ccc2N1', 'Brc1cccc(-c2cc[nH]n2)c1', 'Cn1cnc2ccc(Br)cc21', 'FCCOc1cncc(Br)c1', 'N#CCCc1ccc(Br)cc1', 'Brc1ccc(C2OCCO2)cc1', 'NC1(c2ccc(Br)cc2)CC1']"
3,"[27.0, 28.9, 30.6]",2.5375817409179064,"['N#Cc1cccc(Br)c1', 'Oc1ccc(Br)nc1', 'N#Cc1cc(Br)cs1']","['Brc1ccc2c(c1)oc1ccccc12', 'CNC(=O)c1cccc(Br)c1', 'Brc1cnc2ccccc2n1', 'Cc1cncc(Br)n1', 'Brc1cn2ccnc2cn1', 'CC(=O)Cc1cccc(Br)c1', 'Brc1cccc(-n2cncn2)c1', 'Fc1cc(Br)ccc1-c1ccccc1', 'Oc1ccnc2ccc(Br)cc12', 'Cc1cn[nH]c1-c1ccc(Br)cc1', 'Oc1cccc(Br)n1', 'CNC(=O)c1ccnc(Br)c1']"
4,"[17.3, 37.2, 66.7]",2.475980435668143,"['COc1ccc2cc(Br)ncc2n1', 'Oc1ncnc2ccc(Br)cc12', 'Fc1ccc(Br)cc1']","['Brc1ccc(-c2ncco2)cc1', 'N#CC1(c2ccc(Br)cc2)CC1', 'Brc1ccc2nn[nH]c2c1', 'CC(C)(C#N)c1ccc(Br)cn1', 'Brc1cccc(Cn2cccn2)c1', 'C#Cc1ccc(Br)cc1', 'COc1ncc(Br)nc1OC', 'Brc1ccc2oc3ccccc3c2c1', 'Brc1cnc2[nH]ccc2c1', 'COc1cccnc1Br', 'Brc1cccc2[nH]ncc12']"
5,"[19.7, 16.2, 22.5]",2.436715507453304,"['Brc1cnc2[nH]ncc2c1', 'Oc1ccccc1Br', 'Oc1ccc(Br)cn1']","['Brc1ccc2ncnn2c1', 'Oc1cnc2cc(Br)ccc2n1', 'CC(O)c1ccc(Br)cc1', 'OCc1ccc(Br)cc1', 'Cc1ccc(Br)cn1', 'CC(C)(N)c1ccc(Br)cc1', 'O=C1CCc2ncc(Br)cc2N1', 'Cc1cc(Br)cnc1C', 'Cc1ccc(Br)cc1', 'COc1ccc2cc(Br)ccc2n1']"
6,"[7.5, 28.3, 0.3]",2.3873376822246986,"['Brc1cccc(-c2nnn[nH]2)c1', 'Fc1ccccc1Br', 'Oc1ccnc(Br)c1']","['Oc1ccc(Br)cc1', 'Nc1nc2ccc(Br)cc2o1', 'Cc1cncc(Br)c1', 'Brc1cnc2ncoc2c1', 'Brc1cccc2ccoc12', 'Brc1cccc2cnccc12', 'COc1ccc2cc(Br)cnc2n1', 'COc1cccc(Br)c1', 'C=CCc1ccc(Br)c(F)c1', 'OCc1ccc(Br)c(F)c1']"
7,"[39.9, 0.3, 3.0]",2.5369880511061593,"['Brc1csc2cnccc12', 'Brc1cnn2ccccc12', 'OB(O)c1ccc(Br)s1']","['Brc1cncc2ccccc12', 'Brc1cccnc1', 'Brc1cccc(-c2nnc(C3CC3)o2)c1', 'Brc1ccc2cnccc2c1', 'COc1ccccc1Br', 'CC(=O)c1cccc(Br)c1', 'Brc1cnc2cc[nH]c2c1', 'Brc1ccc2[nH]cnc2c1', 'Oc1cccc(Br)c1']"
8,"[0.0, 60.9, 0.3]",2.537184952693269,"['Fc1ncc(Br)c(F)n1', 'Brc1cncnc1', 'Oc1ncc(Br)cn1']","['Brc1cccc2[nH]cnc12', 'COc1ncc2cc(Br)ccc2n1', 'FC(F)(F)c1cncc(Br)c1', 'Nc1ncc(Br)cn1', 'Brc1cncc2[nH]ccc12', 'Cn1ccc(-c2cccc(Br)c2)n1', 'CSc1ncc(Br)cn1', 'Cn1nnc(-c2ccc(Br)cn2)n1']"
