,obj_values ['yield'],Vendi_score,eval_samples,cut_samples
0,"[60.2, 20.3, 0.3]",1.553315635886345,"['O=C1CC(c2cccc(Br)c2)CC(=O)N1', 'Oc1ccnc2ccc(Br)cc12', 'Brc1ccc(-c2ccn[nH]2)s1']",[]
1,"[20.9, 29.7, 19.0]",1.56004575157824,"['CC1(C)OB(c2ccc(Br)cc2)OC1(C)C', 'O=S(=O)(Cc1ccc(Br)cc1)N1CCCC1', 'CC(=O)c1ccc(Oc2cccc(Br)c2)cc1']","['Cn1nnc(-c2ccc(Br)cn2)n1', 'Brc1ccc2oc3ccccc3c2c1', 'COc1ccc2cc(Br)cnc2n1', 'Cc1cn[nH]c1-c1ccc(Br)cc1', 'O=C1CCCc2ccc(Br)cc2N1', 'O=C1COc2cc(Br)ccc2N1', 'COc1ccc2cc(Br)ccc2n1', 'Brc1ccc2c(c1)oc1ccccc12', 'Brc1cccc(-n2cncn2)c1', 'CC(C)(CO)c1ccc(Br)cn1', 'O=C1CCc2ncc(Br)cc2N1', 'O=C1CCCN1c1ccc(Br)cc1F', 'Fc1cc(Br)ccc1-c1ccccc1']"
2,"[69.7, 0.0, 69.6]",1.586988055462328,"['CC(C)(CO)c1cc(Br)ccn1', 'FC(F)(F)Sc1ccc(Br)cc1', 'CNC(=O)c1cccc(Br)c1']","['O=C1CCC(Oc2cccc(Br)c2)CC1', 'O=C1CCC(c2cccc(Br)c2)CN1', 'CC(C)(C)OC(=O)Nc1ccc(Br)cn1', 'CCOP(=O)(Cc1ccc(Br)cn1)OCC', 'O=C1CN(Cc2cccc(Br)c2)C(=O)N1', 'O=C1CCc2ccc(Br)cc2N1', 'O=C1c2ccc(Br)cc2CN1C1CC1', 'O=C1Nc2ccc(Br)cc2C12OCCO2', 'C[Si](C)(C)C#Cc1cccc(Br)c1', 'Brc1ccc(-c2cccs2)cc1', 'O=C(c1ccc(Br)cc1)N1CCOCC1', 'Brc1cccc(-c2nnc(C3CC3)o2)c1']"
3,"[85.9, 34.1, 33.6]",1.634860122250908,"['Cc1cc(Br)ccn1', 'Cc1cc(Br)cnc1C', 'N#CCCc1ccc(Br)cc1']","['Brc1ccc(-c2ncco2)cc1', 'CC(C)Sc1ccc(Br)cc1', 'FC(F)C(F)(F)Oc1cccc(Br)c1', 'O=C1CC(c2ccc(Br)cc2)N1', 'FCCOc1cncc(Br)c1', 'O=C1NCc2cc(Br)ccc21', 'CC(=O)Cc1cccc(Br)c1', 'Brc1cccc(-n2ccnc2)c1', 'Brc1ccc([C@@H]2CNCCO2)cc1', 'COc1ncc2cc(Br)ccc2n1', 'CC(C)(C#N)c1ccc(Br)cn1', 'Brc1cccc(Cn2cccn2)c1']"
4,"[85.7, 75.3, 55.5]",1.791997350705425,"['Cc1ccnc(Br)c1', 'Brc1cccnc1', 'Cc1ccc(Br)nc1']","['OCC(O)c1cccc(Br)c1', 'C#Cc1ccc(Br)cc1', 'CC(=O)c1cccc(Br)c1', 'Brc1ccc(C2OCCO2)cc1', 'Brc1ccc(C2CCCN2)cc1', 'N#CC1(c2ccc(Br)cc2)CC1', 'Cc1ccc(Br)cn1', 'Brc1cccc(-c2cc[nH]n2)c1', 'Cc1cncc(Br)c1', 'OC1Cc2ccc(Br)cc2C1', 'Brc1ccc2cnccc2c1']"
5,"[0.3, 44.1, 63.4]",1.9193759702446076,"['Oc1ccnc(Br)c1', 'Nc1cc(Br)ncn1', 'Fc1ccc(Br)nc1']","['CC(O)c1ccc(Br)cc1', 'CC(C)c1ccc(Br)cc1', 'COc1cccc(Br)c1', 'CC(C)(C)Oc1ccc(Br)cc1', 'NC1(c2ccc(Br)cc2)CC1', 'NCCc1ccc(Br)cc1', 'CC(C)(C)c1cccc(Br)c1', 'Brc1ccc2nn[nH]c2c1', 'Cn1cnc2ccc(Br)cc21', 'Cn1ccc(-c2cccc(Br)c2)n1']"
6,"[27.0, 11.3, 60.9]",1.9697911290499115,"['N#Cc1cccc(Br)c1', 'Cc1cncc(Br)n1', 'Brc1cncnc1']","['CC1(C)C(=O)Nc2ccc(Br)cc21', 'Brc1ccc2ncncc2c1', 'Brc1ccc2cncnc2c1', 'OCc1ccc(Br)cc1', 'NS(=O)(=O)Cc1cccc(Br)c1', 'Brc1cccc2[nH]ncc12', 'CC(C)(N)c1ccc(Br)cc1', 'CC(=O)CC(=O)c1ccc(Br)cc1', 'Brc1cnc2ncoc2c1', 'Cc1n[nH]c2cc(Br)ccc12']"
7,"[66.7, 0.3, 12.1]",1.964053553819633,"['Fc1ccc(Br)cc1', 'Nc1cc(Br)ccn1', 'Oc1cccc(Br)c1']","['Oc1cccc(Br)n1', 'Cc1ccc(Br)cc1', 'Brc1cnc2[nH]ccc2c1', 'Oc1ncnc2ccc(Br)cc12', 'FC(F)(F)c1cncc(Br)c1', 'O=c1cc(O)c2ccc(Br)cc2o1', 'CS(=O)(=O)c1ccc(Br)cc1', 'Brc1ccc2ncnn2c1', 'Brc1cnc2cccnc2c1']"
8,"[0.3, 28.3, 1.7]",2.002285908395904,"['Oc1ncc(Br)cn1', 'Fc1ccccc1Br', 'Brc1ccnc2cccnc12']","['COc1cc(Br)cc(OC)c1', 'CCC(=O)c1ccc(Br)cc1O', 'Oc1cnc2cc(Br)ccc2n1', 'Oc1ccc(Br)cc1', 'Nc1nc2cc(Br)ccc2o1', 'Brc1cnc2ncccc2c1', 'Brc1cnc2[nH]ncc2c1', 'CC(=O)Nc1ccc(Br)cc1']"
