,obj_values ['yield'],Vendi_score,eval_samples,cut_samples
0,"[5.9, 0.6, 0.3]",2.124712926911606,"['Brc1ccn2nccc2n1', 'Brc1cc2ncncc2s1', 'Brc1cnn2ccccc12']",[]
1,"[14.2, 52.4, 0.3]",2.0836743394662807,"['Brc1ccc2ncccc2n1', 'Nc1nccc(Br)n1', 'Brc1ccc2ccncc2n1']","['CC(=O)c1cc(Br)cs1', 'Brc1cnn(-c2ccncc2)c1', 'Brc1ccc2cnnn2c1', 'CSc1ncc(Br)cn1', 'Brc1ccc2ncnn2c1', 'Brc1csc2cnccc12', 'Brc1cccc2ccoc12', 'Brc1ccc(-c2ccn[nH]2)s1', 'Brc1cn2ccnc2cn1', 'OCc1ccc(Br)c(F)c1', 'Brc1cccc2nccnc12', 'Cc1cn2cc(F)cc(Br)c2n1', 'Brc1cccc2cncnc12']"
2,"[20.4, 85.9, 0.3]",2.2919153805650003,"['Brc1ncccn1', 'Cc1cc(Br)ccn1', 'Oc1ccnc(Br)c1']","['COc1cc2ccc(Br)nc2cn1', 'Brc1cnc2ccccc2n1', 'Brc1ccc2cccnc2n1', 'CNC(=O)c1ccnc(Br)c1', 'Brc1ncnc2ccccc12', 'COc1ncc(Br)nc1OC', 'COc1ccc2nc(Br)ccc2n1', 'Oc1cccc(Br)n1', 'Cc1ccc(Br)nc1', 'Cc1ccnc(Br)c1', 'Cc1cncc(Br)n1', 'Nc1cc(Br)ncn1']"
3,"[60.9, 12.1, 0.3]",2.2995993146483684,"['Brc1cncnc1', 'Oc1cccc(Br)c1', 'Nc1cc(Br)ccn1']","['Oc1ccnc2ccc(Br)cc12', 'Brc1ccc2ncncc2c1', 'CC(=O)c1cccc(Br)c1', 'C#Cc1ccc(Br)cc1', 'Brc1cccc(-n2cncn2)c1', 'Cc1ccc2ccc(Br)nc2n1', 'Brc1ccc2nn[nH]c2c1', 'Oc1ccc(Br)nc1', 'Cc1cncc(Br)c1', 'COc1cccnc1Br', 'Brc1ccc2cnccc2c1', 'Brc1ccc2cncnc2c1']"
4,"[66.7, 0.3, 0.0]",2.3546774668813746,"['Fc1ccc(Br)cc1', 'Oc1ncc(Br)cn1', 'Fc1ncc(Br)c(F)n1']","['O=C1NCc2cc(Br)ccc21', 'COc1cccc(Br)c1', 'Cc1ccc(Br)cn1', 'Cc1cc(Br)cnc1C', 'Cc1n[nH]c2cc(Br)ccc12', 'Brc1cccnc1', 'Brc1cnc2ncoc2c1', 'CNC(=O)c1cccc(Br)c1', 'O=C1CCc2ccc(Br)cc2N1', 'CC(=O)Cc1cccc(Br)c1', 'O=C1CCc2ncc(Br)cc2N1']"
5,"[16.2, 0.0, 37.2]",2.356424815359916,"['Oc1ccccc1Br', 'CC(C)(N)c1ccc(Br)cc1', 'Oc1ncnc2ccc(Br)cc12']","['Cc1ccc(Br)cc1', 'Brc1cccc2[nH]ncc12', 'Brc1cnc2[nH]ncc2c1', 'CC(O)c1ccc(Br)cc1', 'O=C1COc2cc(Br)ccc2N1', 'Oc1ccc(Br)cn1', 'Brc1cnc2cccnc2c1', 'OCc1ccc(Br)cc1', 'FC(F)(F)c1cncc(Br)c1', 'Fc1ccccc1Br']"
6,"[15.2, 0.0, 0.0]",2.9669549778547757,"['Brc1ncc[nH]1', 'OCc1coc(Br)n1', 'Brc1ncn[nH]1']","['Brc1ccc(-c2ncco2)cc1', 'Oc1ccc(Br)cc1', 'OCC(O)c1cccc(Br)c1', 'FCCOc1cncc(Br)c1', 'Oc1cnc2cc(Br)ccc2n1', 'NCCc1ccc(Br)cc1', 'O=C1CC(c2ccc(Br)cc2)N1', 'NC1(c2ccc(Br)cc2)CC1', 'CC(C)(C#N)c1ccc(Br)cn1', 'Brc1cnc2[nH]ccc2c1']"
7,"[21.0, 43.5, 0.2]",3.0807628734244843,"['Cn1cnc(Br)c1', 'Brc1ccc2[nH]ccc2n1', 'Brc1ccnc2ccccc12']","['Nc1ncc(Br)cn1', 'Brc1cccc(-n2ccnc2)c1', 'OC1Cc2ccc(Br)cc2C1', 'N#CC1(c2ccc(Br)cc2)CC1', 'Brc1cccc2cnccc12', 'Fc1cc(Br)ccc1-c1ccccc1', 'CC1(C)C(=O)Nc2ccc(Br)cc21', 'C=CCc1ccc(Br)c(F)c1', 'N#CCCc1ccc(Br)cc1']"
8,"[63.4, 27.0, 17.7]",3.0604952670825623,"['Fc1ccc(Br)nc1', 'N#Cc1cccc(Br)c1', 'Nc1ncncc1Br']","['Brc1ccc2oc3ccccc3c2c1', 'OC1CCOc2c(Br)cccc21', 'CC(C)c1ccc(Br)cc1', 'CC(C)(CO)c1ccc(Br)cn1', 'CC(C)(C)c1cccc(Br)c1', 'Cn1cnc2ccc(Br)cc21', 'O=C1CCCc2ccc(Br)cc2N1', 'COc1ncc2cc(Br)ccc2n1']"
