,obj_values ['yield'],Vendi_score,eval_samples,cut_samples
0,"[0.0, 16.3, 0.3]",1.7867962142897453,"['CC(C)(C)OC(=O)N1CCC(Nc2ccc(Br)cc2)CC1', 'OC1CCOc2c(Br)cccc21', 'Cc1ccc(S(=O)(=O)n2cc(Br)c3ccccc32)cc1']",[]
1,"[28.7, 9.6, 28.3]",1.7973180943987903,"['COc1ccccc1Br', 'O=C1CCc2cccc(Br)c2N1', 'Fc1ccccc1Br']","['Brc1ccc(N2CCOCC2)nc1', 'CC(C)(C)OC(=O)NCCc1c[nH]c2ccc(Br)cc12', 'CCOP(=O)(Cc1ccc(Br)cn1)OCC', 'COc1ccc(Cn2cnc3cc(Br)ccc32)cc1', 'C[C@@H](NC(=O)OC(C)(C)C)c1ccc(Br)cc1', 'CC(C)(C)OC(=O)Nc1ccc(Br)cn1', 'FC(F)(F)c1ccc(Br)c2[nH]ccc12', 'O=C1CCCCC1Oc1ccc(Br)cc1', 'O=C1CCCN1c1ccc(Br)cc1F', 'CC(C)(C)OC(=O)N1CCOc2ccc(Br)cc2C1', 'O=C1CCC(Oc2ccccc2Br)CC1', 'CC(C)(C)OC(=O)n1cc(Br)c2cccnc21', 'CC(C)(C)OC(=O)n1cc(CO)c2c(Br)cccc21']"
2,"[3.0, 60.9, 0.3]",2.1307079900163397,"['OB(O)c1ccc(Br)s1', 'Brc1cncnc1', 'Brc1ccc(-c2ccn[nH]2)s1']","['CC(=O)N1CCc2cc(Br)ccc21', 'Brc1cccc2[nH]cnc12', 'C=CCc1ccc(Br)c(F)c1', 'OCc1ccc(Br)c(F)c1', 'Brc1cccc2ccoc12', 'Brc1cnc2[nH]ccc2c1', 'Brc1cncc2[nH]ccc12', 'CC(C)(CO)c1ccc(Br)cn1', 'Brc1cccc2[nH]c3ccccc3c12', 'CC(C)(C)Oc1ccc(Br)cc1', 'Nc1c(F)cncc1Br', 'Brc1cccc2[nH]ncc12']"
3,"[75.3, 47.7, 17.2]",2.1321999244247247,"['Brc1cccnc1', 'FC(F)(F)c1cncc(Br)c1', 'FC(F)(F)c1ncc(Br)cn1']","['Cc1cc(Br)cnc1C', 'Brc1cnc(Oc2cccnc2)nc1', 'CC(C)(C#N)c1ccc(Br)cn1', 'CSc1ncc(Br)cn1', 'Brc1ccc2ncnn2c1', 'Oc1ncc(Br)cn1', 'Brc1cncc2ccccc12', 'FCCOc1cncc(Br)c1', 'O=C1COc2cc(Br)ccc2N1', 'Brc1cnc2ncoc2c1', 'Cc1ccc(Br)cn1', 'O=C1CCc2ncc(Br)cc2N1']"
4,"[66.7, 85.9, 12.1]",2.1377628108347904,"['Fc1ccc(Br)cc1', 'Cc1cc(Br)ccn1', 'Oc1cccc(Br)c1']","['O=C1CC(c2ccc(Br)cc2)N1', 'COc1ccc2cc(Br)cnc2n1', 'O=C1CCCc2ccc(Br)cc2N1', 'Cc1cncc(Br)c1', 'O=C1CCc2ccc(Br)cc2N1', 'Cn1nnc(-c2ccc(Br)cn2)n1', 'Fc1cc(Br)ccc1-c1ccccc1', 'Brc1cccc(-n2cncn2)c1', 'CC(=O)c1cc(Br)cs1', 'Brc1ccc2cnnn2c1', 'Brc1cnc2[nH]ncc2c1']"
5,"[69.7, 72.1, 36.8]",2.0895763090757145,"['CC(C)(CO)c1cc(Br)ccn1', 'Cc1ccc(Br)cc1', 'Oc1ccc(Br)cc1']","['OCC(O)c1cccc(Br)c1', 'OCc1ccc(Br)cc1', 'CC(C)(N)c1ccc(Br)cc1', 'NCCc1ccc(Br)cc1', 'C#Cc1ccc(Br)cc1', 'CC(O)c1ccc(Br)cc1', 'CC(=O)Cc1cccc(Br)c1', 'CC1(C)C(=O)Nc2ccc(Br)cc21', 'Brc1ccc2nn[nH]c2c1', 'Oc1ccc(Br)cn1']"
6,"[1.7, 0.2, 27.0]",2.1223297460430635,"['Brc1ccnc2cccnc12', 'Brc1ccnc2ccccc12', 'N#Cc1cccc(Br)c1']","['OC1Cc2ccc(Br)cc2C1', 'NC1(c2ccc(Br)cc2)CC1', 'N#CCCc1ccc(Br)cc1', 'N#CC1(c2ccc(Br)cc2)CC1', 'CC(C)c1ccc(Br)cc1', 'COc1cccc(Br)c1', 'CC(C)(C)c1cccc(Br)c1', 'Brc1ccc(C2OCCO2)cc1', 'Cn1cnc2ccc(Br)cc21', 'CNC(=O)c1cccc(Br)c1']"
7,"[43.9, 0.0, 0.0]",2.136012901361404,"['O=C1CN(Cc2cccc(Br)c2)C(=O)N1', 'Brc1ccc(CN2CCOCC2)cc1', 'Brc1ccc(C2CCCN2)cc1']","['Brc1ccc([C@@H]2CNCCO2)cc1', 'Brc1ccc(-c2ncco2)cc1', 'O=C1NCc2cc(Br)ccc21', 'Oc1ccnc2ccc(Br)cc12', 'CC(=O)c1cccc(Br)c1', 'Brc1cccc(-n2ccnc2)c1', 'Brc1cccc(Cn2cccn2)c1', 'Brc1ccc2oc3ccccc3c2c1', 'Brc1cccc2cnccc12']"
8,"[15.5, 0.0, 0.3]",2.3313790007493163,"['Cn1cc(Br)nn1', 'Fc1ncc(Br)c(F)n1', 'Oc1ccnc(Br)c1']","['Nc1nc2ccc(Br)cc2o1', 'Brc1ccc2c(c1)oc1ccccc12', 'FC(F)C(F)(F)Oc1cccc(Br)c1', 'Brc1cccc(-c2cc[nH]n2)c1', 'Brc1cnc2cc[nH]c2c1', 'CC(=O)Nc1ccc(Br)cc1', 'Cc1cn[nH]c1-c1ccc(Br)cc1', 'O=C1CCC(c2cccc(Br)c2)CN1']"
