,obj_values ['yield'],Vendi_score,eval_samples,cut_samples
0,"[24.4, 0.0, 34.9]",1.25452963065986,"['OCc1ccc(Br)cc1', 'Nc1cnc(-c2cccc(Br)c2)nc1', 'Cn1ccc(-c2cccc(Br)c2)n1']",[]
1,"[67.2, 47.6, 33.6]",1.2307403751120853,"['CC(C)(C)c1cccc(Br)c1', 'OCC(O)c1cccc(Br)c1', 'N#CCCc1ccc(Br)cc1']","['Cn1cnc2ccc(Br)cc21', 'Brc1cccc(-c2cc[nH]n2)c1', 'Nc1nc2cc(Br)ccc2o1', 'OC1Cc2ccc(Br)cc2C1', 'O=C1CCc2ccc(Br)cc2N1', 'O=C1CCCc2ccc(Br)cc2N1', 'O=C1CC(c2ccc(Br)cc2)N1', 'Brc1ccc(C2CCCN2)cc1', 'Brc1ccc(C2OCCO2)cc1', 'NCCc1ccc(Br)cc1', 'Brc1ccc([C@@H]2CNCCO2)cc1', 'O=C1CCCN1c1ccc(Br)cc1F', 'CC(=O)N1CCc2cc(Br)ccc21']"
2,"[43.9, 42.2, 49.8]",1.2696530700779636,"['O=C1CN(Cc2cccc(Br)c2)C(=O)N1', 'Brc1cccc(-n2cncn2)c1', 'COc1cccc(Br)c1']","['CC(C)(N)c1ccc(Br)cc1', 'CC(=O)Nc1ccc(Br)cc1', 'CC(C)(C)Oc1ccc(Br)cc1', 'Brc1cccc(Cn2cccn2)c1', 'O=C1COc2cc(Br)ccc2N1', 'N#CC1(c2ccc(Br)cc2)CC1', 'O=C1CCC(c2cccc(Br)c2)CN1', 'FCCOc1cncc(Br)c1', 'NC1(c2ccc(Br)cc2)CC1', 'CC1(C)C(=O)Nc2ccc(Br)cc21', 'CC(O)c1ccc(Br)cc1', 'CC(C)c1ccc(Br)cc1']"
3,"[69.7, 0.0, 12.1]",1.376655454449067,"['CC(C)(CO)c1cc(Br)ccn1', 'Brc1cccc(N2CCCC2)c1', 'Oc1cccc(Br)c1']","['Brc1ccc2oc3ccccc3c2c1', 'Cc1cc(Br)cnc1C', 'CC(=O)Cc1cccc(Br)c1', 'C#Cc1ccc(Br)cc1', 'O=C1CCc2ncc(Br)cc2N1', 'COc1cc(Br)cc(OC)c1', 'Brc1ccc2c(c1)oc1ccccc12', 'Oc1ccnc2ccc(Br)cc12', 'Fc1cc(Br)ccc1-c1ccccc1', 'Cc1ccc(Br)cc1', 'CNC(=O)c1cccc(Br)c1', 'CC(C)(CO)c1ccc(Br)cn1']"
4,"[85.9, 60.2, 47.7]",1.467106054385152,"['Cc1cc(Br)ccn1', 'O=C1CC(c2cccc(Br)c2)CC(=O)N1', 'O=S(=O)(CCO)c1ccc(Br)cc1']","['O=C1NCc2cc(Br)ccc21', 'Brc1ccc(-c2ncco2)cc1', 'Cc1n[nH]c2cc(Br)ccc12', 'Brc1cccc2[nH]ncc12', 'Nc1nc2ccc(Br)cc2o1', 'Brc1cnc2[nH]ccc2c1', 'Cc1ccc(Br)cn1', 'Brc1ccc2[nH]cnc2c1', 'O=C1c2ccc(Br)cc2CN1C1CC1', 'Brc1cccc(-n2ccnc2)c1', 'Cc1cn[nH]c1-c1ccc(Br)cc1']"
5,"[41.9, 1.7, 0.3]",1.5518454403546487,"['CS(=O)(=O)c1ccc(Br)cc1', 'Brc1ccnc2cccnc12', 'Nc1cc(Br)ccn1']","['C[Si](C)(C)C#Cc1cccc(Br)c1', 'Brc1ccc2nn[nH]c2c1', 'Brc1cccc(-c2nnc(C3CC3)o2)c1', 'FC(F)C(F)(F)Oc1cccc(Br)c1', 'Cn1nnc(-c2ccc(Br)cn2)n1', 'CC(C)(C#N)c1ccc(Br)cn1', 'CC1(C)OB(c2ccc(Br)cc2)OC1(C)C', 'NS(=O)(=O)Cc1cccc(Br)c1', 'Cc1cncc(Br)c1', 'O=C(c1ccc(Br)cc1)N1CCOCC1']"
6,"[27.8, 28.5, 21.9]",1.6784969423157252,"['C[C@@H](NC(=O)OC(C)(C)C)c1ccc(Br)cc1', 'CC(C)(C)OC(=O)N1CCCCC1c1ccc(Br)cc1', 'CC(C)(C)OC(=O)NC1(c2ccc(Br)cc2)CC(=O)C1']","['Brc1cnc2ncoc2c1', 'CC(=O)c1cccc(Br)c1', 'COc1ccc2cc(Br)ccc2n1', 'CC(C)Sc1ccc(Br)cc1', 'O=c1cc(O)c2ccc(Br)cc2o1', 'Brc1ccc2cncnc2c1', 'Brc1ccc2cnccc2c1', 'Brc1ccc(-c2nnc[nH]2)cc1', 'Brc1ccc(-c2cccs2)cc1', 'CCC(=O)c1ccc(Br)cc1O']"
7,"[18.2, 0.0, 7.5]",1.7249937866711058,"['CN(C)S(=O)(=O)c1ccc(Br)cc1', 'FC(F)(F)Sc1ccc(Br)cc1', 'Brc1cccc(-c2nnn[nH]2)c1']","['O=C1CCCCC1Oc1ccc(Br)cc1', 'O=C1Nc2ccc(Br)cc2C12OCCO2', 'CC(C)(C)OC(=O)Nc1ccc(Br)cn1', 'Cn1cnc2cc(Br)ccc21', 'CC(C)NC(=O)c1ccc(Br)cn1', 'CCOP(=O)(Cc1ccc(Br)cn1)OCC', 'CC(=O)c1ccc(Oc2cccc(Br)c2)cc1', 'O=S(=O)(Cc1ccc(Br)cc1)N1CCCC1', 'O=C1CCC(Oc2cccc(Br)c2)CC1']"
8,"[15.5, 0.0, 20.4]",2.2358523772276793,"['Cn1cc(Br)nn1', 'OCc1coc(Br)n1', 'Brc1ncccn1']","['CC(=O)CC(=O)c1ccc(Br)cc1', 'COc1ccc2cc(Br)cnc2n1', 'FC(F)(F)c1cc2ccc(Br)cc2cn1', 'Brc1ccc(-c2nc3cnccc3[nH]2)cc1', 'Brc1cccnc1', 'FC(F)(F)c1cncc(Br)c1', 'Brc1cnc2cc[nH]c2c1', 'COc1ncc2cc(Br)ccc2n1']"
