,obj_values ['yield'],Vendi_score,eval_samples,cut_samples
0,"[39.0, 0.0, 0.4]",1.253195809808108,"['O=C1CCc2ncc(Br)cc2N1', 'Nc1cnc(-c2cccc(Br)c2)nc1', 'NCCc1ccc(Br)cc1']",[]
1,"[8.9, 30.3, 3.0]",1.3080009066704827,"['Oc1nccc2cc(Br)cnc12', 'Cn1nnc(-c2ccc(Br)cn2)n1', 'Brc1cnc2cccnc2c1']","['Cn1ccc(-c2cccc(Br)c2)n1', 'Cn1cnc2ccc(Br)cc21', 'Fc1cc(Br)ccc1-c1ccccc1', 'OC1Cc2ccc(Br)cc2C1', 'O=C1CCc2ccc(Br)cc2N1', 'O=C1CCCc2ccc(Br)cc2N1', 'O=C1COc2cc(Br)ccc2N1', 'Brc1cccc(-c2cc[nH]n2)c1', 'O=C1CC(c2ccc(Br)cc2)N1', 'Brc1ccc(C2CCCN2)cc1', 'O=C1CCCN1c1ccc(Br)cc1F', 'FCCOc1cncc(Br)c1', 'Brc1ccc2c(c1)oc1ccccc12']"
2,"[1.6, 11.4, 51.1]",1.416517134321014,"['CCOP(=O)(Cc1ccc(Br)cn1)OCC', 'CC(C)(C)OC(=O)Nc1ccc(Br)cn1', 'Brc1cnc(Oc2cccnc2)nc1']","['Brc1cccc(-n2ccnc2)c1', 'CC(C)(C#N)c1ccc(Br)cn1', 'Oc1ccnc2ccc(Br)cc12', 'Brc1ccc2oc3ccccc3c2c1', 'O=C1c2ccc(Br)cc2CN1C1CC1', 'Brc1cnc2ncccc2c1', 'CC(=O)c1cccc(Br)c1', 'CNC(=O)c1cccc(Br)c1', 'COc1ncc2cc(Br)ccc2n1', 'Cc1cn[nH]c1-c1ccc(Br)cc1', 'Brc1ccc(-c2ncco2)cc1', 'CC(C)(CO)c1ccc(Br)cn1']"
3,"[21.9, 0.3, 34.0]",1.4853628601821618,"['Nc1ncc(Br)cn1', 'Oc1ncc(Br)cn1', 'CSc1ncc(Br)cn1']","['O=C1CCC(c2cccc(Br)c2)CN1', 'Brc1ccc(-c2cccs2)cc1', 'O=c1cc(O)c2ccc(Br)cc2o1', 'COc1ccc2cc(Br)ccc2n1', 'COc1ccc2cc(Br)cnc2n1', 'Brc1cccc(-n2cncn2)c1', 'CC1(C)C(=O)Nc2ccc(Br)cc21', 'C[Si](C)(C)C#Cc1cccc(Br)c1', 'CC(C)NC(=O)c1ccc(Br)cn1', 'Brc1ccc([C@@H]2CNCCO2)cc1', 'Brc1cccc(-c2nnc(C3CC3)o2)c1', 'O=C(c1ccc(Br)cc1)N1CCOCC1']"
4,"[1.5, 39.2, 17.2]",1.6850517426973437,"['CC(C)(C)OC(=O)N1CCN(c2ncc(Br)cn2)CC1', 'Brc1cnn(-c2ccncc2)c1', 'Brc1cnn(-c2ncccn2)c1']","['Brc1cnc2[nH]ccc2c1', 'Brc1ccc2cnccc2c1', 'Brc1ccc2ncnn2c1', 'Brc1cccc2[nH]ncc12', 'Cc1cc(Br)cnc1C', 'Cc1cncc(Br)c1', 'C#Cc1ccc(Br)cc1', 'Cc1ccc(Br)cn1', 'CC(=O)Cc1cccc(Br)c1', 'Brc1ccc2ncncc2c1', 'Brc1cnc2ncoc2c1']"
5,"[3.0, 0.3, 0.6]",1.922261567241433,"['OB(O)c1ccc(Br)s1', 'Brc1ccc(-c2ccn[nH]2)s1', 'Brc1cc2ncncc2s1']","['C=CCc1ccc(Br)c(F)c1', 'CC(=O)c1cc(Br)cs1', 'Brc1ccc2cnnn2c1', 'Brc1ccc(N2CCOCC2)nc1', 'Brc1cnc2nccn2c1', 'CC(C)(C)Oc1ccc(Br)cc1', 'O=C1Nc2ccc(Br)cc2C12OCCO2', 'Brc1cnc2cc[nH]c2c1', 'OC1CCOc2c(Br)cccc21', 'Brc1cnc2[nH]ncc2c1']"
6,"[0.3, 0.0, 60.9]",2.0243218576793707,"['Brc1cnn2ccccc12', 'Fc1ncc(Br)c(F)n1', 'Brc1cncnc1']","['Brc1cccc2ccoc12', 'Brc1cncc2ccccc12', 'OCc1ccc(Br)c(F)c1', 'O=C1NCc2cc(Br)ccc21', 'Brc1cnc2cncn2c1', 'Brc1cccc2nccnc12', 'FC(F)(F)c1ccc(Br)c2[nH]ccc12', 'O=C(NCc1ccccc1)c1ccc(Br)cn1', 'FC(F)(F)c1cncc(Br)c1', 'Brc1cccc2cncnc12']"
7,"[85.9, 24.4, 0.0]",2.07072283815138,"['Cc1cc(Br)ccn1', 'OCc1ccc(Br)cc1', 'FC(F)(F)Sc1ccc(Br)cc1']","['Brc1cccc2cnccc12', 'Oc1ncnc2ccc(Br)cc12', 'N#CC1(c2ccc(Br)cc2)CC1', 'N#CCCc1ccc(Br)cc1', 'Brc1cccnc1', 'Brc1ccc(C2OCCO2)cc1', 'Brc1ccc2nn[nH]c2c1', 'Fc1ccccc1Br', 'Oc1ccc(Br)cn1']"
8,"[52.4, 0.3, 69.7]",2.161578619871432,"['Nc1nccc(Br)n1', 'Nc1cc(Br)ccn1', 'CC(C)(CO)c1cc(Br)ccn1']","['CC(O)c1ccc(Br)cc1', 'CC(=O)CC(=O)c1ccc(Br)cc1', 'NC1(c2ccc(Br)cc2)CC1', 'Brc1ccc2cncnc2c1', 'O=C1CN(Cc2cccc(Br)c2)C(=O)N1', 'OCC(O)c1cccc(Br)c1', 'FC(F)C(F)(F)Oc1cccc(Br)c1', 'CC(C)(N)c1ccc(Br)cc1']"
