,obj_values ['yield'],Vendi_score,eval_samples,cut_samples
0,"[24.7, 52.4, 50.4]",1.4976216744757305,"['Brc1cccc(-c2nnc(C3CC3)o2)c1', 'Nc1nccc(Br)n1', 'Brc1ccc(-c2nnc[nH]2)cc1']",[]
1,"[0.3, 44.1, 18.8]",1.5712578936813575,"['Nc1cc(Br)ccn1', 'Nc1cc(Br)ncn1', 'Oc1cccc(Br)n1']","['O=c1cc(O)c2ccc(Br)cc2o1', 'O=C1CCCN1c1ccc(Br)cc1F', 'CNC(=O)c1cccc(Br)c1', 'CCC(=O)c1ccc(Br)cc1O', 'Fc1cc(Br)ccc1-c1ccccc1', 'Brc1ccc2c(c1)oc1ccccc12', 'Brc1ccc(-c2ncco2)cc1', 'Brc1cccc(-n2ccnc2)c1', 'Brc1cccc(-c2cc[nH]n2)c1', 'O=C1CCCc2ccc(Br)cc2N1', 'O=C1CCc2ccc(Br)cc2N1', 'O=C1NCc2cc(Br)ccc21', 'O=C1c2ccc(Br)cc2CN1C1CC1']"
2,"[58.4, 0.0, 0.3]",1.6995091218581322,"['Brc1ccc2cccnc2n1', 'FC(F)(F)c1cnc2nc(Br)ccc2c1', 'Brc1ccc2ccncc2n1']","['C#Cc1ccc(Br)cc1', 'CC(=O)c1cccc(Br)c1', 'COc1cccc(Br)c1', 'FCCOc1cncc(Br)c1', 'Brc1cccc(-n2cncn2)c1', 'CC(=O)Cc1cccc(Br)c1', 'O=C1CC(c2ccc(Br)cc2)N1', 'Oc1ccnc2ccc(Br)cc12', 'Cc1ccnc(Br)c1', 'Brc1ccc2cnccc2c1', 'Cc1ccc(Br)nc1', 'Cc1cncc(Br)n1']"
3,"[43.5, 0.0, 0.0]",1.944933098512656,"['Brc1ccc2[nH]ccc2n1', 'Brc1ccc(CN2CCOCC2)cc1', 'Brc1ccc(CN2CCNCC2)cc1']","['Cc1ccc2ccc(Br)nc2n1', 'COc1ccc2nc(Br)ccc2n1', 'Brc1cnc2ccccc2n1', 'Brc1cn2ccnc2cn1', 'COc1ccc2cc(Br)ncc2n1', 'Oc1ccnc(Br)c1', 'COc1cc2ccc(Br)nc2cn1', 'Brc1ccn2nccc2n1', 'CNC(=O)c1ccnc(Br)c1', 'Brc1ncnc2ccccc12', 'FC(F)(F)c1ccc2cc(Br)ncc2n1', 'Brc1ccc2ncccc2n1']"
4,"[15.7, 20.4, 28.9]",2.186496417017667,"['Brc1cnc2nncn2c1', 'Brc1ncccn1', 'Oc1ccc(Br)nc1']","['O=C1COc2cc(Br)ccc2N1', 'CC(C)Sc1ccc(Br)cc1', 'Cc1cn[nH]c1-c1ccc(Br)cc1', 'Cn1ccc(-c2cccc(Br)c2)n1', 'Cn1cnc2ccc(Br)cc21', 'COc1cc(Br)cc(OC)c1', 'O=C1CCC(c2cccc(Br)c2)CN1', 'O=C1CC(c2cccc(Br)c2)CC(=O)N1', 'O=C(c1ccc(Br)cc1)N1CCOCC1', 'CC(=O)/C=C/c1ccc(Br)cc1', 'Brc1ccc(C2CCCN2)cc1']"
5,"[35.4, 63.4, 67.8]",2.1954940548114164,"['Brc1ccc2[nH]cnc2c1', 'Fc1ccc(Br)nc1', 'Cn1cnc2cc(Br)ccc21']","['Brc1ccc2cncnc2c1', 'CC(=O)Nc1ccc(Br)cc1', 'N#CC1(c2ccc(Br)cc2)CC1', 'Nc1nc2cc(Br)ccc2o1', 'N#CCCc1ccc(Br)cc1', 'Brc1nncc2ccccc12', 'COc1cccnc1Br', 'Brc1ccc2nn[nH]c2c1', 'CC(C)NC(=O)c1ccc(Br)cn1', 'NCCc1ccc(Br)cc1']"
6,"[27.0, 72.1, 36.8]",2.218406990554194,"['N#Cc1cccc(Br)c1', 'Cc1ccc(Br)cc1', 'Oc1ccc(Br)cc1']","['Brc1ccc([C@@H]2CNCCO2)cc1', 'Brc1cccc2[nH]ncc12', 'Nc1nc2ccc(Br)cc2o1', 'CC(=O)N1CCc2cc(Br)ccc21', 'Brc1cnc2cc[nH]c2c1', 'Brc1cccc(Cn2cccn2)c1', 'OCC(O)c1cccc(Br)c1', 'Brc1ccc(C2OCCO2)cc1', 'Brc1cnc2[nH]ccc2c1', 'OC1Cc2ccc(Br)cc2C1']"
7,"[22.5, 66.7, 75.3]",2.2251435638530266,"['Oc1ccc(Br)cn1', 'Fc1ccc(Br)cc1', 'Brc1cccnc1']","['Cc1cc(Br)cnc1C', 'NC1(c2ccc(Br)cc2)CC1', 'Cc1ccc(Br)cn1', 'Cc1cncc(Br)c1', 'Oc1cccc(Br)c1', 'CC(O)c1ccc(Br)cc1', 'Brc1ccc2oc3ccccc3c2c1', 'CC(C)(C)c1cccc(Br)c1', 'CC(C)c1ccc(Br)cc1']"
8,"[17.7, 85.9, 60.9]",2.276586307710015,"['Nc1ncncc1Br', 'Cc1cc(Br)ccn1', 'Brc1cncnc1']","['O=C1CCc2ncc(Br)cc2N1', 'CC1(C)C(=O)Nc2ccc(Br)cc21', 'CC(C)(C#N)c1ccc(Br)cn1', 'Brc1cnc2ncoc2c1', 'OCc1ccc(Br)cc1', 'CC(C)(N)c1ccc(Br)cc1', 'CC(C)(CO)c1ccc(Br)cn1', 'CC(C)(C)Oc1ccc(Br)cc1']"
