,obj_values ['yield'],Vendi_score,eval_samples,cut_samples
0,"[16.8, 0.0, 53.3]",2.119814946548783,"['FC(F)(F)c1ccnc(Nc2cccc(Br)c2)n1', 'Brc1nncs1', 'COc1ccc2nc(Br)ccc2n1']",[]
1,"[5.9, 20.4, 14.2]",2.13911215337688,"['Brc1ccn2nccc2n1', 'Brc1ncccn1', 'Brc1ccc2ncccc2n1']","['O=c1cc(O)c2ccc(Br)cc2o1', 'CC(=O)c1ccc(Oc2cccc(Br)c2)cc1', 'COc1ccc2cc(Br)ncc2n1', 'COc1cc2ccc(Br)nc2cn1', 'COc1ncc(Br)nc1OC', 'Brc1ccc(-c2nc3ccccc3[nH]2)cc1', 'FC(F)(F)c1cc2ccc(Br)cc2cn1', 'Brc1cn2ccnc2cn1', 'Brc1cnc2ccccc2n1', 'N#Cc1cc2cc(Br)ccc2s1', 'Brc1ccc(-c2nc3cnccc3[nH]2)cc1', 'Brc1cccc(-c2nnc(C3CC3)o2)c1', 'FC(F)(F)c1ccc2cc(Br)ncc2n1']"
2,"[43.5, 28.9, 63.4]",2.13344312809494,"['Brc1ccc2[nH]ccc2n1', 'Oc1ccc(Br)nc1', 'Fc1ccc(Br)nc1']","['Cc1ccc(Br)nc1', 'Cc1ccc2ccc(Br)nc2n1', 'Nc1cc(Br)ncn1', 'Nc1nccc(Br)n1', 'Cc1cncc(Br)n1', 'Oc1cccc(Br)n1', 'Oc1ccnc(Br)c1', 'Cc1ccnc(Br)c1', 'Brc1ccc2ccncc2n1', 'Brc1ncnc2ccccc12', 'Brc1ccc2cccnc2n1', 'CNC(=O)c1ccnc(Br)c1']"
3,"[30.6, 7.5, 27.0]",2.323245701564591,"['N#Cc1cc(Br)cs1', 'Brc1cccc(-c2nnn[nH]2)c1', 'N#Cc1cccc(Br)c1']","['Brc1nncc2ccccc12', 'COc1cccnc1Br', 'Brc1ccc2c(c1)oc1ccccc12', 'Brc1ccc2nn[nH]c2c1', 'N#CC1(c2ccc(Br)cc2)CC1', 'Brc1cccc(-n2cncn2)c1', 'Brc1cccc(-c2cc[nH]n2)c1', 'Oc1ccnc2ccc(Br)cc12', 'CCC(=O)c1ccc(Br)cc1O', 'FC(F)(F)c1cnc2cc(Br)ncc2n1', 'FC(F)(F)c1cnc2nc(Br)ccc2c1', 'Brc1ccc(-c2ncco2)cc1']"
4,"[28.5, 0.0, 66.6]",2.540982966888832,"['CC(C)(C)OC(=O)N1CCCCC1c1ccc(Br)cc1', 'C[Si](C)(C)C#Cc1cccc(Br)c1', 'COc1ccc(Cn2cnc3cc(Br)ccc32)cc1']","['CNC(=O)c1cccc(Br)c1', 'Oc1cnc2cc(Br)ccc2n1', 'N#CCCc1ccc(Br)cc1', 'CC(=O)c1cccc(Br)c1', 'CS(=O)(=O)c1ccc(Br)cc1', 'Oc1ncnc2ccc(Br)cc12', 'O=C1CC(c2ccc(Br)cc2)N1', 'COc1ccc2cc(Br)cnc2n1', 'Brc1ccc2cncnc2c1', 'OC(c1ccc(Br)cn1)C(F)(F)F', 'Brc1ccn2nnnc2c1']"
5,"[67.8, 0.0, 0.0]",2.6687469163047504,"['Cn1cnc2cc(Br)ccc21', 'CN1CCOc2cc(Br)ccc21', 'CC(C)(C)OC(=O)N1CCC(Nc2ccc(Br)cc2)CC1']","['Cn1ccc(-c2cccc(Br)c2)n1', 'O=C1CCCc2ccc(Br)cc2N1', 'Brc1ccc(C2OCCO2)cc1', 'Brc1ccc2oc3ccccc3c2c1', 'Fc1cc(Br)ccc1-c1ccccc1', 'O=C1CCCN1c1ccc(Br)cc1F', 'O=C1CCC(c2cccc(Br)c2)CN1', 'O=C1CN(Cc2cccc(Br)c2)C(=O)N1', 'Brc1cccc(Cn2cccn2)c1', 'NS(=O)(=O)Cc1cccc(Br)c1']"
6,"[0.0, 0.0, 0.0]",2.722737705907115,"['FC(F)(F)c1cc(Br)c2nc[nH]c2c1', 'Brc1ccccc1-c1nnn[nH]1', 'O=C(Nc1ccc(Br)c(F)c1)c1ccccn1']","['Cn1cnc2ccc(Br)cc21', 'Brc1ccc([C@@H]2CNCCO2)cc1', 'Brc1ccc(C2CCCN2)cc1', 'OC1Cc2ccc(Br)cc2C1', 'Nc1nc2ccc(Br)cc2o1', 'Brc1ccc2[nH]cnc2c1', 'CC(=O)N1CCc2cc(Br)ccc21', 'Nc1nc2cc(Br)ccc2o1', 'CC(C)(C)Oc1ccc(Br)cc1', 'CC(=O)Nc1ccc(Br)cc1']"
7,"[67.2, 72.1, 53.1]",2.654275393473654,"['CC(C)(C)c1cccc(Br)c1', 'Cc1ccc(Br)cc1', 'CC(C)c1ccc(Br)cc1']","['O=C1CCCCC1Oc1ccc(Br)cc1', 'O=C1CCc2ccc(Br)cc2N1', 'CC(C)(C)OC(=O)Nc1ccc(Br)cn1', 'NCCc1ccc(Br)cc1', 'FCCOc1cncc(Br)c1', 'Brc1cnc2[nH]ccc2c1', 'Brc1cnc2cc[nH]c2c1', 'Nc1cnc(-c2cccc(Br)c2)nc1', 'COc1ccc2cc(Br)ccc2n1']"
8,"[66.7, 0.0, 24.4]",2.592254218923183,"['Fc1ccc(Br)cc1', 'CC(C)(N)c1ccc(Br)cc1', 'OCc1ccc(Br)cc1']","['CC(C)(CO)c1ccc(Br)cn1', 'NC1(c2ccc(Br)cc2)CC1', 'Brc1cccc2[nH]ncc12', 'CC1(C)C(=O)Nc2ccc(Br)cc21', 'CC(O)c1ccc(Br)cc1', 'O=C1COc2cc(Br)ccc2N1', 'OCC(O)c1cccc(Br)c1', 'CC(C)(C#N)c1ccc(Br)cn1']"
