,obj_values ['yield'],Vendi_score,eval_samples,cut_samples
0,"[0.0, 69.7, 0.0]",1.2189314708112975,"['O=c1cc(O)c2ccc(Br)cc2o1', 'CC(C)(CO)c1cc(Br)ccn1', 'CC(=O)/C=C/c1ccc(Br)cc1']",[]
1,"[31.1, 85.9, 0.3]",1.5144437493829654,"['COc1ncc(Br)nc1OC', 'Cc1cc(Br)ccn1', 'Nc1cc(Br)ccn1']","['Cn1nnc(-c2ccc(Br)cn2)n1', 'Fc1cc(Br)ccc1-c1ccccc1', 'O=C1c2ccc(Br)cc2CN1C1CC1', 'O=C1NCc2cc(Br)ccc21', 'Brc1cccc(-n2ccnc2)c1', 'O=C(c1ccc(Br)cc1)N1CCOCC1', 'Brc1ccc2c(c1)oc1ccccc12', 'Oc1nccc2cc(Br)cnc12', 'CC(=O)CC(=O)c1ccc(Br)cc1', 'Brc1ccc2cncnc2c1', 'Brc1ccc2cnccc2c1', 'CNC(=O)c1cccc(Br)c1', 'CCC(=O)c1ccc(Br)cc1O']"
2,"[41.9, 43.8, 47.7]",1.5649636384972043,"['CS(=O)(=O)c1ccc(Br)cc1', 'CC(C)(C#N)c1ccc(Br)cn1', 'O=S(=O)(CCO)c1ccc(Br)cc1']","['Brc1ccc2ncncc2c1', 'O=C1CCc2ncc(Br)cc2N1', 'Oc1ccnc2ccc(Br)cc12', 'O=C1COc2cc(Br)ccc2N1', 'O=C1CCCc2ccc(Br)cc2N1', 'O=C1CCc2ccc(Br)cc2N1', 'Brc1ccc(-c2ncco2)cc1', 'Cc1cn[nH]c1-c1ccc(Br)cc1', 'Cc1n[nH]c2cc(Br)ccc12', 'CC(=O)c1cccc(Br)c1', 'CC(=O)Cc1cccc(Br)c1', 'C#Cc1ccc(Br)cc1']"
3,"[52.4, 5.0, 1.6]",1.7853887483694695,"['Nc1nccc(Br)n1', 'FC(F)(F)c1ccc2cc(Br)ncc2n1', 'CCOP(=O)(Cc1ccc(Br)cn1)OCC']","['Brc1ccc2nn[nH]c2c1', 'CC(C)(CO)c1ccc(Br)cn1', 'N#CCCc1ccc(Br)cc1', 'Brc1cnc2ncoc2c1', 'FCCOc1cncc(Br)c1', 'O=C1CC(c2cccc(Br)c2)CC(=O)N1', 'Brc1cccc(-c2nnc(C3CC3)o2)c1', 'N#CC1(c2ccc(Br)cc2)CC1', 'O=C1CC(c2ccc(Br)cc2)N1', 'COc1ncc2cc(Br)ccc2n1', 'Brc1cnc2cccnc2c1', 'Brc1cccc(-n2cncn2)c1']"
4,"[44.1, 60.9, 47.7]",1.8436836592507084,"['Nc1cc(Br)ncn1', 'Brc1cncnc1', 'FC(F)(F)c1cncc(Br)c1']","['O=C1CCCN1c1ccc(Br)cc1F', 'FC(F)(F)c1cc2ccc(Br)cc2cn1', 'NS(=O)(=O)Cc1cccc(Br)c1', 'O=C1CCC(c2cccc(Br)c2)CN1', 'Brc1cnc2ncccc2c1', 'Brc1ccc2oc3ccccc3c2c1', 'OCC(O)c1cccc(Br)c1', 'Brc1ccc(C2OCCO2)cc1', 'Brc1cccc(Cn2cccn2)c1', 'O=C1CN(Cc2cccc(Br)c2)C(=O)N1', 'CC(C)NC(=O)c1ccc(Br)cn1']"
5,"[0.0, 0.0, 17.2]",1.9426057169449973,"['FC(F)(F)Sc1ccc(Br)cc1', 'Fc1ncc(Br)c(F)n1', 'FC(F)(F)c1ncc(Br)cn1']","['Oc1ncnc2ccc(Br)cc12', 'COc1cccc(Br)c1', 'COc1ccc2cc(Br)ccc2n1', 'COc1ccc2cc(Br)cnc2n1', 'O=C(c1cccc(Br)c1)C(F)(F)F', 'FC(F)C(F)(F)Oc1cccc(Br)c1', 'Cc1cncc(Br)c1', 'Cc1cc(Br)cnc1C', 'Brc1cccnc1', 'Cc1ccc(Br)cn1']"
6,"[0.3, 0.3, 63.4]",2.054033004661379,"['Brc1ncnc2ccccc12', 'Oc1ccnc(Br)c1', 'Fc1ccc(Br)nc1']","['N#Cc1cc2cc(Br)ccc2s1', 'OC(c1ccc(Br)cn1)C(F)(F)F', 'CC(O)c1ccc(Br)cc1', 'O=S(=O)(O)c1cncc(Br)c1', 'C[Si](C)(C)C#Cc1cccc(Br)c1', 'Brc1cnc(Oc2cccnc2)nc1', 'Brc1ccc2ncnn2c1', 'Brc1ccc(-c2cccs2)cc1', 'Oc1cnc2cc(Br)ccc2n1', 'Brc1cccc2[nH]ncc12']"
7,"[72.1, 0.0, 66.7]",2.0600132060247076,"['Cc1ccc(Br)cc1', 'CC(C)(N)c1ccc(Br)cc1', 'Fc1ccc(Br)cc1']","['Brc1ccnc2ccccc12', 'Brc1cccc2ncncc12', 'Brc1cn2ccnc2cn1', 'OCc1ccc(Br)cc1', 'Oc1cccc(Br)n1', 'Brc1cccc2nccnc12', 'NC1(c2ccc(Br)cc2)CC1', 'Cc1cncc(Br)n1', 'Brc1cccc(-c2cc[nH]n2)c1']"
8,"[22.5, 27.0, 36.8]",2.066702348324705,"['Oc1ccc(Br)cn1', 'N#Cc1cccc(Br)c1', 'Oc1ccc(Br)cc1']","['CC(C)(C)c1cccc(Br)c1', 'CC1(C)C(=O)Nc2ccc(Br)cc21', 'CC(C)c1ccc(Br)cc1', 'Oc1cccc(Br)c1', 'Cn1cnc2ccc(Br)cc21', 'OC1Cc2ccc(Br)cc2C1', 'NCCc1ccc(Br)cc1', 'Brc1ccc([C@@H]2CNCCO2)cc1']"
