,obj_values ['yield'],Vendi_score,eval_samples,cut_samples
0,"[15.4, 60.9, 18.3]",1.7818056575083032,"['FC(F)(F)c1nc2ccc(Br)cn2n1', 'Brc1cncnc1', 'Cc1ccc2ccc(Br)nc2n1']",[]
1,"[75.3, 85.9, 0.3]",1.7073552583957177,"['Brc1cccnc1', 'Cc1cc(Br)ccn1', 'Oc1ncc(Br)cn1']","['FC(F)(F)c1ncc(Br)cn1', 'O=c1cc(O)c2ccc(Br)cc2o1', 'Brc1cnc2ncoc2c1', 'FC(F)(F)c1cncc(Br)c1', 'CC(=O)c1cccc(Br)c1', 'CC(C)(C#N)c1ccc(Br)cn1', 'Brc1ccc2ncnn2c1', 'Brc1ccc2cncnc2c1', 'Brc1cnc2ncccc2c1', 'Brc1ccn2nnnc2c1', 'Brc1cccc(-n2cncn2)c1', 'Brc1ccc2nn[nH]c2c1', 'Brc1cnc2cccnc2c1']"
2,"[69.7, 47.6, 0.3]",1.8257151700553498,"['CC(C)(CO)c1cc(Br)ccn1', 'OCC(O)c1cccc(Br)c1', 'Oc1ccnc(Br)c1']","['C#Cc1ccc(Br)cc1', 'FCCOc1cncc(Br)c1', 'O=C1NCc2cc(Br)ccc21', 'CNC(=O)c1cccc(Br)c1', 'Cc1ccc(Br)cn1', 'O=C1CCc2ncc(Br)cc2N1', 'N#CC1(c2ccc(Br)cc2)CC1', 'Brc1ccc2cnccc2c1', 'Brc1ccc2ncncc2c1', 'Brc1ccc2cnnn2c1', 'Cc1cncc(Br)c1', 'Cc1cc(Br)cnc1C']"
3,"[0.3, 0.0, 27.0]",1.8458200205584605,"['Nc1cc(Br)ccn1', 'CCC(=O)c1ccc(Br)cc1O', 'N#Cc1cccc(Br)c1']","['CC(=O)Cc1cccc(Br)c1', 'O=C1CCc2ccc(Br)cc2N1', 'CC(C)(CO)c1ccc(Br)cn1', 'OCc1ccc(Br)cc1', 'COc1cccc(Br)c1', 'N#CCCc1ccc(Br)cc1', 'Brc1ccc(C2OCCO2)cc1', 'Brc1cccc(-n2ccnc2)c1', 'O=C1CC(c2ccc(Br)cc2)N1', 'CC(O)c1ccc(Br)cc1', 'Cn1nnc(-c2ccc(Br)cn2)n1', 'O=C1CCCc2ccc(Br)cc2N1']"
4,"[0.0, 10.3, 28.3]",1.9067901729780612,"['Fc1ncc(Br)c(F)n1', 'OCc1ccc(Br)c(F)c1', 'Fc1ccccc1Br']","['Oc1ccnc2ccc(Br)cc12', 'O=C1COc2cc(Br)ccc2N1', 'Brc1cccc(Cn2cccn2)c1', 'Brc1ccc(-c2ncco2)cc1', 'Brc1cccc2[nH]ncc12', 'Oc1cccc(Br)c1', 'Cc1ccc(Br)cc1', 'NCCc1ccc(Br)cc1', 'CC(=O)CC(=O)c1ccc(Br)cc1', 'Oc1nccc2cc(Br)cnc12', 'Fc1cc(Br)ccc1-c1ccccc1']"
5,"[0.0, 41.9, 0.0]",1.919551634166831,"['FC(F)(F)Sc1ccc(Br)cc1', 'CS(=O)(=O)c1ccc(Br)cc1', 'FC(F)C(F)(F)Oc1cccc(Br)c1']","['C=CCc1ccc(Br)c(F)c1', 'Brc1cccc2ccoc12', 'Oc1ccc(Br)cn1', 'CC(C)(N)c1ccc(Br)cc1', 'OC1Cc2ccc(Br)cc2C1', 'Fc1ccc(Br)cc1', 'Brc1cnc2[nH]ccc2c1', 'Brc1cnc2[nH]ncc2c1', 'NC1(c2ccc(Br)cc2)CC1', 'Cn1cnc2ccc(Br)cc21']"
6,"[0.0, 53.1, 60.2]",1.9087001939740207,"['Brc1ccc(C2CCCN2)cc1', 'CC(C)c1ccc(Br)cc1', 'O=C1CC(c2cccc(Br)c2)CC(=O)N1']","['NS(=O)(=O)Cc1cccc(Br)c1', 'Brc1ccc2c(c1)oc1ccccc12', 'O=C1CCC(c2cccc(Br)c2)CN1', 'O=C1CN(Cc2cccc(Br)c2)C(=O)N1', 'CC(C)(C)c1cccc(Br)c1', 'O=C1c2ccc(Br)cc2CN1C1CC1', 'O=S(=O)(O)c1cncc(Br)c1', 'Brc1cccc(-c2cc[nH]n2)c1', 'Oc1ncnc2ccc(Br)cc12', 'O=C1CCCN1c1ccc(Br)cc1F']"
7,"[47.7, 21.9, 25.7]",1.9731909151312803,"['O=S(=O)(CCO)c1ccc(Br)cc1', 'CC(C)(C)OC(=O)NC1(c2ccc(Br)cc2)CC(=O)C1', 'OC(c1ccc(Br)cn1)C(F)(F)F']","['CC(C)(C)Oc1ccc(Br)cc1', 'Cc1cn[nH]c1-c1ccc(Br)cc1', 'Brc1ccc([C@@H]2CNCCO2)cc1', 'Cc1n[nH]c2cc(Br)ccc12', 'O=C(c1ccc(Br)cc1)N1CCOCC1', 'CC1(C)C(=O)Nc2ccc(Br)cc21', 'Brc1ccc2oc3ccccc3c2c1', 'COc1ccc2cc(Br)cnc2n1', 'Brc1cccc(-c2nnc(C3CC3)o2)c1']"
8,"[0.0, 0.0, 0.0]",2.0947201297853786,"['O=C(c1cccc(Br)c1)C(F)(F)F', 'FC(F)(F)c1cnc2cc(Br)ncc2n1', 'FC(F)(F)c1cnc2nc(Br)ccc2c1']","['Brc1cccc(-c2nnn[nH]2)c1', 'CC(C)NC(=O)c1ccc(Br)cn1', 'CC(=O)Nc1ccc(Br)cc1', 'Brc1cnc(Oc2cccnc2)nc1', 'Cn1ccc(-c2cccc(Br)c2)n1', 'COc1ncc2cc(Br)ccc2n1', 'CC1(C)OB(c2ccc(Br)cc2)OC1(C)C', 'C[Si](C)(C)C#Cc1cccc(Br)c1']"
