,obj_values ['yield'],Vendi_score,eval_samples,cut_samples
0,"[23.1, 67.6, 8.1]",1.3425978376169694,"['Fc1cc(Br)ccc1-c1ccccc1', 'Cc1cncc(Br)c1', 'O=C1CCC(Oc2ccccc2Br)CC1']",[]
1,"[75.3, 0.0, 12.1]",1.3569325029049246,"['Brc1cccnc1', 'C#Cc1ccc(Br)cc1', 'Oc1cccc(Br)c1']","['O=C1CCCN1c1ccc(Br)cc1F', 'FCCOc1cncc(Br)c1', 'O=C1CCc2ncc(Br)cc2N1', 'CNC(=O)c1cccc(Br)c1', 'CC(C)(CO)c1ccc(Br)cn1', 'Cc1ccc(Br)cn1', 'Brc1cccc2[nH]ncc12', 'Cc1cc(Br)cnc1C', 'O=C1CCc2ccc(Br)cc2N1', 'O=C1CCCc2ccc(Br)cc2N1', 'O=C1COc2cc(Br)ccc2N1', 'CC(C)(C#N)c1ccc(Br)cn1', 'O=C1CC(c2ccc(Br)cc2)N1']"
2,"[0.3, 9.0, 60.9]",1.405229558737432,"['Brc1cnc2ncoc2c1', 'Brc1cnc2ncccc2c1', 'Brc1cncnc1']","['Brc1cccc(-n2cncn2)c1', 'Brc1ccc(-c2ncco2)cc1', 'OCc1ccc(Br)cc1', 'NCCc1ccc(Br)cc1', 'NC1(c2ccc(Br)cc2)CC1', 'OCC(O)c1cccc(Br)c1', 'Brc1cnc2[nH]ccc2c1', 'Cc1ccc(Br)cc1', 'COc1cccc(Br)c1', 'CC(O)c1ccc(Br)cc1', 'CC(C)(N)c1ccc(Br)cc1', 'CC(=O)Cc1cccc(Br)c1']"
3,"[85.9, 69.7, 47.7]",1.4484616595448117,"['Cc1cc(Br)ccn1', 'CC(C)(CO)c1cc(Br)ccn1', 'FC(F)(F)c1cncc(Br)c1']","['Brc1cnc2cccnc2c1', 'N#CC1(c2ccc(Br)cc2)CC1', 'Brc1ccc2ncnn2c1', 'Cn1nnc(-c2ccc(Br)cn2)n1', 'Brc1ccc2cnccc2c1', 'CC(=O)c1cccc(Br)c1', 'Brc1ccc2ncncc2c1', 'Oc1ncc(Br)cn1', 'Oc1ccnc2ccc(Br)cc12', 'Brc1ccc2nn[nH]c2c1', 'O=C1NCc2cc(Br)ccc21', 'Brc1cccc(-n2ccnc2)c1']"
4,"[10.3, 17.7, 28.3]",1.5172410530400708,"['OCc1ccc(Br)c(F)c1', 'Nc1ncncc1Br', 'Fc1ccccc1Br']","['Brc1ccc2oc3ccccc3c2c1', 'COc1ncc2cc(Br)ccc2n1', 'Brc1ccc2c(c1)oc1ccccc12', 'Brc1ccc2cncnc2c1', 'Brc1ccc(C2OCCO2)cc1', 'Nc1cc(Br)ccn1', 'OC1Cc2ccc(Br)cc2C1', 'Cc1n[nH]c2cc(Br)ccc12', 'CC(=O)CC(=O)c1ccc(Br)cc1', 'N#CCCc1ccc(Br)cc1', 'Cc1cn[nH]c1-c1ccc(Br)cc1']"
5,"[27.8, 21.9, 28.5]",1.7565962370758057,"['C[C@@H](NC(=O)OC(C)(C)C)c1ccc(Br)cc1', 'CC(C)(C)OC(=O)NC1(c2ccc(Br)cc2)CC(=O)C1', 'CC(C)(C)OC(=O)N1CCCCC1c1ccc(Br)cc1']","['Oc1ccc(Br)cc1', 'COc1ccccc1Br', 'Nc1ncc(Br)cn1', 'C=CCc1ccc(Br)c(F)c1', 'Brc1cnc2[nH]ncc2c1', 'Oc1ccc(Br)cn1', 'OC1CCOc2c(Br)cccc21', 'Fc1ccc(Br)cc1', 'Brc1cccc2cnccc12', 'Brc1cccc2ccoc12']"
6,"[53.1, 16.2, 1.5]",1.77175959762367,"['CC(C)c1ccc(Br)cc1', 'Oc1ccccc1Br', 'Nc1c(F)cncc1Br']","['CC(C)(C)c1cccc(Br)c1', 'Brc1cccc(Cn2cccn2)c1', 'O=C(c1ccc(Br)cc1)N1CCOCC1', 'Brc1ccc([C@@H]2CNCCO2)cc1', 'CC(C)(C)Oc1ccc(Br)cc1', 'O=C1CC(c2cccc(Br)c2)CC(=O)N1', 'O=C1CCC(c2cccc(Br)c2)CN1', 'O=C1CN(Cc2cccc(Br)c2)C(=O)N1', 'O=C1c2ccc(Br)cc2CN1C1CC1', 'CC1(C)C(=O)Nc2ccc(Br)cc21']"
7,"[17.2, 0.0, 25.7]",2.070715970994223,"['FC(F)(F)c1ncc(Br)cn1', 'OCc1coc(Br)n1', 'OC(c1ccc(Br)cn1)C(F)(F)F']","['CC1(C)OB(c2ccc(Br)cc2)OC1(C)C', 'Cn1ccc(-c2cccc(Br)c2)n1', 'Cn1cnc2ccc(Br)cc21', 'CC(=O)Nc1ccc(Br)cc1', 'Brc1cccc(-c2cc[nH]n2)c1', 'FC(F)C(F)(F)Oc1cccc(Br)c1', 'COc1ccc2cc(Br)cnc2n1', 'O=C1CCc2cccc(Br)c2N1', 'Brc1ccc(C2CCCN2)cc1']"
8,"[85.7, 55.5, 0.3]",2.2186536073264382,"['Cc1ccnc(Br)c1', 'Cc1ccc(Br)nc1', 'Oc1ccnc(Br)c1']","['COc1ccc2cc(Br)ccc2n1', 'Brc1cncc2ccccc12', 'Brc1cnc(Oc2cccnc2)nc1', 'Brc1cccc(-c2nnc(C3CC3)o2)c1', 'CC(C)(C)OC(=O)Nc1ccc(Br)cn1', 'Brc1cncc2[nH]ccc12', 'C[Si](C)(C)C#Cc1cccc(Br)c1', 'Brc1cnc2cc[nH]c2c1']"
