,obj_values ['yield'],Vendi_score,eval_samples,cut_samples
0,"[20.4, 66.6, 21.9]",1.3245399374281277,"['Brc1ccc(-c2nc3ccccc3[nH]2)cc1', 'COc1ccc(Cn2cnc3cc(Br)ccc32)cc1', 'CC(C)(C)OC(=O)NC1(c2ccc(Br)cc2)CC(=O)C1']",[]
1,"[0.0, 35.4, 67.8]",1.632678468098822,"['CC(C)(C)OC(=O)N1CCC(Nc2ccc(Br)cc2)CC1', 'Brc1ccc2[nH]cnc2c1', 'Cn1cnc2cc(Br)ccc21']","['Brc1ccc(-c2nc3cnccc3[nH]2)cc1', 'CC(C)(C)OC(=O)N1CCOc2ccc(Br)cc2C1', 'C[C@@H](NC(=O)OC(C)(C)C)c1ccc(Br)cc1', 'O=C1CCC(Oc2cccc(Br)c2)CC1', 'CC(C)(C)OC(=O)N1CCCCC1c1ccc(Br)cc1', 'Brc1ccc(-c2nnc(-c3ccccc3)o2)cc1', 'CCOP(=O)(Cc1ccc(Br)cn1)OCC', 'O=C1CCCCC1Oc1ccc(Br)cc1', 'CC(=O)c1ccc(Oc2cccc(Br)c2)cc1', 'O=S(=O)(Cc1ccc(Br)cc1)N1CCCC1', 'Cc1cc(Br)cc(Nc2nccc(C3CC3)n2)c1', 'CC1(C)OB(c2ccc(Br)cc2)OC1(C)C', 'O=C(c1ccc(Br)cc1)N1CCOCC1']"
2,"[39.5, 24.8, 13.1]",1.613154343495076,"['OC1Cc2ccc(Br)cc2C1', 'Brc1ccc2oc3ccccc3c2c1', 'Nc1nc2ccc(Br)cc2o1']","['O=C1CCC(c2cccc(Br)c2)CN1', 'CC(=O)Nc1ccc(Br)cc1', 'CC(=O)N1CCc2cc(Br)ccc21', 'Brc1cccc(-c2cc[nH]n2)c1', 'Nc1nc2cc(Br)ccc2o1', 'O=C1CCCc2ccc(Br)cc2N1', 'Cn1ccc(-c2cccc(Br)c2)n1', 'Cn1cnc2ccc(Br)cc21', 'Brc1ccc([C@@H]2CNCCO2)cc1', 'O=C1CCCN1c1ccc(Br)cc1F', 'Brc1ccc(C2CCCN2)cc1', 'Nc1cnc(-c2cccc(Br)c2)nc1']"
3,"[47.6, 0.0, 67.2]",1.6386297802038476,"['OCC(O)c1cccc(Br)c1', 'Brc1cccc(N2CCCC2)c1', 'CC(C)(C)c1cccc(Br)c1']","['N#CCCc1ccc(Br)cc1', 'Brc1ccc(C2OCCO2)cc1', 'CC1(C)C(=O)Nc2ccc(Br)cc21', 'Brc1ccc2c(c1)oc1ccccc12', 'Fc1cc(Br)ccc1-c1ccccc1', 'O=C1CCc2ccc(Br)cc2N1', 'CC(C)(C)Oc1ccc(Br)cc1', 'NCCc1ccc(Br)cc1', 'FCCOc1cncc(Br)c1', 'Brc1cccc(-c2nnc(C3CC3)o2)c1', 'Brc1cccc(Cn2cccn2)c1', 'O=C1CC(c2ccc(Br)cc2)N1']"
4,"[59.0, 27.0, 7.5]",1.7322475275010605,"['NS(=O)(=O)Cc1cccc(Br)c1', 'N#Cc1cccc(Br)c1', 'Brc1cccc(-c2nnn[nH]2)c1']","['COc1cc(Br)cc(OC)c1', 'COc1cccc(Br)c1', 'Cc1cn[nH]c1-c1ccc(Br)cc1', 'CC(C)c1ccc(Br)cc1', 'CC(O)c1ccc(Br)cc1', 'O=C1COc2cc(Br)ccc2N1', 'O=C1CN(Cc2cccc(Br)c2)C(=O)N1', 'C[Si](C)(C)C#Cc1cccc(Br)c1', 'NC1(c2ccc(Br)cc2)CC1', 'N#CC1(c2ccc(Br)cc2)CC1', 'CC(C)(CO)c1ccc(Br)cn1']"
5,"[24.4, 72.1, 43.5]",1.8210059151871953,"['OCc1ccc(Br)cc1', 'Cc1ccc(Br)cc1', 'Brc1ccc2[nH]ccc2n1']","['Brc1ccc(-c2ncco2)cc1', 'Brc1cccc(-n2cncn2)c1', 'CC(C)(C)OC(=O)Nc1ccc(Br)cn1', 'O=C1CC(c2cccc(Br)c2)CC(=O)N1', 'Brc1cnc2cc[nH]c2c1', 'CNC(=O)c1cccc(Br)c1', 'COc1ccc2cc(Br)ccc2n1', 'Brc1cnc2[nH]ccc2c1', 'Oc1ccnc2ccc(Br)cc12', 'CC(C)(N)c1ccc(Br)cc1']"
6,"[55.5, 85.7, 63.4]",1.9503088731512914,"['Cc1ccc(Br)nc1', 'Cc1ccnc(Br)c1', 'Fc1ccc(Br)nc1']","['CC(=O)Cc1cccc(Br)c1', 'Brc1cccc(-n2ccnc2)c1', 'Cc1cc(Br)cnc1C', 'Oc1ccc(Br)cc1', 'O=C1c2ccc(Br)cc2CN1C1CC1', 'Brc1cccc2[nH]ncc12', 'Brc1ccc2nn[nH]c2c1', 'O=C1CCc2ncc(Br)cc2N1', 'C#Cc1ccc(Br)cc1', 'Brc1ccc(-c2cccs2)cc1']"
7,"[0.0, 0.3, 18.8]",2.0473203357787946,"['FC(F)(F)c1cnc2nc(Br)ccc2c1', 'Oc1ccnc(Br)c1', 'Oc1cccc(Br)n1']","['FC(F)C(F)(F)Oc1cccc(Br)c1', 'Cc1ccc(Br)cn1', 'O=C1NCc2cc(Br)ccc21', 'O=C1Nc2ccc(Br)cc2C12OCCO2', 'Oc1cccc(Br)c1', 'Brc1ccc(N2CCNCC2)cc1', 'Cc1cncc(Br)c1', 'COc1ccc2cc(Br)cnc2n1', 'CC(C)(C#N)c1ccc(Br)cn1']"
8,"[66.7, 22.5, 75.3]",2.0611351635040123,"['Fc1ccc(Br)cc1', 'Oc1ccc(Br)cn1', 'Brc1cccnc1']","['CC(=O)c1cccc(Br)c1', 'CS(=O)(=O)c1ccc(Br)cc1', 'O=c1cc(O)c2ccc(Br)cc2o1', 'Brc1ccc(-c2nnc[nH]2)cc1', 'Oc1ccc(Br)nc1', 'Oc1ncnc2ccc(Br)cc12', 'Cn1nnc(-c2ccc(Br)cn2)n1', 'Oc1cnc2cc(Br)ccc2n1']"
