,obj_values ['yield'],Vendi_score,eval_samples,cut_samples
0,"[80.4, 5.9, 0.3]",1.5092165330327216,"['CC(C)(CO)c1ccc(Br)cn1', 'Brc1ccn2nccc2n1', 'Brc1cccc2ncncc12']",[]
1,"[20.9, 47.2, 0.0]",1.4906812570566343,"['CC1(C)OB(c2ccc(Br)cc2)OC1(C)C', 'O=C1CCCc2ccc(Br)cc2N1', 'Brc1ccc(C2CCCN2)cc1']","['Cn1nnc(-c2ccc(Br)cn2)n1', 'Fc1cc(Br)ccc1-c1ccccc1', 'Oc1ccnc2ccc(Br)cc12', 'Brc1ccc2ncncc2c1', 'Brc1ccc(-c2ncco2)cc1', 'CC(=O)c1cccc(Br)c1', 'CC(=O)Cc1cccc(Br)c1', 'C#Cc1ccc(Br)cc1', 'O=C1CCc2ncc(Br)cc2N1', 'COc1ncc2cc(Br)ccc2n1', 'CNC(=O)c1cccc(Br)c1', 'Brc1ccc2cnccc2c1', 'Brc1ccc2cncnc2c1']"
2,"[11.0, 51.1, 43.8]",1.5401567524113617,"['O=C(NCc1ccccc1)c1ccc(Br)cn1', 'Brc1cnc(Oc2cccnc2)nc1', 'CC(C)(C#N)c1ccc(Br)cn1']","['O=C1CCCN1c1ccc(Br)cc1F', 'Brc1ccc([C@@H]2CNCCO2)cc1', 'FCCOc1cncc(Br)c1', 'Brc1cccc(-n2ccnc2)c1', 'Brc1ccc2oc3ccccc3c2c1', 'Brc1ccc2c(c1)oc1ccccc12', 'O=C1CC(c2ccc(Br)cc2)N1', 'Cc1cn[nH]c1-c1ccc(Br)cc1', 'OC1Cc2ccc(Br)cc2C1', 'O=C1CCc2ccc(Br)cc2N1', 'O=C1COc2cc(Br)ccc2N1', 'O=C1CCC(c2cccc(Br)c2)CN1']"
3,"[10.3, 0.0, 60.9]",1.720250627758081,"['OCc1ccc(Br)c(F)c1', 'Fc1ncc(Br)c(F)n1', 'Brc1cncnc1']","['COc1ccc2cc(Br)ccc2n1', 'Brc1cccc(Cn2cccn2)c1', 'O=C(c1ccc(Br)cc1)N1CCOCC1', 'Brc1cccc(-n2cncn2)c1', 'O=C1CC(c2cccc(Br)c2)CC(=O)N1', 'CC(C)(C)Oc1ccc(Br)cc1', 'O=C1NCc2cc(Br)ccc21', 'OCC(O)c1cccc(Br)c1', 'O=C1CN(Cc2cccc(Br)c2)C(=O)N1', 'Brc1ccc(C2OCCO2)cc1', 'N#CCCc1ccc(Br)cc1', 'O=C1c2ccc(Br)cc2CN1C1CC1']"
4,"[75.3, 0.3, 85.9]",1.724740292833212,"['Brc1cccnc1', 'Oc1ncc(Br)cn1', 'Cc1cc(Br)ccn1']","['FC(F)(F)c1cncc(Br)c1', 'Cc1ccc(Br)cn1', 'Brc1ccc2ncnn2c1', 'Cc1cc(Br)cnc1C', 'Brc1cnc2ncccc2c1', 'Brc1cccc2[nH]ncc12', 'Cc1cncc(Br)c1', 'NCCc1ccc(Br)cc1', 'Brc1cnc2cccnc2c1', 'Brc1cnc2ncoc2c1', 'N#CC1(c2ccc(Br)cc2)CC1']"
5,"[0.0, 12.1, 0.3]",1.7523541029138818,"['FC(F)(F)Sc1ccc(Br)cc1', 'Oc1cccc(Br)c1', 'Nc1cc(Br)ccn1']","['COc1cccc(Br)c1', 'C=CCc1ccc(Br)c(F)c1', 'CC(C)(CO)c1cc(Br)ccn1', 'CC(C)(N)c1ccc(Br)cc1', 'CC(=O)CC(=O)c1ccc(Br)cc1', 'COc1ccc2cc(Br)cnc2n1', 'CC(O)c1ccc(Br)cc1', 'Brc1ccc2nn[nH]c2c1', 'NC1(c2ccc(Br)cc2)CC1', 'Brc1cnc2[nH]ccc2c1']"
6,"[27.8, 17.2, 11.3]",1.8479349236104652,"['C[C@@H](NC(=O)OC(C)(C)C)c1ccc(Br)cc1', 'FC(F)(F)c1ncc(Br)cn1', 'Cc1cncc(Br)n1']","['CC(C)(C)c1cccc(Br)c1', 'Cn1cnc2ccc(Br)cc21', 'OCc1ccc(Br)cc1', 'Cc1ccc(Br)cc1', 'Cc1n[nH]c2cc(Br)ccc12', 'Brc1cccc2ccoc12', 'CC(C)c1ccc(Br)cc1', 'CC1(C)C(=O)Nc2ccc(Br)cc21', 'Brc1ccnc2ccccc12', 'CSc1ncc(Br)cn1']"
7,"[0.0, 17.2, 1.6]",1.8636842892725778,"['C[Si](C)(C)C#Cc1cccc(Br)c1', 'CC(=O)c1cc(Br)cs1', 'CCOP(=O)(Cc1ccc(Br)cn1)OCC']","['Brc1cccc(-c2nnc(C3CC3)o2)c1', 'Brc1cccc2nccnc12', 'Brc1cccc2cnccc12', 'CCC(=O)c1ccc(Br)cc1O', 'Brc1cccc(-c2cc[nH]n2)c1', 'CC(C)Sc1ccc(Br)cc1', 'Oc1nccc2cc(Br)cnc12', 'FC(F)C(F)(F)Oc1cccc(Br)c1', 'OC1CCOc2c(Br)cccc21']"
8,"[22.0, 17.7, 28.4]",1.905405042597074,"['O=C1CCC(Oc2cccc(Br)c2)CC1', 'Nc1ncncc1Br', 'Brc1ccc(-n2cnnc2)nc1']","['CC(C)NC(=O)c1ccc(Br)cn1', 'Oc1ncnc2ccc(Br)cc12', 'Brc1ccc(-c2cccs2)cc1', 'O=C1Nc2ccc(Br)cc2C12OCCO2', 'CC(=O)/C=C/c1ccc(Br)cc1', 'CC(C)(C)OC(=O)Nc1ccc(Br)cn1', 'Brc1cnc2[nH]ncc2c1', 'Cn1ccc(-c2cccc(Br)c2)n1']"
