,obj_values ['yield'],Vendi_score,eval_samples,cut_samples
0,"[34.1, 0.6, 9.6]",1.6549882956032922,"['CC(C)(C)OC(=O)NCc1cccc(Br)n1', 'Oc1cnc2cc(Br)ccc2n1', 'O=C1CCc2cccc(Br)c2N1']",[]
1,"[75.2, 0.0, 0.3]",1.9486572548334797,"['CNC(=O)c1ccnc(Br)c1', 'FC(F)(F)c1cnc2nc(Br)ccc2c1', 'COc1ccc(COc2cccc(Br)n2)cc1']","['Fc1cc(Br)ccc1-c1ccccc1', 'Brc1ccc2c(c1)oc1ccccc12', 'Brc1cccc2cnccc12', 'O=C1CCCc2ccc(Br)cc2N1', 'Brc1cccc2[nH]ncc12', 'COc1ccc2cc(Br)ccc2n1', 'Oc1ccnc2ccc(Br)cc12', 'COc1ccc2cc(Br)cnc2n1', 'Brc1ccc2oc3ccccc3c2c1', 'Brc1cccc(-c2nnc(C3CC3)o2)c1', 'O=C1CC(c2ccc(Br)cc2)N1', 'Brc1ccc(-c2ncco2)cc1', 'O=C1CCCN1c1ccc(Br)cc1F']"
2,"[0.3, 85.7, 55.5]",1.936823484220476,"['Oc1ccnc(Br)c1', 'Cc1ccnc(Br)c1', 'Cc1ccc(Br)nc1']","['Brc1cccc(-n2ccnc2)c1', 'O=C1c2ccc(Br)cc2CN1C1CC1', 'FC(F)(F)c1ccc2cc(Br)ncc2n1', 'COc1ccc2nc(Br)ccc2n1', 'Brc1ccc2ccncc2n1', 'COc1cc2ccc(Br)nc2cn1', 'Brc1cn2ccnc2cn1', 'CNC(=O)c1cccc(Br)c1', 'Brc1cnc2ccccc2n1', 'Cc1ccc2ccc(Br)nc2n1', 'COc1ncc2cc(Br)ccc2n1', 'Brc1ccc2ncccc2n1']"
3,"[43.5, 20.4, 0.0]",2.077430999419403,"['Brc1ccc2[nH]ccc2n1', 'Brc1ncccn1', 'Brc1nncc2ccccc12']","['Brc1ccn2nccc2n1', 'Nc1cc(Br)ncn1', 'COc1ncc(Br)nc1OC', 'Nc1nccc(Br)n1', 'Brc1ccc2cccnc2n1', 'Oc1cccc(Br)n1', 'Brc1ncnc2ccccc12', 'Oc1ccc(Br)nc1', 'Brc1cccc(-c2cc[nH]n2)c1', 'COc1cccnc1Br', 'COc1ccc2cc(Br)ncc2n1', 'Cc1cncc(Br)n1']"
4,"[0.0, 0.0, 49.8]",2.4885844881244186,"['Brc1cccc(N2CCCC2)c1', 'Brc1ncn[nH]1', 'COc1cccc(Br)c1']","['Fc1ccc(Br)nc1', 'O=C1NCc2cc(Br)ccc21', 'CCC(=O)c1ccc(Br)cc1O', 'O=C1CCc2ccc(Br)cc2N1', 'Brc1ccc2nn[nH]c2c1', 'Cn1ccc(-c2cccc(Br)c2)n1', 'Cn1cnc2ccc(Br)cc21', 'N#CC1(c2ccc(Br)cc2)CC1', 'Brc1cccc(-n2cncn2)c1', 'CC(=O)Cc1cccc(Br)c1', 'CC(=O)c1cccc(Br)c1']"
5,"[72.1, 85.9, 12.1]",2.492765194963264,"['Cc1ccc(Br)cc1', 'Cc1cc(Br)ccn1', 'Oc1cccc(Br)c1']","['C#Cc1ccc(Br)cc1', 'CC(=O)Nc1ccc(Br)cc1', 'FCCOc1cncc(Br)c1', 'COc1cc(Br)cc(OC)c1', 'Nc1nc2ccc(Br)cc2o1', 'Nc1nc2cc(Br)ccc2o1', 'NCCc1ccc(Br)cc1', 'Brc1ccc(C2CCCN2)cc1', 'OC1Cc2ccc(Br)cc2C1', 'O=C1COc2cc(Br)ccc2N1']"
6,"[69.7, 75.3, 60.9]",2.4822975202026862,"['CC(C)(CO)c1cc(Br)ccn1', 'Brc1cccnc1', 'Brc1cncnc1']","['NC1(c2ccc(Br)cc2)CC1', 'N#CCCc1ccc(Br)cc1', 'Brc1ccc(C2OCCO2)cc1', 'Cc1ccc(Br)cn1', 'Cc1n[nH]c2cc(Br)ccc12', 'Cc1cncc(Br)c1', 'Cc1cc(Br)cnc1C', 'CC(C)(C)c1cccc(Br)c1', 'OCC(O)c1cccc(Br)c1', 'CC(O)c1ccc(Br)cc1']"
7,"[0.3, 9.0, 28.4]",2.4628123010245777,"['Brc1ccc2cncnc2c1', 'Brc1cnc2ncccc2c1', 'Brc1ccc(-n2cnnc2)nc1']","['Brc1ccc2cnccc2c1', 'O=C1CCc2ncc(Br)cc2N1', 'CC(C)(C#N)c1ccc(Br)cn1', 'Brc1cnc2[nH]ccc2c1', 'CC(C)c1ccc(Br)cc1', 'Nc1cc(Br)ccn1', 'CC(C)(CO)c1ccc(Br)cn1', 'OCc1ccc(Br)cc1', 'CC(C)(N)c1ccc(Br)cc1']"
8,"[17.2, 47.7, 41.5]",2.4436126484075484,"['FC(F)(F)c1ncc(Br)cn1', 'FC(F)(F)c1cncc(Br)c1', 'Brc1cccc(Cn2cccn2)c1']","['O=c1cc(O)c2ccc(Br)cc2o1', 'Brc1ccc(-c2nnc[nH]2)cc1', 'Brc1cnc2cccnc2c1', 'O=C(c1ccc(Br)cc1)N1CCOCC1', 'Brc1ccc2ncncc2c1', 'Cn1nnc(-c2ccc(Br)cn2)n1', 'Brc1cnc2ncoc2c1', 'CC(=O)CC(=O)c1ccc(Br)cc1']"
