,obj_values ['yield'],Vendi_score,eval_samples,cut_samples
0,"[37.2, 24.7, 68.5]",1.2380829854799469,"['Oc1ncnc2ccc(Br)cc12', 'Brc1cccc(-c2nnc(C3CC3)o2)c1', 'O=C(c1ccc(Br)cc1)N1CCOCC1']",[]
1,"[0.0, 48.1, 50.4]",1.334704851212649,"['FC(F)(F)Sc1ccc(Br)cc1', 'O=C1c2ccc(Br)cc2CN1C1CC1', 'Brc1ccc(-c2nnc[nH]2)cc1']","['Cn1nnc(-c2ccc(Br)cn2)n1', 'Fc1cc(Br)ccc1-c1ccccc1', 'Cc1cn[nH]c1-c1ccc(Br)cc1', 'C[Si](C)(C)C#Cc1cccc(Br)c1', 'O=C1CCCc2ccc(Br)cc2N1', 'Oc1ccnc2ccc(Br)cc12', 'Brc1cccc(-n2cncn2)c1', 'O=C1CCCN1c1ccc(Br)cc1F', 'COc1ncc2cc(Br)ccc2n1', 'Brc1ccc2oc3ccccc3c2c1', 'Brc1ccc2c(c1)oc1ccccc12', 'O=C1CCc2ncc(Br)cc2N1', 'COc1ccc2cc(Br)ccc2n1']"
2,"[20.4, 50.2, 4.0]",1.3515521967904813,"['Brc1ccc(-c2nc3ccccc3[nH]2)cc1', 'O=C1COc2cc(Br)ccc2N1', 'Brc1ccc(-c2cccs2)cc1']","['O=C1CC(c2cccc(Br)c2)CC(=O)N1', 'CC(C)Sc1ccc(Br)cc1', 'Brc1cccc(-n2ccnc2)c1', 'CC(=O)CC(=O)c1ccc(Br)cc1', 'CC(=O)c1ccc(Oc2cccc(Br)c2)cc1', 'O=c1cc(O)c2ccc(Br)cc2o1', 'CC(C)NC(=O)c1ccc(Br)cn1', 'O=C1CCc2ccc(Br)cc2N1', 'O=C1NCc2cc(Br)ccc21', 'FCCOc1cncc(Br)c1', 'Brc1ccc(-c2ncco2)cc1', 'CNC(=O)c1cccc(Br)c1']"
3,"[0.0, 16.8, 0.0]",1.412378752020407,"['C#Cc1ccc(Br)cc1', 'COc1cc(Br)cc(OC)c1', 'Brc1ccc2nn[nH]c2c1']","['COc1ccc2cc(Br)cnc2n1', 'Brc1ccc(-c2nc3cnccc3[nH]2)cc1', 'O=C1CC(c2ccc(Br)cc2)N1', 'CC(C)(CO)c1ccc(Br)cn1', 'CC(=O)Cc1cccc(Br)c1', 'O=C1Nc2ccc(Br)cc2C12OCCO2', 'CCC(=O)c1ccc(Br)cc1O', 'CC1(C)C(=O)Nc2ccc(Br)cc21', 'CC(=O)/C=C/c1ccc(Br)cc1', 'CC1(C)OB(c2ccc(Br)cc2)OC1(C)C', 'Brc1ccc2cnccc2c1', 'Cn1ccc(-c2cccc(Br)c2)n1']"
4,"[11.4, 27.9, 29.7]",1.5583517680345347,"['CC(C)(C)OC(=O)Nc1ccc(Br)cn1', 'CCCc1cc(NC(=O)OC(C)(C)C)c2cc(Br)ccc2n1', 'O=S(=O)(Cc1ccc(Br)cc1)N1CCCC1']","['O=C1CCC(c2cccc(Br)c2)CN1', 'Cc1n[nH]c2cc(Br)ccc12', 'Brc1cccc(-c2cc[nH]n2)c1', 'N#CC1(c2ccc(Br)cc2)CC1', 'OCC(O)c1cccc(Br)c1', 'Brc1cccc2[nH]ncc12', 'Cn1cnc2ccc(Br)cc21', 'Brc1ccc([C@@H]2CNCCO2)cc1', 'CC(C)(C#N)c1ccc(Br)cn1', 'CC(=O)c1cccc(Br)c1', 'COc1cccc(Br)c1']"
5,"[9.2, 0.3, 0.0]",1.6041452906738165,"['Brc1ccc2ncncc2c1', 'Brc1ccc2cnnn2c1', 'O=C(c1cccc(Br)c1)C(F)(F)F']","['CC(C)(C)Oc1ccc(Br)cc1', 'NCCc1ccc(Br)cc1', 'N#CCCc1ccc(Br)cc1', 'Brc1cccc(Cn2cccn2)c1', 'O=C1CN(Cc2cccc(Br)c2)C(=O)N1', 'OC1Cc2ccc(Br)cc2C1', 'NC1(c2ccc(Br)cc2)CC1', 'Brc1ccc(C2CCCN2)cc1', 'Brc1ccc(C2OCCO2)cc1', 'O=C1CCC(Oc2cccc(Br)c2)CC1']"
6,"[0.0, 0.0, 0.0]",1.742313291816708,"['CC(C)(C)OC(=O)N1CCN(Cc2ccc(Br)cc2)CC1', 'Brc1ccc(CN2CCOCC2)cc1', 'Brc1ccc(CN2CCNCC2)cc1']","['Brc1cnc2ncccc2c1', 'Brc1cnc2[nH]ccc2c1', 'O=C(c1cccc(Br)c1)c1ccccn1', 'Oc1cnc2cc(Br)ccc2n1', 'FC(F)C(F)(F)Oc1cccc(Br)c1', 'Brc1cnc2cccnc2c1', 'Nc1cnc(-c2cccc(Br)c2)nc1', 'Brc1ccc2cncnc2c1', 'Brc1cnc2ncoc2c1', 'Oc1nccc2cc(Br)cnc12']"
7,"[21.9, 13.6, 27.8]",1.7773196960884403,"['CC(C)(C)OC(=O)NC1(c2ccc(Br)cc2)CC(=O)C1', 'Cc1cc(Br)cc(Nc2nccc(C3CC3)n2)c1', 'C[C@@H](NC(=O)OC(C)(C)C)c1ccc(Br)cc1']","['Brc1ccc(-c2nnc(-c3ccccc3)o2)cc1', 'Cc1cc(Br)cnc1C', 'O=C(NCc1ccccc1)c1ccc(Br)cn1', 'Nc1nc2cc(Br)ccc2o1', 'CN(C)S(=O)(=O)c1ccc(Br)cc1', 'CC(=O)Nc1ccc(Br)cc1', 'CCOP(=O)(Cc1ccc(Br)cn1)OCC', 'CC(C)(CO)c1cc(Br)ccn1', 'CC(=O)N1CCc2cc(Br)ccc21']"
8,"[41.9, 66.6, 28.5]",1.8171204612040948,"['CS(=O)(=O)c1ccc(Br)cc1', 'COc1ccc(Cn2cnc3cc(Br)ccc32)cc1', 'CC(C)(C)OC(=O)N1CCCCC1c1ccc(Br)cc1']","['COc1ccc2nccc(Br)c2c1', 'CC(C)c1ccc(Br)cc1', 'CC(O)c1ccc(Br)cc1', 'CC(C)(C)c1cccc(Br)c1', 'CC(C)(C)OC(=O)N1CCOc2ccc(Br)cc2C1', 'O=C1CCCCC1Oc1ccc(Br)cc1', 'NS(=O)(=O)Cc1cccc(Br)c1', 'FC(F)(F)c1ccnc(Nc2cccc(Br)c2)n1']"
