,obj_values ['yield'],Vendi_score,eval_samples,cut_samples
0,"[0.3, 13.1, 43.9]",1.5825091834652985,"['Brc1ccc(-c2ccn[nH]2)s1', 'Nc1nc2ccc(Br)cc2o1', 'O=C1CN(Cc2cccc(Br)c2)C(=O)N1']",[]
1,"[27.8, 0.0, 29.7]",1.6024408422276315,"['C[C@@H](NC(=O)OC(C)(C)C)c1ccc(Br)cc1', 'C[Si](C)(C)C#Cc1cccc(Br)c1', 'O=S(=O)(Cc1ccc(Br)cc1)N1CCCC1']","['Cn1cnc2ccc(Br)cc21', 'Fc1cc(Br)ccc1-c1ccccc1', 'CC(C)(C)Oc1ccc(Br)cc1', 'O=C1CCCc2ccc(Br)cc2N1', 'O=C1COc2cc(Br)ccc2N1', 'Brc1cccc(Cn2cccn2)c1', 'O=C1CCC(c2cccc(Br)c2)CN1', 'O=C1CC(c2ccc(Br)cc2)N1', 'O=C1CCCN1c1ccc(Br)cc1F', 'Brc1ccc(C2OCCO2)cc1', 'Brc1ccc([C@@H]2CNCCO2)cc1', 'Brc1ccc2oc3ccccc3c2c1', 'CC1(C)C(=O)Nc2ccc(Br)cc21']"
2,"[28.5, 0.0, 67.2]",1.6345006436458287,"['CC(C)(C)OC(=O)N1CCCCC1c1ccc(Br)cc1', 'FC(F)C(F)(F)Oc1cccc(Br)c1', 'CC(C)(C)c1cccc(Br)c1']","['Brc1ccc(C2CCCN2)cc1', 'Brc1cccc(-c2nnc(C3CC3)o2)c1', 'OC1Cc2ccc(Br)cc2C1', 'O=C1Nc2ccc(Br)cc2C12OCCO2', 'Brc1cccc(-c2cc[nH]n2)c1', 'NS(=O)(=O)Cc1cccc(Br)c1', 'OCC(O)c1cccc(Br)c1', 'Cn1ccc(-c2cccc(Br)c2)n1', 'CC(C)(C)OC(=O)Nc1ccc(Br)cn1', 'CCOP(=O)(Cc1ccc(Br)cn1)OCC', 'CC(C)(CO)c1ccc(Br)cn1', 'CC1(C)OB(c2ccc(Br)cc2)OC1(C)C']"
3,"[24.4, 72.1, 34.1]",1.6632004883832154,"['OCc1ccc(Br)cc1', 'Cc1ccc(Br)cc1', 'Cc1cc(Br)cnc1C']","['CC(O)c1ccc(Br)cc1', 'NC1(c2ccc(Br)cc2)CC1', 'Brc1cccc(-n2cncn2)c1', 'O=C1CCc2ccc(Br)cc2N1', 'O=C1CC(c2cccc(Br)c2)CC(=O)N1', 'N#CCCc1ccc(Br)cc1', 'NCCc1ccc(Br)cc1', 'O=C1CCc2ncc(Br)cc2N1', 'CC(C)(N)c1ccc(Br)cc1', 'CC(C)c1ccc(Br)cc1', 'CC(=O)N1CCc2cc(Br)ccc21', 'CC(C)(C)OC(=O)N1CCOc2ccc(Br)cc2C1']"
4,"[16.8, 36.8, 12.1]",1.6673624828124896,"['COc1cc(Br)cc(OC)c1', 'Oc1ccc(Br)cc1', 'Oc1cccc(Br)c1']","['Oc1ccnc2ccc(Br)cc12', 'Cc1cn[nH]c1-c1ccc(Br)cc1', 'COc1ccc2cc(Br)ccc2n1', 'COc1cccc(Br)c1', 'Nc1nc2cc(Br)ccc2o1', 'N#CC1(c2ccc(Br)cc2)CC1', 'CC(=O)Nc1ccc(Br)cc1', 'CC(C)(C#N)c1ccc(Br)cn1', 'Brc1ccc2c(c1)oc1ccccc12', 'CC(=O)Cc1cccc(Br)c1', 'FCCOc1cncc(Br)c1']"
5,"[25.7, 28.3, 27.0]",1.7671816554643849,"['OC(c1ccc(Br)cn1)C(F)(F)F', 'Fc1ccccc1Br', 'N#Cc1cccc(Br)c1']","['Brc1cccc2[nH]ncc12', 'Brc1cnc2[nH]ccc2c1', 'OC1CCOc2c(Br)cccc21', 'O=C(c1ccc(Br)cc1)N1CCOCC1', 'Cc1cncc(Br)c1', 'C#Cc1ccc(Br)cc1', 'Cc1ccc(Br)cn1', 'Brc1cccc(-n2ccnc2)c1', 'Brc1ccc(-c2ncco2)cc1', 'CNC(=O)c1cccc(Br)c1']"
6,"[15.5, 75.3, 0.3]",1.9595399033576777,"['Cn1cc(Br)nn1', 'Brc1cccnc1', 'Oc1ccnc(Br)c1']","['Brc1ccc2nn[nH]c2c1', 'Brc1cnc2cc[nH]c2c1', 'Brc1cccc2ccoc12', 'Fc1ccc(Br)cc1', 'C=CCc1ccc(Br)c(F)c1', 'OCc1ccc(Br)c(F)c1', 'Brc1ccc2ncnn2c1', 'Brc1ccc2[nH]cnc2c1', 'Cn1cnc2cc(Br)ccc21', 'Cn1nnc(-c2ccc(Br)cn2)n1']"
7,"[85.9, 17.7, 16.2]",2.0230410863404646,"['Cc1cc(Br)ccn1', 'Nc1ncncc1Br', 'Oc1ccccc1Br']","['O=C1NCc2cc(Br)ccc21', 'CS(=O)(=O)c1ccc(Br)cc1', 'Oc1ncnc2ccc(Br)cc12', 'COc1ccccc1Br', 'Brc1cnc2ncoc2c1', 'Cc1n[nH]c2cc(Br)ccc12', 'Brc1cnc2[nH]ncc2c1', 'Oc1ccc(Br)cn1', 'COc1ccc2cc(Br)cnc2n1']"
8,"[0.0, 60.9, 0.0]",2.0561550427137734,"['O=S(=O)(O)c1cncc(Br)c1', 'Brc1cncnc1', 'FC(F)(F)Sc1ccc(Br)cc1']","['FC(F)(F)c1cncc(Br)c1', 'Brc1cccc2[nH]cnc12', 'O=C1CCc2cccc(Br)c2N1', 'CC(=O)c1cccc(Br)c1', 'Brc1ccc(-c2cccs2)cc1', 'Brc1cncc2[nH]ccc12', 'CC(C)(CO)c1cc(Br)ccn1', 'O=C1c2ccc(Br)cc2CN1C1CC1']"
