,obj_values ['yield'],Vendi_score,eval_samples,cut_samples
0,"[43.9, 7.6, 81.1]",1.6657927397848038,"['O=C1CN(Cc2cccc(Br)c2)C(=O)N1', 'Cn1cnc2ccc(Br)cc21', 'Brc1cnc2ncccn12']",[]
1,"[0.6, 0.3, 30.6]",1.8802536447174816,"['Nc1ncnn2c(Br)ccc12', 'CCc1cccn2c(Br)cnc12', 'N#Cc1cc(Br)cs1']","['Brc1cccc(-c2cc[nH]n2)c1', 'Brc1cccc(Cn2cccn2)c1', 'O=C1CCC(c2cccc(Br)c2)CN1', 'OCC(O)c1cccc(Br)c1', 'O=C1CCCN1c1ccc(Br)cc1F', 'CC(C)(C)Oc1ccc(Br)cc1', 'CC(=O)Nc1ccc(Br)cc1', 'Brc1ccc([C@@H]2CNCCO2)cc1', 'N#CCCc1ccc(Br)cc1', 'Brc1ccc(C2OCCO2)cc1', 'O=C1CC(c2ccc(Br)cc2)N1', 'O=C1CCCc2ccc(Br)cc2N1', 'OC1Cc2ccc(Br)cc2C1']"
2,"[0.0, 15.7, 17.2]",2.1263746389271962,"['Fc1ncc(Br)c(F)n1', 'Brc1cnc2nncn2c1', 'FC(F)(F)c1ncc(Br)cn1']","['Brc1cnc2[nH]ccc2c1', 'Brc1csc2cnccc12', 'COc1ccc2cc(Br)cnc2n1', 'C=CCc1ccc(Br)c(F)c1', 'COc1ccc2[nH]cc(Br)c2n1', 'Brc1ccc2ncnn2c1', 'Brc1cccc2ccoc12', 'Brc1cc2ncccc2[nH]1', 'Brc1cccc2[nH]cnc12', 'Brc1cnc2cc[nH]c2c1', 'N#CC1(c2ccc(Br)cc2)CC1', 'Brc1cccc(-n2cncn2)c1']"
3,"[5.0, 16.8, 17.3]",2.4950265959331857,"['FC(F)(F)c1ccc2cc(Br)ncc2n1', 'FC(F)(F)c1ccnc(Nc2cccc(Br)c2)n1', 'COc1ccc2cc(Br)ncc2n1']","['Brc1cnc2ncoc2c1', 'CSc1ncc(Br)cn1', 'CC(=O)c1cc(Br)cs1', 'FC(F)(F)c1nc2ccc(Br)cn2n1', 'Brc1cnc2nccn2c1', 'OC(c1ccc(Br)cn1)C(F)(F)F', 'FC(F)(F)c1cc(Br)c2nc[nH]c2c1', 'CC(C)(C#N)c1ccc(Br)cn1', 'OCc1ccc(Br)c(F)c1', 'FC(F)(F)c1cncc(Br)c1', 'Brc1ccc2cnnn2c1', 'Brc1cccc2cncnc12']"
4,"[0.0, 27.0, 0.3]",2.59044010389998,"['O=C(Nc1ccc(Br)c(F)c1)c1ccccn1', 'N#Cc1cccc(Br)c1', 'Brc1cnn2ccccc12']","['FCCOc1cncc(Br)c1', 'FC(F)(F)c1cc2ccc(Br)cc2cn1', 'N#Cc1cc2cc(Br)ccc2s1', 'Brc1cnc2ncccc2c1', 'Oc1ccnc2ccc(Br)cc12', 'Brc1cccc(-c2nnc(C3CC3)o2)c1', 'Brc1ccc2oc3ccccc3c2c1', 'Brc1cccc(-c2nnn[nH]2)c1', 'Brc1cnc(Oc2cccnc2)nc1', 'O=c1cc(O)c2ccc(Br)cc2o1', 'Brc1ccc2nn[nH]c2c1']"
5,"[63.4, 28.9, 0.3]",2.682228241960564,"['Fc1ccc(Br)nc1', 'Oc1ccc(Br)nc1', 'Oc1ccnc(Br)c1']","['Oc1cnc2cc(Br)ccc2n1', 'O=C1CCc2ncc(Br)cc2N1', 'Brc1cccc2[nH]ncc12', 'Cn1nnc(-c2ccc(Br)cn2)n1', 'Oc1nccc2cc(Br)cnc12', 'Brc1ccn2nnnc2c1', 'Brc1cncc2ccccc12', 'Fc1cc(Br)ccc1-c1ccccc1', 'O=S(=O)(O)c1cncc(Br)c1', 'CS(=O)(=O)c1ccc(Br)cc1']"
6,"[20.4, 43.5, 11.3]",2.796570018302549,"['Brc1ncccn1', 'Brc1ccc2[nH]ccc2n1', 'Cc1cncc(Br)n1']","['NS(=O)(=O)Cc1cccc(Br)c1', 'CNC(=O)c1cccc(Br)c1', 'Brc1ccc(-c2ncco2)cc1', 'Oc1ncnc2ccc(Br)cc12', 'Brc1ccc2[nH]cnc2c1', 'COc1ccc2cc(Br)ccc2n1', 'Brc1cnc2[nH]ncc2c1', 'Cn1ccc(-c2cccc(Br)c2)n1', 'Brc1cn2ccnc2cn1', 'Brc1cccc2cnccc12']"
7,"[22.5, 66.7, 53.3]",2.7613208579686557,"['Oc1ccc(Br)cn1', 'Fc1ccc(Br)cc1', 'COc1ccc2nc(Br)ccc2n1']","['COc1cccnc1Br', 'Cc1ccc(Br)cn1', 'Oc1cccc(Br)n1', 'Nc1nc2ccc(Br)cc2o1', 'Cc1ccc(Br)nc1', 'CC(=O)c1cccc(Br)c1', 'COc1ncc(Br)nc1OC', 'C#Cc1ccc(Br)cc1', 'Cn1cnc2cc(Br)ccc21']"
8,"[0.0, 24.4, 72.1]",2.6893540837510486,"['CC(C)(N)c1ccc(Br)cc1', 'OCc1ccc(Br)cc1', 'Cc1ccc(Br)cc1']","['CC1(C)C(=O)Nc2ccc(Br)cc21', 'CC(O)c1ccc(Br)cc1', 'O=C1CCc2ccc(Br)cc2N1', 'O=C1COc2cc(Br)ccc2N1', 'Oc1ccc(Br)cc1', 'Cc1cc(Br)cnc1C', 'Cc1cncc(Br)c1', 'NCCc1ccc(Br)cc1']"
