,obj_values ['yield'],Vendi_score,eval_samples,cut_samples
0,"[0.6, 0.3, 24.7]",1.6824390728936416,"['Nc1ncnn2c(Br)ccc12', 'Brc1cnc2ncoc2c1', 'Brc1cccc(-c2nnc(C3CC3)o2)c1']",[]
1,"[1.5, 13.6, 19.0]",1.7725595869949302,"['Brc1ccc(-c2nnc(-c3ccccc3)o2)cc1', 'Cc1cc(Br)cc(Nc2nccc(C3CC3)n2)c1', 'CC(=O)c1ccc(Oc2cccc(Br)c2)cc1']","['Brc1ccc2ncnn2c1', 'Cn1nnc(-c2ccc(Br)cn2)n1', 'Brc1ccc2oc3ccccc3c2c1', 'Brc1cnc2ncccc2c1', 'Brc1cccc2cncnc12', 'Brc1ccc2nn[nH]c2c1', 'Oc1ccnc2ccc(Br)cc12', 'COc1ccc2cc(Br)cnc2n1', 'O=C1CCc2ncc(Br)cc2N1', 'Brc1cccc(-n2cncn2)c1', 'CC(C)(C#N)c1ccc(Br)cn1', 'FCCOc1cncc(Br)c1', 'Brc1ccc2cnnn2c1']"
2,"[21.9, 18.6, 28.5]",1.8185147342729644,"['CC(C)(C)OC(=O)NC1(c2ccc(Br)cc2)CC(=O)C1', 'CC(C)(C)OC(=O)N1CCOc2ccc(Br)cc2C1', 'CC(C)(C)OC(=O)N1CCCCC1c1ccc(Br)cc1']","['O=c1cc(O)c2ccc(Br)cc2o1', 'O=C(c1cccc(Br)c1)c1ccccn1', 'Brc1ccc(-c2nc3ccccc3[nH]2)cc1', 'Brc1ccc2c(c1)oc1ccccc12', 'O=C1CCCc2ccc(Br)cc2N1', 'O=C1c2ccc(Br)cc2CN1C1CC1', 'Brc1ccc(-c2nc3cnccc3[nH]2)cc1', 'O=C(c1ccc(Br)cc1)N1CCOCC1', 'O=C1CC(c2cccc(Br)c2)CC(=O)N1', 'O=C1CCCN1c1ccc(Br)cc1F', 'C[Si](C)(C)C#Cc1cccc(Br)c1', 'Fc1cc(Br)ccc1-c1ccccc1']"
3,"[0.0, 59.0, 41.5]",1.871584991547936,"['CC(C)(C)OC(=O)N1CCC(Nc2ccc(Br)cc2)CC1', 'NS(=O)(=O)Cc1cccc(Br)c1', 'Brc1cccc(Cn2cccn2)c1']","['CCOP(=O)(Cc1ccc(Br)cn1)OCC', 'C[C@@H](NC(=O)OC(C)(C)C)c1ccc(Br)cc1', 'O=C1CCC(Oc2cccc(Br)c2)CC1', 'O=C(NCc1ccccc1)c1ccc(Br)cn1', 'O=S(=O)(Cc1ccc(Br)cc1)N1CCCC1', 'CC(C)(C)OC(=O)Nc1ccc(Br)cn1', 'CC1(C)OB(c2ccc(Br)cc2)OC1(C)C', 'O=C1CN(Cc2cccc(Br)c2)C(=O)N1', 'O=C1CCCCC1Oc1ccc(Br)cc1', 'COc1ccc(Cn2cnc3cc(Br)ccc32)cc1', 'O=C1CCC(c2cccc(Br)c2)CN1', 'Cn1ccc(-c2cccc(Br)c2)n1']"
4,"[28.9, 43.5, 41.9]",2.094559162603496,"['Oc1ccc(Br)nc1', 'Brc1ccc2[nH]ccc2n1', 'CS(=O)(=O)c1ccc(Br)cc1']","['CC(C)(C)Oc1ccc(Br)cc1', 'N#CCCc1ccc(Br)cc1', 'Brc1ccc(C2OCCO2)cc1', 'N#CC1(c2ccc(Br)cc2)CC1', 'Nc1cnc(-c2cccc(Br)c2)nc1', 'Brc1cccc(-c2cc[nH]n2)c1', 'Brc1ccc(C2CCCN2)cc1', 'CC(=O)N1CCc2cc(Br)ccc21', 'O=C1CC(c2ccc(Br)cc2)N1', 'Brc1ccc([C@@H]2CNCCO2)cc1', 'CC(C)(CO)c1ccc(Br)cn1']"
5,"[0.3, 0.0, 47.7]",2.1437521566325306,"['Oc1ccnc(Br)c1', 'FC(F)C(F)(F)Oc1cccc(Br)c1', 'O=S(=O)(CCO)c1ccc(Br)cc1']","['Cn1cnc2ccc(Br)cc21', 'COc1ccc2cc(Br)ccc2n1', 'CNC(=O)c1cccc(Br)c1', 'CC1(C)C(=O)Nc2ccc(Br)cc21', 'CC(C)NC(=O)c1ccc(Br)cn1', 'Nc1nc2cc(Br)ccc2o1', 'OC1Cc2ccc(Br)cc2C1', 'O=C1CCc2ccc(Br)cc2N1', 'FC(F)(F)c1cc2ccc(Br)cc2cn1', 'CC(=O)Nc1ccc(Br)cc1']"
6,"[67.8, 15.4, 25.7]",2.150107492004427,"['Cn1cnc2cc(Br)ccc21', 'FC(F)(F)c1nc2ccc(Br)cn2n1', 'OC(c1ccc(Br)cn1)C(F)(F)F']","['Brc1ccc(-c2ncco2)cc1', 'Brc1ccc(-c2cccs2)cc1', 'CC(C)c1ccc(Br)cc1', 'O=C1Nc2ccc(Br)cc2C12OCCO2', 'Cc1cn[nH]c1-c1ccc(Br)cc1', 'NCCc1ccc(Br)cc1', 'OCC(O)c1cccc(Br)c1', 'CC(C)(C)c1cccc(Br)c1', 'O=C1COc2cc(Br)ccc2N1', 'N#Cc1cc2cc(Br)ccc2s1']"
7,"[0.0, 0.0, 28.3]",2.20402041204522,"['Brc1cccc(N2CCCC2)c1', 'CN1CCOc2cc(Br)ccc21', 'Brc1cccc2[nH]cnc12']","['CC(=O)Cc1cccc(Br)c1', 'FC(F)(F)c1cc(Br)c2nc[nH]c2c1', 'Brc1cccc(-c2nnn[nH]2)c1', 'Brc1ccc2[nH]cnc2c1', 'O=C1NCc2cc(Br)ccc21', 'Brc1cnc2[nH]ccc2c1', 'NC1(c2ccc(Br)cc2)CC1', 'Brc1cccc(-n2ccnc2)c1', 'Nc1nc2ccc(Br)cc2o1']"
8,"[27.0, 0.0, 0.0]",2.255870899396377,"['N#Cc1cccc(Br)c1', 'Brc1ccccc1-c1nnn[nH]1', 'O=S(=O)(Nc1ccccc1Br)C(F)(F)F']","['COc1cc(Br)cc(OC)c1', 'Brc1cccc2[nH]ncc12', 'CC(C)Sc1ccc(Br)cc1', 'COc1cccc(Br)c1', 'Brc1ccc(-c2nnc[nH]2)cc1', 'CC(O)c1ccc(Br)cc1', 'Brc1cncc2[nH]ccc12', 'Brc1cnc2cc[nH]c2c1']"
