,obj_values ['yield'],Vendi_score,eval_samples,cut_samples
0,"[0.0, 30.3, 0.3]",1.630390132053595,"['CC(C)(C)OC(=O)N1CCC(Nc2ccc(Br)cc2)CC1', 'Cn1nnc(-c2ccc(Br)cn2)n1', 'Brc1ccc2cncnc2c1']",[]
1,"[43.8, 80.4, 9.0]",1.5181779762506984,"['CC(C)(C#N)c1ccc(Br)cn1', 'CC(C)(CO)c1ccc(Br)cn1', 'Brc1cnc2ncccc2c1']","['O=C1CCc2ncc(Br)cc2N1', 'Brc1cnc2cccnc2c1', 'O=C1c2ccc(Br)cc2CN1C1CC1', 'O=C1CCCc2ccc(Br)cc2N1', 'O=C(c1ccc(Br)cc1)N1CCOCC1', 'O=C1CC(c2cccc(Br)c2)CC(=O)N1', 'CC(=O)/C=C/c1ccc(Br)cc1', 'CC(=O)CC(=O)c1ccc(Br)cc1', 'CC(=O)c1ccc(Oc2cccc(Br)c2)cc1', 'O=C1CCCN1c1ccc(Br)cc1F', 'COc1ncc2cc(Br)ccc2n1', 'Fc1cc(Br)ccc1-c1ccccc1', 'Brc1ccc2c(c1)oc1ccccc12']"
2,"[34.1, 60.9, 77.6]",1.5297663633607206,"['Cc1cc(Br)cnc1C', 'Brc1cncnc1', 'Cc1ccc(Br)cn1']","['Cc1cn[nH]c1-c1ccc(Br)cc1', 'O=C1CCc2ccc(Br)cc2N1', 'O=c1cc(O)c2ccc(Br)cc2o1', 'Brc1ccc2ncncc2c1', 'Oc1nccc2cc(Br)cnc12', 'Brc1cnc2ncoc2c1', 'CC(C)NC(=O)c1ccc(Br)cn1', 'O=C1NCc2cc(Br)ccc21', 'CC(=O)c1cccc(Br)c1', 'FCCOc1cncc(Br)c1', 'Brc1ccc2oc3ccccc3c2c1', 'CNC(=O)c1cccc(Br)c1']"
3,"[22.5, 66.7, 0.3]",1.586742292292107,"['Oc1ccc(Br)cn1', 'Fc1ccc(Br)cc1', 'Oc1ncc(Br)cn1']","['Brc1ccc2cnccc2c1', 'O=C1COc2cc(Br)ccc2N1', 'Brc1cccc(-n2cncn2)c1', 'Oc1ccnc2ccc(Br)cc12', 'O=C1CC(c2ccc(Br)cc2)N1', 'Brc1cccnc1', 'FC(F)(F)c1cncc(Br)c1', 'Brc1ccc(-c2ncco2)cc1', 'Cc1cncc(Br)c1', 'C#Cc1ccc(Br)cc1', 'CC(=O)Cc1cccc(Br)c1', 'Brc1cccc(-n2ccnc2)c1']"
4,"[67.2, 24.4, 85.9]",1.5980200663699613,"['CC(C)(C)c1cccc(Br)c1', 'OCc1ccc(Br)cc1', 'Cc1cc(Br)ccn1']","['Brc1cccc2[nH]ncc12', 'CC(O)c1ccc(Br)cc1', 'Brc1ccc2ncnn2c1', 'Brc1ccc2nn[nH]c2c1', 'NCCc1ccc(Br)cc1', 'COc1ccc2cc(Br)cnc2n1', 'CC1(C)C(=O)Nc2ccc(Br)cc21', 'N#CCCc1ccc(Br)cc1', 'OCC(O)c1cccc(Br)c1', 'Brc1cnc2[nH]ccc2c1', 'Brc1cnc2[nH]ncc2c1']"
5,"[41.5, 0.0, 69.7]",1.603906551580327,"['Brc1cccc(Cn2cccn2)c1', 'FC(F)C(F)(F)Oc1cccc(Br)c1', 'CC(C)(CO)c1cc(Br)ccn1']","['CC(C)c1ccc(Br)cc1', 'Cc1ccc(Br)cc1', 'COc1cccc(Br)c1', 'OC1Cc2ccc(Br)cc2C1', 'N#CC1(c2ccc(Br)cc2)CC1', 'NC1(c2ccc(Br)cc2)CC1', 'Brc1ccc(C2OCCO2)cc1', 'CC(C)(C)Oc1ccc(Br)cc1', 'CC(C)(N)c1ccc(Br)cc1', 'Brc1ccc([C@@H]2CNCCO2)cc1']"
6,"[28.3, 0.0, 0.0]",1.9384085472085042,"['Fc1ccccc1Br', 'OCc1coc(Br)n1', 'Brc1ccc(CN2CCOCC2)cc1']","['O=C1CCC(c2cccc(Br)c2)CN1', 'O=C1CN(Cc2cccc(Br)c2)C(=O)N1', 'Cc1n[nH]c2cc(Br)ccc12', 'Oc1ccc(Br)cc1', 'Brc1ccc(C2CCCN2)cc1', 'Oc1ncnc2ccc(Br)cc12', 'Oc1cccc(Br)c1', 'Brc1cccc(-c2cc[nH]n2)c1', 'Cn1cnc2ccc(Br)cc21', 'COc1ccc2cc(Br)ccc2n1']"
7,"[85.7, 0.3, 55.5]",2.0846610429257897,"['Cc1ccnc(Br)c1', 'Oc1ccnc(Br)c1', 'Cc1ccc(Br)nc1']","['Brc1cccc2ccoc12', 'OC1CCOc2c(Br)cccc21', 'Brc1cnc(Oc2cccnc2)nc1', 'C[Si](C)(C)C#Cc1cccc(Br)c1', 'CC(C)Sc1ccc(Br)cc1', 'CC(=O)Nc1ccc(Br)cc1', 'OCc1ccc(Br)c(F)c1', 'Cn1ccc(-c2cccc(Br)c2)n1', 'C=CCc1ccc(Br)c(F)c1']"
8,"[44.1, 0.3, 16.2]",2.128970403930592,"['Nc1cc(Br)ncn1', 'Nc1cc(Br)ccn1', 'Oc1ccccc1Br']","['Nc1nc2cc(Br)ccc2o1', 'CC1(C)OB(c2ccc(Br)cc2)OC1(C)C', 'COc1cc(Br)cc(OC)c1', 'O=C1Nc2ccc(Br)cc2C12OCCO2', 'CC(C)(C)OC(=O)Nc1ccc(Br)cn1', 'Brc1cnc2cc[nH]c2c1', 'Nc1nc2ccc(Br)cc2o1', 'Brc1cccc(-c2nnc(C3CC3)o2)c1']"
