,obj_values ['yield'],Vendi_score,eval_samples,cut_samples
0,"[37.2, 11.3, 17.7]",1.5713859041682718,"['Oc1ncnc2ccc(Br)cc12', 'Cc1cncc(Br)n1', 'Nc1ncncc1Br']",[]
1,"[8.1, 16.7, 3.7]",1.547200553147703,"['COc1ccc2cc(Br)cnc2n1', 'COc1ncc2cc(Br)ccc2n1', 'O=C1Nc2ccc(Br)cc2C12OCCO2']","['Brc1cccnc1', 'Cc1ccc(Br)cn1', 'Cc1cc(Br)cnc1C', 'Cc1cncc(Br)c1', 'Brc1ccc2nn[nH]c2c1', 'Oc1ccnc2ccc(Br)cc12', 'Brc1cnc2ncoc2c1', 'Brc1cnc2[nH]ncc2c1', 'CC(=O)c1cccc(Br)c1', 'C#Cc1ccc(Br)cc1', 'O=C1CCc2ncc(Br)cc2N1', 'Oc1cnc2cc(Br)ccc2n1', 'Brc1cccc2cnccc12']"
2,"[27.0, 0.2, 47.7]",1.6387613662938945,"['N#Cc1cccc(Br)c1', 'Brc1ccnc2ccccc12', 'FC(F)(F)c1cncc(Br)c1']","['Brc1ccc(-c2ncco2)cc1', 'Brc1ccc2ncncc2c1', 'COc1ccc2cc(Br)ccc2n1', 'Fc1cc(Br)ccc1-c1ccccc1', 'Cn1nnc(-c2ccc(Br)cn2)n1', 'Brc1ccc2cnccc2c1', 'CC1(C)C(=O)Nc2ccc(Br)cc21', 'Brc1cnc2cccnc2c1', 'O=C1COc2cc(Br)ccc2N1', 'Brc1ccc2oc3ccccc3c2c1', 'Cc1cn[nH]c1-c1ccc(Br)cc1', 'Brc1cccc(-n2cncn2)c1']"
3,"[0.0, 0.0, 17.2]",1.7537802245777143,"['O=S(=O)(O)c1cncc(Br)c1', 'Fc1ncc(Br)c(F)n1', 'FC(F)(F)c1ncc(Br)cn1']","['Brc1ccc2ncnn2c1', 'CC(C)(C#N)c1ccc(Br)cn1', 'Brc1ccc2cncnc2c1', 'Brc1cnc2ncccc2c1', 'Brc1cccc2ncncc12', 'Brc1cccc2[nH]ncc12', 'Brc1cncc2ccccc12', 'CNC(=O)c1cccc(Br)c1', 'CC(C)(CO)c1ccc(Br)cn1', 'CC(=O)CC(=O)c1ccc(Br)cc1', 'Brc1cnc2[nH]ccc2c1', 'O=C1CC(c2ccc(Br)cc2)N1']"
4,"[22.5, 66.7, 72.1]",1.7673753382228299,"['Oc1ccc(Br)cn1', 'Fc1ccc(Br)cc1', 'Cc1ccc(Br)cc1']","['FCCOc1cncc(Br)c1', 'Brc1cncnc1', 'Oc1ncc(Br)cn1', 'N#CC1(c2ccc(Br)cc2)CC1', 'Brc1cnc(Oc2cccnc2)nc1', 'N#Cc1cc2cc(Br)ccc2s1', 'CSc1ncc(Br)cn1', 'Brc1cccc2cncnc12', 'O=C(c1cccc(Br)c1)C(F)(F)F', 'Brc1cccc2nccnc12', 'Oc1nccc2cc(Br)cnc12']"
5,"[36.8, 12.1, 49.8]",1.7589480728237825,"['Oc1ccc(Br)cc1', 'Oc1cccc(Br)c1', 'COc1cccc(Br)c1']","['O=C1CCc2ccc(Br)cc2N1', 'OCC(O)c1cccc(Br)c1', 'Brc1cccc2ccoc12', 'CC(O)c1ccc(Br)cc1', 'CC(=O)Cc1cccc(Br)c1', 'OCc1ccc(Br)cc1', 'CC(C)(N)c1ccc(Br)cc1', 'Fc1ccccc1Br', 'OCc1ccc(Br)c(F)c1', 'N#CCCc1ccc(Br)cc1']"
6,"[67.2, 67.8, 37.7]",1.7699577650119982,"['CC(C)(C)c1cccc(Br)c1', 'Cn1cnc2cc(Br)ccc21', 'CC(=O)Nc1ccc(Br)cc1']","['OC1Cc2ccc(Br)cc2C1', 'Nc1ncc(Br)cn1', 'Cc1n[nH]c2cc(Br)ccc12', 'Cn1cnc2ccc(Br)cc21', 'NCCc1ccc(Br)cc1', 'O=C1CCCc2ccc(Br)cc2N1', 'Brc1ccc(C2OCCO2)cc1', 'NC1(c2ccc(Br)cc2)CC1', 'O=C1NCc2cc(Br)ccc21', 'Brc1cccc(-n2ccnc2)c1']"
7,"[0.0, 0.0, 58.7]",1.7503782401431378,"['Brc1ccc(C2CCCN2)cc1', 'Brc1ccc([C@@H]2CNCCO2)cc1', 'O=C1CCC(c2cccc(Br)c2)CN1']","['CC(C)c1ccc(Br)cc1', 'Brc1cnc2cc[nH]c2c1', 'Brc1cccc(-c2cc[nH]n2)c1', 'Brc1ccc2c(c1)oc1ccccc12', 'Brc1cccc(Cn2cccn2)c1', 'Nc1nc2ccc(Br)cc2o1', 'O=C1CCCN1c1ccc(Br)cc1F', 'CC(C)(C)Oc1ccc(Br)cc1', 'Brc1ccc2[nH]cnc2c1']"
8,"[43.5, 28.9, 63.4]",1.8808721502841663,"['Brc1ccc2[nH]ccc2n1', 'Oc1ccc(Br)nc1', 'Fc1ccc(Br)nc1']","['Brc1ccc(-c2cccs2)cc1', 'FC(F)C(F)(F)Oc1cccc(Br)c1', 'Nc1nc2cc(Br)ccc2o1', 'OC1CCOc2c(Br)cccc21', 'O=C1CN(Cc2cccc(Br)c2)C(=O)N1', 'Cn1ccc(-c2cccc(Br)c2)n1', 'Brc1cccc(-c2nnc(C3CC3)o2)c1', 'C=CCc1ccc(Br)c(F)c1']"
