,obj_values ['yield'],Vendi_score,eval_samples,cut_samples
0,"[0.0, 15.4, 0.0]",1.4903428637160994,"['CC(C)(N)c1ccc(Br)cc1', 'FC(F)(F)c1nc2ccc(Br)cn2n1', 'O=C(c1cccc(Br)c1)c1ccccn1']",[]
1,"[0.3, 15.7, 28.7]",1.5184489116695559,"['Brc1cnc2ncoc2c1', 'Brc1cnc2nncn2c1', 'Brc1ccc2ncnn2c1']","['Cn1nnc(-c2ccc(Br)cn2)n1', 'Fc1cc(Br)ccc1-c1ccccc1', 'O=C1CCCc2ccc(Br)cc2N1', 'Oc1ccnc2ccc(Br)cc12', 'Brc1cccc(-c2nnc(C3CC3)o2)c1', 'Brc1cccc(-n2cncn2)c1', 'N#CC1(c2ccc(Br)cc2)CC1', 'O=C1CC(c2ccc(Br)cc2)N1', 'FCCOc1cncc(Br)c1', 'Brc1ccc2oc3ccccc3c2c1', 'CC(C)(C#N)c1ccc(Br)cn1', 'CC(C)(CO)c1ccc(Br)cn1', 'COc1ccc2cc(Br)cnc2n1']"
2,"[22.5, 1.4, 21.9]",1.5646452015193073,"['Oc1ccc(Br)cn1', 'Brc1cnc2cncn2c1', 'Nc1ncc(Br)cn1']","['Cc1ccc(Br)cn1', 'Brc1ccc2nn[nH]c2c1', 'O=C1CCc2ncc(Br)cc2N1', 'Brc1ccc2cnnn2c1', 'Brc1cnc2ncccc2c1', 'Brc1cnc2nccn2c1', 'Brc1cccc2cncnc12', 'O=c1cc(O)c2ccc(Br)cc2o1', 'CNC(=O)c1cccc(Br)c1', 'CC(=O)c1cccc(Br)c1', 'Oc1nccc2cc(Br)cnc12', 'Brc1cnc2cccnc2c1']"
3,"[30.6, 0.3, 0.3]",1.8197334199343556,"['N#Cc1cc(Br)cs1', 'COc1ccc2[nH]cc(Br)c2n1', 'Brc1cnn2ccccc12']","['COc1ncc2cc(Br)ccc2n1', 'Cc1cc(Br)cnc1C', 'C#Cc1ccc(Br)cc1', 'Brc1cnc2[nH]ncc2c1', 'Brc1cnc2[nH]ccc2c1', 'O=C1COc2cc(Br)ccc2N1', 'CSc1ncc(Br)cn1', 'Oc1ncc(Br)cn1', 'Cc1cncc(Br)c1', 'Brc1cccc2[nH]ncc12', 'Brc1cccc2ccoc12', 'Brc1cccc2cnccc12']"
4,"[60.9, 17.2, 27.0]",1.8505285455544522,"['Brc1cncnc1', 'FC(F)(F)c1ncc(Br)cn1', 'N#Cc1cccc(Br)c1']","['Fc1ccccc1Br', 'Brc1cnc2cc[nH]c2c1', 'OCc1ccc(Br)c(F)c1', 'Oc1ncnc2ccc(Br)cc12', 'OC1CCOc2c(Br)cccc21', 'Brc1cnc(Oc2cccnc2)nc1', 'Brc1cncc2ccccc12', 'Oc1cnc2cc(Br)ccc2n1', 'C=CCc1ccc(Br)c(F)c1', 'Brc1cnn(-c2ncccn2)c1', 'CC(=O)c1cc(Br)cs1']"
5,"[11.3, 15.5, 63.4]",2.114031734444659,"['Cc1cncc(Br)n1', 'Cn1cc(Br)nn1', 'Fc1ccc(Br)nc1']","['Brc1ccn2nnnc2c1', 'Brc1cccc(-c2nnn[nH]2)c1', 'OC(c1ccc(Br)cn1)C(F)(F)F', 'FC(F)(F)c1cncc(Br)c1', 'Brc1cccc2nccnc12', 'N#CCCc1ccc(Br)cc1', 'Brc1ccc2ncncc2c1', 'N#Cc1cc2cc(Br)ccc2s1', 'Brc1cccnc1', 'Brc1ccc(-c2ncco2)cc1']"
6,"[28.9, 20.4, 0.3]",2.322113078242756,"['Oc1ccc(Br)nc1', 'Brc1ncccn1', 'Oc1ccnc(Br)c1']","['Brc1ccc(-n2cnnc2)nc1', 'Brc1cccc2[nH]cnc12', 'O=C1NCc2cc(Br)ccc21', 'Fc1ccc(Br)cc1', 'OCc1ccc(Br)cc1', 'Brc1ccc2cncnc2c1', 'Brc1cccc2ncncc12', 'Oc1ccc(Br)cc1', 'OCC(O)c1cccc(Br)c1', 'CC(O)c1ccc(Br)cc1']"
7,"[0.0, 21.0, 0.0]",2.6927057405639347,"['Brc1ncn[nH]1', 'Cn1cnc(Br)c1', 'Fc1ncc(Br)c(F)n1']","['Brc1ccc2[nH]cnc2c1', 'NCCc1ccc(Br)cc1', 'O=C1CCc2ccc(Br)cc2N1', 'Brc1cccc(-c2cc[nH]n2)c1', 'Brc1ccc(C2OCCO2)cc1', 'Brc1cn2ccnc2cn1', 'COc1ccc2cc(Br)ccc2n1', 'Cc1ccc(Br)cc1', 'Cn1cnc2ccc(Br)cc21']"
8,"[18.8, 52.4, 44.1]",2.6979880063714865,"['Oc1cccc(Br)n1', 'Nc1nccc(Br)n1', 'Nc1cc(Br)ncn1']","['COc1ccccc1Br', 'Brc1csc2cnccc12', 'O=S(=O)(O)c1cncc(Br)c1', 'Nc1nc2ccc(Br)cc2o1', 'CC(=O)Cc1cccc(Br)c1', 'CC(=O)Nc1ccc(Br)cc1', 'Brc1cccc(Cn2cccn2)c1', 'Brc1cncc2[nH]ccc12']"
