,obj_values ['yield'],Vendi_score,eval_samples,cut_samples
0,"[43.9, 4.0, 0.0]",2.362047415703901,"['O=C1CN(Cc2cccc(Br)c2)C(=O)N1', 'CC(C)(C)OC(=O)N1C[C@H](F)C[C@H]1c1nc(Br)c[nH]1', 'Brc1nncs1']",[]
1,"[27.8, 18.6, 0.0]",2.202441682492108,"['C[C@@H](NC(=O)OC(C)(C)C)c1ccc(Br)cc1', 'CC(C)(C)OC(=O)N1CCOc2ccc(Br)cc2C1', 'NC1(c2ccc(Br)cc2)CC1']","['CC(C)(C)OC(=O)N1CCCC1c1nc(Br)c[nH]1', 'Brc1ccc([C@@H]2CNCCO2)cc1', 'FC(F)C(F)(F)Oc1cccc(Br)c1', 'Fc1cc(Br)ccc1-c1ccccc1', 'O=C1CCC(c2cccc(Br)c2)CN1', 'NS(=O)(=O)Cc1cccc(Br)c1', 'Brc1ccc(C2OCCO2)cc1', 'O=C1CCCN1c1ccc(Br)cc1F', 'O=C1CC(c2ccc(Br)cc2)N1', 'O=C1CCCc2ccc(Br)cc2N1', 'C[Si](C)(C)C#Cc1cccc(Br)c1', 'Brc1cccc(-n2cncn2)c1', 'Brc1cccc(Cn2cccn2)c1']"
2,"[28.5, 47.7, 41.9]",2.1401495820891445,"['CC(C)(C)OC(=O)N1CCCCC1c1ccc(Br)cc1', 'O=S(=O)(CCO)c1ccc(Br)cc1', 'CS(=O)(=O)c1ccc(Br)cc1']","['OCC(O)c1cccc(Br)c1', 'CC1(C)OB(c2ccc(Br)cc2)OC1(C)C', 'CC(C)(C)c1cccc(Br)c1', 'O=C1CCC(Oc2cccc(Br)c2)CC1', 'CC(C)c1ccc(Br)cc1', 'CC1(C)C(=O)Nc2ccc(Br)cc21', 'CC(C)(CO)c1ccc(Br)cn1', 'CC(C)(C)OC(=O)Nc1ccc(Br)cn1', 'CC(C)(C)Oc1ccc(Br)cc1', 'OC1Cc2ccc(Br)cc2C1', 'O=S(=O)(Cc1ccc(Br)cc1)N1CCCC1', 'Brc1ccc(C2CCCN2)cc1']"
3,"[0.0, 0.0, 25.7]",2.175825404694602,"['FC(F)(F)Sc1ccc(Br)cc1', 'O=S(=O)(Nc1ccccc1Br)C(F)(F)F', 'OC(c1ccc(Br)cn1)C(F)(F)F']","['CCOP(=O)(Cc1ccc(Br)cn1)OCC', 'O=C1Nc2ccc(Br)cc2C12OCCO2', 'O=C1CCc2ccc(Br)cc2N1', 'Brc1cccc(-c2nnc(C3CC3)o2)c1', 'O=C(c1ccc(Br)cc1)N1CCOCC1', 'N#CC1(c2ccc(Br)cc2)CC1', 'N#CCCc1ccc(Br)cc1', 'Brc1ccc2oc3ccccc3c2c1', 'O=C1CCc2ncc(Br)cc2N1', 'O=C1CC(c2cccc(Br)c2)CC(=O)N1', 'CC(C)(C#N)c1ccc(Br)cn1', 'Cn1ccc(-c2cccc(Br)c2)n1']"
4,"[63.4, 7.5, 0.0]",2.443024801835552,"['Fc1ccc(Br)nc1', 'Brc1cccc(-c2nnn[nH]2)c1', 'FC(F)(F)c1cnc2nc(Br)ccc2c1']","['FC(F)(F)c1cc2ccc(Br)cc2cn1', 'O=S(=O)(O)c1cncc(Br)c1', 'FCCOc1cncc(Br)c1', 'FC(F)(F)c1cncc(Br)c1', 'Cn1nnc(-c2ccc(Br)cn2)n1', 'O=C1c2ccc(Br)cc2CN1C1CC1', 'O=C1COc2cc(Br)ccc2N1', 'CN(C)S(=O)(=O)c1ccc(Br)cc1', 'CC(=O)c1ccc(Oc2cccc(Br)c2)cc1', 'Brc1ccc2c(c1)oc1ccccc12', 'CC(O)c1ccc(Br)cc1']"
5,"[0.3, 27.0, 28.9]",2.5002631739363914,"['Oc1ccnc(Br)c1', 'N#Cc1cccc(Br)c1', 'Oc1ccc(Br)nc1']","['Brc1ccc2nn[nH]c2c1', 'Cc1cn[nH]c1-c1ccc(Br)cc1', 'Brc1cccc(-c2cc[nH]n2)c1', 'O=c1cc(O)c2ccc(Br)cc2o1', 'CC(C)(N)c1ccc(Br)cc1', 'COc1ccc2cc(Br)ccc2n1', 'N#Cc1cc2cc(Br)ccc2s1', 'CNC(=O)c1cccc(Br)c1', 'Oc1ccnc2ccc(Br)cc12', 'NCCc1ccc(Br)cc1']"
6,"[17.3, 33.5, 30.6]",2.5506284661514136,"['COc1ccc2cc(Br)ncc2n1', 'CC(C)(C)c1cc(Br)c2ncccc2c1', 'N#Cc1cc(Br)cs1']","['Oc1ncnc2ccc(Br)cc12', 'CC(=O)Cc1cccc(Br)c1', 'CC(=O)Nc1ccc(Br)cc1', 'FC(F)(F)c1cc(Br)c2nc[nH]c2c1', 'COc1ccc2cc(Br)cnc2n1', 'Cn1cnc2ccc(Br)cc21', 'Brc1cccc(-n2ccnc2)c1', 'OCc1ccc(Br)cc1', 'Brc1ccc(-c2ncco2)cc1', 'O=C1NCc2cc(Br)ccc21']"
7,"[14.3, 0.0, 3.0]",2.6889154765090058,"['CC(C)(C)OC(=O)n1cc(Br)c2cccnc21', 'FC(F)(F)c1ccc(Br)c2ncccc12', 'OB(O)c1ccc(Br)s1']","['C#Cc1ccc(Br)cc1', 'CC(=O)N1CCc2cc(Br)ccc21', 'FC(F)(F)c1nc2ccc(Br)cn2n1', 'Oc1cnc2cc(Br)ccc2n1', 'Brc1ccc2[nH]cnc2c1', 'Brc1ccc2ncnn2c1', 'Brc1cn2ccnc2cn1', 'Brc1ccc(-c2nc3cnccc3[nH]2)cc1', 'Brc1ccc(-c2cccs2)cc1']"
8,"[43.5, 66.6, 27.9]",2.7510239695054595,"['Brc1ccc2[nH]ccc2n1', 'COc1ccc(Cn2cnc3cc(Br)ccc32)cc1', 'CCCc1cc(NC(=O)OC(C)(C)C)c2cc(Br)ccc2n1']","['COc1ncc(Br)nc1OC', 'Brc1ccn2nnnc2c1', 'OC1CCOc2c(Br)cccc21', 'Brc1cccc2[nH]ncc12', 'C=CCc1ccc(Br)c(F)c1', 'Brc1cnc(Oc2cccnc2)nc1', 'Brc1cnc2[nH]ncc2c1', 'Brc1cnc2ncoc2c1']"
