,obj_values ['yield'],Vendi_score,eval_samples,cut_samples
0,"[22.0, 0.0, 7.1]",1.4259466937914866,"['O=C1CCC(Oc2cccc(Br)c2)CC1', 'Brc1ccc(CN2CCOCC2)cc1', 'N#Cc1cc2cc(Br)ccc2s1']",[]
1,"[16.8, 41.5, 58.7]",1.4556161659882094,"['FC(F)(F)c1ccnc(Nc2cccc(Br)c2)n1', 'Brc1cccc(Cn2cccn2)c1', 'O=C1CCC(c2cccc(Br)c2)CN1']","['CC(C)Sc1ccc(Br)cc1', 'Brc1ccc2c(c1)oc1ccccc12', 'Brc1cccc(-c2nnc(C3CC3)o2)c1', 'Cc1cn[nH]c1-c1ccc(Br)cc1', 'O=C1c2ccc(Br)cc2CN1C1CC1', 'O=C1CCCc2ccc(Br)cc2N1', 'Brc1cccc(-n2ccnc2)c1', 'O=C(c1ccc(Br)cc1)N1CCOCC1', 'O=C1CC(c2cccc(Br)c2)CC(=O)N1', 'CC1(C)OB(c2ccc(Br)cc2)OC1(C)C', 'O=C1CCCN1c1ccc(Br)cc1F', 'CC(=O)c1ccc(Oc2cccc(Br)c2)cc1', 'Fc1cc(Br)ccc1-c1ccccc1']"
2,"[47.6, 67.2, 49.8]",1.4679479932683754,"['OCC(O)c1cccc(Br)c1', 'CC(C)(C)c1cccc(Br)c1', 'COc1cccc(Br)c1']","['CC(C)(CO)c1ccc(Br)cn1', 'CC(C)(C)Oc1ccc(Br)cc1', 'O=C1CN(Cc2cccc(Br)c2)C(=O)N1', 'O=C1CC(c2ccc(Br)cc2)N1', 'Brc1ccc(C2CCCN2)cc1', 'Brc1ccc(C2OCCO2)cc1', 'N#CCCc1ccc(Br)cc1', 'Brc1ccc([C@@H]2CNCCO2)cc1', 'Brc1ccc2oc3ccccc3c2c1', 'Cn1ccc(-c2cccc(Br)c2)n1', 'C[Si](C)(C)C#Cc1cccc(Br)c1', 'O=C1CCc2ccc(Br)cc2N1']"
3,"[0.0, 16.8, 12.1]",1.523871808838498,"['Brc1cccc(N2CCCC2)c1', 'COc1cc(Br)cc(OC)c1', 'Oc1cccc(Br)c1']","['CC(O)c1ccc(Br)cc1', 'NC1(c2ccc(Br)cc2)CC1', 'OC1Cc2ccc(Br)cc2C1', 'O=C1COc2cc(Br)ccc2N1', 'Brc1cccc(-n2cncn2)c1', 'N#CC1(c2ccc(Br)cc2)CC1', 'NCCc1ccc(Br)cc1', 'Brc1cccc(-c2cc[nH]n2)c1', 'CC(C)c1ccc(Br)cc1', 'CNC(=O)c1cccc(Br)c1', 'CC(=O)Cc1cccc(Br)c1', 'FCCOc1cncc(Br)c1']"
4,"[29.7, 59.0, 27.1]",1.5710994863794834,"['O=S(=O)(Cc1ccc(Br)cc1)N1CCCC1', 'NS(=O)(=O)Cc1cccc(Br)c1', 'CC(=O)c1cccc(Br)c1']","['Nc1nc2ccc(Br)cc2o1', 'Brc1ccc(-c2ncco2)cc1', 'CC(C)(N)c1ccc(Br)cc1', 'CC1(C)C(=O)Nc2ccc(Br)cc21', 'O=C1CCc2ncc(Br)cc2N1', 'CC(=O)Nc1ccc(Br)cc1', 'OCc1ccc(Br)cc1', 'CC(=O)N1CCc2cc(Br)ccc21', 'Nc1nc2cc(Br)ccc2o1', 'Cc1n[nH]c2cc(Br)ccc12', 'Cn1cnc2ccc(Br)cc21']"
5,"[27.8, 27.0, 7.5]",1.6545079363596855,"['C[C@@H](NC(=O)OC(C)(C)C)c1ccc(Br)cc1', 'N#Cc1cccc(Br)c1', 'Brc1cccc(-c2nnn[nH]2)c1']","['COc1ccc2cc(Br)ccc2n1', 'Oc1ccnc2ccc(Br)cc12', 'Brc1ccc(-c2cccs2)cc1', 'O=C1NCc2cc(Br)ccc21', 'FC(F)C(F)(F)Oc1cccc(Br)c1', 'CC(C)(C#N)c1ccc(Br)cn1', 'C#Cc1ccc(Br)cc1', 'Cn1nnc(-c2ccc(Br)cn2)n1', 'Cc1cc(Br)cnc1C', 'Cc1ccc(Br)cc1']"
6,"[28.9, 66.7, 11.3]",1.8082684093390013,"['Oc1ccc(Br)nc1', 'Fc1ccc(Br)cc1', 'Cc1cncc(Br)n1']","['CC(C)(C)OC(=O)Nc1ccc(Br)cn1', 'Brc1cnc2[nH]ccc2c1', 'O=c1cc(O)c2ccc(Br)cc2o1', 'Cc1ccc(Br)cn1', 'Brc1ccc(-c2nnc[nH]2)cc1', 'Brc1ccc2[nH]cnc2c1', 'CS(=O)(=O)c1ccc(Br)cc1', 'Brc1cccc2[nH]ncc12', 'Brc1ccc2nn[nH]c2c1', 'CC(C)(CO)c1cc(Br)ccn1']"
7,"[18.6, 22.5, 75.3]",1.846162391341875,"['CC(C)(C)OC(=O)N1CCOc2ccc(Br)cc2C1', 'Oc1ccc(Br)cn1', 'Brc1cccnc1']","['Cc1cncc(Br)c1', 'Brc1cnc2cc[nH]c2c1', 'Nc1cnc(-c2cccc(Br)c2)nc1', 'Oc1ccc(Br)cc1', 'Cn1cnc2cc(Br)ccc21', 'Oc1ncnc2ccc(Br)cc12', 'Brc1ccc2cnccc2c1', 'O=C1Nc2ccc(Br)cc2C12OCCO2', 'COc1ncc2cc(Br)ccc2n1']"
8,"[47.7, 85.9, 0.3]",1.9023610558962307,"['FC(F)(F)c1cncc(Br)c1', 'Cc1cc(Br)ccn1', 'Oc1ccnc(Br)c1']","['FC(F)(F)c1cc2ccc(Br)cc2cn1', 'Nc1cc(Br)ccn1', 'COc1ccc2cc(Br)cnc2n1', 'Brc1cnc2[nH]ncc2c1', 'Brc1cnc2ncoc2c1', 'Oc1cnc2cc(Br)ccc2n1', 'Brc1ccc2ncncc2c1', 'CC(C)NC(=O)c1ccc(Br)cn1']"
