,obj_values ['yield'],Vendi_score,eval_samples,cut_samples
0,"[58.7, 24.2, 22.5]",1.4813081181101386,"['O=C1CCC(c2cccc(Br)c2)CN1', 'Brc1cn2ccnc2cn1', 'Oc1ccc(Br)cn1']",[]
1,"[27.8, 20.9, 29.7]",1.5898031572296638,"['C[C@@H](NC(=O)OC(C)(C)C)c1ccc(Br)cc1', 'CC1(C)OB(c2ccc(Br)cc2)OC1(C)C', 'O=S(=O)(Cc1ccc(Br)cc1)N1CCCC1']","['Brc1cccc(Cn2cccn2)c1', 'Brc1cccc(-n2cncn2)c1', 'OCC(O)c1cccc(Br)c1', 'N#CC1(c2ccc(Br)cc2)CC1', 'CC(O)c1ccc(Br)cc1', 'O=C1CC(c2ccc(Br)cc2)N1', 'Oc1ccnc2ccc(Br)cc12', 'Brc1ccc2nn[nH]c2c1', 'O=C1CCCc2ccc(Br)cc2N1', 'Brc1ccc(C2OCCO2)cc1', 'N#CCCc1ccc(Br)cc1', 'NCCc1ccc(Br)cc1', 'C#Cc1ccc(Br)cc1']"
2,"[59.0, 35.4, 7.5]",1.6213155858051533,"['NS(=O)(=O)Cc1cccc(Br)c1', 'Brc1ccc2[nH]cnc2c1', 'Brc1cccc(-c2nnn[nH]2)c1']","['CC(C)(C)OC(=O)Nc1ccc(Br)cn1', 'OC1Cc2ccc(Br)cc2C1', 'O=C1CN(Cc2cccc(Br)c2)C(=O)N1', 'CC(C)(CO)c1ccc(Br)cn1', 'O=C1CCCN1c1ccc(Br)cc1F', 'Fc1cc(Br)ccc1-c1ccccc1', 'C[Si](C)(C)C#Cc1cccc(Br)c1', 'CC1(C)C(=O)Nc2ccc(Br)cc21', 'CC(C)(C)Oc1ccc(Br)cc1', 'Brc1ccc2oc3ccccc3c2c1', 'Brc1cccc(-c2nnc(C3CC3)o2)c1', 'Brc1ccc([C@@H]2CNCCO2)cc1']"
3,"[24.4, 0.0, 72.1]",1.6229185734331717,"['OCc1ccc(Br)cc1', 'FC(F)C(F)(F)Oc1cccc(Br)c1', 'Cc1ccc(Br)cc1']","['CC(C)c1ccc(Br)cc1', 'O=C1CC(c2cccc(Br)c2)CC(=O)N1', 'NC1(c2ccc(Br)cc2)CC1', 'Brc1ccc(C2CCCN2)cc1', 'O=C1CCc2ccc(Br)cc2N1', 'CC(C)(N)c1ccc(Br)cc1', 'CC(C)(C)c1cccc(Br)c1', 'CC(=O)Nc1ccc(Br)cc1', 'FCCOc1cncc(Br)c1', 'Cn1ccc(-c2cccc(Br)c2)n1', 'Cn1cnc2ccc(Br)cc21', 'Brc1cccc(-c2cc[nH]n2)c1']"
4,"[43.5, 0.0, 36.8]",1.763155310524188,"['Brc1ccc2[nH]ccc2n1', 'CN1CCOc2cc(Br)ccc21', 'Oc1ccc(Br)cc1']","['CNC(=O)c1cccc(Br)c1', 'Brc1cnc2[nH]ccc2c1', 'Cc1cc(Br)cnc1C', 'Brc1ccc(-c2ncco2)cc1', 'Cn1cnc2cc(Br)ccc21', 'Nc1nc2ccc(Br)cc2o1', 'CC(=O)Cc1cccc(Br)c1', 'CC(C)(C#N)c1ccc(Br)cn1', 'Nc1nc2cc(Br)ccc2o1', 'O=C1COc2cc(Br)ccc2N1', 'O=C1CCc2ncc(Br)cc2N1']"
5,"[0.3, 63.4, 28.9]",1.8598062009694225,"['Oc1ccnc(Br)c1', 'Fc1ccc(Br)nc1', 'Oc1ccc(Br)nc1']","['COc1cc(Br)cc(OC)c1', 'Brc1ccc2c(c1)oc1ccccc12', 'O=C1Nc2ccc(Br)cc2C12OCCO2', 'Brc1cccc2[nH]ncc12', 'COc1ccc2cc(Br)ccc2n1', 'CC(=O)N1CCc2cc(Br)ccc21', 'COc1cccc(Br)c1', 'Brc1cnc2cc[nH]c2c1', 'Cc1ccc(Br)cn1', 'Cc1cn[nH]c1-c1ccc(Br)cc1']"
6,"[27.0, 17.3, 0.0]",2.1404706623615293,"['N#Cc1cccc(Br)c1', 'COc1ccc2cc(Br)ncc2n1', 'Brc1ncn[nH]1']","['CS(=O)(=O)c1ccc(Br)cc1', 'Brc1cccc(-n2ccnc2)c1', 'O=C(c1ccc(Br)cc1)N1CCOCC1', 'Fc1ccc(Br)cc1', 'Cc1cncc(Br)c1', 'O=C1c2ccc(Br)cc2CN1C1CC1', 'Oc1ncnc2ccc(Br)cc12', 'Brc1ccc(-c2cccs2)cc1', 'Oc1cccc(Br)c1', 'COc1ccc2cc(Br)cnc2n1']"
7,"[25.7, 28.3, 28.3]",2.149592961365949,"['OC(c1ccc(Br)cn1)C(F)(F)F', 'Brc1cccc2[nH]cnc12', 'Fc1ccccc1Br']","['Oc1cccc(Br)n1', 'Brc1ccc2ncnn2c1', 'Oc1cnc2cc(Br)ccc2n1', 'Cn1nnc(-c2ccc(Br)cn2)n1', 'Brc1cnc2[nH]ncc2c1', 'O=C1NCc2cc(Br)ccc21', 'COc1ncc(Br)nc1OC', 'N#Cc1cc2cc(Br)ccc2s1', 'COc1cccnc1Br']"
8,"[18.6, 66.6, 28.5]",2.20960450337588,"['CC(C)(C)OC(=O)N1CCOc2ccc(Br)cc2C1', 'COc1ccc(Cn2cnc3cc(Br)ccc32)cc1', 'CC(C)(C)OC(=O)N1CCCCC1c1ccc(Br)cc1']","['Brc1cncc2[nH]ccc12', 'C=CCc1ccc(Br)c(F)c1', 'COc1ccccc1Br', 'Brc1cccc2ccoc12', 'OC1CCOc2c(Br)cccc21', 'FC(F)(F)c1cc2ccc(Br)cc2cn1', 'OCc1ccc(Br)c(F)c1', 'Brc1cnc2ncoc2c1']"
