,obj_values ['yield'],Vendi_score,eval_samples,cut_samples
0,"[5.9, 38.0, 47.7]",1.5540166787003085,"['Brc1ccn2nccc2n1', 'Brc1cccc(-c2cc[nH]n2)c1', 'O=S(=O)(CCO)c1ccc(Br)cc1']",[]
1,"[1.6, 25.7, 29.7]",1.6332501705957092,"['CCOP(=O)(Cc1ccc(Br)cn1)OCC', 'OC(c1ccc(Br)cn1)C(F)(F)F', 'O=S(=O)(Cc1ccc(Br)cc1)N1CCCC1']","['O=c1cc(O)c2ccc(Br)cc2o1', 'Brc1cccc(Cn2cccn2)c1', 'NS(=O)(=O)Cc1cccc(Br)c1', 'O=C1CCC(c2cccc(Br)c2)CN1', 'O=C1CCCN1c1ccc(Br)cc1F', 'CS(=O)(=O)c1ccc(Br)cc1', 'Fc1cc(Br)ccc1-c1ccccc1', 'N#CCCc1ccc(Br)cc1', 'O=C1CC(c2ccc(Br)cc2)N1', 'N#CC1(c2ccc(Br)cc2)CC1', 'Brc1cccc(-n2cncn2)c1', 'Brc1cccc(-c2nnc(C3CC3)o2)c1', 'O=C1CCCc2ccc(Br)cc2N1']"
2,"[27.0, 18.2, 7.5]",1.6857406961608439,"['N#Cc1cccc(Br)c1', 'CN(C)S(=O)(=O)c1ccc(Br)cc1', 'Brc1cccc(-c2nnn[nH]2)c1']","['Cn1ccc(-c2cccc(Br)c2)n1', 'CC1(C)OB(c2ccc(Br)cc2)OC1(C)C', 'CC(C)(C#N)c1ccc(Br)cn1', 'Brc1ccc2oc3ccccc3c2c1', 'FC(F)(F)c1cc2ccc(Br)cc2cn1', 'O=C1CC(c2cccc(Br)c2)CC(=O)N1', 'O=C1CN(Cc2cccc(Br)c2)C(=O)N1', 'C[Si](C)(C)C#Cc1cccc(Br)c1', 'Brc1ccc([C@@H]2CNCCO2)cc1', 'Brc1ccc(C2OCCO2)cc1', 'FCCOc1cncc(Br)c1', 'O=C(c1ccc(Br)cc1)N1CCOCC1']"
3,"[85.9, 16.8, 0.2]",1.8306162730964153,"['Cc1cc(Br)ccn1', 'COc1cc(Br)cc(OC)c1', 'Brc1ccnc2ccccc12']","['CC(C)NC(=O)c1ccc(Br)cn1', 'O=C1c2ccc(Br)cc2CN1C1CC1', 'Oc1ccnc2ccc(Br)cc12', 'Brc1cccc(-n2ccnc2)c1', 'Brc1ccc(-c2ncco2)cc1', 'Brc1ccc2nn[nH]c2c1', 'N#Cc1cc2cc(Br)ccc2s1', 'Brc1ccc2c(c1)oc1ccccc12', 'Cn1nnc(-c2ccc(Br)cn2)n1', 'CNC(=O)c1cccc(Br)c1', 'CC(C)(CO)c1ccc(Br)cn1', 'CC(=O)c1ccc(Oc2cccc(Br)c2)cc1']"
4,"[0.3, 44.1, 75.3]",1.9513893140433973,"['Oc1ccnc(Br)c1', 'Nc1cc(Br)ncn1', 'Brc1cccnc1']","['Cn1cnc2ccc(Br)cc21', 'OCC(O)c1cccc(Br)c1', 'CC(C)(CO)c1cc(Br)ccn1', 'O=C1CCc2ccc(Br)cc2N1', 'O=C1COc2cc(Br)ccc2N1', 'O=C1NCc2cc(Br)ccc21', 'O=C1CCc2ncc(Br)cc2N1', 'CC(=O)c1cccc(Br)c1', 'Brc1cccc2[nH]ncc12', 'CC(=O)Cc1cccc(Br)c1', 'C#Cc1ccc(Br)cc1']"
5,"[12.1, 60.9, 0.3]",1.9529869766797818,"['Oc1cccc(Br)c1', 'Brc1cncnc1', 'Nc1cc(Br)ccn1']","['NCCc1ccc(Br)cc1', 'Brc1cnc2ncoc2c1', 'Cc1cc(Br)cnc1C', 'COc1cccc(Br)c1', 'Cc1ccc(Br)cn1', 'Brc1ccc2cnccc2c1', 'Brc1ccc2cncnc2c1', 'Cc1cncc(Br)c1', 'CCC(=O)c1ccc(Br)cc1O', 'OC1Cc2ccc(Br)cc2C1']"
6,"[0.0, 17.2, 0.0]",2.033970741820465,"['O=S(=O)(O)c1cncc(Br)c1', 'FC(F)(F)c1ncc(Br)cn1', 'Fc1ncc(Br)c(F)n1']","['NC1(c2ccc(Br)cc2)CC1', 'Brc1ccc2ncncc2c1', 'Cc1n[nH]c2cc(Br)ccc12', 'Brc1ccc(C2CCCN2)cc1', 'CC(C)(C)c1cccc(Br)c1', 'CC(O)c1ccc(Br)cc1', 'FC(F)C(F)(F)Oc1cccc(Br)c1', 'Cc1cn[nH]c1-c1ccc(Br)cc1', 'OCc1ccc(Br)cc1', 'FC(F)(F)c1cncc(Br)c1']"
7,"[66.7, 0.0, 0.0]",2.031380973776801,"['Fc1ccc(Br)cc1', 'Brc1ccn2nnnc2c1', 'FC(F)(F)Sc1ccc(Br)cc1']","['Brc1cnc2[nH]ccc2c1', 'Oc1ncnc2ccc(Br)cc12', 'Brc1cnc2ncccc2c1', 'Brc1ccc2ncnn2c1', 'Brc1cnc2cccnc2c1', 'CC(=O)CC(=O)c1ccc(Br)cc1', 'Cc1ccc(Br)cc1', 'COc1ccc2cc(Br)cnc2n1', 'CC(C)c1ccc(Br)cc1']"
8,"[28.3, 36.8, 22.0]",2.0277952527590086,"['Fc1ccccc1Br', 'Oc1ccc(Br)cc1', 'CC(C)(C)Oc1ccc(Br)cc1']","['CC1(C)C(=O)Nc2ccc(Br)cc21', 'CC(C)(N)c1ccc(Br)cc1', 'Oc1cnc2cc(Br)ccc2n1', 'Oc1nccc2cc(Br)cnc12', 'COc1ncc2cc(Br)ccc2n1', 'Brc1cccc2cnccc12', 'Oc1ncc(Br)cn1', 'Brc1cnc2[nH]ncc2c1']"
