,obj_values ['yield'],Vendi_score,eval_samples,cut_samples
0,"[43.8, 0.0, 59.0]",1.4317866187163681,"['CC(C)(C#N)c1ccc(Br)cn1', 'Brc1cccc(N2CCCC2)c1', 'NS(=O)(=O)Cc1cccc(Br)c1']",[]
1,"[41.9, 0.0, 25.7]",1.5069736822654547,"['CS(=O)(=O)c1ccc(Br)cc1', 'O=C(c1cccc(Br)c1)C(F)(F)F', 'OC(c1ccc(Br)cn1)C(F)(F)F']","['Cn1ccc(-c2cccc(Br)c2)n1', 'Brc1ccc([C@@H]2CNCCO2)cc1', 'O=C1CCC(c2cccc(Br)c2)CN1', 'FCCOc1cncc(Br)c1', 'CC(C)(CO)c1ccc(Br)cn1', 'O=C1CCc2ccc(Br)cc2N1', 'O=C1CCCc2ccc(Br)cc2N1', 'O=C1CCCN1c1ccc(Br)cc1F', 'Brc1ccc(C2OCCO2)cc1', 'Brc1ccc(C2CCCN2)cc1', 'O=C1CC(c2ccc(Br)cc2)N1', 'Brc1cccc(-c2cc[nH]n2)c1', 'Brc1cccc(Cn2cccn2)c1']"
2,"[22.0, 67.2, 0.0]",1.5149293897108358,"['CC(C)(C)Oc1ccc(Br)cc1', 'CC(C)(C)c1cccc(Br)c1', 'NC1(c2ccc(Br)cc2)CC1']","['O=C1NCc2cc(Br)ccc21', 'Brc1cccc(-c2nnc(C3CC3)o2)c1', 'O=C1CN(Cc2cccc(Br)c2)C(=O)N1', 'O=c1cc(O)c2ccc(Br)cc2o1', 'Brc1cccc(-n2cncn2)c1', 'N#CC1(c2ccc(Br)cc2)CC1', 'N#CCCc1ccc(Br)cc1', 'CNC(=O)c1cccc(Br)c1', 'O=C1c2ccc(Br)cc2CN1C1CC1', 'O=S(=O)(CCO)c1ccc(Br)cc1', 'Fc1cc(Br)ccc1-c1ccccc1', 'Cn1nnc(-c2ccc(Br)cn2)n1']"
3,"[27.0, 69.7, 85.9]",1.6211013017237765,"['N#Cc1cccc(Br)c1', 'CC(C)(CO)c1cc(Br)ccn1', 'Cc1cc(Br)ccn1']","['CC(C)c1ccc(Br)cc1', 'CC1(C)C(=O)Nc2ccc(Br)cc21', 'OC1Cc2ccc(Br)cc2C1', 'O=C1COc2cc(Br)ccc2N1', 'OCC(O)c1cccc(Br)c1', 'NCCc1ccc(Br)cc1', 'O=C1CCc2ncc(Br)cc2N1', 'Brc1ccc2oc3ccccc3c2c1', 'CC(O)c1ccc(Br)cc1', 'CC(C)(N)c1ccc(Br)cc1', 'CC(=O)Cc1cccc(Br)c1', 'Cn1cnc2ccc(Br)cc21']"
4,"[75.3, 72.1, 0.0]",1.621019786339288,"['Brc1cccnc1', 'Cc1ccc(Br)cc1', 'FC(F)C(F)(F)Oc1cccc(Br)c1']","['O=C1CC(c2cccc(Br)c2)CC(=O)N1', 'COc1cccc(Br)c1', 'Brc1ccc2nn[nH]c2c1', 'Brc1ccc2c(c1)oc1ccccc12', 'Cc1ccc(Br)cn1', 'Oc1ccnc2ccc(Br)cc12', 'CC(=O)c1cccc(Br)c1', 'OCc1ccc(Br)cc1', 'Brc1cccc(-n2ccnc2)c1', 'C#Cc1ccc(Br)cc1', 'Cc1cc(Br)cnc1C']"
5,"[44.1, 0.3, 85.7]",1.805570531937639,"['Nc1cc(Br)ncn1', 'Oc1ccnc(Br)c1', 'Cc1ccnc(Br)c1']","['COc1cc(Br)cc(OC)c1', 'O=C(c1ccc(Br)cc1)N1CCOCC1', 'Brc1ccc(-c2ncco2)cc1', 'FC(F)(F)c1cncc(Br)c1', 'Brc1cccc2[nH]ncc12', 'CC(=O)Nc1ccc(Br)cc1', 'Brc1cnc2ncoc2c1', 'Cc1cn[nH]c1-c1ccc(Br)cc1', 'Brc1cnc2[nH]ccc2c1', 'Cc1cncc(Br)c1']"
6,"[60.9, 28.3, 17.7]",1.8853994464237627,"['Brc1cncnc1', 'Fc1ccccc1Br', 'Nc1ncncc1Br']","['Nc1nc2cc(Br)ccc2o1', 'Nc1nc2ccc(Br)cc2o1', 'Cc1n[nH]c2cc(Br)ccc12', 'Oc1ccc(Br)cc1', 'Brc1ccc2[nH]cnc2c1', 'Oc1cccc(Br)c1', 'Brc1ccc2cnccc2c1', 'Brc1ccc2cncnc2c1', 'Nc1cc(Br)ccn1', 'C[Si](C)(C)C#Cc1cccc(Br)c1']"
7,"[55.5, 17.2, 15.5]",2.012857307030448,"['Cc1ccc(Br)nc1', 'FC(F)(F)c1ncc(Br)cn1', 'Cn1cc(Br)nn1']","['Brc1cccc2ccoc12', 'Brc1ccc2ncnn2c1', 'Brc1ccc2ncncc2c1', 'Brc1cnc2cc[nH]c2c1', 'Brc1cnc2ncccc2c1', 'Brc1cnc2cccnc2c1', 'Fc1ccc(Br)cc1', 'C=CCc1ccc(Br)c(F)c1', 'OCc1ccc(Br)c(F)c1']"
8,"[11.3, 0.0, 52.4]",2.227664172368199,"['Cc1cncc(Br)n1', 'Brc1ncn[nH]1', 'Nc1nccc(Br)n1']","['COc1ccc2cc(Br)cnc2n1', 'Brc1cccc(-c2nnn[nH]2)c1', 'OC1CCOc2c(Br)cccc21', 'Oc1ncnc2ccc(Br)cc12', 'Oc1ncc(Br)cn1', 'Brc1cnc2[nH]ncc2c1', 'COc1ccccc1Br', 'Cn1cnc2cc(Br)ccc21']"
