,obj_values ['yield'],Vendi_score,eval_samples,cut_samples
0,"[0.0, 67.2, 48.1]",1.5655816033581698,"['CC(C)(C)OC(=O)N1CCN(Cc2ccc(Br)cc2)CC1', 'CC(C)(C)c1cccc(Br)c1', 'O=C1c2ccc(Br)cc2CN1C1CC1']",[]
1,"[12.1, 49.8, 47.6]",1.533827924413201,"['Oc1cccc(Br)c1', 'COc1cccc(Br)c1', 'OCC(O)c1cccc(Br)c1']","['O=C1CC(c2cccc(Br)c2)CC(=O)N1', 'O=C1CCC(Oc2cccc(Br)c2)CC1', 'CC(C)(CO)c1ccc(Br)cn1', 'O=C(c1ccc(Br)cc1)N1CCOCC1', 'CC(C)Sc1ccc(Br)cc1', 'CC1(C)OB(c2ccc(Br)cc2)OC1(C)C', 'OC1Cc2ccc(Br)cc2C1', 'O=C1CCCN1c1ccc(Br)cc1F', 'Brc1ccc([C@@H]2CNCCO2)cc1', 'Brc1ccc(C2CCCN2)cc1', 'O=C1CCCc2ccc(Br)cc2N1', 'O=C1CCc2ccc(Br)cc2N1', 'O=C1CCC(c2cccc(Br)c2)CN1']"
2,"[41.5, 38.0, 0.3]",1.5533087611373364,"['Brc1cccc(Cn2cccn2)c1', 'Brc1cccc(-c2cc[nH]n2)c1', 'Brc1ccc2cncnc2c1']","['CC(C)c1ccc(Br)cc1', 'Brc1cccc(-n2ccnc2)c1', 'O=C1COc2cc(Br)ccc2N1', 'CC(=O)Cc1cccc(Br)c1', 'CC(O)c1ccc(Br)cc1', 'NC1(c2ccc(Br)cc2)CC1', 'O=C1CC(c2ccc(Br)cc2)N1', 'Brc1ccc(C2OCCO2)cc1', 'NCCc1ccc(Br)cc1', 'CC(C)(N)c1ccc(Br)cc1', 'COc1cc(Br)cc(OC)c1', 'CC(C)(C)Oc1ccc(Br)cc1']"
3,"[0.0, 13.6, 0.0]",1.641087994518033,"['Brc1cccc(N2CCCC2)c1', 'Cc1cc(Br)cc(Nc2nccc(C3CC3)n2)c1', 'Nc1cnc(-c2cccc(Br)c2)nc1']","['FCCOc1cncc(Br)c1', 'Brc1ccc2c(c1)oc1ccccc12', 'CNC(=O)c1cccc(Br)c1', 'C#Cc1ccc(Br)cc1', 'Fc1cc(Br)ccc1-c1ccccc1', 'N#CCCc1ccc(Br)cc1', 'N#CC1(c2ccc(Br)cc2)CC1', 'Cn1ccc(-c2cccc(Br)c2)n1', 'Nc1nc2cc(Br)ccc2o1', 'Brc1cccc(-n2cncn2)c1', 'O=C1NCc2cc(Br)ccc21', 'Cn1cnc2ccc(Br)cc21']"
4,"[72.1, 29.7, 59.0]",1.669358706721349,"['Cc1ccc(Br)cc1', 'O=S(=O)(Cc1ccc(Br)cc1)N1CCCC1', 'NS(=O)(=O)Cc1cccc(Br)c1']","['O=C1CN(Cc2cccc(Br)c2)C(=O)N1', 'Nc1nc2ccc(Br)cc2o1', 'CC(=O)N1CCc2cc(Br)ccc21', 'CC(=O)Nc1ccc(Br)cc1', 'CC(=O)c1ccc(Oc2cccc(Br)c2)cc1', 'CC1(C)C(=O)Nc2ccc(Br)cc21', 'Cc1cn[nH]c1-c1ccc(Br)cc1', 'Cc1n[nH]c2cc(Br)ccc12', 'Brc1ccc(-c2nnc[nH]2)cc1', 'Brc1ccc(-c2ncco2)cc1', 'Brc1ccc2oc3ccccc3c2c1']"
5,"[27.8, 36.8, 66.7]",1.7025427962519561,"['C[C@@H](NC(=O)OC(C)(C)C)c1ccc(Br)cc1', 'Oc1ccc(Br)cc1', 'Fc1ccc(Br)cc1']","['O=C1CCCCC1Oc1ccc(Br)cc1', 'Brc1ccc2[nH]cnc2c1', 'C[Si](C)(C)C#Cc1cccc(Br)c1', 'OCc1ccc(Br)cc1', 'Oc1ccnc2ccc(Br)cc12', 'Cc1cc(Br)cnc1C', 'Brc1cccc(-c2nnc(C3CC3)o2)c1', 'Brc1cccc2[nH]ncc12', 'O=C1CCc2ncc(Br)cc2N1', 'CC(C)(C#N)c1ccc(Br)cn1']"
6,"[27.0, 75.3, 25.7]",1.7772850254444077,"['N#Cc1cccc(Br)c1', 'Brc1cccnc1', 'OC(c1ccc(Br)cn1)C(F)(F)F']","['CC(C)(C)OC(=O)Nc1ccc(Br)cn1', 'Brc1cnc2[nH]ccc2c1', 'Cn1cnc2cc(Br)ccc21', 'Cn1nnc(-c2ccc(Br)cn2)n1', 'Cc1ccc(Br)cn1', 'Cc1cncc(Br)c1', 'Brc1ccc(-c2cccs2)cc1', 'FC(F)C(F)(F)Oc1cccc(Br)c1', 'CC(C)(CO)c1cc(Br)ccn1', 'COc1ccc2cc(Br)ccc2n1']"
7,"[47.7, 60.9, 85.9]",1.8181730260386717,"['FC(F)(F)c1cncc(Br)c1', 'Brc1cncnc1', 'Cc1cc(Br)ccn1']","['CS(=O)(=O)c1ccc(Br)cc1', 'Brc1ccc2nn[nH]c2c1', 'Brc1cnc2ncoc2c1', 'Brc1cnc2cc[nH]c2c1', 'Brc1ccc2cnccc2c1', 'O=c1cc(O)c2ccc(Br)cc2o1', 'CC(=O)c1cccc(Br)c1', 'COc1ccc2cc(Br)cnc2n1', 'CC(C)NC(=O)c1ccc(Br)cn1']"
8,"[17.2, 15.5, 0.3]",2.0149946227772753,"['FC(F)(F)c1ncc(Br)cn1', 'Cn1cc(Br)nn1', 'Oc1ccnc(Br)c1']","['Nc1cc(Br)ccn1', 'COc1ncc2cc(Br)ccc2n1', 'Brc1cnc2ncccc2c1', 'Brc1cnc2cccnc2c1', 'O=C1Nc2ccc(Br)cc2C12OCCO2', 'Brc1ccc2ncncc2c1', 'Oc1ncnc2ccc(Br)cc12', 'Brc1ccc2ncnn2c1']"
