,obj_values ['yield'],Vendi_score,eval_samples,cut_samples
0,"[15.5, 21.7, 0.0]",1.605487322324006,"['Cn1cc(Br)nn1', 'Brc1ccc2c(c1)oc1ccccc12', 'CCC(=O)c1ccc(Br)cc1O']",[]
1,"[20.3, 50.2, 0.3]",1.794297613270126,"['CC1(C)C(=O)Nc2ccc(Br)cc21', 'O=C1COc2cc(Br)ccc2N1', 'CCc1cccn2c(Br)cnc12']","['O=c1cc(O)c2ccc(Br)cc2o1', 'FCCOc1cncc(Br)c1', 'O=C1CCCN1c1ccc(Br)cc1F', 'CC(=O)/C=C/c1ccc(Br)cc1', 'CNC(=O)c1cccc(Br)c1', 'Fc1cc(Br)ccc1-c1ccccc1', 'Oc1nccc2cc(Br)cnc12', 'Brc1ccc(-c2ncco2)cc1', 'Brc1cccc(-n2ccnc2)c1', 'O=C1CCCc2ccc(Br)cc2N1', 'O=C1CCc2ccc(Br)cc2N1', 'O=C1NCc2cc(Br)ccc21', 'O=C1c2ccc(Br)cc2CN1C1CC1']"
2,"[16.2, 24.4, 12.1]",1.8323333884147741,"['Oc1ccccc1Br', 'OCc1ccc(Br)cc1', 'Oc1cccc(Br)c1']","['Cc1cn[nH]c1-c1ccc(Br)cc1', 'O=C1CCc2ncc(Br)cc2N1', 'COc1ccc2cc(Br)ccc2n1', 'CC(C)(CO)c1ccc(Br)cn1', 'CC(=O)Cc1cccc(Br)c1', 'Brc1ccc2oc3ccccc3c2c1', 'Brc1cccc2[nH]ncc12', 'Cn1cnc2ccc(Br)cc21', 'Brc1ccc(-c2cccs2)cc1', 'Oc1ccnc2ccc(Br)cc12', 'COc1ncc2cc(Br)ccc2n1', 'O=C1CC(c2ccc(Br)cc2)N1']"
3,"[0.0, 0.0, 0.0]",1.798423916587854,"['FC(F)C(F)(F)Oc1cccc(Br)c1', 'C[Si](C)(C)C#Cc1cccc(Br)c1', 'Brc1ccc(C2OCCO2)cc1']","['CC(C)(N)c1ccc(Br)cc1', 'C#Cc1ccc(Br)cc1', 'OC1Cc2ccc(Br)cc2C1', 'NC1(c2ccc(Br)cc2)CC1', 'NCCc1ccc(Br)cc1', 'Brc1cnc2[nH]ccc2c1', 'CC(O)c1ccc(Br)cc1', 'COc1cccc(Br)c1', 'OCC(O)c1cccc(Br)c1', 'Cc1n[nH]c2cc(Br)ccc12', 'Cc1cc(Br)cnc1C', 'Cc1ccc(Br)cn1']"
4,"[0.0, 21.9, 0.0]",1.8871793726461508,"['CN1CCOc2cc(Br)ccc21', 'Nc1ncc(Br)cn1', 'Brc1cccc(N2CCCC2)c1']","['N#CCCc1ccc(Br)cc1', 'O=C1Nc2ccc(Br)cc2C12OCCO2', 'CC(C)(C)c1cccc(Br)c1', 'CC(C)c1ccc(Br)cc1', 'Brc1cccc(Cn2cccn2)c1', 'O=C1CN(Cc2cccc(Br)c2)C(=O)N1', 'O=C1CCC(c2cccc(Br)c2)CN1', 'CC(C)(C)Oc1ccc(Br)cc1', 'Brc1ccc([C@@H]2CNCCO2)cc1', 'Brc1cccc(-n2cncn2)c1', 'OC1CCOc2c(Br)cccc21']"
5,"[60.9, 0.3, 22.5]",1.9050115452999512,"['Brc1cncnc1', 'Oc1ncc(Br)cn1', 'Oc1ccc(Br)cn1']","['Cc1ccc(Br)cc1', 'Nc1nc2ccc(Br)cc2o1', 'Nc1nc2cc(Br)ccc2o1', 'Brc1ccc(C2CCCN2)cc1', 'Oc1ccc(Br)cc1', 'CC(=O)Nc1ccc(Br)cc1', 'CC(=O)N1CCc2cc(Br)ccc21', 'Cn1ccc(-c2cccc(Br)c2)n1', 'Brc1cccc(-c2cc[nH]n2)c1', 'COc1cc(Br)cc(OC)c1']"
6,"[66.7, 9.2, 85.9]",1.8990365095219388,"['Fc1ccc(Br)cc1', 'Brc1ccc2ncncc2c1', 'Cc1cc(Br)ccn1']","['Brc1cnc2cc[nH]c2c1', 'Cc1cncc(Br)c1', 'Cn1nnc(-c2ccc(Br)cn2)n1', 'N#CC1(c2ccc(Br)cc2)CC1', 'Brc1cnc2ncoc2c1', 'Brc1cnc2[nH]ncc2c1', 'Brc1cccnc1', 'Brc1ccc2ncnn2c1', 'Brc1cccc2ccoc12', 'CC(C)(C#N)c1ccc(Br)cn1']"
7,"[0.3, 52.4, 0.2]",1.9641869616930872,"['Nc1cc(Br)ccn1', 'Nc1nccc(Br)n1', 'Brc1ccnc2ccccc12']","['COc1ccc2cc(Br)cnc2n1', 'Oc1ncnc2ccc(Br)cc12', 'Brc1ccc2cnccc2c1', 'CC(=O)c1cccc(Br)c1', 'Brc1ccc2nn[nH]c2c1', 'Brc1cnc2cccnc2c1', 'C=CCc1ccc(Br)c(F)c1', 'OCc1ccc(Br)c(F)c1', 'COc1ccccc1Br']"
8,"[20.4, 11.3, 44.1]",2.145617008158824,"['Brc1ncccn1', 'Cc1cncc(Br)n1', 'Nc1cc(Br)ncn1']","['CC(C)(CO)c1cc(Br)ccn1', 'Oc1cc2cccc(Br)c2cn1', 'Brc1ccc2cncnc2c1', 'Brc1cccc2cnccc12', 'COc1ccc2nccc(Br)c2c1', 'CSc1ncc(Br)cn1', 'Oc1cnc2cc(Br)ccc2n1', 'FC(F)(F)c1cncc(Br)c1']"
