,obj_values ['yield'],Vendi_score,eval_samples,cut_samples
0,"[0.0, 31.1, 0.0]",1.313453678607569,"['Brc1ccc2nn[nH]c2c1', 'Brc1cccc2ccoc12', 'O=C(c1cccc(Br)c1)C(F)(F)F']",[]
1,"[28.7, 28.3, 10.3]",1.3648359255999136,"['COc1ccccc1Br', 'Fc1ccccc1Br', 'OCc1ccc(Br)c(F)c1']","['FCCOc1cncc(Br)c1', 'Brc1ccc2ncnn2c1', 'Brc1cccc(-n2cncn2)c1', 'CC(=O)c1cccc(Br)c1', 'Brc1cccc2cnccc12', 'CC(C)(C#N)c1ccc(Br)cn1', 'Brc1cnc2ncccc2c1', 'Brc1cccc2[nH]ncc12', 'Brc1ccc2cncnc2c1', 'Oc1ccnc2ccc(Br)cc12', 'Brc1cnc2ncoc2c1', 'Brc1ccc2ncncc2c1', 'O=C1CCc2ncc(Br)cc2N1']"
2,"[0.0, 0.0, 28.3]",1.5840832267675244,"['COc1nccc(N)c1Br', 'Oc1ccc2cccnc2c1Br', 'Brc1cccc2[nH]cnc12']","['Brc1cncc2ccccc12', 'Brc1cnc2[nH]ncc2c1', 'OC1CCOc2c(Br)cccc21', 'Oc1ncc(Br)cn1', 'Brc1cnc2[nH]ccc2c1', 'C=CCc1ccc(Br)c(F)c1', 'Cc1cncc(Br)c1', 'Brc1cccnc1', 'Cc1cc(Br)cnc1C', 'O=C1CC(c2ccc(Br)cc2)N1', 'Cc1ccc(Br)cn1', 'Brc1ccc2cnnn2c1']"
3,"[15.5, 81.1, 0.3]",1.9146583768090308,"['Cn1cc(Br)nn1', 'Brc1cnc2ncccn12', 'Nc1cc(Br)ccn1']","['Nc1c(F)cncc1Br', 'N#CC1(c2ccc(Br)cc2)CC1', 'COc1ccc2cc(Br)cnc2n1', 'Brc1cccc2cncnc12', 'Nc1ncncc1Br', 'Nc1ncc(Br)cn1', 'CSc1ncc(Br)cn1', 'Brc1cnc2cc[nH]c2c1', 'Brc1cncc2[nH]ccc12', 'Oc1ccc(Br)cn1', 'O=C1CCc2cccc(Br)c2N1', 'Cn1cnc2ccc(Br)cc21']"
4,"[22.0, 0.3, 0.6]",2.0343201289595463,"['Brc1cc2ncccc2[nH]1', 'CCc1cccn2c(Br)cnc12', 'Nc1ncnn2c(Br)ccc12']","['Nc1nc2ccc(Br)cc2o1', 'N#CCCc1ccc(Br)cc1', 'CC(=O)c1cc(Br)cs1', 'O=C1COc2cc(Br)ccc2N1', 'O=C1CCc2ccc(Br)cc2N1', 'C#Cc1ccc(Br)cc1', 'Brc1ccc(-c2ncco2)cc1', 'CNC(=O)c1cccc(Br)c1', 'Brc1cccc2nccnc12', 'COc1cccc(Br)c1', 'Oc1ccc(Br)cc1']"
5,"[30.6, 0.0, 0.6]",2.1475904123898433,"['N#Cc1cc(Br)cs1', 'Fc1ncc(Br)c(F)n1', 'O=c1[nH]cc(Br)c(=O)[nH]1']","['CC(=O)Nc1ccc(Br)cc1', 'CC(C)(CO)c1ccc(Br)cn1', 'Brc1cccc(-n2ccnc2)c1', 'Brc1csc2cnccc12', 'COc1ccc2[nH]cc(Br)c2n1', 'FC(F)(F)c1cc(Br)c2nc[nH]c2c1', 'Brc1cnc2nccn2c1', 'Oc1ccccc1Br', 'Cc1ccc(Br)cc1', 'NCCc1ccc(Br)cc1']"
6,"[63.4, 28.9, 43.5]",2.369565563107855,"['Fc1ccc(Br)nc1', 'Oc1ccc(Br)nc1', 'Brc1ccc2[nH]ccc2n1']","['FC(F)(F)c1cncc(Br)c1', 'Brc1cnc2cncn2c1', 'Brc1cnn(-c2ccncc2)c1', 'Cc1cn2cc(F)cc(Br)c2n1', 'Brc1cccc2ncncc12', 'Cn1nnc(-c2ccc(Br)cn2)n1', 'Brc1cnc(Oc2cccnc2)nc1', 'CC(=O)Nc1ncc(F)cc1Br', 'Brc1cncnc1', 'Brc1cnn(-c2ncccn2)c1']"
7,"[20.4, 5.9, 11.3]",2.5639319943041228,"['Brc1ncccn1', 'Brc1ccn2nccc2n1', 'Cc1cncc(Br)n1']","['Oc1ncnc2ccc(Br)cc12', 'Fc1ccc(Br)cc1', 'Brc1cn2ccnc2cn1', 'Brc1ccc2[nH]cnc2c1', 'Oc1cnc2cc(Br)ccc2n1', 'OCC(O)c1cccc(Br)c1', 'CC(O)c1ccc(Br)cc1', 'Cn1cnc2cc(Br)ccc21', 'Brc1cccc(-c2cc[nH]n2)c1']"
8,"[7.5, 17.3, 0.3]",2.5739084323892722,"['Brc1cccc(-c2nnn[nH]2)c1', 'COc1ccc2cc(Br)ncc2n1', 'Oc1ccnc(Br)c1']","['O=C1CCCc2ccc(Br)cc2N1', 'COc1cccnc1Br', 'N#Cc1cccc(Br)c1', 'Brc1cccc2nccn12', 'OC1Cc2ccc(Br)cc2C1', 'O=C1NCc2cc(Br)ccc21', 'Oc1cccc(Br)n1', 'Brc1ccc2oc3ccccc3c2c1']"
