,obj_values ['yield'],Vendi_score,eval_samples,cut_samples
0,"[27.8, 1.5, 0.0]",1.5480025628054235,"['C[C@@H](NC(=O)OC(C)(C)C)c1ccc(Br)cc1', 'CC(C)(C)OC(=O)N1CCN(c2ncc(Br)cn2)CC1', 'O=S(=O)(Nc1ccccc1Br)C(F)(F)F']",[]
1,"[0.0, 22.0, 0.0]",1.5732991114368964,"['Brc1ccc(C2CCCN2)cc1', 'O=C1CCC(Oc2cccc(Br)c2)CC1', 'Brc1ccc([C@@H]2CNCCO2)cc1']","['O=C(OCc1ccccc1)N1CCc2ncc(Br)cc2C1', 'C[Si](C)(C)C#Cc1cccc(Br)c1', 'O=C1CN(Cc2cccc(Br)c2)C(=O)N1', 'O=C1CCC(c2cccc(Br)c2)CN1', 'O=S(=O)(Cc1ccc(Br)cc1)N1CCCC1', 'CC(C)(C)OC(=O)n1cc(CO)c2c(Br)cccc21', 'CC(C)(C)OC(=O)Nc1ccc(Br)cn1', 'CC(C)(C)OC(=O)NC1(c2ccc(Br)cc2)CC(=O)C1', 'CC(C)(C)OC(=O)N1CCOc2ccc(Br)cc2C1', 'CC1(C)OB(c2ccc(Br)cc2)OC1(C)C', 'CC(C)(C)OC(=O)N1CCCCC1c1ccc(Br)cc1', 'CCOP(=O)(Cc1ccc(Br)cn1)OCC', 'CCCc1cc(NC(=O)OC(C)(C)C)c2cc(Br)ccc2n1']"
2,"[13.6, 0.0, 19.0]",1.674241509388118,"['Cc1cc(Br)cc(Nc2nccc(C3CC3)n2)c1', 'CC(C)(C)OC(=O)N1CCC(Nc2ccc(Br)cc2)CC1', 'CC(=O)c1ccc(Oc2cccc(Br)c2)cc1']","['O=C1CC(c2ccc(Br)cc2)N1', 'O=C1CCCc2ccc(Br)cc2N1', 'OC1Cc2ccc(Br)cc2C1', 'O=C(c1ccc(Br)cc1)N1CCOCC1', 'Brc1ccc(C2OCCO2)cc1', 'Brc1cccc(Cn2cccn2)c1', 'O=C1CC(c2cccc(Br)c2)CC(=O)N1', 'Cn1ccc(-c2cccc(Br)c2)n1', 'O=C1CCCN1c1ccc(Br)cc1F', 'CC(C)(CO)c1ccc(Br)cn1', 'Fc1cc(Br)ccc1-c1ccccc1', 'CC(C)(C)Oc1ccc(Br)cc1']"
3,"[0.0, 69.7, 1.5]",1.7466609791077463,"['CC(=O)CC(=O)c1ccc(Br)cc1', 'CC(C)(CO)c1cc(Br)ccn1', 'Brc1ccc(-c2nnc(-c3ccccc3)o2)cc1']","['Brc1cccc(-c2nnc(C3CC3)o2)c1', 'CC(C)Sc1ccc(Br)cc1', 'CC(=O)N1CCc2cc(Br)ccc21', 'O=C(NCc1ccccc1)c1ccc(Br)cn1', 'Brc1ccc(-c2nc3ccccc3[nH]2)cc1', 'O=C1c2ccc(Br)cc2CN1C1CC1', 'O=C1CCc2ccc(Br)cc2N1', 'Brc1ccc2c(c1)oc1ccccc12', 'Brc1ccc2oc3ccccc3c2c1', 'COc1ccc(Cn2cnc3cc(Br)ccc32)cc1', 'Brc1cccc(-c2cc[nH]n2)c1', 'O=C1CCCCC1Oc1ccc(Br)cc1']"
4,"[29.0, 85.9, 49.9]",1.8170533546964038,"['Brc1cccc2[nH]ncc12', 'Cc1cc(Br)ccn1', 'FCCOc1cncc(Br)c1']","['Brc1ccc(-c2nc3cnccc3[nH]2)cc1', 'Brc1cccc(-n2ccnc2)c1', 'CC(=O)Cc1cccc(Br)c1', 'CC1(C)C(=O)Nc2ccc(Br)cc21', 'CNC(=O)c1cccc(Br)c1', 'Cc1cn[nH]c1-c1ccc(Br)cc1', 'Cn1nnc(-c2ccc(Br)cn2)n1', 'Nc1cnc(-c2cccc(Br)c2)nc1', 'O=C1Nc2ccc(Br)cc2C12OCCO2', 'Brc1ccc(-c2cccs2)cc1', 'O=C1CCc2ncc(Br)cc2N1']"
5,"[18.5, 0.3, 0.6]",2.0229135089766555,"['Cc1cn2cc(F)cc(Br)c2n1', 'Nc1cc(Br)ccn1', 'Brc1cc2ncncc2s1']","['NC1(c2ccc(Br)cc2)CC1', 'CC(C)(C#N)c1ccc(Br)cn1', 'CC(C)(C)c1cccc(Br)c1', 'NCCc1ccc(Br)cc1', 'OCC(O)c1cccc(Br)c1', 'O=C1COc2cc(Br)ccc2N1', 'Brc1cccc(-n2cncn2)c1', 'Brc1ccc(-c2ncco2)cc1', 'O=C1NCc2cc(Br)ccc21', 'N#CCCc1ccc(Br)cc1']"
6,"[75.3, 67.6, 47.7]",2.0160084939389846,"['Brc1cccnc1', 'Cc1cncc(Br)c1', 'FC(F)(F)c1cncc(Br)c1']","['N#CC1(c2ccc(Br)cc2)CC1', 'Oc1ccnc2ccc(Br)cc12', 'COc1cccc(Br)c1', 'Brc1ccc2cnccc2c1', 'Cn1cnc2ccc(Br)cc21', 'O=c1cc(O)c2ccc(Br)cc2o1', 'CC(C)NC(=O)c1ccc(Br)cn1', 'COc1ccc2cc(Br)ccc2n1', 'COc1cc(Br)cc(OC)c1', 'COc1ncc2cc(Br)ccc2n1']"
7,"[60.9, 22.5, 28.3]",2.049760804800103,"['Brc1cncnc1', 'Oc1ccc(Br)cn1', 'Fc1ccccc1Br']","['CC(=O)Nc1ccc(Br)cc1', 'Cc1cc(Br)cnc1C', 'Cc1ccc(Br)cn1', 'C#Cc1ccc(Br)cc1', 'CC(O)c1ccc(Br)cc1', 'CC(C)c1ccc(Br)cc1', 'FC(F)C(F)(F)Oc1cccc(Br)c1', 'CC(=O)c1cccc(Br)c1', 'Brc1cnc2ncoc2c1']"
8,"[0.3, 16.2, 0.3]",2.076798956072084,"['Brc1cccc2ncncc12', 'Oc1ccccc1Br', 'Oc1ncc(Br)cn1']","['Brc1cnc2cccnc2c1', 'OC1CCOc2c(Br)cccc21', 'Brc1ccc2nn[nH]c2c1', 'Brc1cnc(Oc2cccnc2)nc1', 'Brc1ccc2ncnn2c1', 'Brc1cnc2[nH]ccc2c1', 'CC(C)(N)c1ccc(Br)cc1', 'COc1ccc2cc(Br)cnc2n1']"
