,obj_values ['yield'],Vendi_score,eval_samples,cut_samples
0,"[75.2, 27.0, 28.9]",1.474527543061926,"['CNC(=O)c1ccnc(Br)c1', 'N#Cc1cccc(Br)c1', 'Oc1ccc(Br)nc1']",[]
1,"[14.2, 0.0, 18.3]",1.5770510700127531,"['Brc1ccc2ncccc2n1', 'FC(F)(F)c1cnc2nc(Br)ccc2c1', 'Cc1ccc2ccc(Br)nc2n1']","['Fc1ccc(Br)nc1', 'Brc1cccc(-c2nnn[nH]2)c1', 'COc1cccnc1Br', 'Cc1ccc(Br)nc1', 'Brc1ccc2ccncc2n1', 'Brc1cn2ccnc2cn1', 'Oc1cccc(Br)n1', 'Cc1ccnc(Br)c1', 'COc1ccc2cc(Br)ncc2n1', 'Oc1ccnc(Br)c1', 'Cc1cncc(Br)n1', 'Brc1ccc2nn[nH]c2c1', 'Brc1ccc2[nH]ccc2n1']"
2,"[34.1, 69.7, 16.8]",1.880800154287765,"['CC(C)(C)OC(=O)NCc1cccc(Br)n1', 'Brc1cccc(-n2ccnc2)c1', 'FC(F)(F)c1ccnc(Nc2cccc(Br)c2)n1']","['COc1cc2ccc(Br)nc2cn1', 'Brc1ccn2nccc2n1', 'FC(F)(F)c1cnc2cc(Br)ncc2n1', 'Nc1cc(Br)ncn1', 'Nc1nccc(Br)n1', 'Brc1cccc(-n2cncn2)c1', 'Brc1nncc2ccccc12', 'Brc1cnc2ccccc2n1', 'FC(F)(F)c1ccc2cc(Br)ncc2n1', 'Brc1ncnc2ccccc12', 'COc1ccc2nc(Br)ccc2n1', 'Brc1ccc2cccnc2n1']"
3,"[16.8, 0.0, 85.9]",2.072531303752621,"['COc1cc(Br)cc(OC)c1', 'Brc1ccc(CN2CCNCC2)cc1', 'Cc1cc(Br)ccn1']","['CC(=O)c1cccc(Br)c1', 'O=C1NCc2cc(Br)ccc21', 'Brc1cccc(-c2nnc(C3CC3)o2)c1', 'Brc1ccc2cncnc2c1', 'N#CC1(c2ccc(Br)cc2)CC1', 'Fc1cc(Br)ccc1-c1ccccc1', 'O=C1c2ccc(Br)cc2CN1C1CC1', 'CNC(=O)c1cccc(Br)c1', 'Oc1ccnc2ccc(Br)cc12', 'Brc1ccc2c(c1)oc1ccccc12', 'CCC(=O)c1ccc(Br)cc1O', 'O=c1cc(O)c2ccc(Br)cc2o1']"
4,"[47.7, 60.9, 17.2]",2.1711887109330728,"['FC(F)(F)c1cncc(Br)c1', 'Brc1cncnc1', 'FC(F)(F)c1ncc(Br)cn1']","['FCCOc1cncc(Br)c1', 'COc1cccc(Br)c1', 'Brc1ccc2cnccc2c1', 'O=C1CC(c2ccc(Br)cc2)N1', 'O=C1CCc2ccc(Br)cc2N1', 'O=C(c1ccc(Br)cc1)N1CCOCC1', 'O=C1CCCc2ccc(Br)cc2N1', 'Brc1ccc(-c2ncco2)cc1', 'O=C1CCCN1c1ccc(Br)cc1F', 'Brc1cccc(-c2cc[nH]n2)c1', 'CC(=O)Cc1cccc(Br)c1']"
5,"[75.3, 0.3, 12.1]",2.125342511212827,"['Brc1cccnc1', 'Nc1cc(Br)ccn1', 'Oc1cccc(Br)c1']","['CC(C)(CO)c1cc(Br)ccn1', 'N#CCCc1ccc(Br)cc1', 'O=C1CCc2ncc(Br)cc2N1', 'Brc1ccc2ncncc2c1', 'CC(=O)CC(=O)c1ccc(Br)cc1', 'C#Cc1ccc(Br)cc1', 'CC(C)(C#N)c1ccc(Br)cn1', 'Cn1nnc(-c2ccc(Br)cn2)n1', 'Cc1cncc(Br)c1', 'Brc1cnc2ncoc2c1']"
6,"[28.4, 60.2, 0.0]",2.118648809281163,"['Brc1ccc(-n2cnnc2)nc1', 'O=C1CC(c2cccc(Br)c2)CC(=O)N1', 'FC(F)(F)Sc1ccc(Br)cc1']","['CC(C)(CO)c1ccc(Br)cn1', 'Cc1cc(Br)cnc1C', 'Cc1cn[nH]c1-c1ccc(Br)cc1', 'Cn1cnc2ccc(Br)cc21', 'Cc1ccc(Br)cn1', 'NCCc1ccc(Br)cc1', 'O=C1COc2cc(Br)ccc2N1', 'OCC(O)c1cccc(Br)c1', 'Brc1cnc2cccnc2c1', 'Cc1n[nH]c2cc(Br)ccc12']"
7,"[22.0, 72.1, 15.5]",2.230237892803747,"['O=C1CCC(Oc2cccc(Br)c2)CC1', 'Cc1ccc(Br)cc1', 'Cn1cc(Br)nn1']","['COc1ncc2cc(Br)ccc2n1', 'Brc1ccc(C2OCCO2)cc1', 'CC(C)Sc1ccc(Br)cc1', 'Brc1cccc(Cn2cccn2)c1', 'Brc1ccc(-c2nnc[nH]2)cc1', 'Brc1cnc2ncccc2c1', 'CC(C)NC(=O)c1ccc(Br)cn1', 'O=C1CCC(c2cccc(Br)c2)CN1', 'Brc1cccc2[nH]ncc12']"
8,"[66.7, 24.4, 0.0]",2.189347479740984,"['Fc1ccc(Br)cc1', 'OCc1ccc(Br)cc1', 'CC(C)(N)c1ccc(Br)cc1']","['CC(O)c1ccc(Br)cc1', 'Brc1ccc(C2CCCN2)cc1', 'OC1Cc2ccc(Br)cc2C1', 'Brc1ccc([C@@H]2CNCCO2)cc1', 'NC1(c2ccc(Br)cc2)CC1', 'Brc1ccc2oc3ccccc3c2c1', 'Cn1ccc(-c2cccc(Br)c2)n1', 'CC(C)(C)c1cccc(Br)c1']"
