,obj_values ['yield'],Vendi_score,eval_samples,cut_samples
0,"[43.8, 34.1, 0.0]",1.246607827037271,"['CC(C)(C#N)c1ccc(Br)cn1', 'Cc1cc(Br)cnc1C', 'Brc1ccc(N2CCOCC2)nc1']",[]
1,"[75.3, 9.0, 8.9]",1.3437542154701132,"['Brc1cccnc1', 'Brc1cnc2ncccc2c1', 'Oc1nccc2cc(Br)cnc12']","['CC1(C)C(=O)Nc2ccc(Br)cc21', 'FCCOc1cncc(Br)c1', 'O=C1CCc2ncc(Br)cc2N1', 'CNC(=O)c1cccc(Br)c1', 'CC(C)(CO)c1ccc(Br)cn1', 'Cc1ccc(Br)cn1', 'Cc1cncc(Br)c1', 'Brc1cnc2[nH]ccc2c1', 'O=C1CCc2ccc(Br)cc2N1', 'O=C1CCCc2ccc(Br)cc2N1', 'O=C1COc2cc(Br)ccc2N1', 'NCCc1ccc(Br)cc1', 'O=C1CC(c2ccc(Br)cc2)N1']"
2,"[36.8, 47.7, 66.7]",1.4319887569788898,"['Oc1ccc(Br)cc1', 'FC(F)(F)c1cncc(Br)c1', 'Fc1ccc(Br)cc1']","['Brc1cnc2cccnc2c1', 'Brc1cnc2ncoc2c1', 'C#Cc1ccc(Br)cc1', 'Brc1cccc(-n2ccnc2)c1', 'CC(=O)c1cccc(Br)c1', 'Brc1ccc(-c2ncco2)cc1', 'Cn1nnc(-c2ccc(Br)cn2)n1', 'COc1ncc2cc(Br)ccc2n1', 'Brc1cccc2[nH]ncc12', 'Oc1ccnc2ccc(Br)cc12', 'COc1ccc2cc(Br)cnc2n1', 'O=C1NCc2cc(Br)ccc21']"
3,"[60.9, 85.9, 12.1]",1.4747726824475753,"['Brc1cncnc1', 'Cc1cc(Br)ccn1', 'Oc1cccc(Br)c1']","['Brc1ccc2nn[nH]c2c1', 'CC(O)c1ccc(Br)cc1', 'N#CCCc1ccc(Br)cc1', 'CC(=O)Cc1cccc(Br)c1', 'Brc1ccc2ncnn2c1', 'Cc1ccc(Br)cc1', 'Brc1ccc2oc3ccccc3c2c1', 'OCc1ccc(Br)cc1', 'Brc1cnc2cc[nH]c2c1', 'N#CC1(c2ccc(Br)cc2)CC1', 'Brc1cccc(-n2cncn2)c1', 'OCC(O)c1cccc(Br)c1']"
4,"[27.0, 30.6, 69.7]",1.6291348595630843,"['N#Cc1cccc(Br)c1', 'N#Cc1cc(Br)cs1', 'CC(C)(CO)c1cc(Br)ccn1']","['Oc1ncc(Br)cn1', 'Brc1cnc2[nH]ncc2c1', 'NC1(c2ccc(Br)cc2)CC1', 'Brc1ccc2cnccc2c1', 'Fc1cc(Br)ccc1-c1ccccc1', 'Cc1n[nH]c2cc(Br)ccc12', 'Brc1ccc2ncncc2c1', 'Brc1ccc2cncnc2c1', 'Oc1ccc(Br)cn1', 'CC(C)(N)c1ccc(Br)cc1', 'COc1cccc(Br)c1']"
5,"[67.2, 17.2, 15.5]",1.7706199374024312,"['CC(C)(C)c1cccc(Br)c1', 'FC(F)(F)c1ncc(Br)cn1', 'Cn1cc(Br)nn1']","['Brc1cccc2ccoc12', 'CSc1ncc(Br)cn1', 'Brc1ccc2cnnn2c1', 'CC(C)c1ccc(Br)cc1', 'Oc1cnc2cc(Br)ccc2n1', 'Oc1ncnc2ccc(Br)cc12', 'Brc1ccc(C2OCCO2)cc1', 'Cc1cn[nH]c1-c1ccc(Br)cc1', 'Cn1cnc2ccc(Br)cc21', 'OC1Cc2ccc(Br)cc2C1']"
6,"[43.9, 0.0, 16.2]",1.8117766311118024,"['O=C1CN(Cc2cccc(Br)c2)C(=O)N1', 'FC(F)C(F)(F)Oc1cccc(Br)c1', 'Oc1ccccc1Br']","['CC(C)(C)Oc1ccc(Br)cc1', 'Brc1cccc(-c2cc[nH]n2)c1', 'Brc1cccc(Cn2cccn2)c1', 'OCc1ccc(Br)c(F)c1', 'Fc1ccccc1Br', 'Brc1ccc2c(c1)oc1ccccc12', 'Brc1cnc(Oc2cccnc2)nc1', 'Brc1ccc(C2CCCN2)cc1', 'O=C1CCCN1c1ccc(Br)cc1F', 'C=CCc1ccc(Br)c(F)c1']"
7,"[0.3, 3.6, 0.0]",1.8744388904270077,"['COc1ccc2nccc(Br)c2c1', 'CC(C)Sc1ccc(Br)cc1', 'Brc1ccc(CN2CCOCC2)cc1']","['Brc1cccc2cnccc12', 'Nc1nc2ccc(Br)cc2o1', 'Nc1ncc(Br)cn1', 'OC1CCOc2c(Br)cccc21', 'COc1ccccc1Br', 'COc1ccc2cc(Br)ccc2n1', 'CC(=O)Nc1ccc(Br)cc1', 'Brc1ccc([C@@H]2CNCCO2)cc1', 'O=C1CCC(c2cccc(Br)c2)CN1']"
8,"[27.8, 39.9, 0.3]",2.0054067169567844,"['C[C@@H](NC(=O)OC(C)(C)C)c1ccc(Br)cc1', 'Brc1csc2cnccc12', 'Brc1cnn2ccccc12']","['Brc1cncc2ccccc12', 'O=C(c1ccc(Br)cc1)N1CCOCC1', 'Brc1ccnc2ccccc12', 'O=C1CC(c2cccc(Br)c2)CC(=O)N1', 'Brc1ccc(-c2cccs2)cc1', 'Brc1cccc(-c2nnc(C3CC3)o2)c1', 'O=C1c2ccc(Br)cc2CN1C1CC1', 'CC(=O)CC(=O)c1ccc(Br)cc1']"
