,obj_values ['yield'],Vendi_score,eval_samples,cut_samples
0,"[1.4, 52.4, 51.7]",1.6071057762296768,"['Brc1cnc2cncn2c1', 'Nc1nccc(Br)n1', 'Brc1cncc2[nH]ccc12']",[]
1,"[28.3, 28.7, 44.1]",1.6631448632588772,"['Brc1cccc2[nH]cnc12', 'COc1ccccc1Br', 'Nc1cc(Br)ncn1']","['Cn1cnc2ccc(Br)cc21', 'Brc1ccc(-c2ncco2)cc1', 'Cc1cc(Br)cnc1C', 'Brc1cnc2ncoc2c1', 'Brc1cccc(-n2ccnc2)c1', 'Brc1cnc2cc[nH]c2c1', 'Brc1cnc2[nH]ccc2c1', 'FCCOc1cncc(Br)c1', 'Brc1ccc2cnnn2c1', 'Oc1nccc2cc(Br)cnc12', 'C#Cc1ccc(Br)cc1', 'Brc1cnc2nccn2c1', 'Brc1cccc2[nH]ncc12']"
2,"[0.3, 23.7, 85.7]",1.7388529773892842,"['Oc1ccnc(Br)c1', 'Nc1nc2cc(Br)ccc2o1', 'Cc1ccnc(Br)c1']","['Brc1cccc(-c2cc[nH]n2)c1', 'Brc1ccc2nn[nH]c2c1', 'O=C1CCc2ccc(Br)cc2N1', 'Cc1cncc(Br)c1', 'CC(=O)Nc1ccc(Br)cc1', 'Brc1ccc2[nH]cnc2c1', 'CNC(=O)c1cccc(Br)c1', 'Nc1nc2ccc(Br)cc2o1', 'Cc1ccc(Br)cn1', 'Brc1cccc2ccoc12', 'O=C1CCc2cccc(Br)c2N1', 'COc1cccc(Br)c1']"
3,"[18.3, 58.4, 0.3]",1.838793176582943,"['Cc1ccc2ccc(Br)nc2n1', 'Brc1ccc2cccnc2n1', 'Brc1ccc2ccncc2n1']","['NCCc1ccc(Br)cc1', 'N#CC1(c2ccc(Br)cc2)CC1', 'COc1cc(Br)cc(OC)c1', 'N#CCCc1ccc(Br)cc1', 'O=C1CCCc2ccc(Br)cc2N1', 'OC1Cc2ccc(Br)cc2C1', 'Oc1cccc(Br)n1', 'Cc1ccc(Br)cc1', 'Cc1ccc(Br)nc1', 'O=C1CC(c2ccc(Br)cc2)N1', 'Cn1cnc2cc(Br)ccc21', 'Cn1ccc(-c2cccc(Br)c2)n1']"
4,"[12.1, 0.3, 85.9]",1.8936611072760257,"['Oc1cccc(Br)c1', 'Nc1cc(Br)ccn1', 'Cc1cc(Br)ccn1']","['O=C1NCc2cc(Br)ccc21', 'Cc1cncc(Br)n1', 'CNC(=O)c1ccnc(Br)c1', 'COc1cccnc1Br', 'Brc1ccc2ncccc2n1', 'CC(=O)c1cccc(Br)c1', 'Brc1cnc2ccccc2n1', 'Brc1cn2ccnc2cn1', 'Oc1ccc(Br)nc1', 'O=C1CCCN1c1ccc(Br)cc1F', 'Brc1ccn2nccc2n1']"
5,"[60.9, 69.7, 0.3]",1.9657490494814613,"['Brc1cncnc1', 'CC(C)(CO)c1cc(Br)ccn1', 'Brc1ncnc2ccccc12']","['Brc1ccc2cnccc2c1', 'OCC(O)c1cccc(Br)c1', 'CCC(=O)c1ccc(Br)cc1O', 'CC(O)c1ccc(Br)cc1', 'Brc1cccc(-n2cncn2)c1', 'CC(=O)Cc1cccc(Br)c1', 'Oc1ccc(Br)cc1', 'O=C1COc2cc(Br)ccc2N1', 'Brc1cccnc1', 'Cc1n[nH]c2cc(Br)ccc12']"
6,"[28.4, 17.2, 0.0]",2.114407182553256,"['Brc1ccc(-n2cnnc2)nc1', 'FC(F)(F)c1ncc(Br)cn1', 'Fc1ncc(Br)c(F)n1']","['CC(C)(CO)c1ccc(Br)cn1', 'Brc1ccc2ncncc2c1', 'Brc1ccc(C2OCCO2)cc1', 'Oc1ccnc2ccc(Br)cc12', 'Brc1ccc2cncnc2c1', 'Brc1ccc2c(c1)oc1ccccc12', 'Brc1cnc2ncccc2c1', 'O=C1CCc2ncc(Br)cc2N1', 'Fc1cc(Br)ccc1-c1ccccc1', 'CC(C)(C#N)c1ccc(Br)cn1']"
7,"[67.2, 53.1, 0.0]",2.156395576478398,"['CC(C)(C)c1cccc(Br)c1', 'CC(C)c1ccc(Br)cc1', 'Brc1ccc(CN2CCOCC2)cc1']","['Brc1ccc(-c2nnc[nH]2)cc1', 'O=C1c2ccc(Br)cc2CN1C1CC1', 'Brc1cnc2cccnc2c1', 'FC(F)(F)c1cncc(Br)c1', 'O=c1cc(O)c2ccc(Br)cc2o1', 'Brc1cccc2cncnc12', 'Brc1ccc2ncnn2c1', 'Cn1nnc(-c2ccc(Br)cn2)n1', 'Brc1cccc(Cn2cccn2)c1']"
8,"[16.2, 17.7, 66.7]",2.200841461907105,"['Oc1ccccc1Br', 'Nc1ncncc1Br', 'Fc1ccc(Br)cc1']","['CC(C)(N)c1ccc(Br)cc1', 'NC1(c2ccc(Br)cc2)CC1', 'O=C1CCC(c2cccc(Br)c2)CN1', 'OCc1ccc(Br)cc1', 'CC(C)(C)Oc1ccc(Br)cc1', 'Brc1ccc(C2CCCN2)cc1', 'Brc1ccc([C@@H]2CNCCO2)cc1', 'Cc1cn[nH]c1-c1ccc(Br)cc1']"
