,obj_values ['yield'],Vendi_score,eval_samples,cut_samples
0,"[53.1, 34.1, 0.0]",1.4970285670496715,"['CC(C)c1ccc(Br)cc1', 'Cc1cc(Br)cnc1C', 'O=C(Nc1ccc(Br)c(F)c1)c1ccccn1']",[]
1,"[0.0, 0.0, 19.1]",1.3970310579862641,"['NC1(c2ccc(Br)cc2)CC1', 'Brc1ccc(C2CCCN2)cc1', 'CC(O)c1ccc(Br)cc1']","['Cn1cnc2ccc(Br)cc21', 'Brc1cccc(-c2cc[nH]n2)c1', 'Brc1cnc2[nH]ccc2c1', 'FCCOc1cncc(Br)c1', 'O=C1CCCN1c1ccc(Br)cc1F', 'CC(C)(C)Oc1ccc(Br)cc1', 'CC(=O)Nc1ccc(Br)cc1', 'CC(C)(CO)c1ccc(Br)cn1', 'NCCc1ccc(Br)cc1', 'N#CCCc1ccc(Br)cc1', 'O=C1CC(c2ccc(Br)cc2)N1', 'O=C1CCCc2ccc(Br)cc2N1', 'OC1Cc2ccc(Br)cc2C1']"
2,"[75.3, 77.6, 67.6]",1.3929413289439896,"['Brc1cccnc1', 'Cc1ccc(Br)cn1', 'Cc1cncc(Br)c1']","['O=C1CCc2ccc(Br)cc2N1', 'CC(C)(C)c1cccc(Br)c1', 'Cn1ccc(-c2cccc(Br)c2)n1', 'Brc1ccc(C2OCCO2)cc1', 'OCc1ccc(Br)cc1', 'Brc1ccc([C@@H]2CNCCO2)cc1', 'CC(C)(N)c1ccc(Br)cc1', 'CC1(C)C(=O)Nc2ccc(Br)cc21', 'O=C1COc2cc(Br)ccc2N1', 'Brc1cccc(Cn2cccn2)c1', 'O=C1CCC(c2cccc(Br)c2)CN1', 'OCC(O)c1cccc(Br)c1']"
3,"[17.2, 0.3, 60.9]",1.5112602671913296,"['FC(F)(F)c1ncc(Br)cn1', 'Oc1ncc(Br)cn1', 'Brc1cncnc1']","['CC(=O)Cc1cccc(Br)c1', 'O=C1CCc2ncc(Br)cc2N1', 'C#Cc1ccc(Br)cc1', 'CC(C)(C#N)c1ccc(Br)cn1', 'COc1cccc(Br)c1', 'Brc1ccc2oc3ccccc3c2c1', 'N#CC1(c2ccc(Br)cc2)CC1', 'Brc1cccc(-n2cncn2)c1', 'CNC(=O)c1cccc(Br)c1', 'Oc1cccc(Br)c1', 'Cc1ccc(Br)cc1', 'Brc1cccc2[nH]ncc12']"
4,"[66.7, 27.0, 85.9]",1.5787097558261922,"['Fc1ccc(Br)cc1', 'N#Cc1cccc(Br)c1', 'Cc1cc(Br)ccn1']","['Brc1ccc2ncnn2c1', 'Fc1cc(Br)ccc1-c1ccccc1', 'CC(=O)c1cccc(Br)c1', 'Oc1ccnc2ccc(Br)cc12', 'Oc1ccc(Br)cc1', 'FC(F)(F)c1cncc(Br)c1', 'O=C1NCc2cc(Br)ccc21', 'Brc1ccc2nn[nH]c2c1', 'Brc1cnc2cc[nH]c2c1', 'Brc1cnc2ncoc2c1', 'Cn1nnc(-c2ccc(Br)cn2)n1']"
5,"[0.3, 85.7, 44.1]",1.7481744132431687,"['Nc1cc(Br)ccn1', 'Cc1ccnc(Br)c1', 'Nc1cc(Br)ncn1']","['C=CCc1ccc(Br)c(F)c1', 'Oc1ccc(Br)cn1', 'Brc1cccc2ccoc12', 'Brc1cccc(-n2ccnc2)c1', 'Brc1cnc2cccnc2c1', 'Brc1ccc(-c2ncco2)cc1', 'Brc1cnc2ncccc2c1', 'OCc1ccc(Br)c(F)c1', 'COc1ccc2cc(Br)cnc2n1', 'Brc1cnc2[nH]ncc2c1']"
6,"[15.5, 0.3, 55.5]",1.9149247736046384,"['Cn1cc(Br)nn1', 'Oc1ccnc(Br)c1', 'Cc1ccc(Br)nc1']","['Nc1nc2cc(Br)ccc2o1', 'Cc1cn[nH]c1-c1ccc(Br)cc1', 'CC(C)(CO)c1cc(Br)ccn1', 'Cc1n[nH]c2cc(Br)ccc12', 'Brc1ccc2cnccc2c1', 'Oc1ncnc2ccc(Br)cc12', 'Brc1ccc2[nH]cnc2c1', 'COc1cc(Br)cc(OC)c1', 'Nc1nc2ccc(Br)cc2o1', 'Brc1ccc2c(c1)oc1ccccc12']"
7,"[11.3, 17.7, 16.2]",1.9738610189250696,"['Cc1cncc(Br)n1', 'Nc1ncncc1Br', 'Oc1ccccc1Br']","['Brc1cncc2[nH]ccc12', 'Brc1ccc2cnnn2c1', 'O=C1CN(Cc2cccc(Br)c2)C(=O)N1', 'Brc1cccc2cnccc12', 'Brc1ccc2cncnc2c1', 'Fc1ccccc1Br', 'Brc1ccc2ncncc2c1', 'Nc1ncc(Br)cn1', 'Cn1cnc2cc(Br)ccc21']"
8,"[0.0, 20.4, 4.0]",2.3371268840460613,"['O=S(=O)(Nc1ccccc1Br)C(F)(F)F', 'Brc1ncccn1', 'CC(C)(C)OC(=O)N1C[C@H](F)C[C@H]1c1nc(Br)c[nH]1']","['OC1CCOc2c(Br)cccc21', 'Oc1cnc2cc(Br)ccc2n1', 'Brc1cncc2ccccc12', 'Nc1c(F)cncc1Br', 'Brc1cccc2[nH]cnc12', 'O=C1CCc2cccc(Br)c2N1', 'CSc1ncc(Br)cn1', 'COc1ccccc1Br']"
