,obj_values ['yield'],Vendi_score,eval_samples,cut_samples
0,"[0.3, 0.4, 57.1]",1.204055751347851,"['Nc1cc(Br)ccn1', 'NCCc1ccc(Br)cc1', 'Brc1cnc2[nH]ccc2c1']",[]
1,"[0.3, 53.0, 19.7]",1.345332947785303,"['Brc1ccc2cnnn2c1', 'Brc1cnc2cc[nH]c2c1', 'Brc1cnc2[nH]ncc2c1']","['Cn1cnc2ccc(Br)cc21', 'COc1cccc(Br)c1', 'Cc1ccc(Br)cn1', 'FCCOc1cncc(Br)c1', 'Cc1ccc(Br)cc1', 'Cc1cc(Br)cnc1C', 'C#Cc1ccc(Br)cc1', 'OC1Cc2ccc(Br)cc2C1', 'O=C1CC(c2ccc(Br)cc2)N1', 'Nc1nc2ccc(Br)cc2o1', 'O=C1CCc2ccc(Br)cc2N1', 'O=C1COc2cc(Br)ccc2N1', 'Oc1cccc(Br)c1']"
2,"[51.7, 21.9, 22.5]",1.3878360561284036,"['Brc1cncc2[nH]ccc12', 'Nc1ncc(Br)cn1', 'Oc1ccc(Br)cn1']","['CC(=O)Nc1ccc(Br)cc1', 'Oc1ccc(Br)cc1', 'Brc1cnc2ncoc2c1', 'Brc1ccc2ncnn2c1', 'Brc1cccc(-c2cc[nH]n2)c1', 'Brc1ccc(-c2ncco2)cc1', 'O=C1CCc2ncc(Br)cc2N1', 'CC(O)c1ccc(Br)cc1', 'Brc1cccc2[nH]ncc12', 'Cc1cncc(Br)c1', 'Oc1ccnc2ccc(Br)cc12', 'Brc1ccc2nn[nH]c2c1']"
3,"[1.5, 0.0, 17.7]",1.5129630021899487,"['Nc1c(F)cncc1Br', 'COc1nccc(N)c1Br', 'Nc1ncncc1Br']","['Brc1cccnc1', 'COc1ccccc1Br', 'Brc1cncc2ccccc12', 'Brc1cccc(-n2cncn2)c1', 'CNC(=O)c1cccc(Br)c1', 'Nc1nc2cc(Br)ccc2o1', 'Brc1ccc2[nH]cnc2c1', 'N#CCCc1ccc(Br)cc1', 'OCc1ccc(Br)cc1', 'OCC(O)c1cccc(Br)c1', 'Brc1cccc2ccoc12', 'Brc1cccc2cnccc12']"
4,"[67.8, 0.0, 0.0]",1.5998250587316039,"['Cn1cnc2cc(Br)ccc21', 'CN1CCOc2cc(Br)ccc21', 'Nc1cnc(-c2cccc(Br)c2)nc1']","['CSc1ncc(Br)cn1', 'Oc1ncc(Br)cn1', 'Brc1cccc2[nH]cnc12', 'OC1CCOc2c(Br)cccc21', 'OCc1ccc(Br)c(F)c1', 'O=C1CCc2cccc(Br)c2N1', 'Oc1ccccc1Br', 'Fc1ccccc1Br', 'C=CCc1ccc(Br)c(F)c1', 'CC(C)(CO)c1ccc(Br)cn1', 'CC1(C)C(=O)Nc2ccc(Br)cc21']"
5,"[0.6, 7.5, 0.0]",1.6996750869456787,"['Oc1cnc2cc(Br)ccc2n1', 'Brc1cccc(-c2nnn[nH]2)c1', 'Brc1ccccc1-c1nnn[nH]1']","['O=C1CCCc2ccc(Br)cc2N1', 'CC(C)c1ccc(Br)cc1', 'O=C1CCCN1c1ccc(Br)cc1F', 'CC(=O)Cc1cccc(Br)c1', 'CC(=O)N1CCc2cc(Br)ccc21', 'Brc1ccc(C2CCCN2)cc1', 'Brc1cccc(-n2ccnc2)c1', 'Cn1ccc(-c2cccc(Br)c2)n1', 'Brc1ccc2oc3ccccc3c2c1', 'CC(C)(C)Oc1ccc(Br)cc1']"
6,"[4.8, 43.5, 0.3]",1.8746368506750735,"['FC(F)(F)c1ccc(Br)c2[nH]ccc12', 'Brc1ccc2[nH]ccc2n1', 'Brc1cnn2ccccc12']","['CC(=O)c1cccc(Br)c1', 'Fc1cc(Br)ccc1-c1ccccc1', 'N#CC1(c2ccc(Br)cc2)CC1', 'Brc1ccc([C@@H]2CNCCO2)cc1', 'NC1(c2ccc(Br)cc2)CC1', 'CC(C)(C#N)c1ccc(Br)cn1', 'COc1ccc2cc(Br)cnc2n1', 'Brc1ccc2c(c1)oc1ccccc12', 'COc1ccc2cc(Br)ccc2n1', 'Brc1ccc(C2OCCO2)cc1']"
7,"[28.9, 55.5, 85.7]",1.99500088268876,"['Oc1ccc(Br)nc1', 'Cc1ccc(Br)nc1', 'Cc1ccnc(Br)c1']","['Cc1cn[nH]c1-c1ccc(Br)cc1', 'Brc1cnc2ncccc2c1', 'Oc1ncnc2ccc(Br)cc12', 'Brc1ccc(N2CCOCC2)nc1', 'COc1cc(Br)cc(OC)c1', 'Brc1cccc(Cn2cccn2)c1', 'CC(C)(N)c1ccc(Br)cc1', 'O=C1NCc2cc(Br)ccc21', 'Brc1cnc2nccn2c1']"
8,"[0.3, 42.4, 18.8]",2.0396588195209877,"['Oc1ccnc(Br)c1', 'COc1cccnc1Br', 'Oc1cccc(Br)n1']","['Brc1ccc(-c2nnc[nH]2)cc1', 'Fc1ccc(Br)cc1', 'Brc1cccc(-c2nnc(C3CC3)o2)c1', 'Cn1nnc(-c2ccc(Br)cn2)n1', 'O=C1CCC(c2cccc(Br)c2)CN1', 'Cc1n[nH]c2cc(Br)ccc12', 'COc1ncc2cc(Br)ccc2n1', 'CC(C)(C)c1cccc(Br)c1']"
