,obj_values ['yield'],Vendi_score,eval_samples,cut_samples
0,"[0.3, 0.3, 0.0]",1.484362433473425,"['Brc1cccc2ncncc12', 'Brc1ncnc2ccccc12', 'FC(F)(F)c1cnc2cc(Br)ncc2n1']",[]
1,"[67.6, 1.9, 7.4]",1.640589772514643,"['Cc1cncc(Br)c1', 'Oc1cc2cccc(Br)c2cn1', 'Brc1cncc2ccccc12']","['Brc1cnc2ccccc2n1', 'Brc1nncc2ccccc12', 'CCC(=O)c1ccc(Br)cc1O', 'CC(=O)c1cccc(Br)c1', 'Brc1ccc2ccncc2n1', 'FC(F)(F)c1ccc2cc(Br)ncc2n1', 'FC(F)(F)c1cnc2nc(Br)ccc2c1', 'Brc1ccc2cncnc2c1', 'Brc1ccnc2ccccc12', 'Brc1ccc2ncccc2n1', 'CC(=O)CC(=O)c1ccc(Br)cc1', 'O=C(c1cccc(Br)c1)C(F)(F)F', 'Brc1ccc2ncncc2c1']"
2,"[75.3, 34.1, 77.6]",1.6015995652327857,"['Brc1cccnc1', 'Cc1cc(Br)cnc1C', 'Cc1ccc(Br)cn1']","['Oc1ccnc2ccc(Br)cc12', 'Oc1nccc2cc(Br)cnc12', 'COc1ncc2cc(Br)ccc2n1', 'Brc1ccc2cnccc2c1', 'Brc1cccc2cnccc12', 'Brc1cnc2ncccc2c1', 'Brc1cccc2[nH]ncc12', 'COc1ccc2nccc(Br)c2c1', 'Brc1cnc2cccnc2c1', 'Brc1cccc2nccnc12', 'Brc1ccc(-c2ncco2)cc1', 'Brc1cnc2ncoc2c1']"
3,"[66.7, 36.8, 12.1]",1.6305431694975934,"['Fc1ccc(Br)cc1', 'Oc1ccc(Br)cc1', 'Oc1cccc(Br)c1']","['O=C1CCc2ccc(Br)cc2N1', 'Cn1nnc(-c2ccc(Br)cn2)n1', 'CNC(=O)c1cccc(Br)c1', 'Brc1ccc2nn[nH]c2c1', 'C#Cc1ccc(Br)cc1', 'Brc1cccc(-n2cncn2)c1', 'CC(C)(C#N)c1ccc(Br)cn1', 'O=C1CCc2ncc(Br)cc2N1', 'CC(=O)Cc1cccc(Br)c1', 'Brc1cnc2[nH]ccc2c1', 'FCCOc1cncc(Br)c1', 'O=C1NCc2cc(Br)ccc21']"
4,"[60.9, 47.7, 0.3]",1.6394066396371283,"['Brc1cncnc1', 'FC(F)(F)c1cncc(Br)c1', 'Oc1ncc(Br)cn1']","['OCC(O)c1cccc(Br)c1', 'CC(O)c1ccc(Br)cc1', 'O=C1CC(c2ccc(Br)cc2)N1', 'COc1cccc(Br)c1', 'NCCc1ccc(Br)cc1', 'OCc1ccc(Br)cc1', 'Oc1ccc(Br)cn1', 'Cc1ccc(Br)cc1', 'Cc1n[nH]c2cc(Br)ccc12', 'Oc1ncnc2ccc(Br)cc12', 'O=C1COc2cc(Br)ccc2N1']"
5,"[53.1, 67.2, 0.3]",1.721192422337532,"['CC(C)c1ccc(Br)cc1', 'CC(C)(C)c1cccc(Br)c1', 'Oc1ccnc(Br)c1']","['Brc1cnc2[nH]ncc2c1', 'COc1ccc2cc(Br)cnc2n1', 'Brc1cccc2ccoc12', 'Oc1cnc2cc(Br)ccc2n1', 'CC(C)(N)c1ccc(Br)cc1', 'Brc1ccc2ncnn2c1', 'N#CC1(c2ccc(Br)cc2)CC1', 'Brc1cccc(-n2ccnc2)c1', 'Nc1ncc(Br)cn1', 'CC(C)(CO)c1ccc(Br)cn1']"
6,"[27.0, 43.9, 41.5]",1.7517082883875321,"['N#Cc1cccc(Br)c1', 'O=C1CN(Cc2cccc(Br)c2)C(=O)N1', 'Brc1cccc(Cn2cccn2)c1']","['OC1Cc2ccc(Br)cc2C1', 'Brc1ccc(C2OCCO2)cc1', 'N#CCCc1ccc(Br)cc1', 'Brc1ccc2oc3ccccc3c2c1', 'CC1(C)C(=O)Nc2ccc(Br)cc21', 'NC1(c2ccc(Br)cc2)CC1', 'Brc1cccc(-c2cc[nH]n2)c1', 'Fc1cc(Br)ccc1-c1ccccc1', 'O=C1CCCc2ccc(Br)cc2N1', 'Cn1cnc2ccc(Br)cc21']"
7,"[85.9, 8.1, 60.2]",1.8080467698023759,"['Cc1cc(Br)ccn1', 'O=C1CCC(Oc2ccccc2Br)CC1', 'O=C1CC(c2cccc(Br)c2)CC(=O)N1']","['O=C1CCCN1c1ccc(Br)cc1F', 'COc1ccc2cc(Br)ccc2n1', 'Brc1cnc2cc[nH]c2c1', 'CC(C)(C)Oc1ccc(Br)cc1', 'Brc1ccc([C@@H]2CNCCO2)cc1', 'Brc1ccc(C2CCCN2)cc1', 'Brc1ccc2c(c1)oc1ccccc12', 'Brc1ccc2[nH]cnc2c1', 'O=C1CCC(c2cccc(Br)c2)CN1']"
8,"[27.8, 28.3, 21.9]",1.9086365871591464,"['C[C@@H](NC(=O)OC(C)(C)C)c1ccc(Br)cc1', 'Fc1ccccc1Br', 'CC(C)(C)OC(=O)NC1(c2ccc(Br)cc2)CC(=O)C1']","['Nc1nc2ccc(Br)cc2o1', 'OC1CCOc2c(Br)cccc21', 'Brc1cccc(-c2nnc(C3CC3)o2)c1', 'Cc1cn[nH]c1-c1ccc(Br)cc1', 'Cn1ccc(-c2cccc(Br)c2)n1', 'CC(C)(CO)c1cc(Br)ccn1', 'CC(=O)Nc1ccc(Br)cc1', 'FC(F)C(F)(F)Oc1cccc(Br)c1']"
