,obj_values ['yield'],Vendi_score,eval_samples,cut_samples
0,"[0.3, 28.5, 1.3]",1.586100358085537,"['Nc1cc(Br)ccn1', 'CC(C)(C)OC(=O)N1CCCCC1c1ccc(Br)cc1', 'Brc1ccc(-c2nc3cnccc3[nH]2)cc1']",[]
1,"[27.8, 18.6, 66.6]",1.4907507491418701,"['C[C@@H](NC(=O)OC(C)(C)C)c1ccc(Br)cc1', 'CC(C)(C)OC(=O)N1CCOc2ccc(Br)cc2C1', 'COc1ccc(Cn2cnc3cc(Br)ccc32)cc1']","['Cn1ccc(-c2cccc(Br)c2)n1', 'O=C1CCC(Oc2cccc(Br)c2)CC1', 'O=C1CCCN1c1ccc(Br)cc1F', 'CC(=O)c1ccc(Oc2cccc(Br)c2)cc1', 'CC1(C)OB(c2ccc(Br)cc2)OC1(C)C', 'Fc1cc(Br)ccc1-c1ccccc1', 'Brc1ccc(-c2nc3ccccc3[nH]2)cc1', 'Brc1ccc2c(c1)oc1ccccc12', 'Brc1ccc([C@@H]2CNCCO2)cc1', 'O=C(c1ccc(Br)cc1)N1CCOCC1', 'O=C1CCCc2ccc(Br)cc2N1', 'O=C1CCc2ccc(Br)cc2N1', 'O=C1c2ccc(Br)cc2CN1C1CC1']"
2,"[23.7, 67.8, 35.4]",1.560440024242592,"['Nc1nc2cc(Br)ccc2o1', 'Cn1cnc2cc(Br)ccc21', 'Brc1ccc2[nH]cnc2c1']","['CC(C)(C)OC(=O)Nc1ccc(Br)cn1', 'Brc1cccc(-c2nnc(C3CC3)o2)c1', 'Brc1ccc(C2CCCN2)cc1', 'CC(=O)N1CCc2cc(Br)ccc21', 'CC(C)(C)Oc1ccc(Br)cc1', 'O=S(=O)(Cc1ccc(Br)cc1)N1CCCC1', 'O=C1CCCCC1Oc1ccc(Br)cc1', 'C[Si](C)(C)C#Cc1cccc(Br)c1', 'CCOP(=O)(Cc1ccc(Br)cn1)OCC', 'O=C1CN(Cc2cccc(Br)c2)C(=O)N1', 'O=C1CCC(c2cccc(Br)c2)CN1', 'O=C1CC(c2cccc(Br)c2)CC(=O)N1']"
3,"[0.0, 0.0, 0.0]",1.6677016478987856,"['Brc1ccc(N2CCNCC2)cc1', 'CN1CCOc2cc(Br)ccc21', 'CC(C)(C)OC(=O)N1CCC(Nc2ccc(Br)cc2)CC1']","['O=C1CC(c2ccc(Br)cc2)N1', 'Nc1cnc(-c2cccc(Br)c2)nc1', 'Brc1ccc(C2OCCO2)cc1', 'N#CCCc1ccc(Br)cc1', 'Cn1cnc2ccc(Br)cc21', 'Brc1cccc(Cn2cccn2)c1', 'NCCc1ccc(Br)cc1', 'Nc1nc2ccc(Br)cc2o1', 'OC1Cc2ccc(Br)cc2C1', 'CC(=O)Nc1ccc(Br)cc1', 'FCCOc1cncc(Br)c1', 'Brc1cccc(-c2cc[nH]n2)c1']"
4,"[13.6, 0.0, 16.8]",1.7224433511155126,"['Cc1cc(Br)cc(Nc2nccc(C3CC3)n2)c1', 'O=C(c1cccc(Br)c1)c1ccccn1', 'FC(F)(F)c1ccnc(Nc2cccc(Br)c2)n1']","['CC(C)(CO)c1ccc(Br)cn1', 'O=C1COc2cc(Br)ccc2N1', 'COc1cc(Br)cc(OC)c1', 'OCC(O)c1cccc(Br)c1', 'Cc1cn[nH]c1-c1ccc(Br)cc1', 'CC(C)(C)c1cccc(Br)c1', 'Brc1ccc2oc3ccccc3c2c1', 'Brc1ccc(N2CCOCC2)nc1', 'CC1(C)C(=O)Nc2ccc(Br)cc21', 'CC(C)c1ccc(Br)cc1', 'Brc1cnc2cc[nH]c2c1']"
5,"[27.0, 7.5, 59.0]",1.8234835249305694,"['N#Cc1cccc(Br)c1', 'Brc1cccc(-c2nnn[nH]2)c1', 'NS(=O)(=O)Cc1cccc(Br)c1']","['Brc1ccc(-c2nnc(-c3ccccc3)o2)cc1', 'Brc1cccc(-n2ccnc2)c1', 'Brc1ccc(-c2nnc[nH]2)cc1', 'CNC(=O)c1cccc(Br)c1', 'CC(C)Sc1ccc(Br)cc1', 'Brc1ccc(-c2ncco2)cc1', 'N#CC1(c2ccc(Br)cc2)CC1', 'Brc1cnc2[nH]ccc2c1', 'Brc1ccc(-c2cccs2)cc1', 'COc1ccc2cc(Br)ccc2n1']"
6,"[24.4, 72.1, 66.7]",1.8765634787602337,"['OCc1ccc(Br)cc1', 'Cc1ccc(Br)cc1', 'Fc1ccc(Br)cc1']","['Brc1cccc2[nH]ncc12', 'Brc1cccc(-n2cncn2)c1', 'COc1cccc(Br)c1', 'Oc1ccnc2ccc(Br)cc12', 'O=c1cc(O)c2ccc(Br)cc2o1', 'NC1(c2ccc(Br)cc2)CC1', 'Cn1nnc(-c2ccc(Br)cn2)n1', 'FC(F)(F)c1cc2ccc(Br)cc2cn1', 'CC(=O)Cc1cccc(Br)c1', 'CC(C)NC(=O)c1ccc(Br)cn1']"
7,"[22.5, 0.6, 19.7]",1.9064961471272976,"['Oc1ccc(Br)cn1', 'Oc1cnc2cc(Br)ccc2n1', 'Brc1cnc2[nH]ncc2c1']","['O=C1CCc2ncc(Br)cc2N1', 'Brc1ccc2nn[nH]c2c1', 'Cc1cc(Br)cnc1C', 'CC(C)(C#N)c1ccc(Br)cn1', 'CC(C)(N)c1ccc(Br)cc1', 'C#Cc1ccc(Br)cc1', 'Oc1ccc(Br)cc1', 'O=C1Nc2ccc(Br)cc2C12OCCO2', 'CC(O)c1ccc(Br)cc1']"
8,"[28.9, 43.5, 63.4]",2.0611014831385877,"['Oc1ccc(Br)nc1', 'Brc1ccc2[nH]ccc2n1', 'Fc1ccc(Br)nc1']","['Oc1ncnc2ccc(Br)cc12', 'N#Cc1cc2cc(Br)ccc2s1', 'COc1ncc2cc(Br)ccc2n1', 'Cc1n[nH]c2cc(Br)ccc12', 'Cc1cncc(Br)c1', 'Cc1ccc(Br)cn1', 'FC(F)C(F)(F)Oc1cccc(Br)c1', 'COc1ccc2cc(Br)cnc2n1']"
