,obj_values ['yield'],Vendi_score,eval_samples,cut_samples
0,"[0.6, 0.3, 0.0]",1.8131187107699578,"['O=c1[nH]cc(Br)c(=O)[nH]1', 'CCc1cccn2c(Br)cnc12', 'Brc1ccccc1N1CCNCC1']",[]
1,"[15.7, 0.3, 0.0]",1.971144252135029,"['Brc1cnc2nncn2c1', 'Oc1ncc(Br)cn1', 'Fc1ncc(Br)c(F)n1']","['Nc1c(F)cncc1Br', 'OC1CCOc2c(Br)cccc21', 'COc1ccccc1Br', 'Nc1ncc(Br)cn1', 'O=C1CCc2cccc(Br)c2N1', 'Brc1cccc2ccoc12', 'Oc1ccc2cccnc2c1Br', 'Brc1cnn(-c2ncccn2)c1', 'OCc1ccc(Br)c(F)c1', 'Brc1csc2cnccc12', 'C=CCc1ccc(Br)c(F)c1', 'Brc1cnn(-c2ccncc2)c1', 'COc1ccc2[nH]cc(Br)c2n1']"
2,"[0.0, 0.0, 28.4]",2.066989239188638,"['Brc1ccccc1-c1nnn[nH]1', 'Brc1ccn2nnnc2c1', 'Brc1ccc(-n2cnnc2)nc1']","['Brc1cnc2nccn2c1', 'Cc1cn2cc(F)cc(Br)c2n1', 'Brc1cnc2ncoc2c1', 'Brc1cncc2ccccc12', 'CC(=O)c1cc(Br)cs1', 'CSc1ncc(Br)cn1', 'Brc1cccc2cncnc12', 'Brc1cnc(Oc2cccnc2)nc1', 'Fc1ccccc1Br', 'Brc1ccc2ncnn2c1', 'Brc1cnc2cncn2c1', 'Brc1ccc2cnnn2c1']"
3,"[0.0, 48.1, 0.0]",2.0637277164699825,"['CC(C)NC(=O)c1ccc(Br)cn1', 'O=C1c2ccc(Br)cc2CN1C1CC1', 'O=C(c1cccc(Br)c1)c1ccccn1']","['Brc1cccc2[nH]ncc12', 'FC(F)(F)c1ncc(Br)cn1', 'Brc1cnc2ncccc2c1', 'Brc1cccc2cnccc12', 'FC(F)(F)c1nc2ccc(Br)cn2n1', 'CC(=O)Nc1ncc(F)cc1Br', 'Oc1nccc2cc(Br)cnc12', 'CC(C)(C#N)c1ccc(Br)cn1', 'FCCOc1cncc(Br)c1', 'Brc1cncc2[nH]ccc12', 'Brc1cnc2[nH]ccc2c1', 'Brc1cccc2nccnc12']"
4,"[0.0, 18.2, 0.3]",2.304906747179709,"['Brc1ccc(CN2CCNCC2)cc1', 'CN(C)S(=O)(=O)c1ccc(Br)cc1', 'COc1ccc(COc2cccc(Br)n2)cc1']","['Brc1cnc2cccnc2c1', 'Brc1cccc(-n2ccnc2)c1', 'O=C1NCc2cc(Br)ccc21', 'Brc1ccc(-c2nnc[nH]2)cc1', 'CC(=O)c1cccc(Br)c1', 'O=c1cc(O)c2ccc(Br)cc2o1', 'COc1ccc2cc(Br)cnc2n1', 'O=C1CCc2ncc(Br)cc2N1', 'CC(C)(CO)c1ccc(Br)cn1', 'Cn1nnc(-c2ccc(Br)cn2)n1', 'CNC(=O)c1cccc(Br)c1']"
5,"[69.7, 0.0, 21.9]",2.357870663686627,"['CC(C)(CO)c1cc(Br)ccn1', 'FC(F)(F)Sc1ccc(Br)cc1', 'CC(C)(C)OC(=O)NC1(c2ccc(Br)cc2)CC(=O)C1']","['Fc1cc(Br)ccc1-c1ccccc1', 'O=C1CC(c2cccc(Br)c2)CC(=O)N1', 'O=C(c1ccc(Br)cc1)N1CCOCC1', 'O=C1CCCN1c1ccc(Br)cc1F', 'FC(F)(F)c1ccc(Br)c2[nH]ccc12', 'CC(C)Sc1ccc(Br)cc1', 'O=C1CCc2ccc(Br)cc2N1', 'COc1ncc2cc(Br)ccc2n1', 'O=C1CCCc2ccc(Br)cc2N1', 'Brc1ccc2c(c1)oc1ccccc12']"
6,"[16.8, 85.9, 67.2]",2.360180489433903,"['COc1cc(Br)cc(OC)c1', 'Cc1cc(Br)ccn1', 'CC(C)(C)c1cccc(Br)c1']","['O=C1COc2cc(Br)ccc2N1', 'Brc1ccc(-c2nc3cnccc3[nH]2)cc1', 'CCC(=O)c1ccc(Br)cc1O', 'FC(F)(F)c1cncc(Br)c1', 'CC(=O)c1ccc(Oc2cccc(Br)c2)cc1', 'Brc1cccc(-n2cncn2)c1', 'Brc1cccc(-c2nnc(C3CC3)o2)c1', 'Brc1ccc2cncnc2c1', 'Cc1cn[nH]c1-c1ccc(Br)cc1', 'CC(=O)Cc1cccc(Br)c1']"
7,"[85.7, 15.5, 0.3]",2.574408848554342,"['Cc1ccnc(Br)c1', 'Cn1cc(Br)nn1', 'Oc1ccnc(Br)c1']","['Cc1ccc(Br)cn1', 'N#CCCc1ccc(Br)cc1', 'Brc1ccc([C@@H]2CNCCO2)cc1', 'Cc1cncc(Br)c1', 'Brc1cccc(Cn2cccn2)c1', 'O=C1CC(c2ccc(Br)cc2)N1', 'Cc1cc(Br)cnc1C', 'O=C1CCC(c2cccc(Br)c2)CN1', 'N#CC1(c2ccc(Br)cc2)CC1']"
8,"[44.1, 75.3, 55.5]",2.5691070035401347,"['Nc1cc(Br)ncn1', 'Brc1cccnc1', 'Cc1ccc(Br)nc1']","['Cn1cnc2ccc(Br)cc21', 'COc1cccc(Br)c1', 'Brc1cccc(-c2cc[nH]n2)c1', 'Brc1ccc(C2OCCO2)cc1', 'Brc1ccc(C2CCCN2)cc1', 'OCC(O)c1cccc(Br)c1', 'OC1Cc2ccc(Br)cc2C1', 'Brc1ccc2nn[nH]c2c1']"
