,obj_values ['yield'],Vendi_score,eval_samples,cut_samples
0,"[27.8, 1.5, 0.0]",1.5480025628054235,"['C[C@@H](NC(=O)OC(C)(C)C)c1ccc(Br)cc1', 'CC(C)(C)OC(=O)N1CCN(c2ncc(Br)cn2)CC1', 'O=S(=O)(Nc1ccccc1Br)C(F)(F)F']",[]
1,"[42.4, 0.0, 20.4]",2.370482960166422,"['COc1cccnc1Br', 'Brc1ccc(N2CCNCC2)cc1', 'Brc1ncccn1']","['CCCc1cc(NC(=O)OC(C)(C)C)c2cc(Br)ccc2n1', 'CC(=O)c1ccc(Oc2cccc(Br)c2)cc1', 'O=C1Nc2ccc(Br)cc2C12OCCO2', 'O=C1CCC(Oc2cccc(Br)c2)CC1', 'Brc1ccc(-c2nnc(-c3ccccc3)o2)cc1', 'Fc1cc(Br)ccc1-c1ccccc1', 'O=C(OCc1ccccc1)N1CCc2ncc(Br)cc2C1', 'O=C(NCc1ccccc1)c1ccc(Br)cn1', 'O=C1CCC(Oc2ccccc2Br)CC1', 'CCOP(=O)(Cc1ccc(Br)cn1)OCC', 'O=C1CC(c2cccc(Br)c2)CC(=O)N1', 'O=C1CCCc2ccc(Br)cc2N1', 'Cc1cc(Br)cc(Nc2nccc(C3CC3)n2)c1', 'CC(C)(C)OC(=O)NC1(c2ccc(Br)cc2)CC(=O)C1', 'CC(C)(C)OC(=O)Nc1ccc(Br)cn1', 'CC(C)(C)OC(=O)n1cc(CO)c2c(Br)cccc21', 'Brc1ccc([C@@H]2CNCCO2)cc1', 'CC(C)(C)Oc1ccc(Br)cc1', 'O=C1CCCCC1Oc1ccc(Br)cc1', 'CC1(C)OB(c2ccc(Br)cc2)OC1(C)C', 'O=C1CCCN1c1ccc(Br)cc1F', 'O=S(=O)(Cc1ccc(Br)cc1)N1CCCC1', 'O=C(c1cc2cc(Br)cnc2s1)N1CCOCC1', 'O=C(c1ccc(Br)cc1)N1CCOCC1', 'Brc1cccc(-c2nnc(C3CC3)o2)c1', 'COc1ccc(Cn2cnc3cc(Br)ccc32)cc1', 'CC(C)(C)OC(=O)N1CCCCC1c1ccc(Br)cc1', 'O=C1CCC(c2cccc(Br)c2)CN1', 'O=C1CN(Cc2cccc(Br)c2)C(=O)N1', 'NS(=O)(=O)Cc1cccc(Br)c1', 'Brc1cccc(Cn2cccn2)c1', 'CC(C)(CO)c1ccc(Br)cn1', 'C[Si](C)(C)C#Cc1cccc(Br)c1', 'CC(C)(C)OC(=O)N1CCOc2ccc(Br)cc2C1']"
2,"[0.0, 18.6, 0.0]",3.590220186953222,"['OCc1coc(Br)n1', 'CC(C)(C)OC(=O)N1CCCC1c1nc(Br)c[nH]1', 'Brc1nncs1']","['N#CCCc1ccc(Br)cc1', 'Brc1ccc(C2CCCN2)cc1', 'Nc1nc2ccc(Br)cc2o1', 'Brc1cccc(-c2cc[nH]n2)c1', 'CC(=O)N1CCc2cc(Br)ccc21', 'CC(=O)Nc1ccc(Br)cc1', 'CC(C)(C)c1cccc(Br)c1', 'COc1ccc2cc(Br)ccc2n1', 'CC(C)c1ccc(Br)cc1', 'CC1(C)C(=O)Nc2ccc(Br)cc21', 'Cc1cn[nH]c1-c1ccc(Br)cc1', 'Cn1ccc(-c2cccc(Br)c2)n1', 'Cn1cnc2ccc(Br)cc21', 'FCCOc1cncc(Br)c1', 'OCC(O)c1cccc(Br)c1', 'Brc1cccc(-n2cncn2)c1', 'N#CC1(c2ccc(Br)cc2)CC1', 'NC1(c2ccc(Br)cc2)CC1', 'O=C1CC(c2ccc(Br)cc2)N1', 'Brc1ccc(C2OCCO2)cc1', 'NCCc1ccc(Br)cc1', 'Nc1nc2cc(Br)ccc2o1', 'Brc1ccc(-c2cccs2)cc1', 'Brc1ccc(N2CCOCC2)nc1', 'OC1Cc2ccc(Br)cc2C1', 'O=C1CCc2ccc(Br)cc2N1', 'O=C1COc2cc(Br)ccc2N1', 'Brc1ccc2oc3ccccc3c2c1', 'Brc1ccc2c(c1)oc1ccccc12']"
3,"[43.5, 18.3, 0.3]",3.7196812343253716,"['Brc1ccc2[nH]ccc2n1', 'Cc1ccc2ccc(Br)nc2n1', 'COc1ccc(COc2cccc(Br)n2)cc1']","['CC(C)(C#N)c1ccc(Br)cn1', 'CC(C)(N)c1ccc(Br)cc1', 'O=C1CCc2cccc(Br)c2N1', 'Cn1cnc2cc(Br)ccc21', 'CNC(=O)c1cccc(Br)c1', 'Brc1cn2ccnc2cn1', 'CS(=O)(=O)c1ccc(Br)cc1', 'C=CCc1ccc(Br)c(F)c1', 'CC(C)Sc1ccc(Br)cc1', 'COc1ccc2cc(Br)cnc2n1', 'OC1CCOc2c(Br)cccc21', 'Brc1cccc2[nH]ncc12', 'FC(F)(F)c1cc(Br)c2nc[nH]c2c1', 'Oc1ccnc2ccc(Br)cc12', 'O=C1c2ccc(Br)cc2CN1C1CC1', 'Oc1cccc(Br)n1', 'FC(F)(F)c1ccc(Br)c2[nH]ccc12', 'Brc1ccc(-c2ncco2)cc1', 'Brc1ccc(-c2nc3ccccc3[nH]2)cc1', 'O=C1CCc2ncc(Br)cc2N1', 'Brc1cccc(-n2ccnc2)c1', 'Cn1nnc(-c2ccc(Br)cn2)n1', 'COc1ncc(Br)nc1OC', 'FC(F)C(F)(F)Oc1cccc(Br)c1', 'COc1cc(Br)cc(OC)c1']"
4,"[0.0, 0.0, 44.7]",3.7527839562331584,"['O=C(Nc1ccc(Br)c(F)c1)c1ccccn1', 'Brc1ccccc1-c1nnn[nH]1', 'Brc1ncccc1OC1CCCCO1']","['O=c1cc(O)c2ccc(Br)cc2o1', 'Brc1ccc(-c2nc3cnccc3[nH]2)cc1', 'Brc1ccn2nccc2n1', 'Oc1ccc(Br)nc1', 'Oc1ccnc(Br)c1', 'Brc1nncc2ccccc12', 'Brc1cnc2ccccc2n1', 'Nc1cnc(-c2cccc(Br)c2)nc1', 'Brc1ccc2ccncc2n1', 'CNC(=O)c1ccnc(Br)c1', 'Cc1ccc(Br)nc1', 'CC(C)(C)OC(=O)NCc1cccc(Br)n1', 'COc1ccc2nc(Br)ccc2n1', 'COc1cc2ccc(Br)nc2cn1', 'Cc1cncc(Br)n1', 'Brc1ccc2[nH]cnc2c1', 'COc1ccc2cc(Br)ncc2n1', 'Nc1cc(Br)ncn1', 'Cc1ccnc(Br)c1', 'Brc1ccc2cccnc2n1', 'CC(C)(C)OC(=O)N1CCCc2ccc(Br)nc21']"
5,"[63.4, 0.3, 3.0]",3.8232892185635934,"['Fc1ccc(Br)nc1', 'Brc1ncnc2ccccc12', 'OB(O)c1ccc(Br)s1']","['O=C(c1cccc(Br)c1)c1ccccn1', 'COc1ncc2cc(Br)ccc2n1', 'FC(F)(F)c1ccnc(Nc2cccc(Br)c2)n1', 'CN1CCOc2cc(Br)ccc21', 'CC(C)NC(=O)c1ccc(Br)cn1', 'Brc1cncc2[nH]ccc12', 'Brc1cnc2[nH]ccc2c1', 'Brc1cnc2cc[nH]c2c1', 'Brc1cccc2[nH]c3ccccc3c12', 'Brc1cccc2[nH]cnc12', 'CC(C)(C)c1cc(Br)c2ncccc2c1', 'O=C1NCc2cc(Br)ccc21', 'FC(F)(F)c1cc2ccc(Br)cc2cn1', 'Brc1cccc(-c2nnn[nH]2)c1', 'Brc1ccc2nn[nH]c2c1', 'N#Cc1cc2cc(Br)ccc2s1', 'O=S(=O)(CCO)c1ccc(Br)cc1', 'Brc1ccc(-c2nnc[nH]2)cc1']"
6,"[17.2, 0.0, 0.0]",3.849106799988894,"['FC(F)(F)c1ncc(Br)cn1', 'Brc1ccccc1N1CCNCC1', 'CC(=O)CC(=O)c1ccc(Br)cc1']","['Oc1cnc2cc(Br)ccc2n1', 'FC(F)(F)c1nc2ccc(Br)cn2n1', 'Brc1ccc2ncnn2c1', 'Brc1cncc2ccccc12', 'FC(F)(F)c1ccc2cc(Br)ncc2n1', 'Brc1ccc2ncccc2n1', 'CCC(=O)c1ccc(Br)cc1O', 'COc1ccc2nccc(Br)c2c1', 'OC(c1ccc(Br)cn1)C(F)(F)F', 'CC(=O)Cc1cccc(Br)c1', 'Brc1cccc2nccn12', 'Oc1ncnc2ccc(Br)cc12', 'Brc1cccc2cnccc12', 'C#Cc1ccc(Br)cc1', 'CC(O)c1ccc(Br)cc1']"
7,"[0.6, 24.4, 72.1]",3.816515837320225,"['O=c1[nH]cc(Br)c(=O)[nH]1', 'OCc1ccc(Br)cc1', 'Cc1ccc(Br)cc1']","['Oc1nccc2cc(Br)cnc12', 'Brc1ccc2cncnc2c1', 'Brc1ccc2ncncc2c1', 'Brc1cccc2cncnc12', 'FC(F)(F)c1cncc(Br)c1', 'Brc1cnc(Oc2cccnc2)nc1', 'Oc1cc2cccc(Br)c2cn1', 'Brc1cnc2cccnc2c1', 'Brc1cnc2ncoc2c1', 'Brc1cnc2ncccc2c1', 'CC(=O)/C=C/c1ccc(Br)cc1', 'Brc1ccc2cnccc2c1', 'CC(=O)c1cccc(Br)c1']"
8,"[39.2, 69.7, 30.6]",3.7707983182072975,"['Brc1cnn(-c2ccncc2)c1', 'CC(C)(CO)c1cc(Br)ccn1', 'N#Cc1cc(Br)cs1']","['COc1ccccc1Br', 'Brc1cccc2ccoc12', 'Cc1cc(Br)cnc1C', 'COc1cccc(Br)c1', 'Oc1ccc(Br)cc1', 'CSc1ncc(Br)cn1', 'Cc1cncc(Br)c1', 'CC(=O)c1cc(Br)cs1', 'OCc1ccc(Br)c(F)c1', 'Cc1ccc(Br)cn1', 'Brc1ccc2cnnn2c1']"
