,obj_values ['yield'],Vendi_score,eval_samples,cut_samples
0,"[24.4, 0.0, 34.9]",1.25452963065986,"['OCc1ccc(Br)cc1', 'Nc1cnc(-c2cccc(Br)c2)nc1', 'Cn1ccc(-c2cccc(Br)c2)n1']",[]
1,"[85.9, 43.9, 16.8]",1.423979973617334,"['Cc1cc(Br)ccn1', 'O=C1CN(Cc2cccc(Br)c2)C(=O)N1', 'COc1cc(Br)cc(OC)c1']","['O=C1CCc2ccc(Br)cc2N1', 'Fc1cc(Br)ccc1-c1ccccc1', 'OC1Cc2ccc(Br)cc2C1', 'Cn1cnc2ccc(Br)cc21', 'CC1(C)C(=O)Nc2ccc(Br)cc21', 'CC(O)c1ccc(Br)cc1', 'CC(C)c1ccc(Br)cc1', 'CC(C)(N)c1ccc(Br)cc1', 'Brc1cccc(-c2cc[nH]n2)c1', 'O=C1CCC(c2cccc(Br)c2)CN1', 'O=C1CCCc2ccc(Br)cc2N1', 'O=C1COc2cc(Br)ccc2N1', 'Brc1ccc2c(c1)oc1ccccc12', 'Brc1ccc2oc3ccccc3c2c1', 'CC(=O)Nc1ccc(Br)cc1', 'Nc1nc2cc(Br)ccc2o1', 'CC(=O)N1CCc2cc(Br)ccc21', 'CC(=O)Cc1cccc(Br)c1', 'CC(C)(C)Oc1ccc(Br)cc1', 'O=C1CCCN1c1ccc(Br)cc1F', 'FCCOc1cncc(Br)c1', 'Brc1ccc([C@@H]2CNCCO2)cc1', 'CC(C)(C)c1cccc(Br)c1', 'CC(C)(CO)c1ccc(Br)cn1', 'COc1cccc(Br)c1', 'NCCc1ccc(Br)cc1', 'N#CCCc1ccc(Br)cc1', 'Brc1ccc(C2OCCO2)cc1', 'Brc1ccc(C2CCCN2)cc1', 'O=C1CC(c2ccc(Br)cc2)N1', 'NC1(c2ccc(Br)cc2)CC1', 'OCC(O)c1cccc(Br)c1', 'Brc1cccc(Cn2cccn2)c1', 'Nc1nc2ccc(Br)cc2o1']"
2,"[1.7, 30.6, 0.0]",1.7918327766376354,"['Brc1ccnc2cccnc12', 'N#Cc1cc(Br)cs1', 'Brc1ccn2nnnc2c1']","['Brc1cnc2[nH]ccc2c1', 'Cc1cn[nH]c1-c1ccc(Br)cc1', 'C[Si](C)(C)C#Cc1cccc(Br)c1', 'Brc1ccc(-c2ncco2)cc1', 'Oc1ccnc2ccc(Br)cc12', 'O=C1NCc2cc(Br)ccc21', 'COc1ccc2cc(Br)ccc2n1', 'Brc1cccc2[nH]ncc12', 'O=C1c2ccc(Br)cc2CN1C1CC1', 'O=C1CCc2ncc(Br)cc2N1', 'N#CC1(c2ccc(Br)cc2)CC1', 'O=C(c1ccc(Br)cc1)N1CCOCC1', 'Brc1cccc(-n2cncn2)c1', 'Brc1cccc(-n2ccnc2)c1', 'Brc1cccc(-c2nnc(C3CC3)o2)c1', 'Oc1cccc(Br)c1', 'CNC(=O)c1cccc(Br)c1', 'Cc1ccc(Br)cn1', 'O=C1CC(c2cccc(Br)c2)CC(=O)N1', 'Cc1ccc(Br)cc1', 'Cc1cc(Br)cnc1C', 'C#Cc1ccc(Br)cc1', 'CC1(C)OB(c2ccc(Br)cc2)OC1(C)C', 'CC(C)(C#N)c1ccc(Br)cn1', 'Nc1cc(Br)ccn1', 'CC(C)(CO)c1cc(Br)ccn1', 'Cc1cncc(Br)c1', 'FC(F)C(F)(F)Oc1cccc(Br)c1', 'Cc1n[nH]c2cc(Br)ccc12']"
3,"[0.0, 21.0, 20.4]",2.803881846691875,"['OCc1coc(Br)n1', 'Cn1cnc(Br)c1', 'Brc1ncccn1']","['Brc1ccc2[nH]cnc2c1', 'FC(F)(F)c1cncc(Br)c1', 'Cn1cnc2cc(Br)ccc21', 'Brc1cnc2cccnc2c1', 'Brc1ccc(-c2cccs2)cc1', 'Brc1cccc2cnccc12', 'Oc1nccc2cc(Br)cnc12', 'Brc1cccnc1', 'Brc1ccc(-c2nnc[nH]2)cc1', 'Brc1ccc2cnccc2c1', 'CCC(=O)c1ccc(Br)cc1O', 'Cn1nnc(-c2ccc(Br)cn2)n1', 'Brc1cnc2cc[nH]c2c1', 'Brc1ccc2cncnc2c1', 'Brc1cnc2ncoc2c1', 'NS(=O)(=O)Cc1cccc(Br)c1', 'O=c1cc(O)c2ccc(Br)cc2o1', 'CC(=O)c1cccc(Br)c1', 'COc1ccc2cc(Br)cnc2n1', 'Oc1cnc2cc(Br)ccc2n1', 'Brc1ccc2nn[nH]c2c1', 'Brc1cccc(-c2nnn[nH]2)c1', 'Brc1cnc2ncccc2c1', 'Oc1ncnc2ccc(Br)cc12', 'Brc1ccc2ncnn2c1']"
4,"[0.3, 0.0, 0.0]",3.3080380916796246,"['COc1ccc(COc2cccc(Br)n2)cc1', 'CC(C)(C)OC(=O)N1CCN(Cc2ccc(Br)cc2)CC1', 'CCOc1ccc(F)c(B(O)O)c1Br']","['Brc1cccc2cncnc12', 'Brc1ccnc2ccccc12', 'Brc1cnc2[nH]ncc2c1', 'Brc1cn2ccnc2cn1', 'COc1ncc2cc(Br)ccc2n1', 'Brc1cccc2ccoc12', 'C=CCc1ccc(Br)c(F)c1', 'CC(C)NC(=O)c1ccc(Br)cn1', 'Brc1ccc2cnnn2c1', 'OC(c1ccc(Br)cn1)C(F)(F)F', 'Brc1cncc2[nH]ccc12', 'OC1CCOc2c(Br)cccc21', 'Brc1ccc2ncncc2c1', 'Brc1cncc2ccccc12', 'N#Cc1cc2cc(Br)ccc2s1', 'CC(=O)CC(=O)c1ccc(Br)cc1', 'Brc1cccc2[nH]cnc12', 'Oc1ccc(Br)cc1', 'N#Cc1cccc(Br)c1', 'CS(=O)(=O)c1ccc(Br)cc1', 'COc1ccc2nccc(Br)c2c1']"
5,"[0.0, 0.0, 0.0]",3.768472260117345,"['Brc1ncn[nH]1', 'COc1nccc(N)c1Br', 'Brc1nncs1']","['O=C1CCc2cccc(Br)c2N1', 'CC(=O)/C=C/c1ccc(Br)cc1', 'OCc1ccc(Br)c(F)c1', 'FC(F)(F)c1ccc(Br)c2[nH]ccc12', 'CC(=O)c1ccc(Oc2cccc(Br)c2)cc1', 'O=C1CCCCC1Oc1ccc(Br)cc1', 'Brc1ccc(-c2nc3cnccc3[nH]2)cc1', 'FC(F)(F)c1cc(Br)c2nc[nH]c2c1', 'CC(C)(C)OC(=O)Nc1ccc(Br)cn1', 'O=C1CCC(Oc2cccc(Br)c2)CC1', 'COc1ccccc1Br', 'CC(C)Sc1ccc(Br)cc1', 'Oc1cc2cccc(Br)c2cn1', 'O=C1Nc2ccc(Br)cc2C12OCCO2', 'Brc1ccc(-c2nc3ccccc3[nH]2)cc1', 'FC(F)(F)c1cc2ccc(Br)cc2cn1', 'Brc1cccc2nccnc12', 'Brc1cccc2[nH]c3ccccc3c12']"
6,"[10.2, 58.4, 66.6]",3.7517266257964454,"['O=c1cc(Br)c(-c2ccccc2)n[nH]1', 'Brc1ccc2cccnc2n1', 'COc1ccc(Cn2cnc3cc(Br)ccc32)cc1']","['Brc1ccc(N2CCOCC2)nc1', 'Fc1ccc(Br)cc1', 'Brc1ccc(N2CCNCC2)cc1', 'Oc1ccc(Br)cn1', 'Nc1c(F)cncc1Br', 'Fc1ccccc1Br', 'CC(=O)Nc1ncc(F)cc1Br', 'CC(=O)c1cc(Br)cs1', 'O=C1CCC(Oc2ccccc2Br)CC1', 'Oc1ncc(Br)cn1', 'CSc1ncc(Br)cn1', 'COc1cccnc1Br', 'Brc1cnc(Oc2cccnc2)nc1', 'O=C(c1cccc(Br)c1)c1ccccn1', 'Brc1cccc2ncncc12']"
7,"[0.0, 1.5, 3.0]",3.94444502025749,"['FC(F)(F)c1cnc2nc(Br)ccc2c1', 'CC(C)(C)OC(=O)N1CCN(c2ncc(Br)cn2)CC1', 'OB(O)c1ccc(Br)s1']","['CN(C)S(=O)(=O)c1ccc(Br)cc1', 'O=C(c1cccc(Br)c1)C(F)(F)F', 'O=S(=O)(CCO)c1ccc(Br)cc1', 'Cc1cn2cc(F)cc(Br)c2n1', 'O=S(=O)(Cc1ccc(Br)cc1)N1CCCC1', 'Oc1cccc(Br)n1', 'Brc1ccc(-n2cnnc2)nc1', 'CC(C)(C)c1cc(Br)c2ncccc2c1', 'CNC(=O)c1ccnc(Br)c1', 'Brc1ccc(-c2nnc(-c3ccccc3)o2)cc1', 'O=C(NCc1ccccc1)c1ccc(Br)cn1', 'Cc1cncc(Br)n1', 'C[C@@H](NC(=O)OC(C)(C)C)c1ccc(Br)cc1']"
8,"[0.3, 17.3, 2.9]",3.934990022836037,"['Brc1ccc(-c2ccn[nH]2)s1', 'COc1ccc2cc(Br)ncc2n1', 'O=C(c1cc2cc(Br)cnc2s1)N1CCOCC1']","['CCOP(=O)(Cc1ccc(Br)cn1)OCC', 'FC(F)(F)c1ccnc(Nc2cccc(Br)c2)n1', 'CC(=O)Nc1ccc(C(C)=O)cc1Br', 'Cc1cc(Br)cc(Nc2nccc(C3CC3)n2)c1', 'Cc1ccc(Br)nc1', 'COc1ncc(Br)nc1OC', 'Brc1cnc2nccn2c1', 'FC(F)(F)c1ccc(Br)c2ncccc12', 'CC(C)(C)OC(=O)N1CCOc2ccc(Br)cc2C1', 'FC(F)(F)c1nc2ccc(Br)cn2n1', 'Brc1cccc2nccn12']"
