,obj_values ['yield'],Vendi_score,eval_samples,cut_samples
0,"[60.2, 20.3, 0.3]",1.553315635886345,"['O=C1CC(c2cccc(Br)c2)CC(=O)N1', 'Oc1ccnc2ccc(Br)cc12', 'Brc1ccc(-c2ccn[nH]2)s1']",[]
1,"[21.9, 51.8, 18.2]",1.91585051544052,"['CC(C)(C)OC(=O)NC1(c2ccc(Br)cc2)CC(=O)C1', 'CC(C)(C)OC(=O)N1CCCc2ccc(Br)nc21', 'CN(C)S(=O)(=O)c1ccc(Br)cc1']","['Cc1cn[nH]c1-c1ccc(Br)cc1', 'Fc1cc(Br)ccc1-c1ccccc1', 'Brc1ccc(-c2cccs2)cc1', 'Cn1nnc(-c2ccc(Br)cn2)n1', 'Brc1ccc2ncnn2c1', 'O=C1Nc2ccc(Br)cc2C12OCCO2', 'O=C1CCc2ccc(Br)cc2N1', 'O=C1c2ccc(Br)cc2CN1C1CC1', 'CC1(C)C(=O)Nc2ccc(Br)cc21', 'O=C1CCC(c2cccc(Br)c2)CN1', 'C[Si](C)(C)C#Cc1cccc(Br)c1', 'O=C1CCCc2ccc(Br)cc2N1', 'Brc1ccc2c(c1)oc1ccccc12', 'Brc1ccc2oc3ccccc3c2c1', 'CC(=O)Cc1cccc(Br)c1', 'Brc1ccc(-c2ncco2)cc1', 'COc1ncc2cc(Br)ccc2n1', 'CC(C)(C#N)c1ccc(Br)cn1', 'CC(C)(CO)c1ccc(Br)cn1', 'FCCOc1cncc(Br)c1', 'Brc1cnc(Oc2cccnc2)nc1', 'COc1ccc2cc(Br)cnc2n1', 'COc1ccc2cc(Br)ccc2n1', 'O=C1CCc2ncc(Br)cc2N1', 'O=C1CCCN1c1ccc(Br)cc1F', 'O=C1CC(c2ccc(Br)cc2)N1', 'O=C(c1ccc(Br)cc1)N1CCOCC1', 'Brc1cccc(-n2cncn2)c1', 'Brc1cccc(-n2ccnc2)c1', 'Brc1cccc(-c2nnc(C3CC3)o2)c1', 'O=C1CN(Cc2cccc(Br)c2)C(=O)N1', 'CNC(=O)c1cccc(Br)c1', 'Oc1ncnc2ccc(Br)cc12', 'O=C1COc2cc(Br)ccc2N1']"
2,"[0.0, 61.9, 20.4]",2.892689263273482,"['OCc1coc(Br)n1', 'O=C(OCc1ccccc1)N1CCc2ncc(Br)cc2C1', 'Brc1ncccn1']","['O=S(=O)(Cc1ccc(Br)cc1)N1CCCC1', 'Brc1ccc(-c2nnc(-c3ccccc3)o2)cc1', 'Brc1ccc(-c2nc3ccccc3[nH]2)cc1', 'O=C1CCC(Oc2cccc(Br)c2)CC1', 'CC(C)(CO)c1cc(Br)ccn1', 'CC1(C)OB(c2ccc(Br)cc2)OC1(C)C', 'CC(=O)/C=C/c1ccc(Br)cc1', 'CC(=O)CC(=O)c1ccc(Br)cc1', 'CC(=O)c1ccc(Oc2cccc(Br)c2)cc1', 'CC(C)(C)OC(=O)N1CCOc2ccc(Br)cc2C1', 'O=C(NCc1ccccc1)c1ccc(Br)cn1', 'Brc1cccc(-c2cc[nH]n2)c1', 'FC(F)C(F)(F)Oc1cccc(Br)c1', 'CC(C)NC(=O)c1ccc(Br)cn1', 'CC(C)Sc1ccc(Br)cc1', 'CCOP(=O)(Cc1ccc(Br)cn1)OCC', 'CC(C)(C)OC(=O)Nc1ccc(Br)cn1', 'Cn1ccc(-c2cccc(Br)c2)n1', 'C[C@@H](NC(=O)OC(C)(C)C)c1ccc(Br)cc1', 'NS(=O)(=O)Cc1cccc(Br)c1', 'Brc1cccc(Cn2cccn2)c1', 'O=c1cc(O)c2ccc(Br)cc2o1', 'Brc1ccc(C2OCCO2)cc1', 'Brc1ccc([C@@H]2CNCCO2)cc1', 'Brc1ccc(-c2nc3cnccc3[nH]2)cc1', 'Brc1ccc(-c2nnc[nH]2)cc1', 'O=C1NCc2cc(Br)ccc21', 'FC(F)(F)c1cc2ccc(Br)cc2cn1', 'O=C(c1cccc(Br)c1)c1ccccn1']"
3,"[0.0, 0.0, 0.0]",3.107926797661751,"['CC(C)(C)OC(=O)N1CCC(Nc2ccc(Br)cc2)CC1', 'Brc1ccccc1N1CCNCC1', 'CCOc1ccc(F)c(B(O)O)c1Br']","['CCC(=O)c1ccc(Br)cc1O', 'Brc1ccc2cncnc2c1', 'CC(C)(C)OC(=O)n1cc(CO)c2c(Br)cccc21', 'COc1ccc2nccc(Br)c2c1', 'COc1ncc(Br)nc1OC', 'CNC(=O)c1ccnc(Br)c1', 'OC1Cc2ccc(Br)cc2C1', 'Oc1nccc2cc(Br)cnc12', 'Brc1ccc2cnccc2c1', 'Brc1cn2ccnc2cn1', 'N#CC1(c2ccc(Br)cc2)CC1', 'O=S(=O)(CCO)c1ccc(Br)cc1', 'O=C1CCCCC1Oc1ccc(Br)cc1', 'N#CCCc1ccc(Br)cc1', 'Brc1ccc(C2CCCN2)cc1', 'FC(F)(F)c1ccnc(Nc2cccc(Br)c2)n1', 'OCC(O)c1cccc(Br)c1', 'FC(F)(F)c1ccc(Br)c2[nH]ccc12', 'FC(F)(F)Sc1ccc(Br)cc1', 'CC(=O)N1CCc2cc(Br)ccc21', 'CC(=O)c1cccc(Br)c1', 'CC(C)(C)OC(=O)NCc1cccc(Br)n1', 'CC(C)(C)Oc1ccc(Br)cc1', 'CS(=O)(=O)c1ccc(Br)cc1', 'Nc1cnc(-c2cccc(Br)c2)nc1']"
4,"[0.0, 0.0, 0.3]",3.3201216794115247,"['FC(F)(F)c1cnc2nc(Br)ccc2c1', 'FC(F)(F)c1cnc2cc(Br)ncc2n1', 'COc1ccc(COc2cccc(Br)n2)cc1']","['Brc1cccc2[nH]ncc12', 'COc1cc(Br)cc(OC)c1', 'COc1ccc(Cn2cnc3cc(Br)ccc32)cc1', 'CC(C)(C)c1cccc(Br)c1', 'CC(=O)Nc1ncc(F)cc1Br', 'CC(=O)Nc1ccc(Br)cc1', 'Oc1cc2cccc(Br)c2cn1', 'Brc1cccc2cnccc12', 'Brc1ccc(CN2CCOCC2)cc1', 'CC(C)(C)OC(=O)N1CCCCC1c1ccc(Br)cc1', 'Brc1ccc(N2CCOCC2)nc1', 'NC1(c2ccc(Br)cc2)CC1', 'Brc1cccc2[nH]c3ccccc3c12', 'Cc1n[nH]c2cc(Br)ccc12', 'Nc1nc2cc(Br)ccc2o1', 'CC(C)(C)c1cc(Br)c2ncccc2c1', 'OC1CCOc2c(Br)cccc21', 'NCCc1ccc(Br)cc1', 'O=C1CCC(Oc2ccccc2Br)CC1', 'Cn1cnc2ccc(Br)cc21', 'Cc1cc(Br)cc(Nc2nccc(C3CC3)n2)c1']"
5,"[85.9, 18.6, 15.7]",3.685154283093712,"['Cc1cc(Br)ccn1', 'CC(C)(C)OC(=O)N1CCCC1c1nc(Br)c[nH]1', 'Brc1cnc2nncn2c1']","['Brc1ccn2nccc2n1', 'Brc1ccc(N2CCNCC2)cc1', 'Brc1cnc2ccccc2n1', 'O=C(c1cccc(Br)c1)C(F)(F)F', 'N#Cc1cc2cc(Br)ccc2s1', 'O=C(c1cc2cc(Br)cnc2s1)N1CCOCC1', 'Brc1ccc2ncncc2c1', 'FC(F)(F)c1ccc2cc(Br)ncc2n1', 'C#Cc1ccc(Br)cc1', 'FC(F)(F)c1ccc(Br)c2ncccc12', 'COc1ccc2nc(Br)ccc2n1', 'Brc1cnc2ncccc2c1', 'O=c1cc(Br)c(-c2ccccc2)n[nH]1', 'Brc1ccc2ncccc2n1', 'Brc1ccnc2ccccc12', 'Oc1cnc2cc(Br)ccc2n1', 'COc1cc2ccc(Br)nc2cn1', 'Brc1cnc2cccnc2c1']"
6,"[15.5, 72.1, 0.3]",3.7557576585734807,"['Cn1cc(Br)nn1', 'Cc1ccc(Br)cc1', 'Oc1ccnc(Br)c1']","['Brc1ccc(-n2cnnc2)nc1', 'Brc1cccc2cncnc12', 'Brc1cccc2ncncc12', 'O=C1CCc2cccc(Br)c2N1', 'Brc1cncc2ccccc12', 'Brc1cnc2ncoc2c1', 'Brc1ccc2cnnn2c1', 'CC(C)c1ccc(Br)cc1', 'FC(F)(F)c1cncc(Br)c1', 'Cc1cc(Br)cnc1C', 'Brc1cccc2nccnc12', 'Brc1ccc2nn[nH]c2c1', 'CC(O)c1ccc(Br)cc1', 'COc1cccc(Br)c1', 'CC(=O)c1cc(Br)cs1']"
7,"[27.0, 0.3, 1.7]",3.669391580653133,"['N#Cc1cccc(Br)c1', 'Nc1cc(Br)ccn1', 'Brc1ccnc2cccnc12']","['Oc1cccc(Br)n1', 'Brc1cnc2[nH]ccc2c1', 'Cc1ccc(Br)cn1', 'Nc1nc2ccc(Br)cc2o1', 'Cc1cncc(Br)n1', 'OCc1ccc(Br)cc1', 'OCc1ccc(Br)c(F)c1', 'Brc1cccc2ccoc12', 'COc1ccccc1Br', 'CC(C)(N)c1ccc(Br)cc1', 'C=CCc1ccc(Br)c(F)c1', 'Cc1cncc(Br)c1', 'Brc1cnc2cc[nH]c2c1']"
8,"[30.6, 58.4, 18.5]",3.663567910608926,"['N#Cc1cc(Br)cs1', 'Brc1ccc2cccnc2n1', 'Cc1cn2cc(F)cc(Br)c2n1']","['Cn1cnc2cc(Br)ccc21', 'Brc1cccc(-c2nnn[nH]2)c1', 'OC(c1ccc(Br)cn1)C(F)(F)F', 'FC(F)(F)c1cc(Br)c2nc[nH]c2c1', 'Brc1cccc2[nH]cnc12', 'Oc1cccc(Br)c1', 'Brc1ccn2nnnc2c1', 'Brc1ccc2[nH]cnc2c1', 'CSc1ncc(Br)cn1', 'Brc1cccnc1', 'Brc1cncc2[nH]ccc12']"
