,obj_values ['rate'],Vendi_score,eval_samples,cut_samples
0,[0.7236120110091279],1.0000000000000009,['FC1=CC(Cl)=C(I)C=C1'],[]
1,[-2.252135306303045],1.345926588531375,['COC1=CC=C(I)C(C)=C1'],"['FC(F)(F)C1=CC(I)=C(Br)C=C1', 'CCC1=CC(Br)=C(I)C=C1', 'OC1=CC=C(I)C(Br)=C1', 'FC(F)(F)C1=C(Br)C(I)=CC=C1', 'CC1=CC=CC(Cl)=C1I', 'COC1=C(I)C=CC(=C1)C(F)(F)F', 'CC(C)C1=CC=C(I)C(Br)=C1', 'CC(C)(C)C1=CC=C(I)C(Br)=C1', 'CC1=CC=C(I)C(C(O)=O)=C1F', 'COC1=CC(Cl)=C(I)C=C1', 'CC1=CC(Cl)=C(I)C=C1C', 'OC(=O)C1=CC=CC(I)=C1Cl', 'CC1=CC(Cl)=CC(Cl)=C1I', 'OC1=CC(I)=C(Br)C=C1', 'OC1=CC=C(I)C=C1C(F)(F)F', 'ClC1=CC(Cl)=C(I)C=C1', 'FC1=C(C=C(I)C=C1)C(F)(F)F', 'OC1=C(I)C=CC=C1Cl', 'FC1=C(I)C(Cl)=CC=C1', 'FC1=CC(Br)=C(I)C=C1F', 'FC1=C(I)C=CC(Cl)=C1', 'FC1=C(Cl)C=C(I)C=C1', 'OC1=C(I)C(Cl)=CC(Cl)=C1', 'FC1=CC(I)=C(Cl)C=C1', 'FC(F)(F)C1=CC(I)=C(Cl)C=C1', 'CC1=C(Br)C=CC(I)=C1Cl', 'COC(=O)C1=CC(I)=C(Cl)C=C1', 'OC1=CC(I)=C(Cl)C=C1', 'OC1=C(Br)C(I)=CC=C1', 'COC1=CC(Br)=C(I)C=C1', 'FC1=CC(Cl)=C(I)C(Cl)=C1', 'FC(F)(F)OC1=CC=CC=C1I', 'ClC1=CC=CC=C1I', 'CC1=CC(Br)=C(I)C=C1Cl', 'OCC1=C(I)C=CC(F)=C1', 'CC1=CC(Br)=C(I)C=C1', 'FC(F)(F)C1=C(Cl)C=CC(I)=C1', 'OC1=C(Cl)C(I)=CC=C1', 'COC1=CC(I)=C(Cl)C=C1', 'OC(=O)C1=C(Br)C(I)=CC=C1', 'FC1=CC=CC(I)=C1Br', 'NC(=O)C1=C(Cl)C=CC=C1I', 'CC(C)(C)C1=CC(I)=C(Br)C=C1', 'BrC1=CC=CC=C1I', 'OC1=CC(Cl)=C(I)C=C1', 'CC1=CC=CC(I)=C1Cl', 'ClC1=C(I)C=C(C=C1)C#N', 'ClC1=CC=C(Br)C=C1I', 'FC(F)(F)OC1=C(I)C=C(Br)C=C1', 'COC(=O)C1=CC(I)=C(Cl)C=C1C']"
2,[0.26888320368432606],2.0996007549206137,['C[C@@H]1CN(CCN1S(=O)(=O)C1=CC=C(I)C=C1)C(=O)C1=CC=CC=C1'],"['CN(C)C1=C(I)C=CC=C1', 'COC1=CC(OC)=C(I)C=C1Cl', 'IC1=C(OC2CC2)C=CC=C1', 'ClCC1=C(I)C=CC=C1', 'NC(=O)C1=CC(O)=C(I)C=C1', 'ClCC(=O)NC1=CC=CC=C1I', 'IC1=C(C=CC=C1)C1=CC=CC=C1', 'COC1=CC(B(O)O)=C(I)C=C1', 'COC1=C(F)C=CC=C1I', 'CC(=O)NC1=CC=CC=C1I', 'OC(=O)C1=CC=C(O)C(I)=C1', 'CC1=CC(O)=C(C)C=C1I', 'OCC1=C(I)C=C(F)C=C1', 'NC1=C(I)C=C(OC(F)(F)F)C=C1', 'IC1=C(OCC2=CC=CC=C2)C=CC=C1', 'CC1=CC=C(C=C1I)C(N)=N', 'COC1=CC=C(C)C=C1I', 'COC1=C(I)C=C(C=C1)C(O)=O', 'CCCC1=C(I)C=CC=C1', 'CC1=CC(I)=C(CO)C=C1C', 'CC1=CC(I)=C(O)C=C1Cl', 'COC1=CC(CO)=CC=C1I', 'COC1=C(I)C=CC=C1', 'CC1=CC(I)=C(C)C=C1', 'FC(F)(F)C(=O)NC1=CC=CC=C1I', 'CCOC(=O)COC1=CC=CC=C1I', 'CNCC1=C(I)C=CC=C1', 'CC1=CC(I)=C(CO)C=C1', 'OCC1=C(I)C=C(Cl)C=C1', 'OC(=O)CCC1=CC=CC=C1I', 'OC(=O)CC1=CC=C(O)C(I)=C1', 'COC1=C(C)C(I)=CC=C1C', 'COC1=CC(=C(I)C=C1)C(F)(F)F', 'CC1=C(O)C=CC(I)=C1', 'CC1=C(I)C=CC(O)=C1', 'NC1=CC(Cl)=CC=C1I', 'CC1=C(I)C=CC=C1', 'CC(Cl)C(=O)NC1=CC=CC=C1I', 'CC1=C(I)C=C(CO)C=C1', 'IC1=CC=C(OCC#N)C=C1', 'NCC1=CC=CC=C1I', 'OC(=O)CC1=CC=CC=C1I', 'C[C@H](O)C1=C(I)C=CC(F)=C1', 'CNC(=O)C1=CC=CC=C1I', 'COC1=CC=C(I)C(C(O)=O)=C1F', 'COC(OC)C1=C(I)C=CC=C1']"
3,[1.1629139359306655],2.828001473941635,['FC1=C(I)C(F)=C(Br)C=C1Br'],"['CC1(C)OB(OC1(C)C)C1=CC(O)=CC=C1I', 'OC(=O)CNC(=O)C1=C(I)C=CC=C1', 'IC1=CC=CC=C1CN1C=NC=N1', 'OCC1=C(Cl)C=CC=C1I', 'NC(CC1=CC=C(I)C=C1)C(O)=O', 'CC1=C(I)C=CC=C1CC#N', 'IC1=CC=CC(=C1)C1=CC=CC=C1', 'COC1=CC=C(COC2=C(I)C=CC=C2)C=C1', 'NC(=O)CC1=C(I)C=CC=C1', 'COC1=CC(I)=C(NC(=O)OC(C)(C)C)C=C1', 'CCNC(=O)C1=CC=CC=C1I', 'CC(C)(C)C1=CC(I)=CC=C1O', 'CC1=CC(I)=CC(C)=C1F', 'NC1=C(I)C=C(Cl)C(=C1)C(F)(F)F', 'NC(=O)C1=C(I)C=CC=C1', 'CC1=CC=CC(I)=C1CO', 'COC(=O)C1=C(C)C(I)=CC=C1', 'IC1=CC=C(OCC2=CC=NC=C2)C=C1', 'ClCC1=CC(I)=C(CCl)C=C1', 'CC1=C(O)C(I)=CC(Cl)=C1', 'COC(=O)CC1=C(I)C=CC=C1', 'CS(=O)(=O)NC1=CC=C(I)C=C1', 'IC1=CC=C(OCC2=CC=CN=C2)C=C1', 'OC(=O)CC1=C(I)C=C(Cl)C=C1', 'IC1=C(C=CC=C1)C(=O)N1CCCC1', 'IC1=C(C=CC=C1)C(=O)NC1CCCC1', 'OC(=O)CCCCC1=CC=C(I)C=C1', 'CCOC(=O)CC1=C(I)C=CC=C1', 'NC1=C(Cl)C=C(C=C1I)C(F)(F)F', 'CCNC(=O)C1=CC(OCC)=C(I)C=C1', 'CC(C)(C)OC(=O)C1=C(I)C=CC=C1', 'IC1=CC=C(OCC2CC2)C=C1', 'COC(=O)C1=C(I)C=CC=C1OC', 'CC1=CC(C)=C(I)C=C1I', 'OC1=CC=C(OC2=CC=C(I)C=C2)C=C1', 'CCOC(=O)C1=CC(I)=C(OC)C=C1', 'CC(=O)NC1=C(OC(F)(F)F)C=C(I)C=C1', 'IC1=CC=C(OC2=CC=CC=C2)C=C1', 'IC1=C(C=CC=C1)C(=O)NCC1=CC=CC=C1', 'CCCNC(=O)C1=CC=CC=C1I', 'CC(=O)OC1=CC=C(I)C=C1', 'CC(=O)NC1=C(C=C(I)C=C1)C(F)(F)F']"
4,[0.890544908179314],3.1915399059228986,['CN(C)C1=CC=C(C=C1)\\N=N\\C1=CC=C(I)C=C1'],"['COC1=C(I)C(Cl)=C(Cl)C=C1', '[H][C@](N)(CC1=CC(I)=C(O)C=C1)C(=O)OC', 'COC(=O)C1=CC(I)=C(N)C(Br)=C1', 'OC1=C(I)C=CC(Cl)=C1', 'CC(=O)NC1=CC(F)=CC=C1I', 'CCOC(=O)C1=CC(I)=C(N)C=C1', 'COC(=O)C1=CC(I)=C(N)C=C1Cl', 'OC(=O)CCC1=CC=C(O)C(I)=C1', 'FC1=C(I)C=C(CBr)C=C1', 'CCOC(=O)C1=CC(Br)=C(N)C(I)=C1', 'FC1=C(I)C=CC(Br)=C1Cl', 'OC1=C(I)C=C(C=C1)C1=CC=CC=C1', 'CC(C)(C)C(=O)NC1=CC=C(Cl)C=C1I', 'FC1=C(I)C=CC(I)=C1', 'CCOC(=O)C1=CC(I)=C(O)C(I)=C1', 'CCOC1=CC(Br)=CC=C1I', 'CCOC1=C(I)C=CC(=C1)C(=O)N1CCOCC1', 'FC1=CC(F)=C(Cl)C=C1I', 'COC1=CC(I)=C(F)C=C1Cl', 'CC1=CC(I)=C(F)C=C1', 'OC(=O)C1=CC(I)=C(O)C(I)=C1', 'CC1=C(F)C=C(F)C(I)=C1', 'OC1=C(F)C=CC=C1I', 'COC(=O)C1=CC(I)=C(F)C=C1', 'NC1=C(Cl)C=C(Cl)C=C1I', 'FC1=CC(I)=C(F)C=C1', 'CC1=CC(Br)=CC=C1I', 'COC(=O)C1=CC(I)=C(OC2=CC=CC=C2)C=C1', 'OC1=CC(Cl)=C(F)C=C1I', 'COC1=C(I)C=C(C(O)=O)C(F)=C1', 'OCC1=CC(I)=C(O)C=C1', 'COC(=O)CCC1=CC(I)=C(O)C(I)=C1', 'FC1=C(I)C=CC(=C1)C1CC1', 'COC1=C(I)C=C(Br)C=C1', 'FC1=C(Br)C=CC(I)=C1F', 'OC(C1=CC=C(I)C(F)=C1)(C(F)(F)F)C(F)(F)F', 'OC1=C(I)C=C(Cl)C=C1', 'OC(=O)CCC1=CC(I)=C(O)C(I)=C1']"
5,[-0.5459529163336929],3.767798337127424,['COC1=CC=C(OC)C(=C1I)C1=C(C=C(C=C1C(C)C)C(C)C)C(C)C'],"['CC1=CC(I)=CC(I)=C1N', 'OC1=CC=C(C=C1I)C1=CC=C(C=C1)C#N', 'IC1=CC=C(C=C1)C(=O)NCC1=CC=CC=C1', 'COC(=O)C1=C(Cl)C(O)=C(I)C=C1', 'COC(=O)C1=CC(N)=C(I)C=C1C', 'NC1=C(I)C=C(F)C(=C1)C(F)(F)F', 'COC(=O)C1=C(C)C=C(N)C(I)=C1', 'NC1=C(I)C=C(Br)C(=C1)C(F)(F)F', 'COC(=O)C1=CC(NC(=O)C2=CC=CC=C2I)=CC=C1', 'ClC1=CC(CBr)=C(I)C=C1', 'CC1=CC(I)=C(N)C(I)=C1', 'OC(=O)C1=C(NC2=CC=C(I)C=C2Cl)C(F)=C(F)C=C1', 'COC(=O)C1=CC(I)=C(N)C(I)=C1', 'NC(=O)C1=CN=C(OC2=CC=C(I)C=C2)C=C1', 'COC1=C(I)C=C(N)C=C1I', 'COC(=O)C1=CC(I)=C(N)C(OC)=C1', 'CC(C)(C)C1=CC(I)=C(O)C(I)=C1', 'CC1=CC=C(I)C=C1C1=CC(I)=CC=C1C', 'NC1=C(Br)C=CC=C1I', 'COC(=O)C1=C(I)C=CC(OC)=C1', 'NC1=C(I)C=C(Br)C=C1', 'COC(=O)C1=CC(I)=C(C=C1O)N(C)C', 'CCOC(=O)C(=CNC1=C(I)C=CC=C1)C(=O)OCC', 'OC(=O)C1=C(NC(=O)C2=C(I)C=CC=C2)C=CC=C1', 'CC(C)OC1=CC=C(I)C=C1Br', 'OC1=C(I)C=C(C=C1I)C(F)(F)F', 'OC1=CC=C(I)C2=CC=CC=C12', 'CCOC(=O)C1=CC(OCC)=C(I)C=C1', 'CC(C)(C)C(=O)NC1=CC=CC=C1I', 'COC1=CC(Cl)=C(OC)C=C1I', 'OC(=O)C1=C(NC2=CC=C(I)C=C2F)C=NC=C1', 'CC1=CC(Cl)=CC(I)=C1N', 'OB(O)C1=C(I)C=CC(OCC2=CC=CC=C2)=C1', 'OC1=CC=C(Cl)C=C1\\C=C\\C1=C(I)C=CC=C1', 'COC(=O)C1=C(I)C=C(OC)C(OC)=C1']"
6,[0.5111620607467443],4.209418842362324,['CC1=CC(=C(I)C(Br)=C1)N(=O)=O'],"['COC(=O)C1=C(OC)C=C(NC(C)=O)C(I)=C1', 'CC(C)(C)C1=CC=C(N)C(I)=C1', 'CC(C)(C)C1=C(I)C=CC(O)=C1', 'ClC1=CC=C(OC2=CC=C(I)C=C2)C=C1', 'COC1=CC=C(OC)C(I)=C1', 'IC1=CC=C(NC2=CC=C(I)C=C2)C=C1', 'OCC1=CC(I)=C(CO)C=C1I', 'COC(=O)C1=CC=C(I)C(N)=C1', 'COC1=C(I)C(C)=CC(Cl)=C1', 'NC1=C(I)C=C(C(Br)=C1)C(F)(F)F', 'COC1=CC(C(C)C)=C(OS(=O)(=O)C2=CC=C(C)C=C2)C=C1I', 'FC(F)(F)COC1=CC(=CC=C1I)C(=O)N1CCOCC1', 'COC1=CC=CC(CNC2=C(I)C=CC=C2)=C1', 'CCOC1=CC=C(C=C1)C(O)C1=CC(I)=CC=C1Cl', 'IC1=CC=C(OCCN2CCCC2)C=C1', 'CCOC(=O)CC1=CC=C(N)C(I)=C1', 'CC(C)C1=CC=C(N)C(I)=C1', 'COC1=CC(Br)=C(OC)C=C1I', 'COC1=CC=CC(I)=C1NC(=O)OC(C)(C)C', 'CCN(CC)C(=O)C1=CC(OCC(C)C)=C(I)C=C1', 'COC1=C(NCC(O)=O)C=C(I)C(Cl)=C1', 'CON(C)C(=O)C1=C(I)C=C(Cl)C=C1', 'NC1=C(I)C=C(C=C1)C1=CC=CC=C1', 'IC1=CC=C(NC(=O)OCC2=CC=CC=C2)C=C1', 'BrC1=C(OC2=C(I)C=CC=C2)C=CC(=C1)C#N', 'IC1=CC=C(OCCN2CCCC2=O)C=C1', 'COC1=CC(C)=C(OC)C=C1I', 'CN(C(=O)C1=C(I)C=CC=C1)C1=CC=C(C)C=C1', 'COC1=CC=CC(Br)=C1I', 'BrC(C1=CC=CC=C1)C1=C(I)C=CC=C1', 'IC1=CC=CC=C1C1=CC=CC=C1I', '[H][C@@](N)(CC1=CC=C(O)C(I)=C1)C(O)=O']"
7,[-0.5879529326977142],4.585262997813689,['OC1=CC=CC(O)=C1I'],"['FC1=C(C=C(Br)C=C1I)C#N', 'IC1=CC=CC(=C1)C(=O)C1=CC=CC=C1', 'BrC1=C(I)C=C(C=O)C=C1', 'COC1=C(OC)C(I)=CC(C=O)=C1', 'COP(=S)(OC)OC1=CC(Cl)=C(I)C=C1Cl', 'OCC1=CC=CC(Br)=C1I', 'COC(=O)C1=C(OC)C=C(F)C(I)=C1', 'COC(=O)C1=C(Cl)C=C(C)C(I)=C1', 'OC(=O)C1=C(I)C(Br)=CC=C1', 'CCOC(=O)C1=CC2=CC=CC=C2C=C1I', 'OC1=C(I)C=C(F)C(F)=C1I', 'OC(=O)CCCCC(=O)C1=CC=C(I)C=C1', 'CCOC1=C(O)C(I)=CC(C=O)=C1', 'NC1=C(I)C(Br)=CC(F)=C1', 'COC1=C(I)C=C(C=C1I)C#N', 'OC(=O)C(=O)CC1=CC(I)=C(O)C(I)=C1', 'COC(=O)C1=C(O)C=C(I)C(Cl)=C1', 'FC(F)(F)C(=O)CC1=CC=C(I)C=C1', 'COC1=CC(C=O)=CC(I)=C1O', 'OC1=C(I)C(Cl)=CC=C1', 'OC1=C(I)C(Br)=CC=C1', 'NC1=C(I)C(Cl)=C(Cl)C=C1', 'FC1=CC=CC(CBr)=C1I', '[H][C@@](N)(CC1=CC(I)=C(O)C(I)=C1)C(O)=O', 'IC1=CC=CC=C1C(=O)C1=CC=CC=C1', 'COC(=O)C1=CC(N)=CC=C1I', 'OC(=O)CCC1=NN=C(O1)C1=CC=CC=C1I', 'ClC1=C(I)C=C(C=O)C=C1', 'COC(=O)C1=CC=C(N)C(I)=C1Cl', 'CC(=O)C1=CC(I)=C(Br)C=C1']"
8,[1.2310331342559602],4.930843452030597,['IC1=C(C=CC=C1C#N)C#N'],"['NC1=C(I)C=CC(=C1)C(O)=O', 'CCOC1=CC=C(I)C(F)=C1F', 'CC1=C(I)C(O)=CC=C1', 'CC(C)(C)OC(=O)NC1=CC=C(Cl)C(F)=C1I', 'NNC1=C(I)C=CC=C1', 'CC1=CC(F)=C(I)C=C1', 'CC1=CC(Cl)=CC(N)=C1I', 'COC1=CC=C(Br)C(F)=C1I', 'COC1=CC=C(I)C(O)=C1', 'COC1=C(N)C(I)=CC=C1', 'COC1=CC=CC(CO)=C1I', 'CC1=CC(N)=C(I)C=C1C', 'COC1=CC(I)=C(F)C=C1', 'OC1=C(O)C(I)=CC=C1', 'COC1=CC(F)=C(I)C=C1', 'COC(=O)C1=CC(I)=C(N)C=C1OC', 'COC1=CC=C(I)C(OC)=C1', 'OC1=C(I)C2=CC=CC=C2C=C1', 'CC(C)(C)OC(=O)NC1=C(I)C(F)=CC=C1', 'COC(=O)C1=C(N)C(I)=CC(Cl)=C1', 'CC(=O)C1=CC(I)=C(O)C=C1', 'COC1=CC=CC(C)=C1I', 'OC1=CC(I)=C(O)C=C1I', 'CC1=CC(N)=C(I)C=C1F', 'OC1=C(I)C=CC=C1', 'CC1=CC(F)=C(I)C=C1O', 'NC1=C(I)C(Cl)=CC=C1']"
9,[0.7365003752884792],5.184948205719452,['NC1=CC(Br)=C(I)C(Br)=C1'],"['OC(=O)C1=CC=CC2=CC=CC(I)=C12', 'CCOC(=O)C1=C(I)C=CC(Br)=C1', 'BrC1=CC=C(C=C1)C(=O)C1=C(I)C=CC=C1', 'OC(=O)C1=CC(OC(F)(F)F)=C(I)C=C1', 'OC1=C(I)C=C(C=O)C=C1I', 'COC1=C(C(O)=O)C(I)=CC=C1', 'CCOC(=O)CC(=O)C1=C(I)C=CC=C1', 'CCOC(=O)C1=CC(F)=C(I)C=C1', 'OC(=O)C1=CC(I)=C(C=C1)C(F)(F)F', 'COC(=O)C1=C(OC)C=C(C)C(I)=C1', 'COC1=CC=C(C=C1I)C#N', 'COC1=CC(I)=C(C=O)C=C1OC', 'COC(=O)C1=CC=CC=C1I', 'COC(=O)C1=C(I)C=CC=C1O', 'CC(C)C1=CC=C(I)C(=C1)N(=O)=O', 'IC1=CC=C(C=C1)C1=NC=CO1', 'CC1=C(C(I)=CC=C1)N(=O)=O', 'COC(=O)C1=C(N)C(I)=CC(F)=C1', 'CCOC(=O)C1=CC(I)=C(C=C1)C#N', 'OC(=O)C1=C(F)C=C(Cl)C(I)=C1', 'CC(=O)C1=CC(Cl)=C(C)C(I)=C1O', 'FC(F)C1=C(I)C(F)=C(Cl)C=C1', 'COC1=C(C=C(Cl)C(C)=C1I)C(C)=O', 'CC1=CC(C(O)=O)=C(I)C=C1', 'CC1=C(C=C(I)C=C1Cl)C(O)=O']"
10,[-1.392481136628752],5.36894927621496,['CC(C)C1=CC=CC(C(C)C)=C1I'],"['NC1=C(F)C=C(C=C1I)C#N', 'OC(=O)C1=C(F)C(F)=C(F)C(F)=C1I', 'FC1=CC=C(I)C(F)=C1', 'BrC1=C(C=CC=C1I)C#N', 'CC1=CC(O)=C(I)C=C1N(=O)=O', 'ClC1=CC(Br)=C(I)C=C1Cl', 'COC1=C(I)C(F)=CC(Br)=C1', 'FC1=CC(F)=C(I)C(Cl)=C1', 'NC1=CC=C(I)C(Cl)=C1', 'NC1=C(I)C=CC(Br)=C1', 'COC1=CC=C(I)C=C1C(O)=O', 'FC1=C(I)C=CC(Br)=C1C#N', 'FC(F)(F)C1=C(I)C(Br)=CC=C1', 'FC1=C(Cl)C=CC(I)=C1C=O', 'COC(=O)C1=C(I)C=C(Br)C=C1', 'OCC1=CC(=C(I)C=C1)N(=O)=O', 'CC1=C(I)C=C(C=C1F)C(O)=O', 'COC1=CC(I)=C(I)C=C1OC', 'FC1=C(I)C=CC(=C1)C(F)(F)F', 'OC(=O)C1=CC=CC(=C1I)N(=O)=O', 'CC1=C(C(F)=CC=C1I)N(=O)=O', 'FC1=CC=C(I)C(F)=C1F', 'CC(=O)C1=CC(I)=CC=C1']"
11,[0.610371127314533],5.513658733778856,['NC1=CC(I)=CC(CO)=C1'],"['CC1=CC(F)=CC(C)=C1I', 'CC(C)(O)C1=C(I)C=CC=C1', 'COC(=O)C1=CC=CC(I)=C1N', 'CCC1=CC(Br)=CC(CC)=C1I', 'CC1=CC(O)=CC(C)=C1I', 'CC1=C(C)C(C)=C(I)C(C)=C1C', 'CC(=O)OC1=CC(C)=C(I)C(C)=C1', 'ClC1=CC=C(CBr)C(I)=C1', 'CC1=CC(C)=C(I)C=C1C(O)=O', 'CC1=CC=C(C(O)=O)C(I)=C1', 'FC(F)C1=C(I)C=CC=C1', 'COC(=O)C1=CC=CC(C)=C1I', 'CCOC(=O)C1=CC(I)=C(C)C=C1', 'CC1=CC(C)=C(I)C(C)=C1', 'CC1=CC(N)=C(I)C=C1', 'CC1=CC=C(N)C(I)=C1', 'COC(=O)C1=C(CBr)C(I)=CC=C1', 'COC(=O)C1=CC(I)=C(C)C=C1C', 'CC1=C(C)C(I)=C(C=C1)C(O)=O', 'OC(=O)C1(CC1)C1=C(I)C=CC=C1', 'CC1=CC=CC(C)=C1I']"
12,[0.6702486479290919],5.632819799706455,['ClC1=CC(=CC(Cl)=C1I)N(=O)=O'],"['CC(=O)NC1=C(F)C=C(I)C=C1', 'NC1=CC(I)=C(Br)C=C1', 'CSC1=CC=C(I)C=C1', 'COC1=C(C)C=CC(I)=C1', 'CC1=C(I)C=C(O)C=C1', 'IC1=CC=CC(CN2CCCC2)=C1', 'COC(=O)C1=C(N)C=CC=C1I', 'COC1=CC(I)=C(N)C=C1', 'CC1=CC(Br)=C(C)C=C1I', 'NC1(CC1)C1=CC=C(I)C=C1', 'CC1=C(N)C(I)=CC=C1', 'NC1=CC(I)=C(F)C=C1Cl', 'OC1=CC=CC(I)=C1F', 'COC1=CC=CC(I)=C1C', 'NC1=CC=C(O)C=C1I', 'NCCC1=CC=C(I)C=C1', 'COC1=CC=C(C(N)=O)C(I)=C1', 'COC1=C(OC)C=C(I)C=C1', 'CC1=CC(I)=C(N)C(C)=C1']"
13,[1.145253654731467],5.812182387489636,['NC1=C(C(F)=C(I)C=C1)N(=O)=O'],"['NC1=CC(I)=C(O)C=C1', 'NNC(=O)CNC1=CC=C(I)C=C1', 'CC1=C(C=C(I)C(N)=C1)C#N', 'FC1=CC(I)=CC=C1NC(=O)NC1CC1', 'CC1=C(I)C=C(Cl)C(=C1)N(=O)=O', 'NC1=CC(I)=CC=C1O', 'NC1=C(I)C=C(C=C1)C#N', 'NC(=O)C1=C(I)C=CC(Br)=C1F', 'COC1=CC=C(N)C=C1I', 'CCC1=CC=C(I)C=C1', 'ClC1=CC(=CC=C1I)N(=O)=O', 'COC1=C(Cl)C=CC(I)=C1', 'CCOC(=O)C1=CC=C(I)C=C1F', 'CC1=C(Cl)C=C(I)C=C1', 'NC1=C(N)C(I)=CC=C1', 'ClC1=C(I)C(=CC=C1)N(=O)=O', 'CC1=CC=C(I)C=C1', 'NC1=C(Cl)C=C(I)C=C1']"
14,[0.04977968725233062],5.79054635750437,['COS(=O)(=O)C1=CC=CC=C1I'],"['CC1=C(I)C=CC=C1N(=O)=O', 'COC1=CC(N)=C(I)C=C1I', 'CCC1=CC=C(I)C=C1C(O)=O', 'COC1=C(C=C(I)C(F)=C1)C(O)=O', 'NC1=C(C=C(I)C(Cl)=C1)N(=O)=O', 'COC1=C(I)C(=CC=C1)C#N', 'OC1=C(I)C(=CC=C1)N(=O)=O', 'COC1=CC(O)=C(C=O)C=C1I', 'CC1=C(C=CC=C1I)C#N', 'COC1=CC=C(I)C(N)=C1', 'NC1=C(I)C=CC=C1C(O)=O', 'COC1=CC([C@@H](O)C(C)(C)C)=C(C=C1I)N(=O)=O', 'COC(=O)C1=CC(I)=C(N)C(=C1)N(=O)=O', 'NC1=C(F)C(F)=C(I)C=C1', 'COC1=C(I)C(=CC=C1)N(=O)=O', 'OC1=CC(I)=C(C=C1)N(=O)=O']"
15,[1.2242285798605221],5.798032919286541,['OC(=O)C1=C(O)C=CC=C1I'],"['NCC1=CC(I)=CC=C1', 'OCC1=C(Cl)C=CC(I)=C1', 'IC1=CC(=CC=C1)N1C=CN=N1', 'CC1=C(F)C=C(F)C=C1I', 'IC1=CC(I)=CC=C1', 'OB(O)C1=CC(I)=CC=C1', 'FC1=C(F)C(I)=CC=C1', 'FC(F)(F)C1=C(I)C=CC(Br)=C1', 'CON(C)C(=O)C1=CC=C(I)C=C1', 'ClC1=CC=CC(Br)=C1I', 'COC1=CC(=C(I)C=C1)S(F)(=O)=O', 'OC1=C(F)C=C(I)C=C1I', 'CCOC(=O)CC1=CC(I)=CC=C1', 'IC1=CC=C(C=C1)C(=O)N1CCOCC1', 'IC1=CC=C(CC#C)C=C1']"
16,[0.7520876450433205],5.924033595946348,['[H][C@@](CC1=CC=C(I)C=C1)(NC(=O)OCC1=CC=CC=C1)C(O)=O'],"['OC(=O)C1=CC=CC(C(O)=O)=C1I', 'CC1=CC(=CC(I)=C1)C(O)=O', 'CC1=CC=C(I)C=C1Br', 'CC(C)C1=C(I)C=CC(Br)=C1', 'OC(=O)C1=CC(Cl)=CC=C1I', 'CC(C)(C)C1=C(I)C=CC=C1', 'OC1=CC=CC2=C1C=CC=C2I', 'OC(=O)C1=C(I)C=CC(Br)=C1', 'OC1=C(F)C=C(I)C=C1', 'OC(=O)C1=C(I)C=C(C=C1)C#N', 'NC1=C(C(O)=O)C(I)=CC=C1', 'OC(=O)C1=C(I)C=C(F)C(F)=C1', 'CC(C)(C)OC(=O)C1=CC(I)=CC=C1', 'OC1=CC2=C(C=CC=C2I)C=C1']"
17,[1.1580107547295777],6.096866886951785,['FC1=C(F)C(F)=C(I)C(F)=C1F'],"['CC(C)(C)OC(=O)C1=C(Br)C=C(I)C=C1', 'CC(C)(C)OC(=O)NC(CC1=CC(I)=CC=C1F)C(O)=O', 'COC(=O)C1(CC1)C1=CC=C(I)C=C1', 'OS(=O)(=O)C1=CC=CC(I)=C1', 'NC1=CC=C(C=C1)S(=O)(=O)NC1=CC=C(I)C=C1', 'CC(=O)NC(CC1=CC=C(I)C=C1)C(O)=O', 'IC1=CC(CC#N)=CC=C1', 'CC1(C)COB(OC1)C1=CC=C(I)C=C1', 'CCOC(=O)C1=CC(I)=CC(Br)=C1', 'CC(C)(C)OC(=O)NCC1=CC=CC(I)=C1', 'CCOP(=O)(CC1=CC=C(I)C=C1)OCC', 'ClC1=CC(Cl)=C(COC2=CC=C(I)C=C2)C=C1']"
18,[0.06826557673098121],6.111349061457302,['OC1=CC=CC(C=O)=C1I'],"['COC1=CC(I)=C(OC)C=C1I', 'IC1=CC=C(NC(=O)NCC2=CC=CC=C2)C=C1', 'FC1=C(Cl)C=C(I)C=C1Cl', 'OCC1=C(Cl)C=C(I)C=C1Cl', 'NNC(=O)C1=CC=C(I)C=C1', 'FC1=C(F)C(=CC=C1I)C(F)(F)F', 'ClC1=CC=C(C=C1)C1=CC=C(I)C=C1', 'COC1=CC(Cl)=CC(I)=C1', 'CS(=O)(=O)C1=CC=CC(I)=C1', 'CC(=O)CCC1=CC=C(I)C=C1', 'COC1=CC(I)=CC=C1I']"
19,[1.1781535130182343],6.149438365413646,['OCCONC(=O)C1=C(NC2=CC=C(I)C=C2F)N2C=NC=C2C=C1'],"['COC1=CC(OC)=C(I)C(C=O)=C1', 'CC1=CC(=CC=C1I)C(O)=O', 'OC1=C(C=O)C(I)=CC=C1', 'CC1=C(I)C(=CC(Br)=C1)C(O)=O', 'CC1=C(I)C(F)=C(C=C1)C(O)=O', 'OC(=O)C1=CC=C(I)C(=C1)C(F)(F)F', 'OC(=O)C1=CC=CC(=C1I)C(F)(F)F', 'CC1=CC=CC(I)=C1C=O', 'NC(=O)C1=C(O)C=CC(I)=C1', 'OC1=C(I)C=CC=C1N(=O)=O']"
20,[0.9598920574896976],6.115406102096924,['BrC1=CC(I)=C(I)C=C1'],"['CCCCCC1=CC=C(C=C1)C1=CC=C(I)C=C1', 'BrC1=C(C=C(I)C=C1)C#N', 'BrC1=CN=C(OC2=CC=C(I)C=C2)N=C1', 'CC(C)S(=O)(=O)N[C@@H]1CCOC[C@H]1C1=CC=C(I)C=C1', 'ClC1=CC2=C(C=C1)C=C(I)C=C2', 'CC1=C(Cl)C=C(I)C=C1Cl', 'CC(=O)C1=C(N)C(I)=CC(Br)=C1', 'BrCC1=C(I)C(=CC=C1)N(=O)=O', 'NS(=O)(=O)C1=CC=CC(I)=C1']"
21,[0.33149269980612495],6.168569244429115,['BrC1=CC=C(I)C=C1CC1=CC=C2OCCOC2=C1'],"['CC1=CC(Br)=CC(I)=C1', 'IC1=CC=C(C#N)C(I)=C1', 'OC(=O)C1=CC=CC(I)=C1', 'NC1=CC=C(I)C=C1N(=O)=O', 'CC(C)S(=O)(=O)N[C@H]1CCOC[C@@H]1C1=CC=C(I)C=C1', 'IC1=CC=CC2=C(I)C=CC=C12', 'COC1=CC(Br)=CC(I)=C1', 'FC(F)(F)C1=CC(=C(I)C=C1)C(F)(F)F', 'ClCC1=CC=C(I)C=C1']"
22,[1.1134685538660583],6.124441385224429,['CC(C)(C)OC(=O)N(C(=O)OC(C)(C)C)C1=CC=CC=C1I'],"['CNS(=O)(=O)C1=CC=C(I)C=C1', 'NC1=CC=C(NC(=O)C2=CC=CC=C2I)C=C1', 'BrCC1=C(Br)C(I)=CC=C1', '[H][C@](N)(CC1=CC=C(OC2=CC=C(O)C=C2)C(I)=C1)C(O)=O', 'BrCC1=CC(I)=CC=C1', 'IC1=CC=CC2=CC3=C(C=C12)C(I)=CC=C3', 'CCC1=C(Br)C=CC(I)=C1', 'OB(O)C1=CC=C(I)C=C1']"
23,[0.43139330236988777],6.20757491393813,['NC1=C(F)C(F)=C(I)C(F)=C1F'],"['CC(C)(C)C1=C(N)C=CC(I)=C1', 'OC(=O)C1=CC(Cl)=C(I)C(Cl)=C1', 'NS(=O)(=O)C1=CC=C(I)C=C1', 'BrC1=CC(Br)=C(I)C=C1', 'BrCC1=C(I)C=CC(Br)=C1', 'CC1=CC(I)=CC(F)=C1', 'CC(Br)C(=O)N(C)C1=CC=C(I)C=C1']"
24,[0.9656292524742955],6.246011474049885,['ClC1=CC(I)=CC(=C1)N(=O)=O'],"['FC1=C(I)C(F)=C(Br)C=C1', 'NC1=C(I)C(F)=C(F)C=C1F', 'COC1=C(I)C(F)=CC=C1', 'COC1=C(I)C(F)=C(F)C=C1', 'NC1=CC=C(I)C(F)=C1C#N', 'COC(=O)C1=CC(I)=C(Cl)C=C1N']"
25,[1.20915723585692],6.305095304982269,['BrCC1=CC=C(I)C=C1Br'],"['FC1=CC(F)=C(I)C=C1N(=O)=O', 'FC(F)(F)C1=C(I)C=CC(=C1)C#N', 'COC(=O)C1=CC=C(I)C=C1N(=O)=O', 'IC1=CC=C(C=C1)N1C(=O)C=CC1=O', 'FC1=CC=CC(I)=C1C#N', 'OC1=C(I)C=C(C=C1N(=O)=O)C#N']"
26,[0.6785827796541858],6.3291671929358735,['CC(=O)C1=CC(I)=CC=C1N'],"['COC(=O)C1=CC=C(I)C=C1', 'BrC1=C(Br)C=C(I)C=C1', 'FC(F)(F)C(F)(C1=CC=C(I)C=C1)C(F)(F)F', 'BrC1=CC2=CC=C(I)C=C2C=C1', 'CC1=C(Br)C(F)=CC(I)=C1']"
27,[-0.09612092193324576],6.350642402034408,['OC(=O)C1=C(I)C(I)=CC(I)=C1'],"['NC1=CC(Cl)=C(I)C=C1C(O)=O', 'ClC1=CC=C(I)C=C1', 'OS(=O)(=O)C1=CC=C(I)C=C1', 'COC1=CC(N)=C(C=C1I)C(O)=O', 'CC1=CC(I)=CC(C(O)=O)=C1N']"
28,[0.9284140094383682],6.3341653121924235,['CC1=CC(=CC(C)=C1I)C#N'],"['FC(F)C1=CC=C(I)C=C1', 'BrCC1=C(I)C(Br)=CC=C1', 'NC1=C(N)C=C(I)C(Cl)=C1', 'ClC1=CC(Br)=CC(Cl)=C1I']"
29,[0.21043106576080262],6.37730768557729,['CN(C)C1=CC=C(I)C=C1'],"['CC1=CC=CC(I)=C1', 'FC1=CC(I)=CC=C1C(F)(F)F', 'FC1=CC(I)=C(C=C1)C#N', 'OC(=O)C1=CC=C(I)C=C1']"
30,[0.3605637792644092],6.44447044363272,['FC1=CC(F)=C(F)C(I)=C1F'],"['COC1=C(N)C=CC(I)=C1', 'IC1=CC=C(C=C1)N1CCCCC1', 'NNC1=CC=C(I)C=C1', 'CCC1=C(N)C=CC(I)=C1']"
31,[0.9769085460682799],6.455245923101998,['FC1=C(F)C(NC2=CC=C(I)C=C2Cl)=C(C=C1)C(=O)NOCC1CC1'],"['CC1=CC(I)=C(N)C=C1O', 'NC1=CC=C(I)C=C1', 'NC1=CC(F)=C(I)C=C1']"
32,[-0.7240202518895708],6.468759487721062,['OC1=C(I)C2=CC=C(Br)C=C2C=C1'],"['COC1=CC(N)=C(I)C=C1C(O)=O', 'CNC1=CC=C(I)C=C1C', 'CNC1=CC=C(I)C=C1']"
33,[1.0587891606816187],6.482910340509726,['CC1=C(I)C(F)=C(C=C1)C#N'],"['COC1=CC(Br)=CC(OC)=C1I', 'COC1=CC=CC(OC)=C1I', 'NC1=C(I)C(F)=C(Br)C(F)=C1']"
34,[-0.3256125044722329],6.487703214448762,['ClC1=CC(Br)=C(I)C(Cl)=C1'],"['OC(=O)C1=CC(O)=C(I)C(O)=C1', 'COC1=C(I)C=CC(N)=C1']"
35,[-0.5095995995480437],6.488805104205683,['OC1=C(NCC(=O)N2CCN(CC2)C(=O)C=C)C=C(I)C(Cl)=C1'],"['FC(F)(F)C1=CC(Cl)=C(I)C(Cl)=C1', 'CN(C)C1=CC(Br)=C(I)C=C1']"
36,[1.0883633455290571],6.511042672128523,['IC1=C(C=CC=C1N(=O)=O)N(=O)=O'],"['NC1=CC=C(Cl)C(I)=C1Cl', 'COC1=C(O)C(I)=CC(\\C=N\\NC(=O)C2=CC=CC(F)=C2)=C1']"
37,[-0.08956724367406149],6.517133746155539,['COC1=C(I)C(N)=CC=C1'],"['FC1=C(I)C(Br)=CC(Br)=C1', 'OB(O)C1=CC(F)=C(I)C(F)=C1']"
38,[1.1851596614284747],6.5355228663238805,['CC1=CC=C(C)N1C1=C(F)C=C(I)C=C1'],['NC1=CC=C(N)C(I)=C1']
39,[-0.030410175615268827],6.553376689214572,['OC1=CC(Br)=C(I)C(Br)=C1'],['CCOC(=O)C1=CC(O)=C(I)C(O)=C1']
