,obj_values ['rate'],Vendi_score,eval_samples,cut_samples
0,[0.36145892525470175],1.0000000000000009,['OC1=C(I)C=CC=C1Cl'],[]
1,[-2.252135306303045],1.1731571670829182,['COC1=CC=C(I)C(C)=C1'],"['CC1=CC(F)=C(I)C=C1O', 'OC1=CC(Cl)=C(F)C=C1I', 'COC1=CC(OC)=C(I)C=C1Cl', 'CC1=CC(I)=C(F)C=C1', 'CC(Cl)C(=O)NC1=CC=CC=C1I', 'OCC1=CC(I)=C(O)C=C1', 'COC(=O)C1=CC(I)=C(N)C=C1Cl', 'NC1=C(F)C=C(C=C1I)C#N', 'COC1=C(I)C=CC(=C1)C(F)(F)F', 'COC1=CC(CO)=CC=C1I', 'CCOC(=O)COC1=CC=CC=C1I', 'OC(=O)C1=CC=C(O)C(I)=C1', 'OC(=O)CC1=CC=C(O)C(I)=C1', 'CC1=CC(F)=C(I)C=C1', 'COC1=C(I)C=C(C=C1)C(O)=O', 'OC1=C(I)C=CC(Cl)=C1', 'ClCC(=O)NC1=CC=CC=C1I', 'OCC1=C(I)C=CC(F)=C1', 'NC1=C(I)C=C(OC(F)(F)F)C=C1', 'COC1=C(I)C=C(C(O)=O)C(F)=C1', 'NC1=C(I)C=C(Cl)C(=C1)C(F)(F)F', 'FC1=CC=C(I)C(F)=C1', 'NC1=C(Cl)C=C(C=C1I)C(F)(F)F', 'COC1=C(F)C=CC=C1I', 'OC1=CC=C(I)C=C1C(F)(F)F', 'FC(F)(F)C(=O)NC1=CC=CC=C1I', 'COC1=CC=C(C)C=C1I', 'FC1=CC(I)=C(F)C=C1', 'CC(=O)NC1=CC(F)=CC=C1I', 'FC1=C(I)C=CC(=C1)C1CC1', 'FC1=C(I)C=CC(Cl)=C1', 'NC1=CC(Cl)=CC=C1I', 'CC1=CC(I)=C(O)C=C1Cl', 'NC1=C(Cl)C=C(Cl)C=C1I', 'IC1=C(OCC2=CC=CC=C2)C=CC=C1', 'CCOC(=O)C1=CC(I)=C(OC)C=C1', 'NC(=O)C1=CC(O)=C(I)C=C1', 'COC1=CC(I)=C(F)C=C1', 'COC1=C(I)C=CC=C1', 'CC1=C(F)C=C(F)C(I)=C1', 'COC1=C(I)C=C(Br)C=C1', 'OC1=C(F)C=CC=C1I', 'NC1=C(I)C=C(F)C(=C1)C(F)(F)F', 'COC1=CC(I)=C(F)C=C1Cl', 'OC1=C(I)C=CC=C1', 'CC1=C(O)C(I)=CC(Cl)=C1', 'OC1=C(O)C(I)=CC=C1', 'CC(=O)NC1=CC=CC=C1I', 'IC1=C(OC2CC2)C=CC=C1', 'OC1=C(I)C=C(Cl)C=C1']"
2,[-0.5459529163336929],1.879905886891868,['COC1=CC=C(OC)C(=C1I)C1=C(C=C(C=C1C(C)C)C(C)C)C(C)C'],"['CC1=CC(Cl)=CC(I)=C1N', 'OCC1=C(I)C=C(F)C=C1', 'CC1=CC(O)=C(C)C=C1I', 'CC(C)(C)C1=CC(I)=CC=C1O', 'NC1=C(Cl)C=C(I)C=C1', 'NCC1=CC=CC=C1I', 'CCOC(=O)C1=CC(I)=C(N)C=C1', 'IC1=CC=C(OCC#N)C=C1', 'CC1=C(I)C=CC=C1', 'COC(=O)C1=C(C)C=C(N)C(I)=C1', 'CNCC1=C(I)C=CC=C1', 'CC1=CC(N)=C(I)C=C1C', 'CC(C)C1=CC=C(N)C(I)=C1', 'CC1=CC(N)=C(I)C=C1F', 'CC1=C(I)C=C(O)C=C1', 'OC1=CC=C(I)C2=CC=CC=C12', 'COC1=C(N)C(I)=CC=C1', 'CN(C)C1=C(I)C=CC=C1', 'CC1=C(I)C=C(CO)C=C1', 'IC1=CC=C(OCC2CC2)C=C1', 'COC1=C(C)C(I)=CC=C1C', 'CC1=CC(I)=C(CO)C=C1', 'CCOC(=O)CC1=CC=C(N)C(I)=C1', 'CC1=CC(I)=C(C)C=C1', 'OC(=O)CCC1=CC=C(O)C(I)=C1', 'CC1=CC(I)=C(N)C(C)=C1', 'COC1=CC=CC(C)=C1I', 'CC1=C(I)C=CC(O)=C1', 'NC1=C(I)C=CC(Br)=C1', 'OC1=C(I)C=C(C=C1)C1=CC=CC=C1', 'CC1=C(N)C(I)=CC=C1', 'C[C@H](O)C1=C(I)C=CC(F)=C1', 'COC1=CC=C(I)C(O)=C1', 'CC(C)(C)C1=CC=C(N)C(I)=C1', 'COC1=CC=C(I)C(OC)=C1', 'COC1=CC=C(OC)C(I)=C1', 'IC1=C(C=CC=C1)C1=CC=CC=C1', 'CC1=C(O)C=CC(I)=C1', 'CC1=CC=C(N)C(I)=C1', 'COC1=CC(B(O)O)=C(I)C=C1', 'CC1=CC(I)=C(CO)C=C1C', 'CCCC1=C(I)C=CC=C1', 'CC1=CC(N)=C(I)C=C1', 'NNC1=C(I)C=CC=C1', 'OC1=C(F)C=C(I)C=C1', 'CC1=CC=C(C=C1I)C(N)=N']"
3,[0.7365003752884792],2.5757238398588256,['NC1=CC(Br)=C(I)C(Br)=C1'],"['CC1=C(C=C(I)C(N)=C1)C#N', 'CC1=CC(O)=CC(C)=C1I', 'CC1=CC(Cl)=CC(N)=C1I', 'IC1=CC=C(OCC2=CC=NC=C2)C=C1', 'COC(=O)CC1=C(I)C=CC=C1', 'COC(=O)C1=C(OC)C=C(NC(C)=O)C(I)=C1', 'COC(=O)C1=CC(I)=C(N)C=C1OC', 'CC1=CC=CC(I)=C1CO', 'COC1=CC(=C(I)C=C1)C(F)(F)F', 'CCOC1=CC(Br)=CC=C1I', 'COC1=CC=C(COC2=C(I)C=CC=C2)C=C1', 'OB(O)C1=C(I)C=CC(OCC2=CC=CC=C2)=C1', 'CCOC(=O)CC1=C(I)C=CC=C1', 'COC1=CC=CC(CO)=C1I', 'NC1=C(I)C=C(C=C1)C#N', 'NC1=CC=C(O)C=C1I', 'CC(C)(C)C(=O)NC1=CC=C(Cl)C=C1I', 'CCNC(=O)C1=CC(OCC)=C(I)C=C1', 'COC1=CC(I)=C(NC(=O)OC(C)(C)C)C=C1', 'COC1=CC=C(I)C(N)=C1', 'CC(C)(C)C1=C(I)C=CC(O)=C1', 'COC(=O)C1=CC(I)=C(N)C(Br)=C1', 'COC1=CC=C(I)C(C(O)=O)=C1F', 'COC1=CC=CC(I)=C1NC(=O)OC(C)(C)C', 'CCOC1=C(I)C=CC(=C1)C(=O)N1CCOCC1', 'NC1=C(Br)C=CC=C1I', 'CC(C)(C)C(=O)NC1=CC=CC=C1I', 'NC1=C(I)C=C(Br)C=C1', 'OC(=O)CCC1=CC=CC=C1I', '[H][C@](N)(CC1=CC(I)=C(O)C=C1)C(=O)OC', 'COC1=CC=CC(CNC2=C(I)C=CC=C2)=C1', 'CCN(CC)C(=O)C1=CC(OCC(C)C)=C(I)C=C1', 'CC1(C)OB(OC1(C)C)C1=CC(O)=CC=C1I', 'COC1=CC(C)=C(OC)C=C1I', 'COC(=O)C1=CC(I)=C(N)C(OC)=C1', 'COC1=C(I)C(C)=CC(Cl)=C1', 'IC1=CC=C(OCC2=CC=CN=C2)C=C1', 'COC1=CC(I)=C(N)C=C1', 'IC1=CC=C(OC2=CC=CC=C2)C=C1', '[H][C@@](N)(CC1=CC=C(O)C(I)=C1)C(O)=O', 'COC1=CC(Cl)=C(OC)C=C1I', 'NC1=C(I)C=C(C=C1)C1=CC=CC=C1']"
4,[1.2310331342559602],3.2836280897485124,['IC1=C(C=CC=C1C#N)C#N'],"['CCOC(=O)C1=CC(Br)=C(N)C(I)=C1', 'CC1=CC(I)=C(N)C=C1O', 'CN(C(=O)C1=C(I)C=CC=C1)C1=CC=C(C)C=C1', 'OCC1=C(I)C=C(Cl)C=C1', 'CCC1=CC(Br)=C(I)C=C1', 'NC(=O)CC1=C(I)C=CC=C1', 'COC1=CC=C(C=C1I)C#N', 'NC1=CC=C(I)C(Cl)=C1', 'CC1=C(I)C(O)=CC=C1', 'COC(=O)C1=CC=C(N)C(I)=C1Cl', 'OC1=C(I)C(Cl)=CC=C1', 'CCOC1=CC=C(I)C(F)=C1F', 'COC(=O)C1=CC(I)=C(OC2=CC=CC=C2)C=C1', 'OC1=C(I)C(Br)=CC=C1', 'NC1=C(I)C(Br)=CC(F)=C1', 'COC1=C(I)C(Cl)=C(Cl)C=C1', 'COC1=C(NCC(O)=O)C=C(I)C(Cl)=C1', 'CC(C)(C)C1=CC=C(I)C(Br)=C1', 'CC1=C(I)C=CC=C1CC#N', 'COC1=CC(Cl)=C(I)C=C1', 'COC1=CC=CC(Br)=C1I', 'NC1=C(I)C(Cl)=CC=C1', 'NC1=C(I)C(Cl)=C(Cl)C=C1', 'FC(F)(F)OC1=CC=CC=C1I', 'CN(C)C1=CC(Br)=C(I)C=C1', 'OC(=O)CC1=CC=CC=C1I', 'CC1=CC(Cl)=C(I)C=C1C', 'FC(F)(F)COC1=CC(=CC=C1I)C(=O)N1CCOCC1', 'OC1=CC=C(I)C(Br)=C1', 'COC1=CC(F)=C(I)C=C1', 'COC1=CC(Br)=C(I)C=C1', 'NC1=C(I)C=C(C(Br)=C1)C(F)(F)F', 'OC1=C(I)C(Cl)=CC(Cl)=C1', 'NC1=C(I)C=C(Br)C(=C1)C(F)(F)F', 'OC1=CC=C(OC2=CC=C(I)C=C2)C=C1', 'CC(C)C1=CC=C(I)C(Br)=C1', 'OC1=CC(Cl)=C(I)C=C1', 'CC1=CC(Br)=C(I)C=C1']"
5,[1.1580107547295777],3.806401002798147,['FC1=C(F)C(F)=C(I)C(F)=C1F'],"['FC(F)C1=C(I)C=CC=C1', 'BrC1=CC=CC=C1I', 'CCCNC(=O)C1=CC=CC=C1I', 'CNC(=O)C1=CC=CC=C1I', 'COC(=O)C1=C(C)C(I)=CC=C1', 'ClCC1=C(I)C=CC=C1', 'CCNC(=O)C1=CC=CC=C1I', 'CC1=CC=CC(Cl)=C1I', 'OC(=O)C1=CC=CC(I)=C1Cl', 'OC(=O)CCC1=CC(I)=C(O)C(I)=C1', 'OC(=O)CC1=C(I)C=C(Cl)C=C1', 'CC1=CC(Cl)=CC(Cl)=C1I', 'COC(=O)C1=C(I)C=CC=C1OC', 'CC1=CC(Br)=C(I)C=C1Cl', 'FC1=CC(Cl)=C(I)C=C1', 'OCC1=CC=CC(Br)=C1I', 'COC1=C(C(O)=O)C(I)=CC=C1', 'COC(OC)C1=C(I)C=CC=C1', 'COC(=O)C1=C(I)C=CC(OC)=C1', 'ClC1=CC(CBr)=C(I)C=C1', 'CC1=CC(C)=C(I)C=C1I', 'OC(=O)C1=C(I)C(Br)=CC=C1', 'NC(=O)C1=C(Cl)C=CC=C1I', 'OCC1=C(Cl)C=CC=C1I', 'COC1=CC(I)=C(Cl)C=C1', 'CC1=CC=CC(I)=C1Cl', 'IC1=C(C=CC=C1)C(=O)NC1CCCC1', 'IC1=CC=CC=C1CN1C=NC=N1', 'IC1=C(C=CC=C1)C(=O)N1CCCC1', 'ClCC1=CC(I)=C(CCl)C=C1', 'CC1=CC=C(I)C(C(O)=O)=C1F', 'OC1=CC(I)=C(Br)C=C1', 'ClC1=CC=CC=C1I', 'BrC1=C(OC2=C(I)C=CC=C2)C=CC(=C1)C#N', 'COC(=O)C1=CC(I)=C(Cl)C=C1C']"
6,[0.890544908179314],4.333486017062387,['CN(C)C1=CC=C(C=C1)\\N=N\\C1=CC=C(I)C=C1'],"['COC(=O)CCC1=CC(I)=C(O)C(I)=C1', 'OC(=O)C1=CC(I)=C(O)C(I)=C1', 'COC(=O)C1=C(Cl)C(O)=C(I)C=C1', 'CCOC(=O)C1=CC(I)=C(O)C(I)=C1', 'COC(=O)C1=CC(I)=C(C=C1O)N(C)C', 'FC1=CC=C(I)C(F)=C1F', 'FC1=C(I)C(Cl)=CC=C1', 'FC1=C(F)C(=CC=C1I)C(F)(F)F', 'FC1=C(I)C=CC(Br)=C1Cl', 'OC1=C(I)C=C(F)C(F)=C1I', 'NC1=CC(I)=C(F)C=C1Cl', 'FC1=CC(F)=C(Cl)C=C1I', 'ClC1=CC(Cl)=C(I)C=C1', 'FC1=C(I)C=C(CBr)C=C1', 'COC(=O)C1=CC(I)=C(F)C=C1', 'FC1=CC=CC(CBr)=C1I', 'FC1=CC(F)=C(I)C(Cl)=C1', 'CC(C)(C)OC(=O)NC1=CC=C(Cl)C(F)=C1I', 'OC1=C(I)C=C(C=C1I)C(F)(F)F', 'CC(C)(C)OC(=O)NC1=C(I)C(F)=CC=C1', 'OC(=O)C1=C(F)C(F)=C(F)C(F)=C1I', 'COC(=O)C1=C(OC)C=C(F)C(I)=C1', 'FC1=C(Br)C=CC(I)=C1F', 'FC1=C(F)C(I)=CC=C1', 'FC1=C(I)C=CC(I)=C1', 'OC(C1=CC=C(I)C(F)=C1)(C(F)(F)F)C(F)(F)F', 'FC1=C(I)C=CC(=C1)C(F)(F)F', 'FC(F)C1=C(I)C(F)=C(Cl)C=C1', 'OC1=CC(I)=C(O)C=C1I', 'COC1=C(I)C=C(C=C1I)C#N', 'CC(C)(C)C1=CC(I)=C(O)C(I)=C1', 'OC1=CC=CC(I)=C1F']"
7,[0.6702486479290919],4.625601398865422,['ClC1=CC(=CC(Cl)=C1I)N(=O)=O'],"['COC(=O)C1=CC(I)=C(N)C(I)=C1', 'OC(=O)C1=CC=CC2=CC=CC(I)=C12', 'OC1=CC=C(Cl)C=C1\\C=C\\C1=C(I)C=CC=C1', 'COC(=O)C1=CC(NC(=O)C2=CC=CC=C2I)=CC=C1', 'OC(=O)CCC1=NN=C(O1)C1=CC=CC=C1I', 'CC(=O)C1=CC(I)=C(O)C=C1', 'COC(=O)C1=C(Cl)C=C(C)C(I)=C1', 'IC1=CC=CC=C1C(=O)C1=CC=CC=C1', 'CCOC(=O)C1=CC2=CC=CC=C2C=C1I', 'CC1=CC(I)=CC(I)=C1N', 'IC1=C(C=CC=C1)C(=O)NCC1=CC=CC=C1', 'OC1=CC=C(C=C1I)C1=CC=C(C=C1)C#N', 'CC1=CC(I)=C(N)C(I)=C1', 'COC(=O)C1=CC=C(I)C(N)=C1', 'COC1=C(OC)C(I)=CC(C=O)=C1', 'COC(=O)C1=C(I)C=C(OC)C(OC)=C1', 'COC1=C(I)C=C(N)C=C1I', 'CCOC(=O)C(=CNC1=C(I)C=CC=C1)C(=O)OCC', 'COC(=O)C1=CC(N)=C(I)C=C1C', 'COC1=CC(C=O)=CC(I)=C1O', 'OCC1=CC(I)=C(CO)C=C1I', 'OC(=O)C1=C(NC(=O)C2=C(I)C=CC=C2)C=CC=C1', 'CCOC(=O)CC(=O)C1=C(I)C=CC=C1', 'COC(=O)C1=CC(N)=CC=C1I', 'COC(=O)C1=C(N)C(I)=CC(Cl)=C1', 'OC(=O)C1=C(NC2=CC=C(I)C=C2F)C=NC=C1', '[H][C@@](N)(CC1=CC(I)=C(O)C(I)=C1)C(O)=O', 'CCOC(=O)C1=CC(OCC)=C(I)C=C1', 'CCOC1=C(O)C(I)=CC(C=O)=C1', 'COC1=CC(C(C)C)=C(OS(=O)(=O)C2=CC=C(C)C=C2)C=C1I']"
8,[-0.5879529326977142],4.853211999134202,['OC1=CC=CC(O)=C1I'],"['ClC1=CC(=CC=C1I)N(=O)=O', 'CC1=C(C(I)=CC=C1)N(=O)=O', 'FC(F)(F)C1=C(I)C(Br)=CC=C1', 'COC(=O)C1=C(O)C=C(I)C(Cl)=C1', 'CON(C)C(=O)C1=C(I)C=C(Cl)C=C1', 'OC1=C(Br)C(I)=CC=C1', 'BrC1=C(I)C=C(C=O)C=C1', 'CC(C)(C)C1=CC(I)=C(Br)C=C1', 'OC(=O)C(=O)CC1=CC(I)=C(O)C(I)=C1', 'ClC1=C(I)C=C(C=C1)C#N', 'FC1=CC(Br)=C(I)C=C1F', 'FC1=CC(I)=C(Cl)C=C1', 'OC1=C(I)C=C(C=O)C=C1I', 'CC1=C(C=C(I)C=C1Cl)C(O)=O', 'CC(=O)C1=CC(I)=C(Br)C=C1', 'OC(=O)C1=C(F)C=C(Cl)C(I)=C1', 'FC(F)(F)OC1=C(I)C=C(Br)C=C1', 'COC(=O)C1=CC=CC=C1I', 'OC1=CC(I)=C(Cl)C=C1', 'CC(=O)C1=CC(I)=CC=C1', 'IC1=CC=CC(=C1)C(=O)C1=CC=CC=C1', 'OC(=O)C1=C(Br)C(I)=CC=C1', 'COC(=O)C1=CC(I)=C(Cl)C=C1', 'OC1=C(Cl)C(I)=CC=C1', 'ClC1=C(I)C=C(C=O)C=C1', 'OC(=O)C1=CC(I)=C(C=C1)C(F)(F)F', 'FC1=CC=CC(I)=C1Br']"
9,[0.33149269980612495],5.098516872796248,['BrC1=CC=C(I)C=C1CC1=CC=C2OCCOC2=C1'],"['COC1=CC=C(Br)C(F)=C1I', 'NC1=C(I)C=CC=C1C(O)=O', 'COC1=C(I)C(F)=CC(Br)=C1', 'NC1=C(F)C(F)=C(I)C=C1', 'COC1=CC(Br)=CC(OC)=C1I', 'CCOC(=O)C1=CC(F)=C(I)C=C1', 'CC1=CC(O)=C(I)C=C1N(=O)=O', 'COC1=CC=CC(OC)=C1I', 'NC1=CC(I)=C(O)C=C1', 'COC1=CC(I)=C(OC)C=C1I', 'IC1=CC=C(C=C1)C1=NC=CO1', 'OC(=O)C1=CC(OC(F)(F)F)=C(I)C=C1', 'COC(=O)C1=C(OC)C=C(C)C(I)=C1', 'FC1=C(I)C(F)=C(Br)C=C1', 'NC1=C(I)C=CC(=C1)C(O)=O', 'COC1=C(I)C(F)=CC=C1', 'CC(=O)C1=CC(Cl)=C(C)C(I)=C1O', 'COC(=O)C1=CC=CC(I)=C1N', 'COC1=CC(N)=C(I)C=C1I', 'OC1=C(I)C2=CC=CC=C2C=C1', 'COC(=O)C1=C(N)C(I)=CC(F)=C1', 'COC1=C(C=C(Cl)C(C)=C1I)C(C)=O', 'COC1=C(I)C(N)=CC=C1', 'COC1=C(I)C(F)=C(F)C=C1', 'NC1=C(I)C(F)=C(F)C=C1F']"
10,[-1.392481136628752],5.265459184896433,['CC(C)C1=CC=CC(C(C)C)=C1I'],"['IC1=CC=C(OCCN2CCCC2=O)C=C1', 'IC1=CC=C(NC(=O)OCC2=CC=CC=C2)C=C1', 'NC1=CC=C(NC(=O)C2=CC=CC=C2I)C=C1', 'COC1=CC=C(C(N)=O)C(I)=C1', 'IC1=CC=CC(CN2CCCC2)=C1', 'CC(=O)NC1=C(OC(F)(F)F)C=C(I)C=C1', 'IC1=CC=C(OCCN2CCCC2)C=C1', 'CC1=C(Br)C=CC(I)=C1Cl', 'OC1=C(F)C=C(I)C=C1I', 'ClC1=CC=C(Br)C=C1I', 'IC1=CC=CC(=C1)C1=CC=CC=C1', 'ClC1=CC(Cl)=C(COC2=CC=C(I)C=C2)C=C1', 'ClC1=CC=C(OC2=CC=C(I)C=C2)C=C1', 'COC1=C(OC)C=C(I)C=C1', 'FC1=CC(I)=CC=C1NC(=O)NC1CC1', 'CC(C)OC1=CC=C(I)C=C1Br', 'NC1=CC(I)=C(Br)C=C1', 'COC1=CC(Br)=C(OC)C=C1I', 'CC(=O)NC1=C(F)C=C(I)C=C1', 'CS(=O)(=O)NC1=CC=C(I)C=C1', 'CSC1=CC=C(I)C=C1', 'CC(=O)NC1=C(C=C(I)C=C1)C(F)(F)F', 'NNC(=O)CNC1=CC=C(I)C=C1']"
11,[0.7520876450433205],5.43150290978754,['[H][C@@](CC1=CC=C(I)C=C1)(NC(=O)OCC1=CC=CC=C1)C(O)=O'],"['CC1=CC(Br)=CC=C1I', 'CC1=CC(C)=C(C)C(I)=C1C', 'CC1=CC(F)=CC(C)=C1I', 'CC(C)(O)C1=C(I)C=CC=C1', 'BrC(C1=CC=CC=C1)C1=C(I)C=CC=C1', 'CC1=CC(C)=C(I)C(C)=C1', 'COC(=O)C1=CC=CC(C)=C1I', 'CC1=C(I)C=C(C=C1F)C(O)=O', 'FC(F)(F)C(=O)CC1=CC=C(I)C=C1', 'CC1=C(C)C(C)=C(I)C(C)=C1C', 'CC1=CC(Br)=C(C)C=C1I', 'COC1=CC=CC(I)=C1C', 'OC(=O)C1(CC1)C1=C(I)C=CC=C1', 'CC(=O)OC1=CC(C)=C(I)C(C)=C1', 'IC1=CC=CC=C1C1=CC=CC=C1I', 'CC1=CC=CC(C)=C1I', 'ClC1=CC=C(CBr)C(I)=C1', 'CC(C)(C)OC(=O)C1=C(I)C=CC=C1', 'NC(=O)C1=C(I)C=CC=C1', 'CC1=C(C)C(I)=C(C=C1)C(O)=O', 'OC(=O)CNC(=O)C1=C(I)C=CC=C1']"
12,[1.145253654731467],5.612508464880695,['NC1=C(C(F)=C(I)C=C1)N(=O)=O'],"['[H][C@](N)(CC1=CC=C(OC2=CC=C(O)C=C2)C(I)=C1)C(O)=O', 'COC(=O)C1(CC1)C1=CC=C(I)C=C1', 'CCCCCC1=CC=C(C=C1)C1=CC=C(I)C=C1', 'NC1=CC=C(C=C1)S(=O)(=O)NC1=CC=C(I)C=C1', 'COP(=S)(OC)OC1=CC(Cl)=C(I)C=C1Cl', 'NC(=O)C1=CN=C(OC2=CC=C(I)C=C2)C=C1', 'CC(C)(C)OC(=O)NCC1=CC=CC(I)=C1', 'CC(=O)NC(CC1=CC=C(I)C=C1)C(O)=O', 'CC1=CC=C(I)C=C1C1=CC(I)=CC=C1C', 'CCOC1=CC=C(C=C1)C(O)C1=CC(I)=CC=C1Cl', 'IC1=CC=C(NC(=O)NCC2=CC=CC=C2)C=C1', 'CCOC(=O)CC1=CC(I)=CC=C1', 'OC(=O)CCCCC1=CC=C(I)C=C1', 'NC(=O)C1=C(I)C=CC(Br)=C1F', 'CCOP(=O)(CC1=CC=C(I)C=C1)OCC', 'NC(CC1=CC=C(I)C=C1)C(O)=O', 'CC(C)(C)OC(=O)NC(CC1=CC(I)=CC=C1F)C(O)=O', 'CC1(C)COB(OC1)C1=CC=C(I)C=C1', 'IC1=CC=C(C=C1)C(=O)N1CCOCC1']"
13,[0.26888320368432606],5.749260621920346,['C[C@@H]1CN(CCN1S(=O)(=O)C1=CC=C(I)C=C1)C(=O)C1=CC=CC=C1'],"['CC1=C(C(F)=CC=C1I)N(=O)=O', 'NCCC1=CC=C(I)C=C1', 'CON(C)C(=O)C1=CC=C(I)C=C1', 'IC1=CC=C(NC2=CC=C(I)C=C2)C=C1', 'NC1(CC1)C1=CC=C(I)C=C1', 'COC1=CC([C@@H](O)C(C)(C)C)=C(C=C1I)N(=O)=O', 'CC1=CC(C)=C(I)C=C1C(O)=O', 'COC(=O)C1=CC(I)=C(N)C(=C1)N(=O)=O', 'ClC1=CC=C(C=C1)C1=CC=C(I)C=C1', 'COC(=O)C1=CC(I)=C(C)C=C1C', 'NC1=CC=C(I)C(F)=C1C#N', 'COC1=CC=C(I)C=C1C(O)=O', 'OC(=O)C1=C(NC2=CC=C(I)C=C2Cl)C(F)=C(F)C=C1', 'CC(=O)OC1=CC=C(I)C=C1', 'COC1=C(C=C(I)C(F)=C1)C(O)=O', 'CC(C)C1=C(I)C=CC(Br)=C1', 'CC1=CC=C(I)C=C1Br', 'COC1=CC(O)=C(C=O)C=C1I']"
14,[1.1629139359306655],5.961157513289171,['FC1=C(I)C(F)=C(Br)C=C1Br'],"['CC(C)S(=O)(=O)N[C@@H]1CCOC[C@H]1C1=CC=C(I)C=C1', 'IC1=CC=C(C=C1)C(=O)NCC1=CC=CC=C1', 'CCOC(=O)C1=CC(I)=C(C)C=C1', 'CCC1=CC=C(I)C=C1C(O)=O', 'COC(=O)C1=C(I)C=CC=C1O', 'BrC1=CC=C(C=C1)C(=O)C1=C(I)C=CC=C1', 'CC1=C(I)C=CC=C1N(=O)=O', 'FC1=C(C=C(Br)C=C1I)C#N', 'COC1=C(I)C(=CC=C1)C#N', 'CCOC(=O)C1=CC=C(I)C=C1F', 'COC1=CC(I)=C(C=O)C=C1OC', 'CC(C)S(=O)(=O)N[C@H]1CCOC[C@@H]1C1=CC=C(I)C=C1', 'CC(C)(C)OC(=O)C1=C(Br)C=C(I)C=C1', 'OC(=O)CCCCC(=O)C1=CC=C(I)C=C1', 'CCCCCCCCC(=O)NCC1=C(I)C=C(O)C(OC)=C1', 'CC1=CC(C(O)=O)=C(I)C=C1']"
15,[-0.09612092193324576],6.080631192592867,['OC(=O)C1=C(I)C(I)=CC(I)=C1'],"['COC1=CC(N)=C(I)C=C1C(O)=O', 'FC(F)(F)C1=CC(I)=C(Br)C=C1', 'NC1=C(I)C(F)=C(Br)C(F)=C1', 'FC1=CC(Br)=CC(F)=C1I', 'COC(=O)C1=C(CBr)C(I)=CC=C1', 'COC(=O)C1=C(I)C=C(Br)C=C1', 'FC(F)(F)C1=C(Br)C(I)=CC=C1', 'CC(C)(C)OC(=O)N(C(=O)OC(C)(C)C)C1=CC=CC=C1I', 'CC1=C(F)C=C(F)C=C1I', 'COC1=CC(I)=C(I)C=C1OC', 'FC(F)(F)C1=CC(I)=C(Cl)C=C1', 'FC1=C(I)C=CC(Br)=C1C#N', 'FC(F)(F)C1=C(I)C=CC(Br)=C1', 'OC1=C(I)C2=CC=C(Br)C=C2C=C1', 'BrC1=CN=C(OC2=CC=C(I)C=C2)N=C1']"
16,[0.6785827796541858],6.113836565135457,['CC(=O)C1=CC(I)=CC=C1N'],"['CC1=CC=C(C(O)=O)C(I)=C1', 'CCOC(=O)C1=C(I)C=CC(Br)=C1', 'NC1=C(C=C(I)C(Cl)=C1)N(=O)=O', 'OC1=C(I)C(=CC=C1)N(=O)=O', 'FC1=C(Cl)C=CC(I)=C1C=O', 'ClC1=CC(Br)=C(I)C=C1Cl', 'CCOC(=O)C1=CC(I)=CC(Br)=C1', 'BrC1=CC(I)=C(I)C=C1', 'IC1=CC(I)=CC=C1', 'CC(C)C1=CC=C(I)C(=C1)N(=O)=O', 'COC(=O)C1=C(N)C=CC=C1I', 'BrC1=C(C=CC=C1I)C#N', 'FC(F)(F)C1=C(Cl)C=CC(I)=C1', 'CCOC(=O)C1=CC(I)=C(C=C1)C#N']"
17,[0.610371127314533],6.175434606991656,['NC1=CC(I)=CC(CO)=C1'],"['COC1=CC(N)=C(C=C1I)C(O)=O', 'OC1=CC2=C(C=CC=C2I)C=C1', 'CC(=O)C1=C(N)C(I)=CC(Br)=C1', 'CC(C)(C)OC(=O)C1=CC(I)=CC=C1', 'NC1=CC(Cl)=C(I)C=C1C(O)=O', 'NC(=O)C1=C(O)C=CC(I)=C1', 'CC(=O)CCC1=CC=C(I)C=C1', 'COC(=O)C1=CC(I)=C(Cl)C=C1N', 'ClC1=CC2=C(C=C1)C=C(I)C=C2', 'CC1=CC(=CC(I)=C1)C(O)=O', 'CC1=CC(I)=CC(C(O)=O)=C1N', 'NC1=CC=C(I)C=C1N(=O)=O']"
18,[0.06826557673098121],6.217528453515938,['OC1=CC=CC(C=O)=C1I'],"['CC1=C(Cl)C=C(I)C=C1', 'CC1=CC(I)=CC(C)=C1F', 'CC(C)(C)C1=C(N)C=CC(I)=C1', 'COC1=CC=C(N)C=C1I', 'COC1=CC(Br)=CC(I)=C1', 'COC1=C(Cl)C=CC(I)=C1', 'COC1=C(C)C=CC(I)=C1', 'NC1=C(N)C(I)=CC=C1', 'OCC1=C(Cl)C=CC(I)=C1', 'NC1=CC(I)=CC=C1O', 'COC1=CC(I)=CC=C1I']"
19,[0.04977968725233062],6.211610099493116,['COS(=O)(=O)C1=CC=CC=C1I'],"['CCC1=CC=C(I)C=C1', 'COC1=CC(OC)=C(I)C(C=O)=C1', 'IC1=CC=C(C=C1)N1CCCCC1', 'OC1=CC=CC2=C1C=CC=C2I', 'COC1=C(N)C=CC(I)=C1', 'COC1=CC(Cl)=CC(I)=C1', 'CC1=C(C=CC=C1I)C#N', 'CC1=C(I)C(F)=C(C=C1)C(O)=O', 'CC1=CC=C(I)C=C1', 'OC1=C(I)C=CC=C1N(=O)=O']"
20,[0.9656292524742955],6.261238714812562,['ClC1=CC(I)=CC(=C1)N(=O)=O'],"['IC1=CC(=CC=C1)N1C=CN=N1', 'IC1=CC=C(CC#C)C=C1', 'IC1=CC(CC#N)=CC=C1', 'OB(O)C1=CC(I)=CC=C1', 'NCC1=CC(I)=CC=C1', 'FC1=C(Cl)C=C(I)C=C1', 'OS(=O)(=O)C1=CC=CC(I)=C1', 'COC1=CC(=C(I)C=C1)S(F)(=O)=O', 'FC1=C(C=C(I)C=C1)C(F)(F)F']"
21,[1.20915723585692],6.327726207401733,['BrCC1=CC=C(I)C=C1Br'],"['BrC1=C(C=C(I)C=C1)C#N', 'OC1=CC(I)=C(C=C1)N(=O)=O', 'OC(=O)C1=CC(Cl)=CC=C1I', 'OCC1=CC(=C(I)C=C1)N(=O)=O', 'IC1=CC=C(C#N)C(I)=C1', 'COC(=O)C1=CC=C(I)C=C1N(=O)=O', 'CS(=O)(=O)C1=CC=CC(I)=C1', 'OC(=O)C1=CC=CC(I)=C1', 'CC1=C(I)C=C(Cl)C(=C1)N(=O)=O']"
22,[0.13319789241364827],6.2804795312270345,['OC(=O)C1=CC=CC(=C1I)C(F)(F)F'],"['BrCC1=CC(I)=CC=C1', 'FC1=C(Cl)C=C(I)C=C1Cl', 'CC(Br)C(=O)N(C)C1=CC=C(I)C=C1', 'CC1=C(Cl)C=C(I)C=C1Cl', 'CC1=C(Br)C(F)=CC(I)=C1', 'CCC1=C(Br)C=CC(I)=C1', 'CC1=CC(Br)=CC(I)=C1', 'OCC1=C(Cl)C=C(I)C=C1Cl']"
23,[1.1781535130182343],6.318373822556915,['OCCONC(=O)C1=C(NC2=CC=C(I)C=C2F)N2C=NC=C2C=C1'],"['OC(=O)C1=C(I)C=C(F)C(F)=C1', 'OC(=O)C1=CC=CC(C(O)=O)=C1I', 'FC(F)(F)C1=CC(=C(I)C=C1)C(F)(F)F', 'OC(=O)C1=C(I)C=CC(Br)=C1', 'OC(=O)C1=CC=C(I)C(=C1)C(F)(F)F', 'OC(=O)C1=C(I)C=C(C=C1)C#N', 'NS(=O)(=O)C1=CC=CC(I)=C1']"
24,[1.1851596614284747],6.30460137835745,['CC1=CC=C(C)N1C1=C(F)C=C(I)C=C1'],"['CNS(=O)(=O)C1=CC=C(I)C=C1', 'BrCC1=C(I)C=CC(Br)=C1', 'ClCC1=CC=C(I)C=C1', 'NC1=C(C(O)=O)C(I)=CC=C1', 'NNC(=O)C1=CC=C(I)C=C1', 'OC(=O)C1=CC=CC(=C1I)N(=O)=O']"
25,[0.9284140094383682],6.273730764359151,['CC1=CC(=CC(C)=C1I)C#N'],"['BrC1=CC2=CC=C(I)C=C2C=C1', 'NS(=O)(=O)C1=CC=C(I)C=C1', 'FC1=CC=CC(I)=C1C#N', 'CC1=C(I)C(=CC(Br)=C1)C(O)=O', 'CC1=CC(=CC=C1I)C(O)=O', 'CC1=CC=CC(I)=C1C=O']"
26,[0.43139330236988777],6.355216080524636,['NC1=C(F)C(F)=C(I)C(F)=C1F'],"['CC1=CC(I)=CC(F)=C1', 'CC(C)(C)C1=C(I)C=CC=C1', 'OB(O)C1=CC=C(I)C=C1', 'OC1=C(C=O)C(I)=CC=C1', 'IC1=CC=CC2=C(I)C=CC=C12']"
27,[-0.030410175615268827],6.42810560291674,['OC1=CC(Br)=C(I)C(Br)=C1'],"['OC(=O)C1=C(O)C=CC=C1I', 'IC1=CC=CC2=CC3=C(C=C12)C(I)=CC=C3', 'FC(F)(F)C(F)(C1=CC=C(I)C=C1)C(F)(F)F', 'IC1=CC=C(C=C1)N1C(=O)C=CC1=O', 'COC(=O)C1=CC=C(I)C=C1']"
28,[-0.5057879574331279],6.444743825830868,['FC(F)(F)C1=CC(Cl)=C(I)C(Cl)=C1'],"['BrC1=CC(Br)=C(I)C=C1', 'FC(F)(F)C1=C(I)C=CC(=C1)C#N', 'COC1=C(I)C(=CC=C1)N(=O)=O', 'BrCC1=C(Br)C(I)=CC=C1']"
29,[1.0587891606816187],6.445390054092667,['CC1=C(I)C(F)=C(C=C1)C#N'],"['ClC1=CC(Br)=C(I)C(Cl)=C1', 'ClC1=CC=CC(Br)=C1I', 'ClC1=CC(Br)=CC(Cl)=C1I', 'OC(=O)C1=CC(Cl)=C(I)C(Cl)=C1']"
30,[-0.5095995995480437],6.469401998573137,['OC1=C(NCC(=O)N2CCN(CC2)C(=O)C=C)C=C(I)C(Cl)=C1'],"['ClC1=C(I)C(=CC=C1)N(=O)=O', 'BrCC1=C(I)C(Br)=CC=C1', 'OC(=O)C1=CC(O)=C(I)C(O)=C1', 'FC1=CC(Cl)=C(I)C(Cl)=C1']"
31,[0.21043106576080262],6.5033969971795855,['CN(C)C1=CC=C(I)C=C1'],"['OS(=O)(=O)C1=CC=C(I)C=C1', 'NC1=C(N)C=C(I)C(Cl)=C1', 'BrCC1=C(I)C(=CC=C1)N(=O)=O']"
32,[0.3605637792644092],6.558508104118868,['FC1=CC(F)=C(F)C(I)=C1F'],"['NC1=CC=C(I)C=C1', 'NNC1=CC=C(I)C=C1', 'CCC1=C(N)C=CC(I)=C1']"
33,[1.0883633455290571],6.5823237018436345,['IC1=C(C=CC=C1N(=O)=O)N(=O)=O'],"['NC1=CC(F)=C(I)C=C1', 'ClC1=CC=C(I)C=C1', 'CNC1=CC=C(I)C=C1']"
34,[0.19409458209736646],6.563450223748637,['NC1=CC=C(Cl)C(I)=C1Cl'],"['COC1=C(I)C=CC(N)=C1', 'CC1=CC(=C(I)C(Br)=C1)N(=O)=O']"
35,[1.0802002409619185],6.561183341232404,['FC1=CC(I)=CC=C1C(F)(F)F'],"['NC1=CC=C(N)C(I)=C1', 'CNC1=CC=C(I)C=C1C']"
36,[1.0708146217817276],6.569345469645199,['FC1=C(F)C(=CC(I)=C1F)N(=O)=O'],"['CC1=CC=CC(I)=C1', 'FC(F)C1=CC=C(I)C=C1']"
37,[0.9769085460682799],6.580107861447502,['FC1=C(F)C(NC2=CC=C(I)C=C2Cl)=C(C=C1)C(=O)NOCC1CC1'],"['OC1=C(I)C=C(C=C1N(=O)=O)C#N', 'FC1=CC(F)=C(I)C=C1N(=O)=O']"
38,[-0.6207968996684788],6.580832026580125,['CCC1=CC(Br)=CC(CC)=C1I'],['OC(=O)C1=CC=C(I)C=C1']
39,[-0.22674320915113566],6.588427239515401,['CCOC(=O)C1=CC(O)=C(I)C(O)=C1'],['FC1=CC(I)=C(C=C1)C#N']
