,obj_values ['rate'],Vendi_score,eval_samples,cut_samples
0,[0.11229390118545779],1.0000000000000013,['COC1=C(I)C(=CC=C1)N(=O)=O'],[]
1,[-2.252135306303045],1.7355732516591917,['COC1=CC=C(I)C(C)=C1'],"['OC(=O)C1=CC(OC(F)(F)F)=C(I)C=C1', 'CC1=C(C(F)=CC=C1I)N(=O)=O', 'CC1=C(I)C=CC=C1N(=O)=O', 'OC(=O)C1=C(F)C=C(Cl)C(I)=C1', 'CC1=C(C=CC=C1I)C#N', 'NC1=CC=C(I)C=C1N(=O)=O', 'BrCC1=C(I)C(=CC=C1)N(=O)=O', 'CC(C)C1=CC=C(I)C(=C1)N(=O)=O', 'COC1=CC(O)=C(C=O)C=C1I', 'COC1=C(C=C(Cl)C(C)=C1I)C(C)=O', 'CCOC(=O)C1=CC(I)=C(C=C1)C#N', 'OC1=CC=C(C=C1I)C1=CC=C(C=C1)C#N', 'OC(=O)C(=O)CC1=CC(I)=C(O)C(I)=C1', 'CC1=C(I)C=C(Cl)C(=C1)N(=O)=O', 'OC(=O)C1=CC=CC(=C1I)N(=O)=O', 'CC(=O)C1=CC(Cl)=C(C)C(I)=C1O', 'COC1=CC(C=O)=CC(I)=C1O', 'OCC1=CC(=C(I)C=C1)N(=O)=O', 'COC1=C(I)C(=CC=C1)C#N', 'FC1=C(C=C(Br)C=C1I)C#N', 'COC1=CC([C@@H](O)C(C)(C)C)=C(C=C1I)N(=O)=O', 'OC1=CC(I)=C(C=C1)N(=O)=O', 'FC1=C(F)C(=CC(I)=C1F)N(=O)=O', 'CCOC(=O)C1=CC(F)=C(I)C=C1', 'CCOC1=C(O)C(I)=CC(C=O)=C1', 'IC1=C(C=CC=C1N(=O)=O)N(=O)=O', 'COC1=C(C=C(I)C(F)=C1)C(O)=O', 'CC1=CC(O)=C(I)C=C1N(=O)=O', 'CC1=C(I)C(F)=C(C=C1)C#N', 'NC1=CC=C(I)C(F)=C1C#N', 'COC1=C(OC)C(I)=CC(C=O)=C1', 'COC1=CC(OC)=C(I)C(C=O)=C1', 'NC1=C(C(F)=C(I)C=C1)N(=O)=O', 'OC1=CC=CC(C=O)=C1I', 'COC(=O)C1=C(Cl)C(O)=C(I)C=C1', 'CC(=O)C1=CC(I)=C(O)C=C1', 'CC1=C(I)C(F)=C(C=C1)C(O)=O', 'OC(=O)C1=CC(I)=C(C=C1)C(F)(F)F', 'FC1=C(I)C=CC(Br)=C1C#N', 'COC(=O)C1=CC(I)=C(N)C(=C1)N(=O)=O', 'CC1=C(C(I)=CC=C1)N(=O)=O', 'OC1=C(I)C=CC=C1N(=O)=O', 'CC1=CC(=C(I)C(Br)=C1)N(=O)=O', 'OC1=C(I)C=C(C=C1N(=O)=O)C#N', 'FC1=CC(F)=C(I)C=C1N(=O)=O', 'ClC1=C(I)C(=CC=C1)N(=O)=O', 'NC1=C(C=C(I)C(Cl)=C1)N(=O)=O', 'COC1=CC(I)=C(C=O)C=C1OC', 'OC1=C(I)C=C(C=O)C=C1I', 'OC1=C(I)C(=CC=C1)N(=O)=O']"
2,[-0.030410175615268827],2.3771797339761793,['OC1=CC(Br)=C(I)C(Br)=C1'],"['CN(C)C1=C(I)C=CC=C1', 'COC1=C(I)C=CC=C1', 'CC1=CC(O)=C(C)C=C1I', 'NC1=C(Cl)C=C(C=C1I)C(F)(F)F', 'NC(=O)C1=CC(O)=C(I)C=C1', 'CC1=CC(N)=C(I)C=C1F', 'COC1=CC(B(O)O)=C(I)C=C1', 'NC1=C(I)C=C(OC(F)(F)F)C=C1', 'OCC1=CC(I)=C(O)C=C1', 'CC(=O)NC1=CC=CC=C1I', 'CC1=CC=C(C=C1I)C(N)=N', 'CC1=CC(I)=C(O)C=C1Cl', 'C[C@H](O)C1=C(I)C=CC(F)=C1', 'IC1=C(OCC2=CC=CC=C2)C=CC=C1', 'NC1=C(I)C=C(F)C(=C1)C(F)(F)F', 'NNC1=C(I)C=CC=C1', 'COC1=CC=CC(CO)=C1I', 'NC1=C(I)C(Cl)=C(Cl)C=C1', 'COC1=CC=C(C)C=C1I', 'COC1=C(I)C=C(C=C1)C(O)=O', 'CC1=CC(N)=C(I)C=C1', 'CC1=CC(I)=C(CO)C=C1C', 'OC1=CC=C(I)C2=CC=CC=C12', 'OC(=O)C1=CC=C(O)C(I)=C1', 'CCOC(=O)C1=CC(I)=C(N)C=C1', 'CNCC1=C(I)C=CC=C1', 'CC1=C(O)C(I)=CC(Cl)=C1', 'CC(=O)NC1=CC(F)=CC=C1I', 'OC(=O)CC1=CC=C(O)C(I)=C1', 'CC1=CC(Cl)=CC(I)=C1N', 'CC1=CC=C(N)C(I)=C1', 'COC(=O)C1=CC(I)=C(N)C=C1Cl', 'OCC1=C(I)C=CC(F)=C1', 'IC1=C(OC2CC2)C=CC=C1', 'COC1=CC(CO)=CC=C1I', 'COC1=C(C)C(I)=CC=C1C', 'CC1=C(I)C=CC(O)=C1', 'FC(F)(F)C(=O)NC1=CC=CC=C1I', 'COC1=CC=CC(C)=C1I', 'NC1=CC(Cl)=CC=C1I', 'NC1=C(Cl)C=C(Cl)C=C1I', 'OC1=C(I)C=CC=C1Cl', 'CC1=C(N)C(I)=CC=C1', 'COC1=CC(OC)=C(I)C=C1Cl', 'CC(Cl)C(=O)NC1=CC=CC=C1I', 'NC1=C(I)C=C(Cl)C(=C1)C(F)(F)F']"
3,[1.1781535130182343],2.9536052944060858,['OCCONC(=O)C1=C(NC2=CC=C(I)C=C2F)N2C=NC=C2C=C1'],"['COC1=CC=C(I)C(C(O)=O)=C1F', 'OC1=C(I)C(Cl)=CC=C1', 'CC1=CC(Cl)=CC(Cl)=C1I', 'NC1=CC=C(I)C(Cl)=C1', 'BrC1=CC=CC=C1I', 'COC(=O)C1=CC(I)=C(Cl)C=C1C', 'OCC1=CC=CC(Br)=C1I', 'NC1=CC(Br)=C(I)C(Br)=C1', 'OC(=O)C1=C(I)C(Br)=CC=C1', 'NC1=C(I)C=C(Br)C=C1', 'COC1=C(I)C(Cl)=C(Cl)C=C1', 'COC1=CC(=C(I)C=C1)C(F)(F)F', 'COC(=O)C1=C(C)C=C(N)C(I)=C1', 'ClC1=CC=CC(Br)=C1I', 'CC(C)(C)C1=CC(I)=C(Br)C=C1', 'CC1=CC(Cl)=C(I)C=C1C', 'COC1=C(I)C=C(C(O)=O)C(F)=C1', 'CC(C)C1=CC=C(I)C(Br)=C1', 'CC(C)(C)C1=CC=C(I)C(Br)=C1', 'OC1=CC(I)=C(Br)C=C1', 'COC(=O)C1=C(I)C=CC(OC)=C1', 'OC1=CC(Cl)=C(F)C=C1I', 'CC1=CC(Br)=C(I)C=C1', 'OC1=CC(Cl)=C(I)C=C1', 'COC(=O)C1=CC(N)=CC=C1I', 'COC1=CC(Br)=C(I)C=C1', 'CCOC(=O)C1=CC(I)=C(OC)C=C1', 'CC1=CC=CC(Cl)=C1I', 'COC1=C(F)C=CC=C1I', 'OC1=C(I)C(Cl)=CC(Cl)=C1', 'FC1=CC(Cl)=C(I)C=C1', 'COC1=C(I)C=C(Br)C=C1', 'CCOC(=O)COC1=CC=CC=C1I', 'COC(=O)C1=CC=C(N)C(I)=C1Cl', 'CC1=CC(Br)=C(I)C=C1Cl', 'OC1=C(I)C(Br)=CC=C1', 'OC1=CC=C(I)C(Br)=C1', 'COC1=CC(Cl)=C(I)C=C1', 'NC1=C(I)C(Cl)=CC=C1', 'COC1=CC=CC(Br)=C1I', 'CCC1=CC(Br)=C(I)C=C1', 'NC1=C(I)C(Br)=CC(F)=C1']"
4,[-0.5879529326977142],3.441763088719194,['OC1=CC=CC(O)=C1I'],"['COC(=O)C1=CC=C(I)C(N)=C1', 'COC(=O)C1=CC(I)=C(N)C(Br)=C1', 'COC(=O)C1=CC(I)=C(N)C(OC)=C1', 'CCOC(=O)CC1=CC=C(N)C(I)=C1', 'CCOC(=O)C1=CC(Br)=C(N)C(I)=C1', 'OC1=C(I)C=C(C=C1)C1=CC=CC=C1', 'COC1=C(NCC(O)=O)C=C(I)C(Cl)=C1', '[H][C@](N)(CC1=CC(I)=C(O)C=C1)C(=O)OC', 'CCOC(=O)C(=CNC1=C(I)C=CC=C1)C(=O)OCC', 'CC(C)(C)C(=O)NC1=CC=C(Cl)C=C1I', 'CC1(C)OB(OC1(C)C)C1=CC(O)=CC=C1I', 'CC(C)(C)C1=CC(I)=C(O)C(I)=C1', 'COC1=CC(I)=C(I)C=C1OC', 'CCOC(=O)C1=CC(I)=C(O)C(I)=C1', 'COC1=CC(N)=C(I)C=C1I', 'COC(=O)C1=C(N)C(I)=CC(Cl)=C1', 'COC(=O)C1=CC(I)=C(C=C1O)N(C)C', '[H][C@@](N)(CC1=CC(I)=C(O)C(I)=C1)C(O)=O', 'CC(=O)C1=CC(I)=C(Br)C=C1', 'COC(=O)C1=CC(NC(=O)C2=CC=CC=C2I)=CC=C1', 'COC(=O)C1=C(OC)C=C(C)C(I)=C1', 'CC(C)(C)C(=O)NC1=CC=CC=C1I', 'OC1=CC=C(Cl)C=C1\\C=C\\C1=C(I)C=CC=C1', 'COC1=CC=C(COC2=C(I)C=CC=C2)C=C1', 'BrC1=C(OC2=C(I)C=CC=C2)C=CC(=C1)C#N', 'CCNC(=O)C1=CC(OCC)=C(I)C=C1', 'COC1=C(I)C=C(N)C=C1I', 'CCOC(=O)C1=CC(OCC)=C(I)C=C1', 'CC1=CC(I)=C(N)C(I)=C1', 'COC(=O)C1=CC(N)=C(I)C=C1C', 'COC(=O)C1=CC(I)=C(N)C(I)=C1', 'OC(=O)C1=C(NC(=O)C2=C(I)C=CC=C2)C=CC=C1', 'COC(=O)CCC1=CC(I)=C(O)C(I)=C1', 'CC1=CC(I)=CC(I)=C1N', 'ClCC(=O)NC1=CC=CC=C1I', 'OC(=O)C1=C(NC2=CC=C(I)C=C2Cl)C(F)=C(F)C=C1', 'CC1=CC(C)=C(I)C=C1I', 'OC(=O)CCC1=CC(I)=C(O)C(I)=C1']"
5,[-0.5459529163336929],3.945734145424662,['COC1=CC=C(OC)C(=C1I)C1=C(C=C(C=C1C(C)C)C(C)C)C(C)C'],"['OC1=C(I)C2=CC=CC=C2C=C1', 'FC1=C(I)C=CC(=C1)C1CC1', 'NC1=C(F)C=C(C=C1I)C#N', 'COC(=O)C1=CC=CC(I)=C1N', 'NC1=C(I)C=CC=C1C(O)=O', 'CC1=C(I)C(O)=CC=C1', 'COC(=O)C1=C(N)C(I)=CC(F)=C1', 'OC1=C(I)C=CC=C1', 'COC1=CC=C(I)C(O)=C1', 'COC1=C(N)C(I)=CC=C1', 'CCOC1=CC(Br)=CC=C1I', 'CC1=C(C=C(I)C(N)=C1)C#N', 'NC1=C(I)C=CC(=C1)C(O)=O', 'COC1=CC=CC(CNC2=C(I)C=CC=C2)=C1', '[H][C@@](N)(CC1=CC=C(O)C(I)=C1)C(O)=O', 'OC1=C(I)C=CC(Cl)=C1', 'CC(C)C1=CC=C(N)C(I)=C1', 'OC1=CC(I)=C(O)C=C1I', 'CC1=CC(N)=C(I)C=C1C', 'NC1=C(I)C=C(C=C1)C1=CC=CC=C1', 'OC1=C(I)C=C(Cl)C=C1', 'NC1=C(I)C=C(C=C1)C#N', 'COC1=CC=C(I)C(OC)=C1', 'CCOC1=CC=C(I)C(F)=C1F', 'CC1=CC(Cl)=CC(N)=C1I', 'OC1=C(O)C(I)=CC=C1', 'COC(=O)C1=C(OC)C=C(NC(C)=O)C(I)=C1', 'CC(C)(C)C1=CC=C(N)C(I)=C1', 'COC1=CC(F)=C(I)C=C1', 'COC(=O)C1=CC(I)=C(N)C=C1OC', 'COC(=O)C1=C(OC)C=C(F)C(I)=C1', 'NC1=C(I)C=CC(Br)=C1', 'COC1=C(I)C(C)=CC(Cl)=C1', 'COC1=CC=C(I)C(N)=C1', 'OC(=O)CCC1=CC=C(O)C(I)=C1']"
6,[1.2310331342559602],4.35375444466811,['IC1=C(C=CC=C1C#N)C#N'],"['COC1=CC(C)=C(OC)C=C1I', 'COC1=C(I)C=CC(=C1)C(F)(F)F', 'CCN(CC)C(=O)C1=CC(OCC(C)C)=C(I)C=C1', 'CC1=CC(I)=C(N)C(C)=C1', 'COC1=CC(I)=C(N)C=C1', 'CC1=CC(I)=C(F)C=C1', 'COC(=O)C1=CC(I)=C(OC2=CC=CC=C2)C=C1', 'CC(C)(C)OC(=O)NC1=CC=C(Cl)C(F)=C1I', 'COC1=CC(C(C)C)=C(OS(=O)(=O)C2=CC=C(C)C=C2)C=C1I', 'NC1=C(I)C=C(C(Br)=C1)C(F)(F)F', 'NC1=C(I)C(F)=C(F)C=C1F', 'COC1=CC=CC(OC)=C1I', 'COC1=CC=CC(I)=C1NC(=O)OC(C)(C)C', 'CC(C)(C)OC(=O)NC1=C(I)C(F)=CC=C1', 'NC1=C(I)C=C(Br)C(=C1)C(F)(F)F', 'CC1=CC(F)=C(I)C=C1O', 'COC1=CC(I)=C(NC(=O)OC(C)(C)C)C=C1', 'CC1=CC(I)=C(N)C=C1O', 'OC1=C(I)C=C(F)C(F)=C1I', 'COC1=CC=C(OC)C(I)=C1', 'CN(C(=O)C1=C(I)C=CC=C1)C1=CC=C(C)C=C1', 'COC1=CC(Cl)=C(OC)C=C1I', 'CC(C)(C)C1=C(I)C=CC(O)=C1', 'OB(O)C1=C(I)C=CC(OCC2=CC=CC=C2)=C1', 'CC1=CC(O)=CC(C)=C1I', 'FC(F)(F)COC1=CC(=CC=C1I)C(=O)N1CCOCC1', 'NC1=C(Br)C=CC=C1I', 'OC1=C(F)C=CC=C1I', 'COC1=C(I)C(N)=CC=C1', 'CCOC1=C(I)C=CC(=C1)C(=O)N1CCOCC1', 'FC1=CC=CC(CBr)=C1I', 'OC(=O)C1=CC(I)=C(O)C(I)=C1']"
7,[1.1580107547295777],4.730887449940013,['FC1=C(F)C(F)=C(I)C(F)=C1F'],"['CCOC(=O)CC1=C(I)C=CC=C1', 'ClC1=CC(CBr)=C(I)C=C1', 'OC1=C(I)C=C(C=C1I)C(F)(F)F', 'COC1=CC=C(I)C=C1C(O)=O', 'CCOC(=O)C1=CC2=CC=CC=C2C=C1I', 'IC1=C(C=CC=C1)C(=O)NC1CCCC1', 'OC(=O)C1=C(Br)C(I)=CC=C1', 'COC(=O)C1=C(Cl)C=C(C)C(I)=C1', 'OC(=O)CC1=C(I)C=C(Cl)C=C1', 'IC1=CC=CC=C1CN1C=NC=N1', 'FC1=C(I)C=CC(I)=C1', 'OC(=O)C1=CC=CC2=CC=CC(I)=C12', 'COC(=O)C1=C(O)C=C(I)C(Cl)=C1', 'BrC1=C(I)C=C(C=O)C=C1', 'OC(=O)CCC1=NN=C(O1)C1=CC=CC=C1I', 'IC1=C(C=CC=C1)C(=O)N1CCCC1', 'COC1=C(I)C=C(C=C1I)C#N', 'OCC1=CC(I)=C(CO)C=C1I', 'IC1=CC=CC=C1C1=CC=CC=C1I', 'ClC1=C(I)C=C(C=O)C=C1', 'CC1=CC(C(O)=O)=C(I)C=C1', 'FC(F)(F)C1=C(I)C(Br)=CC=C1', 'ClCC1=CC(I)=C(CCl)C=C1', 'COC(=O)C1=C(C)C(I)=CC=C1', 'FC1=CC=CC(I)=C1Br', 'OC(=O)C1=CC=CC(I)=C1Cl', 'CCOC(=O)CC(=O)C1=C(I)C=CC=C1', 'COC(=O)C1=CC=CC=C1I', 'IC1=C(C=CC=C1)C1=CC=CC=C1', 'IC1=CC=CC=C1C(=O)C1=CC=CC=C1']"
8,[0.33149269980612495],5.031765117082451,['BrC1=CC=C(I)C=C1CC1=CC=C2OCCOC2=C1'],"['FC1=C(I)C(Cl)=CC=C1', 'FC1=CC=C(I)C(F)=C1', 'FC1=CC=C(I)C(F)=C1F', 'COC1=CC(I)=C(F)C=C1', 'FC1=C(F)C(I)=CC=C1', 'CC1=CC(F)=C(I)C=C1', 'FC(F)(F)OC1=CC=CC=C1I', 'FC1=C(I)C=CC(Br)=C1Cl', 'OC(=O)C1=C(F)C(F)=C(F)C(F)=C1I', 'FC1=C(I)C=CC(Cl)=C1', 'COC(=O)C1=CC(I)=C(F)C=C1', 'COC1=C(I)C(F)=CC=C1', 'FC1=C(I)C=C(CBr)C=C1', 'OB(O)C1=CC(F)=C(I)C(F)=C1', 'COC1=C(I)C(F)=C(F)C=C1', 'COC1=C(I)C(F)=CC(Br)=C1', 'FC1=CC(F)=C(Cl)C=C1I', 'COC1=CC(I)=C(F)C=C1Cl', 'FC1=C(I)C=CC(=C1)C(F)(F)F', 'CC1=C(F)C=C(F)C(I)=C1', 'COC1=CC=C(Br)C(F)=C1I', 'FC1=C(Br)C=CC(I)=C1F', 'FC1=C(I)C(F)=C(Br)C=C1', 'FC1=CC(I)=C(F)C=C1', 'COC1=CC=C(C=C1I)C#N', 'FC1=CC(F)=C(I)C(Cl)=C1', 'FC(F)C1=C(I)C(F)=C(Cl)C=C1']"
9,[-1.392481136628752],5.213761755622629,['CC(C)C1=CC=CC(C(C)C)=C1I'],"['COC1=CC(Br)=C(OC)C=C1I', 'IC1=CC=C(OCC2=CC=NC=C2)C=C1', 'OC1=C(Br)C(I)=CC=C1', 'COC1=CC(I)=C(Cl)C=C1', 'IC1=C(C=CC=C1)C(=O)NCC1=CC=CC=C1', 'COC1=CC(Br)=CC(OC)=C1I', 'CC(C)OC1=CC=C(I)C=C1Br', 'FC(F)(F)OC1=C(I)C=C(Br)C=C1', 'COC1=C(C(O)=O)C(I)=CC=C1', 'CON(C)C(=O)C1=C(I)C=C(Cl)C=C1', 'COC1=CC(I)=C(OC)C=C1I', 'NC1=CC=C(NC(=O)C2=CC=CC=C2I)C=C1', 'COC(=O)C1=C(I)C=CC=C1OC', 'IC1=CC=C(OCC2=CC=CN=C2)C=C1', 'CC1=C(Br)C=CC(I)=C1Cl', 'OC(C1=CC=C(I)C(F)=C1)(C(F)(F)F)C(F)(F)F', 'FC1=CC(Br)=C(I)C=C1F', 'OC1=CC=CC(I)=C1F', 'COC(=O)C1=C(I)C=C(OC)C(OC)=C1', 'CCCNC(=O)C1=CC=CC=C1I', 'CC(=O)NC1=C(OC(F)(F)F)C=C(I)C=C1', 'NC1=CC(I)=C(F)C=C1Cl', 'NC1=C(F)C(F)=C(I)C=C1', 'BrC(C1=CC=CC=C1)C1=C(I)C=CC=C1', 'CC(=O)NC1=C(C=C(I)C=C1)C(F)(F)F']"
10,[0.7520876450433205],5.392079538451059,['[H][C@@](CC1=CC=C(I)C=C1)(NC(=O)OCC1=CC=CC=C1)C(O)=O'],"['CC1=CC(F)=CC(C)=C1I', 'CC(=O)OC1=CC(C)=C(I)C(C)=C1', 'COC(=O)C1=CC=CC(C)=C1I', 'CC1=C(C)C(I)=C(C=C1)C(O)=O', 'COC(OC)C1=C(I)C=CC=C1', 'NC(=O)CC1=C(I)C=CC=C1', 'NCC1=CC=CC=C1I', 'CC1=CC(C)=C(I)C(C)=C1', 'OC(=O)CC1=CC=CC=C1I', 'OCC1=C(I)C=C(F)C=C1', 'CC1=CC(Br)=CC=C1I', 'CCC1=CC(Br)=CC(CC)=C1I', 'OC(=O)CCC1=CC=CC=C1I', 'CC1=CC(I)=C(CO)C=C1', 'CC1=C(C)C(C)=C(I)C(C)=C1C', 'CCCC1=C(I)C=CC=C1', 'CC1=C(I)C=C(CO)C=C1', 'ClCC1=C(I)C=CC=C1', 'CC1=C(I)C=CC=C1CC#N', 'OC(=O)C1(CC1)C1=C(I)C=CC=C1', 'OCC1=C(Cl)C=CC=C1I', 'COC(=O)CC1=C(I)C=CC=C1', 'OCC1=C(I)C=C(Cl)C=C1']"
11,[0.6702486479290919],5.629751363516851,['ClC1=CC(=CC(Cl)=C1I)N(=O)=O'],"['IC1=CC=C(OCCN2CCCC2=O)C=C1', 'FC1=CC(I)=CC=C1NC(=O)NC1CC1', 'ClC1=CC(Cl)=C(COC2=CC=C(I)C=C2)C=C1', 'IC1=CC=C(OCCN2CCCC2)C=C1', 'CC(C)(C)OC(=O)NC(CC1=CC(I)=CC=C1F)C(O)=O', 'CCNC(=O)C1=CC=CC=C1I', 'CNC(=O)C1=CC=CC=C1I', 'CCCCCC1=CC=C(C=C1)C1=CC=C(I)C=C1', 'CC1=CC=C(I)C=C1C1=CC(I)=CC=C1C', 'NC(=O)C1=CN=C(OC2=CC=C(I)C=C2)C=C1', 'IC1=CC=C(NC(=O)NCC2=CC=CC=C2)C=C1', 'IC1=CC=C(NC(=O)OCC2=CC=CC=C2)C=C1', 'CC1=CC=CC(I)=C1CO', 'CC(C)(C)OC(=O)C1=C(I)C=CC=C1', 'CCOP(=O)(CC1=CC=C(I)C=C1)OCC', 'COP(=S)(OC)OC1=CC(Cl)=C(I)C=C1Cl', 'CCOC1=CC=C(C=C1)C(O)C1=CC(I)=CC=C1Cl', 'IC1=CC=C(OC2=CC=CC=C2)C=C1', 'OC1=CC=C(OC2=CC=C(I)C=C2)C=C1', '[H][C@](N)(CC1=CC=C(OC2=CC=C(O)C=C2)C(I)=C1)C(O)=O', 'OC(=O)CNC(=O)C1=C(I)C=CC=C1']"
12,[0.890544908179314],5.763847334206071,['CN(C)C1=CC=C(C=C1)\\N=N\\C1=CC=C(I)C=C1'],"['OC1=C(Cl)C(I)=CC=C1', 'CC(C)(C)OC(=O)N(C(=O)OC(C)(C)C)C1=CC=CC=C1I', 'CC1=CC=CC(I)=C1Cl', 'NC(=O)C1=C(Cl)C=CC=C1I', 'CC1=CC=C(I)C(C(O)=O)=C1F', 'CC(C)(C)OC(=O)NCC1=CC=CC(I)=C1', 'CC1=CC(Br)=C(C)C=C1I', 'FC1=C(F)C(=CC=C1I)C(F)(F)F', 'ClC1=CC=C(OC2=CC=C(I)C=C2)C=C1', 'ClC1=CC=C(Br)C=C1I', 'OC(=O)CCCCC1=CC=C(I)C=C1', 'ClC1=CC=C(CBr)C(I)=C1', 'FC(F)(F)C1=CC(I)=C(Br)C=C1', 'COC(=O)C1=CC(I)=C(Cl)C=C1', 'NC(=O)C1=C(I)C=CC(Br)=C1F', 'ClC1=CC(Cl)=C(I)C=C1', 'NC1=CC=C(C=C1)S(=O)(=O)NC1=CC=C(I)C=C1', 'BrC1=CC=C(C=C1)C(=O)C1=C(I)C=CC=C1', 'FC(F)(F)C1=C(Br)C(I)=CC=C1']"
13,[0.41568187933801615],5.7676719656917985,['COC1=CC(=C(I)C=C1)S(F)(=O)=O'],"['CC(=O)NC(CC1=CC=C(I)C=C1)C(O)=O', 'COC(=O)C1=CC(I)=C(C)C=C1C', 'OC(=O)C1=C(NC2=CC=C(I)C=C2F)C=NC=C1', 'CC1=CC(C)=C(I)C=C1C(O)=O', 'IC1=CC=CC(=C1)C(=O)C1=CC=CC=C1', 'OC(=O)CCCCC(=O)C1=CC=C(I)C=C1', 'CCOC(=O)C1=CC(I)=C(C)C=C1', 'CC(C)S(=O)(=O)N[C@@H]1CCOC[C@H]1C1=CC=C(I)C=C1', 'IC1=CC=C(NC2=CC=C(I)C=C2)C=C1', 'CCCCCCCCC(=O)NCC1=C(I)C=C(O)C(OC)=C1', 'IC1=CC=C(C=C1)C(=O)NCC1=CC=CC=C1', 'CC1=C(I)C=C(C=C1F)C(O)=O', 'FC(F)(F)C(=O)CC1=CC=C(I)C=C1', 'IC1=CC=C(C=C1)C1=NC=CO1', 'COC(=O)C1=C(I)C=CC=C1O', 'IC1=CC=CC(CN2CCCC2)=C1', 'IC1=CC=C(OCC2CC2)C=C1', 'IC1=CC=C(C=C1)C(=O)N1CCOCC1']"
14,[0.6785827796541858],5.838441071847944,['CC(=O)C1=CC(I)=CC=C1N'],"['CS(=O)(=O)NC1=CC=C(I)C=C1', 'FC1=CC(I)=C(Cl)C=C1', 'BrC1=C(C=CC=C1I)C#N', 'NC(=O)C1=C(I)C=CC=C1', 'IC1=CC=CC(=C1)C1=CC=CC=C1', 'ClC1=CC=CC=C1I', 'FC(F)C1=C(I)C=CC=C1', 'OC1=CC=C(I)C=C1C(F)(F)F', 'CC(=O)NC1=C(F)C=C(I)C=C1', 'COC1=CC=C(C(N)=O)C(I)=C1', 'OC1=CC(I)=C(Cl)C=C1', 'IC1=CC=C(OCC#N)C=C1', 'FC(F)(F)C1=CC(I)=C(Cl)C=C1', 'NC1=CC(I)=C(Br)C=C1', 'NC(CC1=CC=C(I)C=C1)C(O)=O', 'ClC1=C(I)C=C(C=C1)C#N']"
15,[0.9656292524742955],5.881150183678804,['ClC1=CC(I)=CC(=C1)N(=O)=O'],"['OC1=CC2=C(C=CC=C2I)C=C1', 'COC(=O)C1=CC(I)=C(Cl)C=C1N', 'NC1=CC(Cl)=C(I)C=C1C(O)=O', 'CC(=O)C1=C(N)C(I)=CC(Br)=C1', 'NC(=O)C1=C(O)C=CC(I)=C1', 'CC1=CC(I)=CC(C(O)=O)=C1N', 'CCC1=CC=C(I)C=C1C(O)=O', 'CC(=O)C1=CC(I)=CC=C1', 'NNC(=O)CNC1=CC=C(I)C=C1', 'CC(C)(C)C1=CC(I)=CC=C1O', 'CC1=C(C=C(I)C=C1Cl)C(O)=O', 'NC1=C(Cl)C=C(I)C=C1', 'BrC1=CN=C(OC2=CC=C(I)C=C2)N=C1', 'CC1=CC(I)=C(C)C=C1', 'OC1=C(F)C=C(I)C=C1I']"
16,[1.1629139359306655],6.105966557293673,['FC1=C(I)C(F)=C(Br)C=C1Br'],"['BrC1=C(C=C(I)C=C1)C#N', 'CC(C)(C)OC(=O)C1=CC(I)=CC=C1', 'ClC1=CC2=C(C=C1)C=C(I)C=C2', 'CCOC(=O)C1=CC=C(I)C=C1F', 'CCOC(=O)C1=C(I)C=CC(Br)=C1', 'CC1=CC(=CC(I)=C1)C(O)=O', 'FC1=C(Cl)C=CC(I)=C1C=O', 'COC(=O)C1=C(CBr)C(I)=CC=C1', 'CC(C)(C)OC(=O)C1=C(Br)C=C(I)C=C1', 'ClC1=CC(=CC=C1I)N(=O)=O', 'CCOC(=O)C1=CC(I)=CC(Br)=C1', 'CC1=CC=C(C(O)=O)C(I)=C1', 'COC(=O)C1=CC=C(I)C=C1N(=O)=O', 'IC1=CC=C(C=C1)N1C(=O)C=CC1=O']"
17,[0.610371127314533],6.161429633669822,['NC1=CC(I)=CC(CO)=C1'],"['COC(=O)C1=C(N)C=CC=C1I', 'COC(=O)C1=C(I)C=C(Br)C=C1', 'COC(=O)C1(CC1)C1=CC=C(I)C=C1', 'IC1=CC(I)=CC=C1', 'ClC1=CC(Br)=C(I)C=C1Cl', 'OC(=O)C1=CC=CC(I)=C1', 'CC(=O)CCC1=CC=C(I)C=C1', 'FC(F)(F)C1=C(I)C=CC(Br)=C1', 'OC(=O)C1=CC(Cl)=CC=C1I', 'OC1=CC=CC2=C1C=CC=C2I', 'OC(=O)C1=C(I)C=C(C=C1)C#N', 'ClC1=CC=C(C=C1)C1=CC=C(I)C=C1']"
18,[0.9598920574896976],6.105788113826846,['BrC1=CC(I)=C(I)C=C1'],"['CON(C)C(=O)C1=CC=C(I)C=C1', 'CSC1=CC=C(I)C=C1', 'CC1=CC=C(I)C=C1Br', 'CC1=C(O)C=CC(I)=C1', 'COC1=C(C)C=CC(I)=C1', 'COC1=C(Cl)C=CC(I)=C1', 'COC1=CC=CC(I)=C1C', 'NCCC1=CC=C(I)C=C1', 'CCOC(=O)CC1=CC(I)=CC=C1', 'COC1=C(OC)C=C(I)C=C1', 'CC1=C(I)C=C(O)C=C1']"
19,[0.6407268000820044],6.075257525382494,['CC1=CC(=CC=C1I)C(O)=O'],"['COC1=CC(Br)=CC(I)=C1', 'CC1(C)COB(OC1)C1=CC=C(I)C=C1', 'NC1(CC1)C1=CC=C(I)C=C1', 'FC(F)(F)C1=C(Cl)C=CC(I)=C1', 'CC1=C(Cl)C=C(I)C=C1', 'COC1=CC(Cl)=CC(I)=C1', 'COC1=CC(I)=CC=C1I', 'IC1=CC(=CC=C1)N1C=CN=N1', 'CC(=O)OC1=CC=C(I)C=C1', 'OCC1=C(Cl)C=CC(I)=C1']"
20,[-0.22674320915113566],6.099553305169382,['CCOC(=O)C1=CC(O)=C(I)C(O)=C1'],"['OC(=O)C1=C(I)C=CC(Br)=C1', 'OC(=O)C1=CC=CC(C(O)=O)=C1I', 'CC1=CC(I)=CC(C)=C1F', 'OC(=O)C1=CC=C(I)C(=C1)C(F)(F)F', 'OC(=O)C1=C(I)C=C(F)C(F)=C1', 'CC1=C(I)C=CC=C1', 'NC1=C(C(O)=O)C(I)=CC=C1', 'IC1=CC=C(C#N)C(I)=C1', 'CC(C)(O)C1=C(I)C=CC=C1']"
21,[1.061110607377881],6.0912550822679545,['COC1=C(O)C(I)=CC(\\C=N\\NC(=O)C2=CC=CC(F)=C2)=C1'],"['NC1=CC(I)=CC=C1O', 'BrC1=CC2=CC=C(I)C=C2C=C1', 'CC(C)C1=C(I)C=CC(Br)=C1', 'CCC1=CC=C(I)C=C1', 'OC1=C(C=O)C(I)=CC=C1', 'OC(=O)C1=CC(O)=C(I)C(O)=C1', 'NC1=CC=C(O)C=C1I', 'IC1=CC=CC2=C(I)C=CC=C12', 'OC1=C(F)C=C(I)C=C1']"
22,[-0.4571776059528941],6.093901464184023,['BrCC1=C(I)C(Br)=CC=C1'],"['CC1=C(I)C(=CC(Br)=C1)C(O)=O', 'COC1=CC(N)=C(C=C1I)C(O)=O', 'IC1=CC=CC2=CC3=C(C=C12)C(I)=CC=C3', 'FC1=CC=CC(I)=C1C#N', 'COC1=CC=C(N)C=C1I', 'CC1=CC=CC(I)=C1C=O', 'FC1=C(C=C(I)C=C1)C(F)(F)F', 'CC(C)(C)C1=C(N)C=CC(I)=C1']"
23,[1.1851596614284747],6.092656912525361,['CC1=CC=C(C)N1C1=C(F)C=C(I)C=C1'],"['BrCC1=CC(I)=CC=C1', 'CC1=C(F)C=C(F)C=C1I', 'BrC1=CC(Br)=C(I)C=C1', 'COS(=O)(=O)C1=CC=CC=C1I', 'CC1=CC(Br)=CC(I)=C1', 'BrCC1=C(I)C=CC(Br)=C1', 'BrCC1=C(Br)C(I)=CC=C1']"
24,[0.3648169791060167],6.06079376028334,['NC1=CC(I)=C(O)C=C1'],"['CC1=C(Cl)C=C(I)C=C1Cl', 'OC(=O)C1=C(O)C=CC=C1I', 'OCC1=C(Cl)C=C(I)C=C1Cl', 'FC1=C(Cl)C=C(I)C=C1Cl', 'OC(=O)C1=CC=CC(=C1I)C(F)(F)F', 'FC1=C(Cl)C=C(I)C=C1']"
25,[1.0802002409619185],6.107224341296187,['FC1=CC(I)=CC=C1C(F)(F)F'],"['IC1=CC=C(C=C1)N1CCCCC1', 'NC1=CC=C(N)C(I)=C1', 'COC1=C(N)C=CC(I)=C1', 'NC1=C(N)C(I)=CC=C1', 'NC1=C(N)C=C(I)C(Cl)=C1', 'CC1=CC=C(I)C=C1']"
26,[0.26888320368432606],6.163182725586587,['C[C@@H]1CN(CCN1S(=O)(=O)C1=CC=C(I)C=C1)C(=O)C1=CC=CC=C1'],"['ClCC1=CC=C(I)C=C1', 'IC1=CC=C(CC#C)C=C1', 'OS(=O)(=O)C1=CC=CC(I)=C1', 'NNC(=O)C1=CC=C(I)C=C1', 'NCC1=CC(I)=CC=C1']"
27,[0.43139330236988777],6.246925194041919,['NC1=C(F)C(F)=C(I)C(F)=C1F'],"['IC1=CC(CC#N)=CC=C1', 'CCC1=C(Br)C=CC(I)=C1', 'OB(O)C1=CC=C(I)C=C1', 'OB(O)C1=CC(I)=CC=C1', 'NS(=O)(=O)C1=CC=CC(I)=C1']"
28,[-0.09612092193324576],6.294928454753666,['OC(=O)C1=C(I)C(I)=CC(I)=C1'],"['NS(=O)(=O)C1=CC=C(I)C=C1', 'CC1=CC(I)=CC(F)=C1', 'CS(=O)(=O)C1=CC=CC(I)=C1', 'CC1=C(Br)C(F)=CC(I)=C1']"
29,[0.03589396540360318],6.2934676261425295,['CN(C)C1=CC(Br)=C(I)C=C1'],"['CC(Br)C(=O)N(C)C1=CC=C(I)C=C1', 'COC(=O)C1=CC=C(I)C=C1', 'FC(F)(F)C1=CC(=C(I)C=C1)C(F)(F)F', 'CNS(=O)(=O)C1=CC=C(I)C=C1']"
30,[0.9284140094383682],6.295023432111429,['CC1=CC(=CC(C)=C1I)C#N'],"['ClC1=CC=C(I)C=C1', 'FC(F)C1=CC=C(I)C=C1', 'NC1=CC(F)=C(I)C=C1', 'FC(F)(F)C(F)(C1=CC=C(I)C=C1)C(F)(F)F']"
31,[1.20915723585692],6.321538948431168,['BrCC1=CC=C(I)C=C1Br'],"['CC1=CC=CC(I)=C1', 'OS(=O)(=O)C1=CC=C(I)C=C1', 'CC(C)(C)C1=C(I)C=CC=C1']"
32,[0.3605637792644092],6.383017435085109,['FC1=CC(F)=C(F)C(I)=C1F'],"['OC(=O)C1=CC=C(I)C=C1', 'CC(C)S(=O)(=O)N[C@H]1CCOC[C@@H]1C1=CC=C(I)C=C1', 'BrC1=C(Br)C=C(I)C=C1']"
33,[0.19409458209736646],6.362231650076785,['NC1=CC=C(Cl)C(I)=C1Cl'],"['NC1=C(I)C(F)=C(Br)C(F)=C1', 'NNC1=CC=C(I)C=C1', 'CCC1=C(N)C=CC(I)=C1']"
34,[0.9769085460682799],6.360177297981317,['FC1=C(F)C(NC2=CC=C(I)C=C2Cl)=C(C=C1)C(=O)NOCC1CC1'],"['OC(=O)C1=CC(Cl)=C(I)C(Cl)=C1', 'ClC1=CC(Br)=CC(Cl)=C1I']"
35,[-0.7240202518895708],6.358829426884896,['OC1=C(I)C2=CC=C(Br)C=C2C=C1'],"['COC1=CC(N)=C(I)C=C1C(O)=O', 'FC1=CC(I)=C(C=C1)C#N']"
36,[0.8310321459627881],6.357726960123806,['FC(F)(F)C1=C(I)C=CC(=C1)C#N'],"['CC1=CC=CC(C)=C1I', 'OC1=C(NCC(=O)N2CCN(CC2)C(=O)C=C)C=C(I)C(Cl)=C1']"
37,[-0.5057879574331279],6.377475583351499,['FC(F)(F)C1=CC(Cl)=C(I)C(Cl)=C1'],"['NC1=CC=C(I)C=C1', 'COC1=C(I)C=CC(N)=C1']"
38,[0.21043106576080262],6.393333707039897,['CN(C)C1=CC=C(I)C=C1'],['ClC1=CC(Br)=C(I)C(Cl)=C1']
39,[-0.3272998766256883],6.411678514719981,['FC1=CC=CC(F)=C1I'],['CNC1=CC=C(I)C=C1']
