,obj_values ['rate'],Vendi_score,eval_samples,cut_samples
0,[0.7365003752884792],1.0000000000000009,['NC1=CC(Br)=C(I)C(Br)=C1'],[]
1,[-2.252135306303045],1.7987514338696684,['COC1=CC=C(I)C(C)=C1'],"['COC1=CC(I)=C(I)C=C1OC', 'CC(C)C1=CC=C(I)C(Br)=C1', 'COC1=CC(Cl)=C(I)C=C1', 'OC1=CC=C(I)C(Br)=C1', 'CC1=CC(Br)=C(I)C=C1', 'ClC1=CC=CC(Br)=C1I', 'OC1=C(I)C(Br)=CC=C1', 'FC1=C(I)C(Br)=CC(Br)=C1', 'BrCC1=C(I)C(Br)=CC=C1', 'COC1=C(NCC(O)=O)C=C(I)C(Cl)=C1', 'BrC1=C(I)C=C(C=O)C=C1', 'COC1=CC=CC(Br)=C1I', 'COC(=O)C1=CC(I)=C(Cl)C=C1C', 'ClC1=CC(Br)=C(I)C(Cl)=C1', 'OC1=CC(I)=C(Br)C=C1', 'OC1=CC(Br)=C(I)C(Br)=C1', 'FC(F)(F)C1=C(I)C(Br)=CC=C1', 'CC(C)(C)C1=CC(I)=C(Br)C=C1', 'NC1=CC(Cl)=C(I)C=C1C(O)=O', 'NC1=C(I)C(Br)=CC(F)=C1', 'BrCC1=C(Br)C(I)=CC=C1', 'COC(=O)C1=CC(I)=C(Cl)C=C1N', 'BrC1=CC(I)=C(I)C=C1', 'CC(C)(C)C1=CC=C(I)C(Br)=C1', 'FC(F)(F)C1=CC(I)=C(Br)C=C1', 'FC(F)(F)C1=C(Br)C(I)=CC=C1', 'CCC1=CC(Br)=C(I)C=C1', 'OC1=C(Br)C(I)=CC=C1', 'OC(=O)C1=C(I)C(Br)=CC=C1', 'OC(=O)C1=C(Br)C(I)=CC=C1', 'COC1=C(I)C(Cl)=C(Cl)C=C1', 'NC1=CC=C(Cl)C(I)=C1Cl', 'BrC1=CC=CC=C1I', 'CC1=CC(Br)=C(I)C=C1Cl', 'OCC1=CC=CC(Br)=C1I', 'CC(=O)C1=CC(I)=C(Br)C=C1', 'CC1=CC(=C(I)C(Br)=C1)N(=O)=O', 'BrC1=CC(Br)=C(I)C=C1', 'BrC1=C(C=CC=C1I)C#N', 'FC1=CC(Br)=C(I)C=C1F', 'OC1=C(I)C(Cl)=CC(Cl)=C1', 'ClC1=CC(Br)=CC(Cl)=C1I', 'CC1=C(Br)C=CC(I)=C1Cl', 'ClC1=CC(Br)=C(I)C=C1Cl', 'NC1=C(C=C(I)C(Cl)=C1)N(=O)=O', 'CN(C)C1=CC(Br)=C(I)C=C1', 'NC1=C(I)C(Cl)=C(Cl)C=C1', 'COC1=CC(Br)=C(I)C=C1', 'FC1=CC(Cl)=C(I)C(Cl)=C1', 'NC1=CC(I)=C(Br)C=C1']"
2,[0.5376468742303384],2.2085840320451537,['IC1=CC=C(C=C1)C1=NC=CO1'],"['C[C@H](O)C1=C(I)C=CC(F)=C1', 'NC1=C(I)C=CC(Br)=C1', 'CC1=CC(N)=C(I)C=C1', 'NC1=C(I)C(Cl)=CC=C1', 'NNC1=C(I)C=CC=C1', 'CC1=CC(I)=C(C)C=C1', 'CC1=CC(O)=C(C)C=C1I', 'NC1=C(I)C=C(OC(F)(F)F)C=C1', 'CC1=CC(N)=C(I)C=C1F', 'OCC1=CC(I)=C(O)C=C1', 'COC(=O)C1=C(C)C=C(N)C(I)=C1', 'NCC1=CC=CC=C1I', 'CCOC(=O)C1=CC(I)=C(N)C=C1', 'CC1=CC(N)=C(I)C=C1C', 'IC1=C(OC2CC2)C=CC=C1', 'CC(C)C1=CC=C(N)C(I)=C1', 'COC1=C(C)C(I)=CC=C1C', 'OCC1=C(I)C=CC(F)=C1', 'COC(=O)C1=CC(I)=C(N)C=C1Cl', 'CC1=CC(Cl)=CC(I)=C1N', 'CNCC1=C(I)C=CC=C1', 'OC(=O)CC1=CC=C(O)C(I)=C1', 'CC1=CC(I)=C(CO)C=C1C', 'CC1=CC(I)=C(O)C=C1Cl', 'CC1=C(I)C=C(CO)C=C1', 'NC1=C(I)C=C(Br)C=C1', 'CC1=CC=C(N)C(I)=C1', 'COC1=CC(CO)=CC=C1I', 'CC1=C(I)C=CC(O)=C1', 'NC1=C(I)C=C(Cl)C(=C1)C(F)(F)F', 'NC1=CC(Cl)=CC=C1I', 'CC1=C(N)C(I)=CC=C1', 'COC1=CC(OC)=C(I)C=C1Cl', 'COC(=O)C1=CC=C(N)C(I)=C1Cl', 'CC(=O)NC1=CC=CC=C1I', 'CC1=CC(I)=C(N)C(C)=C1', 'CN(C)C1=C(I)C=CC=C1', 'COC1=CC(B(O)O)=C(I)C=C1', 'CC1=CC(Cl)=C(I)C=C1C', 'NC1=CC=C(I)C(Cl)=C1', 'COC1=CC=C(C)C=C1I', 'CC(C)(C)C1=CC=C(N)C(I)=C1', 'IC1=C(OCC2=CC=CC=C2)C=CC=C1', 'COC1=C(I)C=CC=C1', 'OC1=CC=C(I)C2=CC=CC=C12', 'OC1=CC(Cl)=C(I)C=C1']"
3,[-0.5459529163336929],2.934853871882191,['COC1=CC=C(OC)C(=C1I)C1=C(C=C(C=C1C(C)C)C(C)C)C(C)C'],"['CC(Cl)C(=O)NC1=CC=CC=C1I', 'CC1=C(O)C(I)=CC(Cl)=C1', 'CCC1=CC=C(I)C=C1C(O)=O', 'NCCC1=CC=C(I)C=C1', 'NC1=C(Cl)C=C(Cl)C=C1I', 'NC1=C(Cl)C=C(C=C1I)C(F)(F)F', 'OCC1=C(I)C=C(Cl)C=C1', 'FC(F)(F)C(=O)CC1=CC=C(I)C=C1', 'CC1=C(I)C=CC=C1CC#N', 'CCCC1=C(I)C=CC=C1', 'COC1=CC=C(I)C(C(O)=O)=C1F', 'COC(=O)C1=CC(N)=C(I)C=C1C', 'NC1=C(I)C=C(F)C(=C1)C(F)(F)F', 'CC1=C(I)C=CC=C1', 'CC(=O)CCC1=CC=C(I)C=C1', 'CC1=C(O)C=CC(I)=C1', 'IC1=CC=C(OCC2CC2)C=C1', 'COC1=C(I)C=C(N)C=C1I', 'CC1=C(I)C=C(O)C=C1', 'NC(=O)C1=CC(O)=C(I)C=C1', 'OC1=C(I)C=CC=C1Cl', 'NC(=O)C1=C(O)C=CC(I)=C1', 'CC1=CC(I)=C(CO)C=C1', 'COC(=O)C1=C(C)C(I)=CC=C1', 'ClC1=CC2=C(C=C1)C=C(I)C=C2', 'COC1=C(F)C=CC=C1I', 'COC(=O)C1=C(I)C=CC(OC)=C1', 'COC(=O)C1=CC(N)=CC=C1I', 'COC1=C(I)C=C(Br)C=C1', 'IC1=CC=C(OCC#N)C=C1', 'COC(=O)C1=CC=C(I)C(N)=C1', 'CC1=CC=C(C=C1I)C(N)=N', 'COC1=CC(I)=C(Cl)C=C1', 'OC(=O)CCC1=CC=CC=C1I', 'CC(=O)C1=CC(I)=CC=C1', 'ClCC(=O)NC1=CC=CC=C1I', 'OCC1=C(I)C=C(F)C=C1', 'IC1=C(C=CC=C1)C1=CC=CC=C1', 'FC(F)(F)C(=O)NC1=CC=CC=C1I', 'CC1=CC=CC(I)=C1CO', 'NC1=C(I)C=CC(=C1)C(O)=O', 'CC1=CC(C)=C(I)C=C1I']"
4,[1.1580107547295777],3.665153197120114,['FC1=C(F)C(F)=C(I)C(F)=C1F'],"['[H][C@@](N)(CC1=CC=C(O)C(I)=C1)C(O)=O', 'CCOC1=C(I)C=CC(=C1)C(=O)N1CCOCC1', 'COC(=O)C1=CC(I)=C(C=C1O)N(C)C', 'CC(C)(C)C1=C(I)C=CC(O)=C1', 'CCOC(=O)CC1=C(I)C=CC=C1', 'COC1=CC=CC(I)=C1NC(=O)OC(C)(C)C', '[H][C@](N)(CC1=CC(I)=C(O)C=C1)C(=O)OC', 'CC(C)(C)C1=CC(I)=CC=C1O', 'COC1=CC=CC(I)=C1C', 'COC(=O)C1=CC(I)=C(N)C(Br)=C1', 'CC(C)(C)C1=CC(I)=C(O)C(I)=C1', 'OC(=O)CCC1=CC=C(O)C(I)=C1', 'IC1=CC=C(OCC2=CC=NC=C2)C=C1', 'CN(C(=O)C1=C(I)C=CC=C1)C1=CC=C(C)C=C1', 'IC1=CC=C(OCC2=CC=CN=C2)C=C1', 'NC1=C(I)C=C(C=C1)C1=CC=CC=C1', 'CCOC(=O)C1=CC(Br)=C(N)C(I)=C1', 'CCOC(=O)COC1=CC=CC=C1I', 'COC(=O)CC1=C(I)C=CC=C1', 'IC1=C(C=CC=C1)C(=O)NC1CCCC1', 'OC(=O)CCC1=CC(I)=C(O)C(I)=C1', 'CC1=CC(I)=C(N)C(I)=C1', 'CCNC(=O)C1=CC(OCC)=C(I)C=C1', 'CC(=O)NC1=CC(F)=CC=C1I', 'CC1(C)OB(OC1(C)C)C1=CC(O)=CC=C1I', 'CC(C)(C)C(=O)NC1=CC=CC=C1I', 'OCC1=CC(I)=C(CO)C=C1I', 'COC1=CC=C(COC2=C(I)C=CC=C2)C=C1', 'CCOC(=O)CC1=CC=C(N)C(I)=C1', 'CCOC(=O)C1=CC(I)=C(OC)C=C1', 'COC1=CC(I)=C(NC(=O)OC(C)(C)C)C=C1', 'COC1=CC=CC(CNC2=C(I)C=CC=C2)=C1', 'COC(=O)CCC1=CC(I)=C(O)C(I)=C1', 'COC1=CC(=C(I)C=C1)C(F)(F)F', 'CC(C)(C)C(=O)NC1=CC=C(Cl)C=C1I', 'OB(O)C1=C(I)C=CC(OCC2=CC=CC=C2)=C1', 'OC1=C(I)C=C(C=C1)C1=CC=CC=C1', 'COC(=O)C1=CC(I)=C(N)C(OC)=C1']"
5,[1.0883633455290571],4.168122137467512,['IC1=C(C=CC=C1N(=O)=O)N(=O)=O'],"['FC1=C(I)C=CC(I)=C1', 'FC1=CC=C(I)C(F)=C1', 'FC1=CC=C(I)C(F)=C1F', 'OC1=C(I)C=CC(Cl)=C1', 'FC1=CC(I)=C(F)C=C1', 'COC1=C(I)C=CC(=C1)C(F)(F)F', 'CC1=CC(F)=C(I)C=C1O', 'CC1=CC(I)=C(F)C=C1', 'OC1=CC(Cl)=C(F)C=C1I', 'COC1=CC(I)=C(F)C=C1Cl', 'OC(=O)C1=CC=C(O)C(I)=C1', 'COC(=O)C1=CC(I)=C(OC2=CC=CC=C2)C=C1', 'COC1=C(OC)C(I)=CC(C=O)=C1', 'CCOC(=O)C1=CC(I)=C(O)C(I)=C1', 'FC1=CC(F)=C(Cl)C=C1I', 'COC1=C(I)C=C(C=C1)C(O)=O', 'COC1=C(I)C(C)=CC(Cl)=C1', 'CCOC1=CC=C(I)C(F)=C1F', 'FC1=C(I)C=C(CBr)C=C1', 'COC(=O)C1=C(OC)C=C(F)C(I)=C1', 'COC1=CC=CC(CO)=C1I', 'COC1=C(I)C=C(C(O)=O)C(F)=C1', 'FC1=C(I)C=CC(=C1)C1CC1', 'OC1=C(I)C=C(Cl)C=C1', 'CC1=CC(F)=C(I)C=C1', 'CCOC(=O)C1=CC(OCC)=C(I)C=C1', 'OC1=C(F)C=CC=C1I', 'COC(=O)C1=CC(I)=C(F)C=C1', 'CC1=C(F)C=C(F)C(I)=C1', 'CCOC1=CC(Br)=CC=C1I', 'OC(=O)C1=CC(I)=C(O)C(I)=C1', 'CCOC1=C(O)C(I)=CC(C=O)=C1', 'FC1=C(I)C=CC(Cl)=C1', 'COC(=O)C1=C(Cl)C(O)=C(I)C=C1', 'OC1=CC(I)=C(O)C=C1I']"
6,[0.890544908179314],4.462085740741272,['CN(C)C1=CC=C(C=C1)\\N=N\\C1=CC=C(I)C=C1'],"['FC(F)C1=C(I)C(F)=C(Cl)C=C1', 'BrC1=C(OC2=C(I)C=CC=C2)C=CC(=C1)C#N', 'OC1=C(I)C=C(C=C1I)C(F)(F)F', 'FC1=CC=CC(CBr)=C1I', 'COC(=O)C1=CC(I)=C(N)C(I)=C1', 'OC1=C(I)C(Cl)=CC=C1', 'OC(=O)C1=C(NC(=O)C2=C(I)C=CC=C2)C=CC=C1', 'FC1=C(I)C(Cl)=CC=C1', 'CC1=CC(C(O)=O)=C(I)C=C1', 'FC1=C(I)C=CC(Br)=C1Cl', 'CCOC(=O)C1=CC(F)=C(I)C=C1', 'CC1=C(C=C(I)C=C1Cl)C(O)=O', 'FC1=C(F)C(I)=CC=C1', 'ClC1=C(I)C=C(C=O)C=C1', 'OC(=O)C1=C(F)C(F)=C(F)C(F)=C1I', 'COC(=O)C1=CC=CC=C1I', 'ClCC1=CC(I)=C(CCl)C=C1', 'CC1=CC(Cl)=CC(Cl)=C1I', 'IC1=CC=CC=C1C(=O)C1=CC=CC=C1', 'COC1=CC(C=O)=CC(I)=C1O', 'OC(=O)C1=CC=CC(I)=C1Cl', 'OC(=O)C1=C(F)C=C(Cl)C(I)=C1', 'FC(F)(F)OC1=CC=CC=C1I', 'CCOC(=O)CC(=O)C1=C(I)C=CC=C1', 'CC(=O)C1=CC(I)=C(O)C=C1', 'CCOC(=O)C(=CNC1=C(I)C=CC=C1)C(=O)OCC', 'COC(=O)C1=C(O)C=C(I)C(Cl)=C1', 'FC1=C(Br)C=CC(I)=C1F', 'OC1=C(I)C=C(F)C(F)=C1I', 'COC(=O)C1=C(Cl)C=C(C)C(I)=C1', 'CC1=C(C(I)=CC=C1)N(=O)=O', 'COC1=C(I)C=C(C=C1I)C#N']"
7,[-0.5879529326977142],4.764949043355823,['OC1=CC=CC(O)=C1I'],"['CC1=C(I)C=C(C=C1F)C(O)=O', 'COC1=CC=C(I)C=C1C(O)=O', 'OC1=CC=C(Cl)C=C1\\C=C\\C1=C(I)C=CC=C1', 'FC(F)(F)COC1=CC(=CC=C1I)C(=O)N1CCOCC1', 'OC(=O)C1=CC(I)=C(C=C1)C(F)(F)F', 'OC1=C(I)C=C(C=O)C=C1I', 'CCOC(=O)C1=CC2=CC=CC=C2C=C1I', 'CC1=CC=C(C(O)=O)C(I)=C1', 'COC(=O)C1=C(OC)C=C(C)C(I)=C1', 'IC1=CC=CC(=C1)C(=O)C1=CC=CC=C1', 'CC1=CC(=CC(I)=C1)C(O)=O', 'OC1=CC=C(C=C1I)C1=CC=C(C=C1)C#N', 'OC(=O)C(=O)CC1=CC(I)=C(O)C(I)=C1', 'OC(=O)CCC1=NN=C(O1)C1=CC=CC=C1I', 'OC(=O)C1=C(NC2=CC=C(I)C=C2Cl)C(F)=C(F)C=C1', 'CC(C)(C)OC(=O)NC1=CC=C(Cl)C(F)=C1I', 'COC(=O)C1=C(OC)C=C(NC(C)=O)C(I)=C1', 'OC(=O)C1=CC=CC2=CC=CC(I)=C12', 'COC1=CC(C(C)C)=C(OS(=O)(=O)C2=CC=C(C)C=C2)C=C1I', '[H][C@@](N)(CC1=CC(I)=C(O)C(I)=C1)C(O)=O', 'OC(=O)C1=CC(OC(F)(F)F)=C(I)C=C1', 'COC(=O)C1=C(N)C(I)=CC(Cl)=C1', 'OC(=O)C1=C(NC2=CC=C(I)C=C2F)C=NC=C1', 'COC1=CC(Cl)=C(OC)C=C1I', 'COC(=O)C1=CC(NC(=O)C2=CC=CC=C2I)=CC=C1', 'CC1=CC(I)=CC(I)=C1N', 'COC(=O)C1=C(N)C=CC=C1I', 'COC(=O)C1=C(I)C=CC=C1O', 'COC(=O)C1=C(N)C(I)=CC(F)=C1', 'COC1=CC(I)=C(C=O)C=C1OC']"
8,[0.33149269980612495],4.996830131991669,['BrC1=CC=C(I)C=C1CC1=CC=C2OCCOC2=C1'],"['COC1=C(N)C(I)=CC=C1', 'COC1=CC(N)=C(I)C=C1I', 'NC1=C(I)C(F)=C(F)C=C1F', 'OC1=C(I)C=CC=C1', 'NC1=C(F)C=C(C=C1I)C#N', 'CC(=O)C1=CC(Cl)=C(C)C(I)=C1O', 'COC(=O)C1=CC(I)=C(N)C=C1OC', 'FC1=CC(F)=C(I)C(Cl)=C1', 'COC1=C(I)C(F)=CC=C1', 'COC1=C(I)C(F)=CC(Br)=C1', 'COC1=CC=CC(C)=C1I', 'COC1=C(I)C(F)=C(F)C=C1', 'COC1=CC=C(Br)C(F)=C1I', 'NC1=C(I)C=CC=C1C(O)=O', 'COC(=O)C1=CC=CC(I)=C1N', 'COC1=CC=C(I)C(O)=C1', 'CC(C)(C)OC(=O)NC1=C(I)C(F)=CC=C1', 'NC1=CC(I)=C(F)C=C1Cl', 'CC1=CC(Cl)=CC(N)=C1I', 'COC1=CC=C(I)C(OC)=C1', 'COC1=CC=C(OC)C(I)=C1', 'OC1=C(O)C(I)=CC=C1', 'COC1=CC(F)=C(I)C=C1', 'COC1=CC(I)=C(F)C=C1', 'CC1=C(I)C(O)=CC=C1', 'COC1=CC(C)=C(OC)C=C1I', 'OC1=C(I)C2=CC=CC=C2C=C1']"
9,[1.198684809188364],5.169066398717735,['FC1=CC(I)=C(C=C1)C#N'],"['COC(=O)C1=C(I)C=C(OC)C(OC)=C1', 'COC1=CC(Br)=C(OC)C=C1I', 'NC1=C(Br)C=CC=C1I', 'IC1=CC=C(OC2=CC=CC=C2)C=C1', 'OC1=C(Cl)C(I)=CC=C1', 'CC(C)OC1=CC=C(I)C=C1Br', 'COC1=CC(I)=C(OC)C=C1I', 'CCN(CC)C(=O)C1=CC(OCC(C)C)=C(I)C=C1', 'COC1=CC=C(C=C1I)C#N', 'IC1=CC=C(NC2=CC=C(I)C=C2)C=C1', 'IC1=CC=CC(CN2CCCC2)=C1', 'IC1=CC=C(OCCN2CCCC2)C=C1', 'NC1=C(I)C=C(C(Br)=C1)C(F)(F)F', 'COC1=CC(I)=C(N)C=C1', 'COC(=O)C1=C(I)C=CC=C1OC', 'IC1=CC=C(C=C1)C(=O)NCC1=CC=CC=C1', 'COC1=C(C(O)=O)C(I)=CC=C1', 'OC(C1=CC=C(I)C(F)=C1)(C(F)(F)F)C(F)(F)F', 'OC1=CC=CC(I)=C1F', 'NC1=CC=C(NC(=O)C2=CC=CC=C2I)C=C1', 'IC1=CC=C(OCCN2CCCC2=O)C=C1', 'NC1=C(I)C=C(Br)C(=C1)C(F)(F)F', 'CC(=O)NC1=C(OC(F)(F)F)C=C(I)C=C1', 'OC1=CC=C(OC2=CC=C(I)C=C2)C=C1', 'CC(=O)NC1=C(C=C(I)C=C1)C(F)(F)F']"
10,[-1.392481136628752],5.329977267934664,['CC(C)C1=CC=CC(C(C)C)=C1I'],"['FC1=C(F)C(=CC=C1I)C(F)(F)F', 'ClC1=CC(CBr)=C(I)C=C1', 'OCC1=C(Cl)C=CC=C1I', 'NC(=O)C1=C(Cl)C=CC=C1I', 'CON(C)C(=O)C1=C(I)C=C(Cl)C=C1', 'IC1=C(C=CC=C1)C(=O)N1CCCC1', 'CC1=CC=C(I)C(C(O)=O)=C1F', 'CCNC(=O)C1=CC=CC=C1I', 'IC1=CC=CC(=C1)C1=CC=CC=C1', 'CC(=O)NC1=C(F)C=C(I)C=C1', 'FC(F)C1=C(I)C=CC=C1', 'CCCNC(=O)C1=CC=CC=C1I', 'IC1=CC=CC=C1CN1C=NC=N1', 'IC1=C(C=CC=C1)C(=O)NCC1=CC=CC=C1', 'FC1=C(I)C=CC(=C1)C(F)(F)F', 'NC(=O)C1=C(I)C=CC=C1', 'ClCC1=C(I)C=CC=C1', 'OC1=CC=C(I)C=C1C(F)(F)F', 'COC(=O)C1=CC(I)=C(Cl)C=C1', 'CNC(=O)C1=CC=CC=C1I', 'OC(=O)CNC(=O)C1=C(I)C=CC=C1', 'OC(=O)CC1=C(I)C=C(Cl)C=C1', 'FC1=CC=CC(I)=C1Br']"
11,[0.6702486479290919],5.5205959661771695,['ClC1=CC(=CC(Cl)=C1I)N(=O)=O'],"['CC1=CC(O)=CC(C)=C1I', 'CC(C)(O)C1=C(I)C=CC=C1', 'ClC1=CC=C(CBr)C(I)=C1', 'BrC(C1=CC=CC=C1)C1=C(I)C=CC=C1', 'OC(=O)CC1=CC=CC=C1I', 'CC(C)(C)OC(=O)C1=C(I)C=CC=C1', 'NC(=O)CC1=C(I)C=CC=C1', 'NC(=O)C1=C(I)C=CC(Br)=C1F', 'CC1=CC=CC(I)=C1Cl', 'CC1=CC(Br)=C(C)C=C1I', 'COC(OC)C1=C(I)C=CC=C1', 'FC(F)(F)OC1=C(I)C=C(Br)C=C1', 'OC(=O)C1(CC1)C1=C(I)C=CC=C1', 'COC(=O)C1=CC=CC(C)=C1I', 'CC1=CC=CC(Cl)=C1I', 'CC1=CC(C)=C(I)C(C)=C1', 'CC(=O)OC1=CC(C)=C(I)C(C)=C1', 'IC1=CC=CC=C1C1=CC=CC=C1I', 'COC1=CC=C(C(N)=O)C(I)=C1', 'CC1=C(F)C=C(F)C=C1I', 'CC1=CC(Br)=CC=C1I']"
12,[0.26888320368432606],5.692605022111511,['C[C@@H]1CN(CCN1S(=O)(=O)C1=CC=C(I)C=C1)C(=O)C1=CC=CC=C1'],"['ClC1=C(I)C=C(C=C1)C#N', 'FC(F)(F)C1=CC(I)=C(Cl)C=C1', 'ClC1=CC(Cl)=C(I)C=C1', 'CC1=C(Cl)C=C(I)C=C1', 'NC(CC1=CC=C(I)C=C1)C(O)=O', 'FC1=CC(I)=C(Cl)C=C1', 'FC1=CC(Cl)=C(I)C=C1', 'CC1=C(C)C(I)=C(C=C1)C(O)=O', 'COC1=C(C=C(Cl)C(C)=C1I)C(C)=O', 'OC1=C(F)C=C(I)C=C1I', 'OC1=CC(I)=C(Cl)C=C1', 'IC1=CC(I)=CC=C1', 'CCOC(=O)C1=CC=C(I)C=C1F', 'ClC1=CC=CC=C1I', 'CC(=O)OC1=CC=C(I)C=C1', 'ClC1=CC(=CC=C1I)N(=O)=O', 'CC1=CC(F)=CC(C)=C1I', 'CS(=O)(=O)NC1=CC=C(I)C=C1', 'ClC1=CC=C(Br)C=C1I']"
13,[1.145253654731467],5.849509197734628,['NC1=C(C(F)=C(I)C=C1)N(=O)=O'],"['CCOC(=O)C1=CC(I)=C(C)C=C1', 'OC(=O)CCCCC1=CC=C(I)C=C1', 'CC(C)(C)OC(=O)C1=C(Br)C=C(I)C=C1', 'FC1=CC(I)=CC=C1NC(=O)NC1CC1', 'BrC1=CC=C(C=C1)C(=O)C1=C(I)C=CC=C1', 'CC1=CC(C)=C(I)C=C1C(O)=O', 'NC(=O)C1=CN=C(OC2=CC=C(I)C=C2)C=C1', 'OC(=O)CCCCC(=O)C1=CC=C(I)C=C1', 'COC(=O)C1=C(I)C=C(Br)C=C1', 'IC1=CC=C(C=C1)C(=O)N1CCOCC1', 'CCOC1=CC=C(C=C1)C(O)C1=CC(I)=CC=C1Cl', 'ClC1=CC=C(OC2=CC=C(I)C=C2)C=C1', 'CON(C)C(=O)C1=CC=C(I)C=C1', 'CC1=CC=C(I)C=C1C1=CC(I)=CC=C1C', 'FC(F)(F)C1=C(I)C=CC(Br)=C1', 'COC(=O)C1=CC(I)=C(C)C=C1C', 'CC1=CC=C(I)C=C1Br', 'COP(=S)(OC)OC1=CC(Cl)=C(I)C=C1Cl']"
14,[-0.09612092193324576],5.916509700018848,['OC(=O)C1=C(I)C(I)=CC(I)=C1'],"['COC1=C(C=C(I)C(F)=C1)C(O)=O', 'CC1=C(I)C=CC=C1N(=O)=O', 'FC1=C(C=C(Br)C=C1I)C#N', 'CC1=CC(O)=C(I)C=C1N(=O)=O', 'CC1=C(C(F)=CC=C1I)N(=O)=O', 'CC(C)C1=CC=C(I)C(=C1)N(=O)=O', 'COC1=CC(O)=C(C=O)C=C1I', 'FC1=C(Cl)C=CC(I)=C1C=O', 'OC1=CC=CC2=C1C=CC=C2I', 'COC1=CC([C@@H](O)C(C)(C)C)=C(C=C1I)N(=O)=O', 'OC1=C(I)C(=CC=C1)N(=O)=O', 'ClC1=C(I)C(=CC=C1)N(=O)=O', 'COC(=O)C1=CC(I)=C(N)C(=C1)N(=O)=O', 'OCC1=CC(=C(I)C=C1)N(=O)=O', 'CC(C)(C)OC(=O)C1=CC(I)=CC=C1', 'CC1=C(C=C(I)C(N)=C1)C#N']"
15,[1.1629139359306655],6.1356314451251235,['FC1=C(I)C(F)=C(Br)C=C1Br'],"['BrC1=CN=C(OC2=CC=C(I)C=C2)N=C1', 'NC1=CC=C(I)C=C1N(=O)=O', 'IC1=CC(=CC=C1)N1C=CN=N1', 'OC(=O)C1=CC=CC(=C1I)N(=O)=O', 'OC(=O)C1=CC(Cl)=CC=C1I', 'IC1=CC=C(C#N)C(I)=C1', 'CCOC(=O)C1=C(I)C=CC(Br)=C1', 'CC1=C(I)C=C(Cl)C(=C1)N(=O)=O', 'CC(C)C1=C(I)C=CC(Br)=C1', 'FC(F)(F)C1=C(Cl)C=CC(I)=C1', 'OC1=CC2=C(C=CC=C2I)C=C1', 'OC1=CC(I)=C(C=C1)N(=O)=O', 'COC1=CC(I)=CC=C1I', 'OC(=O)C1=C(I)C=C(F)C(F)=C1', 'FC(F)(F)C1=CC(=C(I)C=C1)C(F)(F)F']"
16,[0.7520876450433205],6.250263588065588,['[H][C@@](CC1=CC=C(I)C=C1)(NC(=O)OCC1=CC=CC=C1)C(O)=O'],"['CC1=C(C=CC=C1I)C#N', 'CC1=C(I)C(F)=C(C=C1)C(O)=O', 'FC1=C(I)C=CC(Br)=C1C#N', 'NC1=CC=C(I)C(F)=C1C#N', 'COC1=C(I)C(=CC=C1)N(=O)=O', 'OC1=C(I)C=CC=C1N(=O)=O', 'CC(=O)C1=C(N)C(I)=CC(Br)=C1', 'FC1=C(C=C(I)C=C1)C(F)(F)F', 'CCOC(=O)C1=CC(I)=CC(Br)=C1', 'COC1=C(I)C(=CC=C1)C#N', 'NC1=C(I)C=C(C=C1)C#N', 'NC1=C(F)C(F)=C(I)C=C1', 'COC(=O)C1=C(CBr)C(I)=CC=C1', 'FC1=C(I)C(F)=C(Br)C=C1']"
17,[1.0587891606816187],6.258041995964601,['CC1=C(I)C(F)=C(C=C1)C#N'],"['CCOC(=O)CC1=CC(I)=CC=C1', 'CCOP(=O)(CC1=CC=C(I)C=C1)OCC', 'CCCCCC1=CC=C(C=C1)C1=CC=C(I)C=C1', 'ClC1=CC(Cl)=C(COC2=CC=C(I)C=C2)C=C1', 'IC1=CC=C(NC(=O)OCC2=CC=CC=C2)C=C1', '[H][C@](N)(CC1=CC=C(OC2=CC=C(O)C=C2)C(I)=C1)C(O)=O', 'CC(=O)NC(CC1=CC=C(I)C=C1)C(O)=O', 'NC1=CC=C(C=C1)S(=O)(=O)NC1=CC=C(I)C=C1', 'CC(C)(C)OC(=O)NC(CC1=CC(I)=CC=C1F)C(O)=O', 'COC(=O)C1(CC1)C1=CC=C(I)C=C1', 'CC(C)(C)OC(=O)NCC1=CC=CC(I)=C1', 'CC1(C)COB(OC1)C1=CC=C(I)C=C1']"
18,[0.6785827796541858],6.2606718778073684,['CC(=O)C1=CC(I)=CC=C1N'],"['IC1=CC=C(NC(=O)NCC2=CC=CC=C2)C=C1', 'OC(=O)C1=CC(O)=C(I)C(O)=C1', 'OCC1=C(Cl)C=C(I)C=C1Cl', 'CC(C)S(=O)(=O)N[C@@H]1CCOC[C@H]1C1=CC=C(I)C=C1', 'ClC1=CC=C(C=C1)C1=CC=C(I)C=C1', 'CCOC(=O)C1=CC(I)=C(C=C1)C#N', 'OS(=O)(=O)C1=CC=CC(I)=C1', 'NC1(CC1)C1=CC=C(I)C=C1', 'OCC1=C(Cl)C=CC(I)=C1', 'COC1=CC(OC)=C(I)C(C=O)=C1', 'OC(=O)C1=CC=CC(C(O)=O)=C1I']"
19,[0.610371127314533],6.292569613800484,['NC1=CC(I)=CC(CO)=C1'],"['CC1=CC(I)=CC(C(O)=O)=C1N', 'BrC1=C(C=C(I)C=C1)C#N', 'COC1=C(Cl)C=CC(I)=C1', 'CC1=C(Cl)C=C(I)C=C1Cl', 'COC1=CC(N)=C(C=C1I)C(O)=O', 'FC1=C(Cl)C=C(I)C=C1Cl', 'OC(=O)C1=CC=CC(I)=C1', 'FC1=C(Cl)C=C(I)C=C1', 'NNC(=O)C1=CC=C(I)C=C1', 'CC1=CC(I)=CC(C)=C1F']"
20,[0.04977968725233062],6.235745191301748,['COS(=O)(=O)C1=CC=CC=C1I'],"['NNC(=O)CNC1=CC=C(I)C=C1', 'NC1=C(Cl)C=C(I)C=C1', 'COC1=CC(Br)=CC(I)=C1', 'COC1=C(C)C=CC(I)=C1', 'CCC1=CC=C(I)C=C1', 'OC1=C(F)C=C(I)C=C1', 'CSC1=CC=C(I)C=C1', 'COC1=C(OC)C=C(I)C=C1', 'COC1=CC(Cl)=CC(I)=C1']"
21,[0.9656292524742955],6.266094179109234,['ClC1=CC(I)=CC(=C1)N(=O)=O'],"['ClCC1=CC=C(I)C=C1', 'NS(=O)(=O)C1=CC=CC(I)=C1', 'CNS(=O)(=O)C1=CC=C(I)C=C1', 'NCC1=CC(I)=CC=C1', 'CS(=O)(=O)C1=CC=CC(I)=C1', 'IC1=CC(CC#N)=CC=C1', 'CC1=CC=C(I)C=C1', 'OB(O)C1=CC(I)=CC=C1', 'CC1=CC(Br)=CC(I)=C1']"
22,[1.1781535130182343],6.2970407020511185,['OCCONC(=O)C1=C(NC2=CC=C(I)C=C2F)N2C=NC=C2C=C1'],"['COC(=O)C1=CC=C(I)C=C1N(=O)=O', 'OC(=O)C1=C(I)C=C(C=C1)C#N', 'BrCC1=CC(I)=CC=C1', 'COC1=CC(=C(I)C=C1)S(F)(=O)=O', 'IC1=CC=C(CC#C)C=C1', 'OB(O)C1=CC=C(I)C=C1', 'NS(=O)(=O)C1=CC=C(I)C=C1', 'CC1=CC(I)=CC(F)=C1']"
23,[0.06826557673098121],6.294396663660647,['OC1=CC=CC(C=O)=C1I'],"['OC(=O)C1=CC=C(I)C(=C1)C(F)(F)F', 'NC1=CC(I)=CC=C1O', 'CC1=CC(=CC=C1I)C(O)=O', 'NC1=C(C(O)=O)C(I)=CC=C1', 'IC1=CC=C(C=C1)N1C(=O)C=CC1=O', 'OC(=O)C1=C(I)C=CC(Br)=C1', 'COC(=O)C1=CC=C(I)C=C1']"
24,[1.1134685538660583],6.259671431366662,['CC(C)(C)OC(=O)N(C(=O)OC(C)(C)C)C1=CC=CC=C1I'],"['OC1=C(C=O)C(I)=CC=C1', 'OC(=O)C1=CC=CC(=C1I)C(F)(F)F', 'IC1=CC=CC2=C(I)C=CC=C12', 'CC1=CC=CC(I)=C1C=O', 'IC1=CC=CC2=CC3=C(C=C12)C(I)=CC=C3', 'NC1=CC=C(O)C=C1I']"
25,[0.43139330236988777],6.3395223621294425,['NC1=C(F)C(F)=C(I)C(F)=C1F'],"['BrC1=CC2=CC=C(I)C=C2C=C1', 'OS(=O)(=O)C1=CC=C(I)C=C1', 'CC(Br)C(=O)N(C)C1=CC=C(I)C=C1', 'CCC1=C(Br)C=CC(I)=C1', 'FC1=CC=CC(I)=C1C#N', 'CC(C)S(=O)(=O)N[C@H]1CCOC[C@@H]1C1=CC=C(I)C=C1']"
26,[1.20915723585692],6.40150825833867,['BrCC1=CC=C(I)C=C1Br'],"['COC1=CC=C(N)C=C1I', 'OC1=C(I)C=C(C=C1N(=O)=O)C#N', 'CC(C)(C)C1=C(N)C=CC(I)=C1', 'FC1=CC(F)=C(I)C=C1N(=O)=O', 'CC1=C(Br)C(F)=CC(I)=C1']"
27,[-0.2601182993381869],6.360119935778083,['CC(C)(C)C1=C(I)C=CC=C1'],"['FC(F)C1=CC=C(I)C=C1', 'FC1=CC(I)=CC=C1C(F)(F)F', 'FC(F)(F)C(F)(C1=CC=C(I)C=C1)C(F)(F)F', 'ClC1=CC=C(I)C=C1', 'BrCC1=C(I)C=CC(Br)=C1']"
28,[1.2310331342559602],6.405567331110894,['IC1=C(C=CC=C1C#N)C#N'],"['OC(=O)C1=C(O)C=CC=C1I', 'CC1=CC=CC(I)=C1', 'OC(=O)C1=CC=C(I)C=C1', 'CC1=CC(=CC(C)=C1I)C#N']"
29,[0.3628846597187737],6.405864773981098,['COC1=CC(N)=C(I)C=C1C(O)=O'],"['FC(F)(F)C1=C(I)C=CC(=C1)C#N', 'BrC1=C(Br)C=C(I)C=C1', 'CC1=C(I)C(=CC(Br)=C1)C(O)=O', 'BrCC1=C(I)C(=CC=C1)N(=O)=O']"
30,[-0.5057879574331279],6.440772326734307,['FC(F)(F)C1=CC(Cl)=C(I)C(Cl)=C1'],"['CC1=CC(I)=C(N)C=C1O', 'COC1=CC=C(I)C(N)=C1', 'IC1=CC=C(C=C1)N1CCCCC1', 'COC1=C(N)C=CC(I)=C1']"
31,[-0.7240202518895708],6.456614513099103,['OC1=C(I)C2=CC=C(Br)C=C2C=C1'],"['NC1=CC(F)=C(I)C=C1', 'NC1=C(N)C(I)=CC=C1', 'OC(=O)C1=CC(Cl)=C(I)C(Cl)=C1']"
32,[0.3605637792644092],6.515446277122844,['FC1=CC(F)=C(F)C(I)=C1F'],"['COC1=CC(Br)=CC(OC)=C1I', 'NC1=C(I)C(F)=C(Br)C(F)=C1', 'CCC1=CC(Br)=CC(CC)=C1I']"
33,[1.1851596614284747],6.521450402192351,['CC1=CC=C(C)N1C1=C(F)C=C(I)C=C1'],"['CCC1=C(N)C=CC(I)=C1', 'NC1=CC(I)=C(O)C=C1', 'COC1=CC=CC(OC)=C1I']"
34,[-0.5095995995480437],6.5365695054206565,['OC1=C(NCC(=O)N2CCN(CC2)C(=O)C=C)C=C(I)C(Cl)=C1'],"['NNC1=CC=C(I)C=C1', 'NC1=C(N)C=C(I)C(Cl)=C1']"
35,[1.0708146217817276],6.544937000926182,['FC1=C(F)C(=CC(I)=C1F)N(=O)=O'],"['CC1=C(C)C(C)=C(I)C(C)=C1C', 'CC1=CC=CC(C)=C1I']"
36,[-0.3272998766256883],6.544937538037068,['FC1=CC=CC(F)=C1I'],"['OB(O)C1=CC(F)=C(I)C(F)=C1', 'CCOC(=O)C1=CC(O)=C(I)C(O)=C1']"
37,[0.21043106576080262],6.565004771835889,['CN(C)C1=CC=C(I)C=C1'],"['FC1=CC(Br)=CC(F)=C1I', 'FC1=CC(F)=C(I)C(F)=C1']"
38,[1.061110607377881],6.5595351161301325,['COC1=C(O)C(I)=CC(\\C=N\\NC(=O)C2=CC=CC(F)=C2)=C1'],['NC1=CC=C(I)C=C1']
39,[-0.4219737684407845],6.55827423876173,['CC1=CC(C)=C(C)C(I)=C1C'],['COC1=C(I)C=CC(N)=C1']
