can,E,ES_root_dipole,ES_root_electronic_spatial_extent,ES_root_molar_volume,E_scf,E_thermal_correction,E_zpe,G,G_thermal_correction,H,H_thermal_correction,charge,dipole,electronegativity,electronic_spatial_extent,hardness,homo_energy,lumo_energy,molar_mass,molar_volume,number_of_atoms,zero_point_correction,N1_APT_charge,N1_ES_root_Mulliken_charge,N1_ES_root_NPA_Rydberg,N1_ES_root_NPA_charge,N1_ES_root_NPA_core,N1_ES_root_NPA_total,N1_ES_root_NPA_valence,N1_Mulliken_charge,N1_NMR_anisotropy,N1_NMR_shift,N1_NPA_Rydberg,N1_NPA_charge,N1_NPA_core,N1_NPA_total,N1_NPA_valence,N1_VBur
C#CC(C)(C)N,-250.099329,1.624,605.4829,756.437,-250.23557439,0.137539,-250.106642,-250.136756,0.100111,-250.098385,0.138483,0.0,0.5544,0.10227499999999999,600.9725,0.148145,-0.25042,0.04587,83.1328,849.062,15.0,0.130226,-0.518503,-0.103673,0.01498,-0.68453,1.99938,7.68453,5.67017,-0.194103,53.4153,204.0517,0.01638,-0.86475,1.99946,7.86475,5.84891,0.44823788546255505
C#Cc1cccc(N)c1,-363.052418,5.5052,1256.5587,1014.143,-363.185003559,0.134744,-363.060256,-363.092266,0.094896,-363.051474,0.135688,0.0,2.1542,0.12289,1251.5209,0.09315000000000001,-0.21604,-0.02974,117.15,1216.972,16.0,0.126906,-0.712014,-0.028304,0.0102,-0.62407,1.99926,7.62407,5.6146,-0.138897,78.9152,200.5893,0.0114,-0.8126,1.9993,7.8126,5.8019,0.37562932662051607
C1CCN(C2CCNCC2)CC1,-501.53320331371407,1.198606475047413,2633.3718442209733,1891.2382573938341,-501.8381888245841,0.3103041675440954,-501.5444851460437,-501.58147932319264,0.26202832887348815,-501.532259313714,0.3112481675440954,0.0,1.1306252568206796,0.07280463079250407,2643.4751105188916,0.1309803408032464,-0.20378497159575046,0.05817571001074233,168.28140000000002,1594.9584987694475,32.0,0.29902250602255015,-0.5563671589400024,-0.26131361980207535,0.013964500029645723,-0.6445293197306154,1.9993575464636466,7.644529319730616,5.6312089813179,-0.3090933652982359,69.30255864019612,228.41118249260396,0.014869720137234973,-0.7144971809019116,1.9993848757582715,7.714497180901912,5.7002425850050535,0.5186572384003199
C1CCNC1,-212.121408,2.8297,398.6387,760.644,-212.253541263,0.135034,-212.126398,-212.155085,0.101358,-212.120464,0.135978,0.0,1.2585,0.08814,383.3138,0.14362,-0.23176,0.05548,71.1218,883.328,14.0,0.130045,-0.519768,0.040423,0.01384,-0.21214,1.99908,7.21214,5.19921,-0.311719,29.4416,214.1609,0.01435,-0.70502,1.99942,7.70502,5.69124,0.4879641283826306
C1COCCN1,-287.214102,2.7292,526.3137,1029.686,-287.352344872,0.140888,-287.219339,-287.247731,0.107259,-287.213158,0.141832,0.0,1.192,0.07744500000000001,522.1504,0.140425,-0.21787,0.06298,87.1212,744.351,15.0,0.135651,-0.528155,0.023073,0.01715,-0.33964,1.9992,7.33964,5.32329,-0.311703,68.5394,232.4908,0.01567,-0.71203,1.9994,7.71203,5.69696,0.5089679043423537
CC(=O)c1ccc(N)cc1,-439.418915,2.2009,1681.8972,1246.491,-439.579875239,0.164484,-439.428201,-439.462355,0.121043,-439.417971,0.165428,0.0,4.6106,0.12998,1687.0737,0.09155,-0.22153,-0.03843,135.1652,1451.61,19.0,0.155198,-0.808246,-0.137639,0.01144,-0.81216,1.99928,7.81216,5.80144,-0.12685,75.7207,195.2526,0.01074,-0.79984,1.99927,7.79984,5.78983,0.3762586532410321
CC(C)NC(C)C,-291.7616038486593,1.4890151340701954,1056.528720619005,1210.7032223105618,-291.9741202246274,0.21506708806904945,-291.77092010937724,-291.80437893672837,0.17229102172648808,-291.7606598486593,0.21601108806904945,0.0,0.8637526297293567,0.08060959745540944,1048.4963964771969,0.13955677882744535,-0.22016637628285476,0.0589471813720359,101.19120000000001,1243.473511967771,22.000000000000004,0.20575082735119254,-0.599337599501297,0.02063080967045418,0.011858050431558896,-0.21799278745862324,1.9991206517946425,7.217992787458623,5.207014085232422,-0.29061523573635895,44.880436008739046,192.61934747152625,0.016451520854165232,-0.7355593249434152,1.9993102172648807,7.7355593249434165,5.719797804089251,0.6330513977702079
CC(C)Nc1ccccc1,-404.710988,4.8795,1817.4455,1400.868,-404.919270764,0.212397,-404.720744,-404.755647,0.167738,-404.710044,0.213341,0.0,1.8441,0.09856,1842.4337,0.10159,-0.20015,0.00303,135.2084,1249.423,23.0,0.20264,-0.822269,-0.101276,0.01255,-0.45472,1.99914,7.45472,5.44303,-0.20524,66.9462,173.7125,0.01336,-0.65592,1.99915,7.65592,5.6434,0.6011642542479547
CC(NC(=O)OCc1ccccc1)C(=O)O,-781.2649678347918,2.200590983557649,4958.801870732047,1799.8090527635986,-781.5087349287585,0.24972949106567296,-781.2800285540774,-781.3256655897773,0.18903190990206897,-781.2640233663813,0.25067360508260933,0.0,1.873947112828476,0.1363474554953261,5288.041440135387,0.12315129350103705,-0.25949874899636316,-0.013196161994289047,223.228,1771.6155072945046,29.0,0.23466869807782836,-0.8257047900490899,-0.22344326203324466,0.013692060408730099,-0.7003338994507162,1.999153938958547,7.700333899450716,5.687486695989891,-0.22457202059343503,98.13005298272006,171.80134847136293,0.013665702008326602,-0.7015269600915124,1.999153938958547,7.701526960091512,5.688705580088187,0.5941432840143946
CC1CCCNC1,-290.584436,3.2049,835.622,1178.903,-290.776347131,0.194411,-290.591371,-290.621744,0.157102,-290.583492,0.195355,0.0,1.1428,0.078015,821.5784,0.139455,-0.21747,0.06144,99.1754,949.246,20.0,0.187475,-0.550169,0.037088,0.01367,-0.24207,1.99915,7.24207,5.22925,-0.291462,63.6462,224.9188,0.01507,-0.71103,1.99939,7.71103,5.69657,0.5179358086847073
CC1COCCN1,-326.435139,2.021,749.13885,1052.755,-326.599472698,0.170307,-326.441938,-326.472744,0.132702,-326.434195,0.171252,0.0,0.94325,0.07934,717.54025,0.1422,-0.22154,0.06286,101.148,931.5745,18.0,0.163508,-0.5434835,0.0037215,0.01703,-0.33539,1.99916,7.33539,5.3192,-0.291682,62.722,233.53365000000002,0.01594,-0.7118,1.99938,7.7118,5.69648,0.5604940213971051
CCCCN1CCNCC1,-424.2632136607157,2.968329687591443,2280.1564535130956,1418.976606557868,-424.53029070224494,0.2724527351858774,-424.2739735445571,-424.3109422508532,0.22472318550935444,-424.26226868061923,0.273396755085757,0.0,1.4686994725120504,0.07399415361189919,2287.7775716826577,0.13854174492068455,-0.21253589853258378,0.0645475913087854,142.2436,1174.3440523459287,28.0,0.2616918911442347,-0.5385804106230554,-0.0593968298999953,0.015197844659666443,-0.4170715953850867,1.9992213060741995,7.417071595385087,5.402642656837811,-0.30460683708181757,67.91583909285332,230.18637268763456,0.015239711874651037,-0.7110614870748739,1.999399011473574,7.711061487074873,5.696432558150396,0.5128951922875671
CCCNC,-213.30311799152696,3.243661343498482,614.9109811422061,853.7212039265792,-213.45739289641693,0.1567262776622786,-213.30988113418343,-213.3398512275445,0.11999312595056723,-213.30217399152693,0.1576702776622786,0.0,0.9180037625317734,0.07839338530838617,604.3295524057933,0.14339474747055103,-0.22178813277893722,0.06500136216216487,73.1376,863.213073522833,16.0,0.14996321931162038,-0.5833281143359118,0.054714586500301275,0.015814331993531605,-0.23732522735043077,1.9991233722337725,7.237325227350431,5.222386680064684,-0.3398437203604008,40.49525133743411,233.952493580022,0.014332036220835346,-0.7146983623007306,1.9993508430584432,7.714698362300731,5.701016326079896,0.5193716895479005
CCNC(C)C,-252.533997,2.1535,859.4434,1007.177,-252.71774807,0.185891,-252.542091,-252.57408,0.145808,-252.533053,0.186835,0.0,0.8912,0.07973,847.9982,0.14356,-0.22329,0.06383,87.1644,1007.177,19.0,0.177797,-0.605128,0.042725,0.01466,-0.23845,1.9991,7.23845,5.22468,-0.308844,54.5978,199.2293,0.01563,-0.72819,1.99931,7.72819,5.71325,0.5891283826305853
CCNc1cccc(C)c1,-404.71134002521063,4.703911127489909,1895.7432123459337,1425.276124418201,-404.92009910694696,0.21218993828246605,-404.72177680680113,-404.7587450940258,0.16478487297685868,-404.71039535817437,0.21313427124619255,0.0,1.5986495657904234,0.0961747603641801,1907.8035982946203,0.10172258508321216,-0.19789734544739226,0.005547824719032077,135.2084,1488.67334250297,23.0,0.201752489655631,-0.8126663942307293,-0.13266530407805166,0.010853438586157328,-0.4608029792479702,1.9991466592745297,7.46080297924797,5.450799586845643,-0.23258847084214657,82.02221526842786,186.6230487206299,0.01169322058621778,-0.6493624892754238,1.9991566592745298,7.649362489275424,5.638515985235772,0.5539928111359225
CCNc1ccccc1,-365.48253812631447,4.843634057527105,1448.0755703337254,1166.0650492384088,-365.662192523567,0.18309419521900125,-365.4910373760697,-365.52443250620513,0.14120027274451405,-365.48159412631446,0.18403873780276356,0.0,1.7559013389325209,0.09853373685541436,1465.9293184163835,0.10180455979409342,-0.20033829664950778,0.003270822938679044,121.1816,1255.5936726610944,20.0,0.17459494546374082,-0.8019420777142428,-0.12443975444413033,0.010842775128691615,-0.4504470429784141,1.999150851675246,7.450447042978414,5.440457990336853,-0.22846393043166557,73.43461970068512,186.7253761519027,0.01178245934254521,-0.6489906028357257,1.999160851675246,7.648990602835725,5.6380518659803105,0.5529093557816438
CCOC(=O)c1cccc(N)c1,-553.7607506813006,6.423580095264521,2661.1506110452146,1555.8939451084323,-553.9579511459938,0.20089319655640883,-553.7721990021683,-553.810077890029,0.1515662491943458,-553.7598060992577,0.2018377785992459,0.0,2.0311218252062706,0.1283856514677325,2670.6391012586523,0.0883225592776203,-0.2167082107453528,-0.040063092190112205,165.1914,1548.2952668930188,23.0,0.18944513430017793,-0.7088238290102082,-0.017145412565848214,0.009941593456008625,-0.6081548011366569,1.99926,7.608154801136656,5.598953207680648,-0.13787615083800803,79.02735525719424,200.24217989192397,0.011443167060290207,-0.8129692071602497,1.9992999999999999,7.81296920716025,5.802234446643951,0.37531515729459913
CCOc1cc(N)ccn1,-456.62567540471525,2.954655507084355,1763.4354081444671,1311.5347767889193,-456.79633514810956,0.17662437368563477,-456.635237285189,-456.6699336943964,0.132366084004493,-456.62473140471525,0.1775688525056802,0.0,2.5754307134359546,0.1156052117995456,1772.7515281684132,0.11565720118454985,-0.23126241298409544,5.198938500426733e-05,138.1688,1397.02679822935,20.0,0.16706249321181482,-0.7317674383911559,-0.07433269408133472,0.011757458405452994,-0.7097738358530529,1.99927,7.709773835853053,5.6987463774476,-0.1280349840775064,76.59405377176995,197.49940194991197,0.010650847198182337,-0.8024422843736438,1.99927,7.802442284373644,5.792526648975007,0.37454234586859847
CCc1cccc(N)c1,-365.49243855033205,3.5486867547261944,1358.721990127728,1316.980824504079,-365.6732114259346,0.18275301059621904,-365.5011760423848,-365.5349010264905,0.1402905344377119,-365.49149405298107,0.183697010596219,0.0,1.5491547646641066,0.10131756622636903,1359.0682417169555,0.10496756622636902,-0.20628513245273805,0.0036499999999999996,121.1816,1095.31101384115,20.0,0.17401551854338332,-0.6989535752618206,-0.04273650399175445,0.010494973509452388,-0.6459310066408092,1.9992699999999999,7.645931006640809,5.636166033131357,-0.1429321020067806,80.87359038173003,200.60449357513357,0.01149,-0.8151001589432856,1.9992999999999999,7.815100158943285,5.804310158943285,0.37523349680167295
CNOC,-209.897008,2.6117,341.8687,740.692,-209.9962744435,0.10196,-209.902458,-209.930442,0.068525,-209.896064,0.102904,0.0,0.533,0.08379,334.24800000000005,0.15699,-0.24078,0.0732,61.0834,526.5855,11.0,0.096509,-0.12622,0.306427,0.02405,0.04128,1.99922,6.95872,4.93545,-0.138854,193.452,130.4961,0.0205,-0.39353,1.99942,7.39353,5.37361,0.4566551290119572
CNc1ccc(F)cc1,-425.354134,6.0853,1365.1618,1095.407,-425.497920697,0.145873,-425.362241,-425.394905,0.105102,-425.35319,0.146817,0.0,3.0895,0.10538,1367.8405,0.09626000000000001,-0.20164,-0.00912,125.1453,985.866,17.0,0.137766,-0.758216,-0.138807,0.00972,-0.44417,1.99916,7.44417,5.43529,-0.244977,78.7298,205.3597,0.01083,-0.64508,1.99917,7.64508,5.63508,0.507473253618628
CNc1ccc(OC)cc1,-440.56777938427877,3.391307573921613,1878.3468153822387,1316.0220533321751,-440.7528377434155,0.18806921280929356,-440.5775578290585,-440.61235594100776,0.14349265608026285,-440.56683538427876,0.18901321280929356,0.0,1.7237144689227883,0.09216652798732691,1884.3737247666274,0.093318464468904,-0.1854849924562309,0.0011519364815770923,137.18099999999998,1332.974795792819,20.999999999999996,0.17829020322872563,-0.7858667089620276,-0.15610347352142687,0.00999564800844872,-0.4805820171997183,1.9991699999999997,7.480582017199717,5.471422017199718,-0.24655021884430883,77.2532871304013,207.33933956700304,0.01107564800844872,-0.6500545436029102,1.9991799999999997,7.650054543602909,5.639793247586011,0.5076815613946444
COC(=O)c1cc(F)ccc1N,-613.6372909826631,2.740485475044506,2229.2062014256935,1217.4468434087194,-613.7938046365281,0.16346904375628188,-613.6483490166958,-613.6854545839948,0.11530544242462788,-613.6363469826632,0.1644130437562819,0.0,1.1980700969014952,0.12999886513823236,2230.6608159916277,0.08132426174633037,-0.21132312688456273,-0.04867460339190201,169.1551,1235.248634586505,20.000000000000004,0.1524110097236182,-0.7244797052261062,0.006591325891352819,0.009711555778911135,-0.6373308238696769,1.9992300486180914,7.637330823869678,5.628399170854585,-0.0941536283421651,56.39503544845858,190.43825964833934,0.00969194472363892,-0.8026004528895593,1.9992300972361823,7.8026004528895605,5.793678410929739,0.4288784427169646
COC(=O)c1cc(S(N)(=O)=O)ccc1OC,-1177.155644453428,6.644670337512383,4654.829767018255,1634.3478620904298,-1177.3626862519252,0.22021069501502447,-1177.1716521705084,-1177.2165907831225,0.1592648020345003,-1177.154700002389,0.2211552391622935,0.0,5.885644645831549,0.15962322148889488,4647.302902033167,0.09931860620050324,-0.2589418276893981,-0.06030461528839166,245.2496,1783.8938289632038,27.0,0.20420307104282795,-0.82212292600964,-0.06697940252315354,0.013973518916661976,-1.0447624699760074,1.9994716507979897,8.044762469976007,6.031317300261356,-0.08615311037005174,105.59363284125091,167.17298094906135,0.014120818780478404,-1.0767903710370657,1.9994723705140374,8.076790371037065,6.063193592444956,0.41393660342941757
COC(=O)c1ccc(N)cc1,-514.53436,4.8594,2160.3913,1365.974,-514.701170834,0.170867,-514.544654,-514.580532,0.124695,-514.533416,0.171811,0.0,3.2674,0.123835,2167.013,0.096305,-0.22014,-0.02753,151.1646,1332.247,20.0,0.160572,-0.807815,-0.051861,0.01059,-0.67299,1.99926,7.67299,5.66313,-0.128478,76.4227,195.5018,0.01082,-0.80125,1.99928,7.80125,5.79116,0.3761799874134676
COC(=O)c1ccc(N)cc1OC,-628.844365956845,6.092967227529773,2725.6800602921994,1145.19450698994,-629.041145181933,0.20567990535757197,-628.8572548599421,-628.8968567182797,0.1531888780240639,-628.8434210345407,0.20662448406739942,0.0,3.6731063939438418,0.11838086030848231,2691.5251635984732,0.0965659686654925,-0.2149468289739748,-0.02181489164298983,181.1908,1634.891695191288,24.0,0.1927906586658395,-0.8094051262658029,-0.10406619599923736,0.012083462774255017,-0.761774090254781,1.99928,7.7617740902547805,5.750407191535006,-0.12725754111117807,77.25164849034545,195.6118771091555,0.010736892175182583,-0.8012340797771123,1.9992792230437955,7.801234079777112,5.79122718760193,0.3762528603844897
COCCN1CCNCC1,-460.11728343957236,1.5722309819571108,1935.6074535477494,1447.3581982602968,-460.3586116492449,0.2477445518647122,-460.12782278995377,-460.16477734529235,0.20025064632932763,-460.1163394395708,0.2486885518647122,0.0,1.6604198394559417,0.062108366356128555,1877.3519888088545,0.1250949447033862,-0.18720331105951474,0.06298657834725765,144.21619999999996,1345.3740626289787,26.0,0.23720520166934916,-0.5171431627061116,-0.13341661227681556,0.014984947289418878,-0.5312921496756992,1.9993094723387566,7.531292149675698,5.516997145592849,-0.30236932976362296,66.30194120552822,228.09283771037468,0.015468711086471503,-0.7150682488225656,1.9994000016684652,7.715068248822566,5.70019012969389,0.518232254287114
COc1ccc(CN)cc1,-440.5666923246845,1.6706404026641353,1871.472803242429,1268.3386189501928,-440.7525358912306,0.1888836266934782,-440.57632567416624,-440.6115867349216,0.14398921645634888,-440.5657483246845,0.1898276266934782,0.0,1.5330539151292242,0.11370844033843724,1865.4891422541573,0.10729879284819716,-0.2210072331866344,-0.006409647490240105,137.18099999999998,1224.7750506898794,20.999999999999996,0.1792502772117465,-0.5145160816831339,-0.20557391007313985,0.01294843238228785,-0.7590517839889153,1.9994599999999998,7.759051783988915,5.746649978123301,-0.26078550708386133,32.246678568983334,225.09193516300843,0.014132289433547367,-0.8700917846492144,1.9995032530333496,7.8700917846492136,5.8564562421823165,0.3778395291673428
COc1ccc(N)cc1,-401.351682,2.4731,1368.657,1237.846,-401.507604821,0.158349,-401.359994,-401.39268,0.117351,-401.350737,0.159293,0.0,1.756,0.096055,1370.3038,0.095575,-0.19163,-0.00048,123.1542,1095.018,18.0,0.150037,-0.693935,-0.058496,0.01074,-0.67022,1.99928,7.67022,5.66019,-0.148492,79.793,204.7669,0.01207,-0.82242,1.99932,7.82242,5.81102,0.375
COc1ccc(N)cc1C,-440.58221,2.328,1629.7305,1441.671,-440.766986487,0.187673,-440.592179,-440.626814,0.143069,-440.581266,0.188617,0.0,1.4711,0.09175,1636.0833,0.09670999999999999,-0.18846,0.00496,137.181,1149.904,21.0,0.177704,-0.695851,-0.061582,0.01081,-0.67664,1.99928,7.67664,5.66655,-0.148398,80.2267,204.9825,0.01206,-0.8225,1.99933,7.8225,5.81112,0.37429200755191944
COc1ccc(N)cc1OC,-515.6622205770652,2.681559406920551,1888.2168980806127,1258.7685392372953,-515.8499712886905,0.1931726685951758,-515.6732721857176,-515.709561811721,0.14583143393934533,-515.6612765770651,0.19411666859517576,0.0,1.812853444921493,0.09382940485100631,1887.226589446583,0.10011773859938179,-0.1939471434503881,0.006288333748375479,153.18040000000002,1242.143591423209,22.000000000000004,0.18212105994275118,-0.7114636542199066,-0.06487198888308146,0.010901913557211242,-0.6821170340209963,1.999283104527386,7.6821170340209965,5.671934799810459,-0.1466895706449558,79.61551177884675,203.04426393483976,0.011863161422077334,-0.8191883357503338,1.9993151603266637,7.819188335750335,5.808006909474208,0.37499460023723796
COc1ccc(N)cn1,-417.38751,3.0673,1306.3914,926.684,-417.528679642,0.146498,-417.395767,-417.428425,0.105583,-417.386566,0.147443,0.0,2.5594,0.11054499999999999,1312.4064,0.092295,-0.20284,-0.01825,124.142,989.51,17.0,0.138241,-0.681201,-0.050664,0.01068,-0.65286,1.99928,7.65286,5.64289,-0.149783,69.754,211.2849,0.01229,-0.82325,1.99933,7.82325,5.81164,0.3734266834487099
COc1ccc(S(N)(=O)=O)cc1,-949.6716731959615,5.3155820460879735,2837.3529164484653,1484.2067287827203,-949.839701892862,0.17287311097067332,-949.6831652914403,-949.7215703543685,0.12297595256356811,-949.6707289716697,0.1738173352624166,0.0,4.882095071520103,0.13789683906501454,2865.636854832698,0.10981631163294248,-0.24771315069795702,-0.02808052743207205,187.213,1661.0221129800125,21.0,0.1613802397835709,-0.8027191224627757,-0.08122076694307313,0.013936259192726263,-1.0607279951521444,1.9994777570825666,8.060727995152144,6.047316221794285,-0.09846574222714244,124.92247820469103,169.21463909493136,0.013879060880853774,-1.0863757365653999,1.9994877570825667,8.0863757365654,6.073001161519413,0.41494682493110335
CSc1ccc(N)cc1,-724.371817,1.7459,1684.478,1316.004,-724.524498845,0.155575,-724.381006,-724.415914,0.111478,-724.370872,0.156519,0.0,2.7584,0.110875,1686.0574,0.10416500000000001,-0.21504,-0.00671,139.2148,1518.466,18.0,0.146386,-0.764748,-0.085598,0.01164,-0.71889,1.99928,7.71889,5.70797,-0.136537,77.699,198.665,0.0113,-0.80927,1.99929,7.80927,5.79868,0.3766519823788546
CSc1cccc(N)c1,-724.3731061251854,2.27507563668968,1607.6386799188779,1395.557643422036,-724.5243972016658,0.1555223946740607,-724.3821341365659,-724.4163571820878,0.1122713377716161,-724.3721615786963,0.1564663946740607,0.0,2.5404721355131707,0.10271871800249105,1594.1769948291644,0.10177410777614347,-0.20449282577863453,-0.0009446102263475918,139.2148,1087.060052323885,18.0,0.14649483680443642,-0.71548503420621,-0.08210176703847849,0.01147278934812135,-0.7121285592236292,1.9992800000000002,7.71212855922363,5.701371234766862,-0.14142195834676316,79.99190141851466,200.5256180862837,0.01139546489135356,-0.8130030363014937,1.9993000000000003,7.8130030363014935,5.80230757141014,0.3762595484966106
C[C@@H](N)c1ccccc1,-365.479836,3.4857,1294.27,1037.392,-365.661002067,0.183231,-365.488217,-365.521508,0.14156,-365.478892,0.184176,0.0,1.0002,0.12485500000000001,1290.5526,0.116555,-0.24141,-0.0083,121.1816,1305.107,20.0,0.174851,-0.523188,-0.132859,0.01254,-0.66944,1.99938,7.66944,5.65753,-0.23441,61.1623,229.5314,0.01502,-0.87823,1.99948,7.87823,5.86374,0.4319540591567023
C[C@H](N)c1cccc2ccccc12,-518.8398178020402,2.1334983357680297,2337.720325478917,1463.308075295376,-519.0668111586953,0.23338947192938359,-518.8506302335436,-518.886696103034,0.18651117093556482,-518.8388738020402,0.23433347192938359,0.0,1.322944331478362,0.13174299235942397,2359.6372583234643,0.09015746553257128,-0.22190045789199525,-0.04158552682685268,171.2414,1504.5890888677404,26.0,0.22257704042601453,-0.49432145365794505,-0.19569811813179114,0.015148456905591884,-0.8309045254637132,1.999434917603402,7.830904525463713,5.816328656252045,-0.22568164880439973,30.2476715768332,216.17670507439664,0.01576244569261809,-0.8870748382281742,1.9994623593328262,7.887074838228174,5.871852527905405,0.46007397185692517
Cc1ccc(CN)cc1,-365.47970172284164,3.0389347935016335,1440.772658882575,1173.6880691110027,-365.6613080218822,0.18320578714027683,-365.48875306429863,-365.52440842338353,0.13849908659840898,-365.4787577228417,0.18414978714027683,0.0,1.5948197302837173,0.12065638579169541,1426.9978554870218,0.11269245009031131,-0.23334883588200672,-0.007963935701384098,121.1816,1204.976268950652,20.0,0.17415383925346023,-0.535267874509376,-0.1379903699699637,0.011230321493079506,-0.6325833808550145,1.9994099999999997,7.632583380855014,5.621943059361936,-0.253315984443114,28.126037878394264,218.74541055267485,0.0142,-0.8615869069235296,1.99951,7.861586906923529,5.8478769069235295,0.3721705592595933
Cc1ccc(Cl)c(N)c1,-785.792709,2.9799,1539.2224,1193.443,-785.934541196,0.144512,-785.801484,-785.836056,0.101166,-785.791764,0.145457,0.0,2.0617,0.11033,1538.8051,0.10293000000000001,-0.21326,-0.0074,141.5999,1233.224,17.0,0.135737,-0.696179,-0.028995,0.01082,-0.65588,1.99926,7.65588,5.64581,-0.120658,54.5414,201.088,0.01146,-0.8123,1.99928,7.8123,5.80156,0.40693832599118945
Cc1ccc(N)c(C)c1,-365.49653,2.8761,1301.8198,1140.319,-365.675524941,0.181924,-365.505742,-365.540703,0.137752,-365.495586,0.182868,0.0,1.4908,0.096665,1299.3026,0.10336500000000001,-0.20003,0.0067,121.1816,1140.319,20.0,0.172712,-0.682936,-0.055117,0.01066,-0.67142,1.99928,7.67142,5.66147,-0.143241,50.4008,203.0064,0.01173,-0.82309,1.99932,7.82309,5.81205,0.4127595972309629
Cc1ccc(N)cc1,-326.267101,3.0649,1029.6336,1120.271,-326.417684058,0.152673,-326.274788,-326.307787,0.111988,-326.266157,0.153617,0.0,1.4748,0.099845,1025.5807,0.102365,-0.20221,0.00252,107.1548,878.05,17.0,0.144987,-0.711554,-0.044649,0.0105,-0.64781,1.99927,7.64781,5.63803,-0.144686,80.4799,201.7537,0.0117,-0.81739,1.99931,7.81739,5.80639,0.37460667086217747
Cc1ccc(N)nc1,-342.30086,2.7796,986.3724,928.249,-342.419017843,0.140891,-342.308294,-342.339957,0.101794,-342.299916,0.141835,0.0,3.3701,0.113565,987.6294,0.100045,-0.21361,-0.01352,108.1426,1137.854,16.0,0.133457,-0.777426,-0.006714,0.01049,-0.62411,1.99925,7.62411,5.61437,-0.123413,93.6027,191.0294,0.01173,-0.8182,1.99929,7.8182,5.80718,0.3642227816236627
Cc1ccc(Oc2ccc(N)cc2)cc1,-631.978148,6.4732,4363.0659,1728.826,-632.217917833,0.243426,-631.991557,-632.034426,0.187148,-631.977204,0.24437,0.0,1.9563,0.11204,4332.4202,0.09933,-0.21137,-0.01271,199.2518,1682.724,28.0,0.230016,-0.731618,-0.036656,0.01028,-0.63698,1.99927,7.63698,5.62744,-0.142946,79.4335,201.2781,0.01166,-0.81562,1.99931,7.81562,5.80465,0.37680931403398366
Cc1ccc(S(N)(=O)=O)cc1,-874.5838368166019,5.789497702213469,2217.8759817301634,1589.111133623318,-874.7421272950439,0.1671531075816497,-874.5945278924182,-874.6329637495726,0.11802647208364325,-874.5828928166018,0.16809740505443313,0.0,6.005595824295562,0.1552816137247459,2218.8765905014407,0.11439946209175135,-0.26968107581649725,-0.04088215163299454,171.21359999999999,1451.4901695755143,19.999999999999996,0.15646232923793588,-0.8192401926902577,-0.06843209968910094,0.01422,-1.0502561372474588,1.99947,8.050256137247459,6.0365591119752935,-0.08204411986784207,99.14033264388115,165.48183927682405,0.0143,-1.0728278483670053,1.9994799999999997,8.072827848367005,6.059047848367005,0.41225573832338325
Cc1ccc([N+](=O)[O-])cc1N,-530.465805,13.0879,1902.8492,945.829,-530.619171808,0.158249,-530.475588,-530.510782,0.113273,-530.464861,0.159193,0.0,6.2745,0.15492,1919.3989,0.07705000000000001,-0.23197,-0.07787,152.1524,1106.139,19.0,0.148466,-0.682335,-0.013721,0.00943,-0.61192,1.99926,7.61192,5.60322,-0.133677,48.5894,199.5137,0.01129,-0.81373,1.99929,7.81373,5.80315,0.41519823788546256
Cc1ccc2cccc(N)c2n1,-495.665637,4.9351,1982.2722,1312.559,-495.847119508,0.190566,-495.675542,-495.710632,0.14557,-495.664693,0.19151,0.0,1.2553,0.119435,1991.7905,0.077865,-0.1973,-0.04157,158.2024,1137.551,22.0,0.180661,-0.736742,-0.003146,0.01057,-0.66326,1.99925,7.66326,5.65344,-0.095204,50.4491,201.4408,0.01077,-0.80521,1.99926,7.80521,5.79518,0.39938640654499685
Cc1cccc(N)c1C,-365.495586,3.2665,1203.9366,1065.42,-365.674689176,0.182057,-365.504464,-365.53736,0.140283,-365.494642,0.183001,0.0,1.6779,0.09885000000000001,1208.5504,0.1055,-0.20435,0.00665,121.1816,1212.94,20.0,0.173178,-0.662955,-0.057609,0.01065,-0.66976,1.99928,7.66976,5.65982,-0.146547,48.5458,200.8053,0.01162,-0.82275,1.99931,7.82275,5.81181,0.4171648835745752
Cc1ccccc1N,-326.268723,3.4471,921.1002,976.469,-326.41903029,0.152781,-326.275997,-326.306916,0.114588,-326.267779,0.153725,0.0,1.7902,0.100225,922.0646,0.10624499999999999,-0.20647,0.00602,107.1548,1019.548,17.0,0.145507,-0.665062,-0.050356,0.01055,-0.66083,1.99928,7.66083,5.651,-0.143145,50.2114,201.7111,0.01154,-0.82072,1.99931,7.82072,5.80988,0.41409691629955947
Cc1cn(-c2cc(N)cc(C(F)(F)F)c2)cn1,-887.4521393611076,5.419133215732261,5045.613985581703,1817.3494907696027,-887.6617978869697,0.2172651853533238,-887.4670869096423,-887.5111004032108,0.15830464334426447,-887.4511953611075,0.21820935383281387,0.0,4.14498669081707,0.13643306985196824,5156.888816075725,0.0950622713275314,-0.2314953411794996,-0.041370798524436855,241.2153,1756.544988487754,27.0,0.20231813691258627,-0.7476713056601614,-0.09202978481791264,0.010816127022100086,-0.7377607675796736,1.99927,7.737760767579674,5.7276763253524745,-0.12981702117746607,77.60749683663985,197.80511143671578,0.010948406875184034,-0.8046570250288896,1.99928,7.80465702502889,5.794428618153706,0.37643136036006797
Cn1c(N)nc2ccccc21,-473.652532,5.2798,1639.1686,1283.157,-473.821539692,0.173122,-473.661597,-473.695434,0.13022,-473.651588,0.174067,0.0,4.7493,0.10667499999999999,1633.1172,0.104185,-0.21086,-0.00249,147.1792,1445.582,20.0,0.164057,-0.765694,-0.117981,0.01228,-0.80443,1.9993,7.80443,5.79285,-0.149517,60.8145,212.0224,0.01235,-0.85186,1.99931,7.85186,5.8402,0.3855412208936438
NC1CCCCC1,-290.58128450267145,1.5651409606845044,820.5990232385898,1155.5571197305048,-290.7737106198504,0.19499545089755613,-290.58838518764674,-290.61913826421215,0.1571412632508281,-290.5803400765654,0.1959400247915495,0.0,1.24160561553846,0.0889767586567905,811.53279848498,0.1459200376679794,-0.2348967963247699,0.05694327901118891,99.1754,1079.6885724702784,20.0,0.18789491371023187,-0.47445679958809683,0.21908349397399257,0.014184336396025073,-0.3486628708106732,1.9991557389399337,7.348662870810673,5.335322795474715,-0.2229618825689063,50.16406860252791,221.84268313313282,0.015701650459403763,-0.8756977030376885,1.99946,7.875697703037689,5.860536052578285,0.41038350340767393
NC1CCc2ccccc21,-403.5308211033933,2.9877198536608067,1389.426384545543,1165.8899475016237,-403.71759045424585,0.19063310931898964,-403.53887184938213,-403.5714140650755,0.15004094723330902,-403.5298771033933,0.19157710931898964,0.0,1.4449672684217953,0.12131620629933712,1378.9510932782243,0.11610826137354226,-0.2374244676728794,-0.005207944925794864,133.1926,1134.3519654617708,21.0,0.18258239459722383,-0.4746228538527909,-0.16562909464492595,0.014493125272423526,-0.7838532203506082,1.9993990263046935,7.783853220350608,5.7699602230910045,-0.2172182015436319,31.547105296459506,224.62986160491016,0.015266914504067032,-0.8763159824890879,1.9994622243770288,7.876315982489087,5.861586843607992,0.41724267164171086
NCC1CC1,-212.09864754881008,2.0150263234542884,486.01000897293545,1053.0003159113237,-212.22853761632578,0.13355397600777,-212.10432773985752,-212.13284179339485,0.09935973142302143,-212.09770354881007,0.13449878496033596,0.0,1.335849095030904,0.08542784685129756,466.2362922465973,0.1529026418973619,-0.23833048874865947,0.06747479504606435,71.12180000000001,794.9389396129632,14.000000000000002,0.12787459391290193,-0.48882684131393955,0.28088821724131363,0.024010239922299996,-0.3725670756036615,1.9991919104743405,7.372567075603662,5.34937110425834,-0.2652727832769853,28.97653182636476,238.03798405564703,0.014436626679616668,-0.8759185994823735,1.999506179051319,7.875918599482374,5.861975793751438,0.37558790130109465
NCc1ccc(Br)cc1,-2899.6502846986164,4.0804308042021304,2416.259360577804,1090.4510565229868,-2899.7929126082713,0.14521200102504297,-2899.65879728734,-2899.693777114198,0.1017195854435594,-2899.6493406986165,0.146156001025043,0.0,2.092099396054844,0.1312400225509457,2410.0014262667096,0.11110056689028135,-0.24234058944122705,-0.020139455660664322,186.0509,1079.0594639481797,17.0,0.13669941230134602,-0.4980379845911469,-0.19599376406416189,0.01238704356847792,-0.7408558227422819,1.9994258821117548,7.740855822742281,5.729039367589988,-0.26637268909200934,33.217509302121115,232.1573176402867,0.014060589441227041,-0.8758910241009632,1.9994970589441223,7.875891024100962,5.862339846243552,0.38512463474258896
NCc1ccc(Cl)cc1,-785.7741972707868,4.643262832777645,1783.6808943094736,1308.5765367950873,-785.9172133053105,0.1455897264615949,-785.7824655096371,-785.8163564353052,0.10343020096971163,-785.7732532707868,0.1465337264615949,0.0,1.9784712396286335,0.1305497478195348,1777.26365997524,0.11183083801934893,-0.24238058583888372,-0.01871890980018585,141.5999,1240.6231770080192,17.0,0.13732148761136576,-0.49476356591150095,-0.18860598199275366,0.012170932720642772,-0.7265718734518106,1.9994155610616153,7.72657187345181,5.714985379669552,-0.26640122875192274,33.1879743236224,231.8735237150442,0.014062194691923885,-0.875760102447899,1.9994972194691925,7.875760102447899,5.862200688286783,0.3848252154942082
NCc1ccc(F)cc1,-425.352233,5.5868,1367.6365,1307.823,-425.495579279,0.146551,-425.360091,-425.39287,0.105914,-425.351289,0.147495,0.0,2.4015,0.126715,1366.5478,0.113955,-0.24067,-0.01276,125.1453,861.624,17.0,0.138693,-0.462044,-0.197348,0.01229,-0.74364,1.9994,7.74364,5.73195,-0.275275,37.0084,238.0893,0.01399,-0.8846,1.99949,7.8846,5.87112,0.3915198237885463
NCc1ccc(F)cc1F,-524.4531514053007,5.913182764687782,1541.42525523606,1146.8001190802615,-524.5894363371642,0.13951508410974495,-524.461796774174,-524.4956465596031,0.09702043378088482,-524.4522074053007,0.14045908410974497,0.0,1.4288429632403281,0.13177267557881933,1545.661692004926,0.1125880263476894,-0.24436070192650872,-0.01918464923112992,143.1358,1169.6986847791284,17.0,0.1308697152364224,-0.49588148493253137,-0.13940889684708704,0.010308112473359846,-0.6240511983727839,1.9993696821171456,7.6240511983727846,5.614363403782278,-0.269599294571067,32.498175348311676,237.21491233580593,0.01411615232534721,-0.8762906418375127,1.9995000794707134,7.876290641837513,5.862679370306095,0.39032233181261156
NCc1ccc2c(c1)OCO2,-514.4844582816243,1.2082483540646043,1900.1324837437826,1162.2150272571782,-514.6469370458574,0.1720218647931981,-514.4936816689259,-514.5286791412279,0.12780057557191973,-514.4835142816241,0.1729658647931981,0.0,1.327714035170167,0.10913565813292359,1882.353634022567,0.10440004535382547,-0.21353570348674905,-0.004735612779098107,151.1646,1169.452437296302,20.0,0.16279847749148602,-0.49815539365638123,-0.24734785642730872,0.01393540407525062,-0.8410182291994249,1.9994812028727893,7.841018229199426,5.827601139470951,-0.26560449138301895,33.37851416093057,229.88262197297993,0.014110252217473949,-0.8748422451909529,1.9994954990481266,7.874842245190953,5.861236011144918,0.3842179951182182
NCc1cccc2ccccc12,-479.6128130539296,1.9309518604155422,1990.3095481476953,1524.6402346387545,-479.81024647150895,0.20393590715221685,-479.6223018155356,-479.65695062983997,0.15979856963583736,-479.6118690539296,0.20487990715221682,0.0,1.3363616099331357,0.13169109785159755,2006.611485765863,0.09060765994211092,-0.22229875779370847,-0.041083437909486625,157.2146,1395.7446534264493,22.999999999999996,0.19444814554624393,-0.45941896580842756,-0.2421255297637318,0.014129811762924072,-0.8459477927773289,1.99947,7.845947792777329,5.832347981014404,-0.26573871204653565,47.89129971090246,233.47348563838398,0.014297490568345,-0.8839893475240082,1.9994876160597288,7.8839893475240075,5.870201856955663,0.41117571838732325
NCc1ccccc1,-326.25133799414374,3.988329683937632,1013.7885811146859,940.1072763915181,-326.40315328844895,0.15396261607230605,-326.2584459713762,-326.29019583477145,0.115104775444542,-326.25039347534414,0.15490661607230605,0.0,1.2404266660114869,0.12250502928142379,1007.4223662802181,0.11655241813209385,-0.23905744741351764,-0.005952611149329937,107.1548,1004.2047474208746,17.0,0.14685412004017,-0.490322955764157,-0.16528533121820402,0.011517150778831248,-0.6828611893764243,1.999400751983932,7.682861189376424,5.671943286613661,-0.26417826517554244,32.9628088569963,229.0591153848535,0.014075864088374055,-0.8728342707207243,1.999499624008034,7.872834270720724,5.8592539706202995,0.3819664169243733
NCc1ccccc1C(F)(F)F,-662.8040162703289,7.90976424284249,1884.396650074692,1273.4144209538056,-662.9631263600608,0.16315534756954844,-662.814277642499,-662.8503817437278,0.11679083874897149,-662.803072252618,0.1641001449143461,0.0,2.936632156331084,0.14034689164691808,1893.0515180175264,0.10430181546794697,-0.24464870711486505,-0.0360450761789711,175.15309999999997,1338.1243723942773,19.999999999999996,0.15289495768868674,-0.5189690603055945,0.01721417077181352,0.006069064470996087,-0.36073921630929373,1.9992320709005134,7.360739216309293,5.355447903829178,-0.25414718637323563,33.09826408002213,224.79788660333148,0.014534305294653674,-0.8646131561563996,1.9994957697873479,7.864613156156398,5.850583081074396,0.41208743731063757
NCc1ccco1,-324.0689552749854,5.329707729570295,745.5564391392114,845.0346435996075,-324.1892462963569,0.12300929814417691,-324.07528943893413,-324.10583280946724,0.08613152732477825,-324.06801127498545,0.12395329814417691,0.0,1.254080236023447,0.1077421803566402,739.4970666821469,0.12033669239857173,-0.22807887275521194,0.012594512041931526,97.1164,967.959022939795,14.0,0.1166748978578965,-0.5025681380081948,-0.051074803666913575,0.00998181688054372,-0.5000473825974131,1.9993094535044347,7.500047382597413,5.490753748836326,-0.27142583390738495,26.25049401005633,237.12212923438403,0.014215287561801576,-0.8685047809455144,1.9995205464955652,7.868504780945514,5.854768946888147,0.3697832061389416
NS(=O)(=O)c1cc(F)cc(F)c1,-1033.551889,4.6836,2376.6377,1193.898,-1033.66544514,0.123239,-1033.562297,-1033.599106,0.076022,-1033.550944,0.124184,0.0,4.2702,0.17243,2389.8803,0.11290999999999998,-0.28534,-0.05952,193.1678,1459.208,17.0,0.112831,-0.808868,-0.078691,0.01403,-1.07122,1.99947,8.07122,6.05772,-0.080748,99.1149,167.6557,0.01395,-1.07456,1.99947,8.07456,6.06115,0.4145689112649465
Nc1ccc(Cl)cc1,-746.561831,4.6408,1279.6266,1018.201,-746.675345598,0.115173,-746.568799,-746.600185,0.076819,-746.560887,0.116117,0.0,3.4495,0.11315,1278.1058,0.09991,-0.21306,-0.01324,127.5731,1073.739,14.0,0.108205,-0.736525,-0.04346,0.01042,-0.64998,1.99927,7.64998,5.64029,-0.13923,77.8102,200.7961,0.0115,-0.81246,1.9993,7.81246,5.80166,0.37586532410320955
Nc1ccc(Cl)cn1,-762.59372,4.1909,1231.5446,790.698,-762.691685552,0.103214,-762.600623,-762.632031,0.064902,-762.592775,0.104158,0.0,2.448,0.12648,1234.9648,0.09723,-0.22371,-0.02925,128.5609,1176.853,13.0,0.09631,-0.800781,-0.006424,0.01039,-0.6309,1.99925,7.6309,5.62127,-0.115285,90.4228,189.8493,0.01148,-0.81169,1.99928,7.81169,5.80093,0.36359345500314666
Nc1ccc(F)nc1,-402.169016,6.3301,910.0833,838.643,-402.269348808,0.104266,-402.175472,-402.205863,0.06742,-402.168072,0.105211,0.0,4.6025,0.1274,920.283,0.09629,-0.22369,-0.03111,112.1063,782.733,13.0,0.097811,-0.667043,-0.022263,0.01027,-0.60325,1.99927,7.60325,5.59371,-0.144916,69.3864,208.7565,0.01192,-0.81759,1.99931,7.81759,5.80635,0.37311202013845185
Nc1ccc2c(c1)OCCO2,-514.4993005778814,1.5506095172912495,1733.8307144344608,1322.106006715379,-514.6677493223881,0.17174550370864336,-514.5081410667556,-514.5416900519209,0.1293560296691469,-514.4983565778814,0.17268950370864333,0.0,1.1757452454490256,0.0924698516542655,1732.4157120595255,0.09849,-0.1909598516542655,0.00602014834573451,151.1646,1103.0703227923768,20.0,0.16290501483457343,-0.7082967789788921,-0.07312506542187257,0.011110074172867255,-0.6938136278019557,1.9992899999999998,7.693813627801955,5.683418516542655,-0.14803608025644602,80.07310578407997,203.34207134751264,0.01193,-0.8195641470120265,1.99932,7.819564147012025,5.808314147012027,0.3745670462048959
Nc1ccc2nccnc2c1,-472.448989,1.8038,1633.8559,1268.877,-472.589813586,0.149381,-472.456998,-472.489629,0.108741,-472.448044,0.150326,0.0,2.7468,0.14166,1631.2213,0.07830999999999999,-0.21997,-0.06335,145.1634,1253.016,18.0,0.141372,-0.799679,-0.133417,0.0111,-0.80461,1.99928,7.80461,5.79423,-0.13105,75.8004,196.3884,0.01115,-0.80275,1.99928,7.80275,5.79232,0.3766519823788546
Nc1ccc2scnc2c1,-777.274244,6.2059,1610.7436,1335.752,-777.398553673,0.127801,-777.281995,-777.314451,0.087594,-777.273299,0.128745,0.0,2.301,0.123155,1614.9257,0.08758500000000001,-0.21074,-0.03557,150.1978,1136.386,16.0,0.12005,-0.739669,-0.042157,0.01024,-0.64708,1.99927,7.64708,5.63757,-0.142374,79.7065,200.4595,0.01167,-0.81383,1.9993,7.81383,5.80285,0.3761799874134676
Nc1ccncc1[N+](=O)[O-],-507.265556,7.0658,1279.9632,1000.915,-507.372436342,0.117297,-507.273424,-507.306438,0.076415,-507.264612,0.118241,0.0,4.5491,0.176435,1294.0698,0.08574500000000002,-0.26218,-0.09069,139.1134,1295.301,15.0,0.109429,-0.711262,-0.047392,0.00969,-0.77134,1.9992,7.77134,5.76245,-0.051173,47.5578,183.1243,0.00963,-0.77221,1.9992,7.77221,5.76337,0.42448080553807427
Nc1nccc(Cl)n1,-778.633755,3.4408,1118.1743,843.856,-778.718760958,0.091551,-778.640527,-778.672002,0.053304,-778.632811,0.092495,0.0,1.6764,0.144055,1108.8049,0.102925,-0.24698,-0.04113,129.5487,1027.303,12.0,0.084779,-0.808337,-0.092696,0.01067,-0.79969,1.99927,7.79969,5.78975,-0.082437,94.2509,181.098,0.0112,-0.7983,1.99925,7.7983,5.78784,0.35320956576463186
