,SASA,Volume,HOMO,LUMO,IP,EA,Dipole,O_1_BV,O_1_SASA,O_1_P_int,O_1_charge,O_1_electrophilicity,O_1_nucleophilicity,O_1_radicalFukui,C_1_BV,C_1_SASA,C_1_P_int,C_1_charge,C_1_electrophilicity,C_1_nucleophilicity,C_1_radicalFukui,O_2_BV,O_2_SASA,O_2_P_int,O_2_charge,O_2_electrophilicity,O_2_nucleophilicity,O_2_radicalFukui,C_2_BV,C_2_SASA,C_2_P_int,C_2_charge,C_2_electrophilicity,C_2_nucleophilicity,C_2_radicalFukui
O=C(O)Cc1ccc(C(F)(F)F)cc1,366.3642244131492,209.3693658197776,-0.4289118591262291,-0.2635449032447214,9.476322308423864,-0.3955547782361009,2.280648005672522,0.3769229873257652,37.94054903675887,16.539215787408768,-0.3973894214401491,0.0959144163280676,0.1311372031276201,0.1135258097278438,0.465895219898027,6.986163230675373,22.47733214202005,0.3666203674011786,0.0528697805727142,0.0224634171943923,0.0376665988835532,0.2908195117467508,33.40072265338449,14.73054803928686,-0.3765746834101826,0.0604106217107991,0.0693404411457971,0.0648755314282981,0.4938920984050623,5.036117667581133,24.249550097380087,-0.0977799044991223,-0.0192740339012878,0.0072728325507452,-0.0060006006752712
O=C(O)COc1ccccc1,324.37931645988965,183.9421823607953,-0.3809320239711072,-0.2502938470456785,8.321526958526185,-1.0658520403275575,1.043347168845414,0.3896376389114849,37.58381596263693,16.292393255530367,-0.3777168695334458,0.1435882125694368,0.073331944295748,0.1084600784325924,0.4833348332733611,4.785285551087783,21.329233882772748,0.3540098527446748,0.0806172119251839,0.0109288939270028,0.0457730529260933,0.3077029961805898,32.016605854235,15.136928182907432,-0.3828626068471827,0.0782374841107592,0.0467500024738741,0.0624937432923166,0.4625297518264223,6.091747198065621,21.1766644972083,0.0532702116311341,-0.0212553746600701,-0.0166362970181621,-0.0189458358391161
CC(C(=O)O)c1ccc(CC2CCCC2=O)cc1,475.9391804129995,323.99731403789457,-0.389023646284667,-0.2501244254359137,7.862815383331929,-0.2856518508102125,0.9957172437952098,0.3909813635342857,34.78825970714404,15.97607706438392,-0.408417037629559,0.0963561458159779,0.0784987124832917,0.0874274291496348,0.5280939508274315,3.852355485718152,24.05757089752286,0.3630536875064838,0.0461204288367869,0.0111853039407241,0.0286528663887555,0.3359806240495097,30.21762402281164,17.317276521168196,-0.3803317214621828,0.0476436273943237,0.0328501114665959,0.0402468694304598,0.6154874846206557,0.1840298697727997,30.69742101247077,-0.042845471059233,-0.0028450485202343,0.0089273213785666,0.0030411364291661
O=C(O)C1CCN(C(=O)OCc2ccccc2)CC1,469.7270467989206,324.12972773092264,-0.3862489816047593,-0.2456205438554977,7.930027887944846,-0.6272794253995037,1.0837815288126862,0.3913407624687984,34.04151258468499,16.000357080278093,-0.4066741663309104,0.1292467097105064,0.0515298141314237,0.0903882619209651,0.5305289347175133,4.309678347566058,22.91010353700795,0.3601420479581409,0.0750123449161316,0.0016500919881992,0.0383312184521654,0.3474596549576264,25.90549957657271,16.979480006967943,-0.3784734346873876,0.066386539417682,0.0232484301239623,0.0448174847708221,0.6143298171360327,0.1519124325468607,28.770052823094137,-0.042134326360775,-0.0038798902254098,-0.0018600476783765,-0.0028699689518931
O=C(O)c1ncccn1,272.438288169613,136.83313228218736,-0.3832278535610895,-0.3043261915485976,8.915079286227499,0.3935577876234193,1.3326121224312768,0.3187109812903677,45.07327622961927,13.855020087571631,-0.3744894624634005,0.1609252279494948,0.1230464022325574,0.1419858150910261,0.4498346063652907,10.160237226616392,20.43009472137347,0.3526997629103314,0.0580318103802534,0.0129061266088522,0.0354689684945528,0.320909429549828,29.9738536786654,15.511919556178434,-0.3509889459956798,0.0746227126682188,0.0484128367584114,0.0615177747133151,0.5830227354219086,8.075188537404209,24.12865747028029,0.1582911061735943,0.0646167592931994,0.0126890532933322,0.0386529062932658
O=C(O)c1ccc(Br)s1,303.28793368797244,167.19593696926415,-0.4145041301437047,-0.3069943942097507,9.1695714490643,0.8238285996192084,0.7516461008873649,0.3278626933553252,43.27369727422612,14.719503984476187,-0.4105280801041065,0.1361262916039421,0.1247801563430911,0.1304532239735166,0.472169506878732,9.98195772418423,21.88981609566756,0.3570817572461309,0.0463735241442864,0.0099064475928935,0.0281399858685899,0.3386688766549183,27.69105815955234,17.008044031638853,-0.3795557616978768,0.0574132940308398,0.0460219169992468,0.0517176055150433,0.6180766132096034,5.322308023314682,26.945551930935544,-0.0214917770070753,0.0217211210764298,0.0341348536898369,0.0279279873831333
O=C(O)Cc1ccc2c(c1)C(=O)c1ccccc1CO2,462.7447696332104,306.2951374095837,-0.3897574394956106,-0.2881253796577157,7.924331804702724,0.6396715421942674,0.8827587960967258,0.3485962294805084,40.20099741895478,15.441786104003578,-0.4072749755120418,0.051260328284758,0.0745715794376939,0.0629159538612259,0.4759576293339685,6.46248918446476,22.583452632219643,0.3665485029643727,0.0174293342479977,0.0097502167304485,0.0135897754892231,0.3312590430183516,28.91787796846603,17.513532641684964,-0.3713507552986952,0.0219372360398351,0.0285797378529078,0.0252584869463714,0.4903674062721799,7.776798899779719,23.055995275454805,-0.0948919662400454,-0.0099272735506097,-0.0007072935461614,-0.0053172835483856
O=C(O)Cc1ccc([N+](=O)[O-])cc1,351.73771135582115,200.0638774508794,-0.4354537258850089,-0.3201179302547837,9.426635618135528,0.9813133892621712,2.923866117613698,0.3777065884414454,37.87355775397775,16.588649517103715,-0.3966264601990142,0.0454050356644663,0.120484394786372,0.0829447152254192,0.4662734552448017,6.992659038949014,22.572122464405243,0.3672280143855954,0.024255797678251,0.0191659139111709,0.021710855794711,0.2909508545052476,33.3362269218217,14.790659683864032,-0.3747041021838244,0.0372153985886506,0.0626003023240023,0.0499078504563264,0.4942272243827752,5.025115227691992,24.15818780519905,-0.0979735275820258,-0.0149366833649127,0.0069432263774369,-0.0039967284937379
O=C(O)c1ccccc1Cc1ccccc1,401.44102364052594,265.4488044518824,-0.3906824774337893,-0.2690107742641738,8.122914874223959,-0.1667517976963959,0.6364150502996122,0.442641203538286,27.54580479582141,17.953409900818496,-0.4192271042302312,0.1202947075947167,0.0617127874420306,0.0910037475183736,0.5626672040894478,5.003659100896546,27.139794054523687,0.3580612755886817,0.0487741098252348,0.0037731750599326,0.0262736424425837,0.367256913853536,24.227402846487493,18.285473970290603,-0.3824401437755095,0.0572215146441047,0.0328277544408178,0.0450246345424612,0.6999560223450528,2.98243969539121,30.852372777016,-0.0245696899245389,0.0424679672794054,0.019930590038182,0.0311992786587937
COc1cc(C(=O)O)cc(OC)c1OC,398.7683231309948,251.7374662127333,-0.3763502154038604,-0.2684671117931185,7.864263236904749,-0.2540696820868708,1.052708979214195,0.3317706392098397,41.58840952941534,14.86413517554243,-0.423116275504933,0.1512839213654969,0.0660266099704068,0.1086552656679518,0.4697749720462169,9.91023155097347,22.207608541179678,0.3560889646847768,0.0619466764835985,0.0041597470011794,0.033053211742389,0.32905096906448,27.73893917638811,16.659240980524434,-0.3790932916481853,0.0697913843524942,0.0259171382115293,0.0478542612820118,0.6177844297428252,5.360125238467998,27.13978068237041,-0.0272944577989187,0.0533277293860394,0.0428948320639814,0.0481112807250104
N#Cc1ccc(C(=O)O)cc1,315.9438497814489,169.9568594324408,-0.4306307648149826,-0.3081272759764543,9.513288600664223,0.8626242098413309,1.2967653806495854,0.3306990774459554,41.66340676328785,14.391888287184248,-0.4080460759134306,0.1301920238494571,0.1654270820945416,0.1478095529719993,0.4689713008619089,9.980233118548352,21.49546259325195,0.3559416326838619,0.0445187507286848,0.0219472078785687,0.0332329793036268,0.3297643740717108,27.378953147379068,16.247367339920913,-0.3760376430824179,0.0586615744037905,0.0684938706954285,0.0635777225496095,0.6118267787341516,5.410126542741552,25.850565679392652,-0.0094097066933992,0.0590727489897604,0.0395842571573402,0.0493285030735503
CC(C)(C)c1cc(C(=O)O)cc(C(C)(C)C)c1,462.4594241761432,333.1390612092291,-0.3972005120903073,-0.2661064893749507,8.218064672005092,-0.338655119384363,1.1020322460226537,0.3324357402246237,41.522447987113466,15.447469017755129,-0.4251486754637492,0.1517507635148502,0.0960881954289157,0.1239194794718829,0.4703724127233479,9.89227698180934,23.049255235663985,0.3529053549293136,0.0623562056337946,0.0125568995775042,0.0374565526056494,0.3328094828027806,27.573006241884062,17.705951991721847,-0.3853598237578446,0.069137651043001,0.0377951540260709,0.0534664025345359,0.6245225572433075,5.3801319013208015,28.7917343064635,-0.0243647624852552,0.0531789283935033,0.0263762599462109,0.0397775941698571
O=C(O)c1ccc([N+](=O)[O-])s1,310.9383012983474,165.96756405972422,-0.448677411292274,-0.3489922316559981,9.973120519288669,2.022017780283358,1.7265998150686643,0.3278359679092885,43.28603312748338,14.55464867668486,-0.3942605063399562,0.1052784423677476,0.1442810827163657,0.1247797625420566,0.4717694713768117,10.056089575883224,22.05631298788369,0.3591507288534331,0.0286107171264644,0.0118906914115965,0.0202507042690304,0.3403280173575131,27.3445560941238,16.94253939784454,-0.3706411687749351,0.0409402506624422,0.0514482117740944,0.0461942312182683,0.6193883284948567,5.28224300435752,26.84381414480608,-0.0163466818046068,0.0242249809957175,-0.0057228094755036,0.0092510857601069
Cc1ccc(C(=O)O)cc1F,317.26329382913553,177.48996188851618,-0.4166162723340981,-0.2837771459847327,9.15486171265762,0.0512367970878187,0.8768516514551857,0.3301317353102023,41.761349226604565,14.393466230216037,-0.4127103615645746,0.1545224464661631,0.1434039316770415,0.1489631890716023,0.4691941864917268,9.961393813542475,21.491372782683065,0.3561756797328406,0.0601772253921986,0.0132836846703718,0.0367304550312852,0.3296739345180371,27.45995486863944,16.156737854160912,-0.3784390259579564,0.0702717609216907,0.0584079535807298,0.0643398572512103,0.6113660709158055,5.4158631185103925,25.74687244246568,-0.0201578055689728,0.0591811846296094,0.0601965646487505,0.0596888746391799
O=C(O)C1(c2ccccc2)CC1,341.4295869676652,208.82244912820025,-0.3983155932375271,-0.2356637577543409,8.593898918636784,-1.1030853371358855,0.7091505872119057,0.3593365642737761,37.71455848991908,14.941403142582718,-0.423616702379181,0.1332772479926874,0.1372911317463412,0.1352841898695143,0.5405912240439692,6.12414284448635,24.310317118769326,0.3592350341142895,0.064029133864567,0.0173896615462684,0.0407093977054177,0.397258200980546,21.87916437219764,19.996151943588444,-0.3839462331943302,0.0510464583246841,0.0412709528033323,0.0461587055640082,0.7010296297591199,0.0,32.72988348461161,-0.0109546610255062,0.001647838877605,0.0183724950393026,0.0100101669584538
O=C(O)C1C[C@H]1c1ccccc1,351.51250406680714,209.57318891821944,-0.4017371870416251,-0.2400562444083762,8.658374483130347,-0.8477997518850571,0.8072540274415267,0.333773825715165,41.554381832773366,14.48936573720696,-0.4239705800444096,0.1297370410669879,0.123072561025108,0.1264048010460479,0.4685787483505389,6.771741866744622,21.95420247234263,0.3576211171700522,0.0660663068824998,0.0106895731937948,0.0383779400381473,0.3162772015371454,29.949953365539923,15.69986935030878,-0.3876961769366551,0.0627985639859478,0.0496086234925418,0.0562035937392448,0.5694378259624333,2.6176507199665533,24.71539545323953,-0.049505627567362,0.0020977023143363,0.030084228772011,0.0160909655431737
O=C(O)c1cc(Cl)cc(Cl)n1,330.0241229119069,180.65312261415056,-0.4122935754675714,-0.3124383753911651,9.1120467779906,0.9673814791423954,0.2739763515566878,0.3286969750893339,42.14499302914854,14.487311483334205,-0.3939516592249804,0.1409809155103244,0.125846981890137,0.1334139487002307,0.4590617566536275,10.13123542734912,21.383927591955047,0.3592595398696905,0.0498165659246403,0.0164217137759822,0.0331191398503113,0.3225219780570821,29.69925041133276,16.205198027887437,-0.3416217461574611,0.0682582872541758,0.0468236187925746,0.0575409530233752,0.6040167374067729,6.714151725701881,26.477056040306948,0.0743010349559865,0.0629010378137122,0.0223471953741138,0.042624116593913
Cc1cccc(C)c1C(=O)O,324.75441476348067,196.28039389754645,-0.3967120966630284,-0.2511588516928684,8.607907730600001,-0.8551089414964808,0.7102818913969442,0.3812473793483407,37.58606261204638,15.90185549251994,-0.414105804732008,0.1477252009535197,0.1034614446086529,0.1255933227810863,0.5534237560247475,0.3600084023764239,26.18683005821872,0.3665661122546114,0.0636981315505941,0.0040382101611036,0.0338681708558489,0.3839728731668483,22.70913153738183,18.06813578676549,-0.3779130291641898,0.0692501042567367,0.0372124414114426,0.0532312728340896,0.7110306792849908,2.9000677599975484,29.487767428758247,-0.0340310666659557,0.0588420783976274,0.0254617777959752,0.0421519280968013
O=C(O)c1ccc(F)cn1,287.77679026547526,146.43141236920596,-0.3974280684889413,-0.3018880627485042,9.196191589865212,0.3994066315343461,0.1817511606829979,0.3289821524585719,42.08482154374341,14.195864762087869,-0.4048851476607014,0.1550850082721386,0.1482708892237068,0.1516779487479227,0.4595977032733459,10.06602863086078,21.00353717850379,0.3558507081718305,0.0581547697522097,0.0183605607166978,0.0382576652344538,0.3211876209274243,29.9733882986923,15.445340293469144,-0.3488118174765405,0.0741280479415315,0.056188370775309,0.0651582093584202,0.5984794058929351,6.793399713697574,24.99528952491561,0.0632204770224792,0.0610524112796737,0.0264122649765257,0.0437323381280997
Cn1cc(C(=O)O)c(C(F)F)n1,328.9311330412458,179.69376907413212,-0.4207481596225257,-0.2718499077212649,9.541776309333132,-0.5444364204180852,2.322833786939274,0.3439739993990999,40.31426230694522,14.76050369440765,-0.4225259168394435,0.1719791417066666,0.1712786414579769,0.1716288915823217,0.496901646674228,9.717482913718534,21.604021492501264,0.3608239807063883,0.0782813081599863,0.0178432830873567,0.0480622956236715,0.3849443705492406,20.04539844003496,17.38050218039366,-0.3677974495289026,0.0808505453085025,0.066542004463524,0.0736962748860133,0.6414332094290867,5.210013446288888,25.501645865828067,-0.0527179613659646,0.0454839825220383,0.0487864101473111,0.0471351963346747
O=C(O)C1CC=CCC1,295.65853640255136,171.3997802336356,-0.3888346055660017,-0.2354675655873382,8.651034646340344,-1.7613693530749852,0.73166681968642,0.3582778649449145,39.04292511303258,15.00602449663753,-0.4104044971176573,0.1771813714628481,0.1113633444580805,0.1442723579604643,0.4914651764777255,4.822130221078045,22.26356066035376,0.3581121516702144,0.1005877456787173,0.0097230354502799,0.0551553905644986,0.3201156721479009,29.71209278336919,15.651270590710848,-0.3807929469895039,0.0886570173654202,0.0503479945522479,0.069502505958834,0.6167039081914399,0.1530135031574381,27.683820383871467,-0.0413359231309845,-0.0069789649911681,0.0048646175568934,-0.0010571737171373
Cc1ccc(C(=O)O)c2ccccc12,361.56468659476695,226.1981391430175,-0.3831501807825492,-0.2811933633673474,8.051729972338993,0.3599240358915483,1.0739540072465483,0.3669538859588625,36.388153903048696,15.882206528512755,-0.4250684606470442,0.1060125701198812,0.080641542976011,0.0933270565479461,0.5002953958505384,8.615550579178883,23.32611786657218,0.3546283425145288,0.036859553258861,0.0058863898218769,0.021372971540369,0.3402261400163641,26.50274814320703,17.02687078741849,-0.3868356368113534,0.0481600979052374,0.0369970859685047,0.0425785919368711,0.6545137680083875,5.278550359693062,28.191930393726143,-0.0299086410947225,0.0471922039264398,0.0569288340252528,0.0520605189758463
O=C(O)c1ccc([N+](=O)[O-])cc1,320.8255859823347,175.1947876472543,-0.4442793249524645,-0.3389395448189349,9.848753693643005,1.7065290606242427,1.826082934559052,0.3308155561612983,41.62340904705263,14.484737311425471,-0.3985422413320166,0.1063754952382869,0.1656327427786026,0.1360041190084448,0.468694672583279,10.002730800082926,21.4798473004946,0.3576439303657836,0.0314230606443555,0.0206226695891152,0.0260228651167353,0.330183675487767,27.231461027092365,16.264404115219744,-0.3705001030126337,0.0472295014975384,0.0685217096350623,0.0578756055663004,0.612133972528284,5.4251235115842285,25.888114030517336,-0.0033029302925387,0.0540358666991282,0.035062962528949,0.0445494146140386
O=C(O)c1ccc2c(c1)OCCO2,343.1713456985529,200.6930255574124,-0.391527413635177,-0.2712722707419555,8.469994266585935,-0.246414246721189,1.3863231836479817,0.3302312208329271,41.76671966859705,14.481792504058289,-0.4181221445644784,0.1546251260262535,0.1122518960956021,0.1334385110609278,0.4696378127268258,9.912756172483917,21.85351071038057,0.3553436031024507,0.0624101805174318,0.0094278036566342,0.035918992087033,0.3295024492319877,27.575207719251598,16.311825572859508,-0.3818200208208763,0.0703513396786031,0.0446869560142254,0.0575191478464142,0.6121492030077376,5.383491867789626,26.29399622698454,-0.0264489062396471,0.0550263226288239,0.054131968149314,0.054579145389069
O=C(O)c1ccnc(C(F)(F)F)c1,331.7521647386236,177.62730857237483,-0.4156402843764973,-0.3239927672651927,9.565203478109485,1.0415659534248871,1.4248537737591986,0.329988585543298,41.87039874623812,14.346273010962053,-0.391232171735043,0.1488990437032018,0.1475081219530038,0.1482035828281028,0.4671741054752362,10.038234542487658,21.60265404818605,0.3589907693115938,0.0521040050888486,0.0218685881080069,0.0369862965984277,0.3300922474799683,27.204959594109106,16.394036871427325,-0.3638018355943475,0.06897485271074,0.0618333838320187,0.0654041182713793,0.6130579109152884,5.444127199754607,25.775090155590718,0.0091510374562095,0.070539776286932,0.0396835947829452,0.0551116855349386
O=C(O)/C=C/c1ccccc1,334.3347915702412,186.5977466580998,-0.4018800110121182,-0.2917717879728259,8.73458012290524,0.4669255197473395,0.984469199462726,0.3221005192136499,42.89435613622648,14.188430458085271,-0.4243522959865441,0.1234820050005821,0.1296268128160052,0.1265544089082937,0.4245768723052961,9.938249806860773,20.49439644890905,0.3555231177488199,0.0431869363660194,0.0127815962236766,0.027984266294848,0.288177488103441,33.94098101406795,14.653640155477364,-0.3856130313331554,0.0619163931169893,0.0583701609843408,0.0601432770506651,0.4881389976287134,12.84940927103526,22.583974887029264,-0.0711143532676505,0.0512881661804109,0.0672297415375263,0.0592589538589686
CC(C)Cc1ccc(C(C)C(=O)O)cc1,434.8970322854422,292.1745607898241,-0.3879881589420941,-0.2372814931622452,8.056592857652273,-1.038328269907191,0.7393772652609629,0.3904829016886034,34.884666108429165,15.960211464271854,-0.409186035251996,0.1310971153148908,0.086936076718195,0.1090165960165429,0.5282496288138229,3.882090989060648,24.12367471828089,0.3629263841327805,0.0636788021929276,0.011939040002303,0.0378089210976153,0.3363678712113049,30.150847221684337,17.519784946648507,-0.3814488938681217,0.0632928005707314,0.0358506131260247,0.049571706848378,0.6153419705415136,0.1800042055512579,30.17847679050787,-0.0424683758226912,-0.0037269993781579,0.0098216457932947,0.0030473232075683
Cc1ccc(C(=O)O)cc1,309.4642065248501,172.82623386021316,-0.4079445475823716,-0.2712252867601368,8.938746678741023,-0.2996761209465847,1.1224363829849473,0.3300904952010237,41.70340755346419,14.373158775208928,-0.4219759236080724,0.1562661569376064,0.1483862695436668,0.1523262132406366,0.4693993413621998,9.905231703256414,21.554325996508908,0.3537216028944629,0.0627867743867017,0.0142267081829065,0.0385067412848041,0.3293654503778586,27.668939700557917,16.067667311645234,-0.3841876023441986,0.0708449836363447,0.061188560965459,0.0660167723009018,0.6108163674101466,5.380124629336246,25.693117061382303,-0.0226257407589518,0.0564992759056664,0.0692293767621475,0.0628643263339069
O=C(O)c1cnccn1,269.8052179910766,136.41617066925272,-0.3756351715340343,-0.3100200245992316,8.58690165547496,0.5387262724287205,0.7890856247041032,0.327196617208295,42.57204449907797,14.10700681989596,-0.400084533583623,0.1516287031013571,0.1168834098202126,0.1342560564607849,0.4582575152394303,10.06139908334411,20.81785088936696,0.3541802840423945,0.0548058164589807,0.016480943385428,0.0356433799222044,0.3212996985520536,29.76445598383364,15.481165911571551,-0.3511559681873962,0.070343602924304,0.0471754615653315,0.0587595322448177,0.5917678541429748,6.783348206234889,24.285818558406884,0.0614333119462692,0.0601234102926583,0.036185970792022,0.0481546905423402
COc1ccc(C(=O)O)cc1,324.8897668688164,183.4022506175136,-0.3947843365731844,-0.268115614075073,8.600403221757082,-0.3750826506928613,1.251373681328444,0.3298095284541856,41.77484217864624,14.40091111705421,-0.4242576190004311,0.1570427700039267,0.1251163127836007,0.1410795413937637,0.4695683109045223,9.936532653121134,21.60220327982148,0.3535256205306805,0.0642456031702803,0.0106212095699932,0.0374334063701367,0.329185438804154,27.69585996505945,16.18223331144266,-0.3858141615788335,0.0712257607609507,0.0507129264565986,0.0609693436087747,0.610804791504916,5.388206488208771,25.74751832947593,-0.0294398393305742,0.0544964494276203,0.0713060701705781,0.0629012597990992
O=C(O)c1ccc2c(c1)OC(F)(F)O2,340.94158122196865,184.8979296248017,-0.4400067982799953,-0.3048881480478039,9.816214478984284,0.610366038261594,1.4766430624525422,0.3313442292191514,41.57183527201087,14.455648287661576,-0.3981174583582891,0.1524807266794278,0.1544952213117461,0.1534879739955869,0.4695817923961111,9.984456846670309,21.748524123724398,0.3591672053620314,0.0569340422300633,0.0133754498557001,0.0351547460428817,0.3308492622836829,27.180854790789287,16.289331713823586,-0.3702369979446698,0.0697416588639663,0.0634151601429906,0.0665784095034785,0.6133647701322036,5.418254344146371,25.944319364054863,-0.0155441358276721,0.0627785404357291,0.0574608347523236,0.0601196875940263
Cc1cc(C)c(C(=O)O)c(C)c1,353.1547885318672,219.33700490426625,-0.39285219788103,-0.2492521091077027,8.375917038539697,-0.8335832872525102,0.8236366169006559,0.3813597653032605,37.40596577099812,15.936418064697802,-0.417547048387746,0.1456907173530549,0.0896243446618631,0.117657531007459,0.5509121557331987,0.4100698854798155,25.9105086666612,0.3655143187521568,0.0633220024648452,0.0023815757411947,0.0328517891030199,0.384008266793408,22.53922978956334,18.270332310896897,-0.3796391225654809,0.0682636803435065,0.0310183591095425,0.0496410197265245,0.7091225707866669,3.1500741453314016,29.66311541030365,-0.0400307221635116,0.0545945268497512,0.0485532934667045,0.0515739101582279
CC(NC(=O)OCc1ccccc1)C(=O)O,437.9240377210944,272.01357775776546,-0.4040831819487093,-0.2473736246314021,8.310651280151353,-0.6133620937234144,1.358819608653436,0.3313489965139061,42.5063774054888,14.489348469046345,-0.3964695541235824,0.1339871313153125,0.1059446074408294,0.1199658693780709,0.4932188811833755,5.694132900710193,22.48544442580706,0.3531150885096746,0.0726385793767258,0.0151558594558932,0.0438972194163095,0.3655888935152648,23.95708302894367,18.3327253090955,-0.3699301064158797,0.0628679748503201,0.0302166189263512,0.0465422968883356,0.581714738324735,0.0020001453019266,32.113135918927675,0.0241367259354404,-0.0017214256819811,0.0068068448182428,0.0025427095681308
O=C(O)c1c[nH]c2ncccc12,317.6538980468895,179.63935953436237,-0.3778405640360901,-0.2734091011536087,8.356495845370633,-0.0623116215452655,0.8638667232504521,0.342578956841186,39.8907829648262,14.930589225243626,-0.4287070519023724,0.1144492466061433,0.1226384535668881,0.1185438500865157,0.4807852807245492,9.957532441187816,21.82875859909201,0.3561411388445397,0.0421759175643186,0.0142792951860629,0.0282276063751908,0.3403810164654676,26.153854007791075,16.90941558210871,-0.3913530492012209,0.0497489957846249,0.0495257229229795,0.0496373593538022,0.6233713890575372,5.590496786147757,25.717281457966,-0.055186796068531,0.0393624679313837,0.0439695581770888,0.0416660130542362
O=C(O)C1CCCN1C(=O)OCc1ccccc1,419.42264918734605,301.4884268553828,-0.3914461909837424,-0.2453758817669741,8.189963231084837,-0.7277214380350893,1.0314610259701744,0.4235027548403983,34.46911127009026,18.166280385161357,-0.3987832187086739,0.1152699422703098,0.07709902645892,0.0961844843646149,0.6349001268476064,0.9180324225630874,27.99399305800853,0.3634115425841074,0.0589721072969142,0.0090746805636037,0.034023393930259,0.5963815087418269,9.30500642653384,25.706763853659638,-0.3677646996517976,0.0520771126112341,0.0147109999496822,0.0333940562804581,0.6533505015158871,0.5362203308632876,29.242002532606985,0.0222198344943982,-0.0028732202068389,-0.0038434685833473,-0.0033583443950931
CC(C(=O)O)c1ccc(CBr)cc1,394.0290869383039,248.66288039027887,-0.4035706161602629,-0.2596493369130953,8.442646223473764,-0.0402737367252228,1.6745838412258542,0.3925937600997814,34.63027753905711,15.848291283657826,-0.4053209275811377,0.0904508885233342,0.1028892212812486,0.0966700549022914,0.5275335615043377,3.813502484223456,23.863835715826195,0.363194100937515,0.0392731340962318,0.0159854689001676,0.0276293014981997,0.3333510666131523,30.50402759763719,16.975680217242225,-0.3784952791093913,0.0449524644586962,0.0449218068853442,0.0449371356720202,0.6156082475119021,0.1759621974389537,30.25875000880244,-0.0429601775385263,-0.0043820021941506,0.0128593058733801,0.0042386518396147
CCCCOc1ccc(C(=O)O)cc1,416.8917907038785,255.6043865007584,-0.3915711500432383,-0.2662321412247843,8.254749027910789,-0.4024782338138736,1.2656973702610483,0.3298768029430964,41.76530722079833,14.46853982761024,-0.4257450315479963,0.1559217098145794,0.0959626093569628,0.1259421595857711,0.4696228734782758,9.893868923458324,21.82264178503901,0.3533216065606808,0.0641671996758949,0.0081314812171717,0.0361493404465333,0.3291493605739801,27.71031048494215,16.323788000040988,-0.3861036408186963,0.0711222678243737,0.0381053505832986,0.0546138092038361,0.6107393867560885,5.401259817667462,26.152405338981406,-0.0301976985457921,0.0538252135696924,0.0575855529998843,0.0557053832847884
O=C(O)c1ccc(-c2ccccc2)cc1,393.51438576406974,242.50563813601127,-0.3970994450906991,-0.2791127174953384,8.291815832659374,0.3933236231839716,1.039302007476317,0.3300631290136356,41.71040486040723,14.614787837262316,-0.4206570025838918,0.1160837128895724,0.1040715161036314,0.1100776144966019,0.4693603242161887,9.932232099451548,21.891559597597578,0.3538396167697971,0.0421321124827636,0.0094900793155866,0.0258110958991751,0.3292047148025793,27.58894489928777,16.414501190500445,-0.3834005995595696,0.0525476648905258,0.0415442126863849,0.0470459387884554,0.610981177928074,5.412126461588564,26.525527082393005,-0.0201955816125024,0.045643747885901,0.0511174189048985,0.0483805833953997
O=C(O)C1CCC(F)(F)CC1,308.37453336543786,187.20689390543532,-0.4296330668748744,-0.2502493301666775,9.444971070458491,-2.184961016458183,1.5620474145914165,0.3972581997750836,33.38072341715372,15.774009347904745,-0.4041220780040233,0.2862860134622774,0.1254454202329442,0.2058657168476107,0.5333174152089403,4.304100564718124,22.38951246391362,0.359776500319602,0.18654446887817,0.0123118232398723,0.0994281460590211,0.3463729966422873,26.06300326985117,16.67130871601748,-0.377172091959132,0.1363004181344329,0.0556413101952347,0.0959708641648338,0.6216956298905288,0.1380032239844117,27.32336039422549,-0.0477397170693322,-0.0055626520167389,0.0149799247426069,0.0047086363629339
O=C(O)c1ccncc1Cl,293.43955262960577,161.15847302509417,-0.393231157409584,-0.3051387276824663,8.779367880931236,0.6418042934252626,0.7820319361771688,0.360521250893889,38.374168260995376,15.16160799628671,-0.39828888789446,0.1472312449349891,0.1134281372806,0.1303296911077946,0.500030617894889,9.030022876709063,22.601412055616212,0.3622587719528637,0.0517566984729604,0.0137550626468336,0.032755880559897,0.3634572966304519,23.66128447382065,17.4551940572251,-0.3666087607002883,0.0674429176839863,0.0443318413267613,0.0558873795053738,0.6526432916047655,5.36238613004592,26.960510779593545,-0.0092817372543219,0.0672482321123906,0.0355609649748433,0.0514045985436169
O=C(O)c1ccccc1,280.6092537237573,149.77375486485326,-0.4168658956661318,-0.2767529032206891,9.34406201745644,-0.2427057891409416,0.8871181327328994,0.3302972317584476,41.66840815417318,14.300801495821172,-0.4177924458007718,0.1610017414471737,0.1782345248071636,0.1696181331271687,0.4694692247648548,9.915230264305166,21.51890174938293,0.3543446577679075,0.0640587447094,0.0225411959293055,0.0432999703193527,0.3294440670139522,27.553947654503748,15.945163483193276,-0.3815549393841304,0.0730557783408893,0.0741762558889078,0.0736160171148986,0.6112385845577741,5.385126664699788,25.68681371959307,-0.0167543619205996,0.0602850127328104,0.0440071270151317,0.052146069873971
O=C(O)c1cc2ccccc2s1,336.5864772483979,195.638574323816,-0.3894744099866494,-0.292900935743232,8.32977344539245,0.6170118822371837,0.9793517930907364,0.3279488137246696,43.25618937674706,14.708586434028446,-0.4159116498557531,0.1264672176167114,0.0775944769828331,0.1020308472997722,0.4729938696737118,10.024683735010312,22.340571561758864,0.3560364360640972,0.0447269993568138,0.0043694572001167,0.0245482282784653,0.3394965835903488,27.68071558488176,17.12546278119272,-0.3790657334873105,0.0551848229168348,0.0236630960245416,0.0394239594706882,0.6202275453733469,5.3229633135322505,27.65263383823283,-0.0076313544046807,0.0260731687349351,-0.000802585719954,0.0126352915074905
O=C(O)c1ccco1,258.1889333668917,125.39463689333962,-0.4168827346066096,-0.2790251048208975,9.797798283912432,-0.4187635411271811,0.9535753440990872,0.3179379116843765,44.80477782339234,13.692436410803014,-0.4091344712843749,0.1815658498277686,0.1982002050420053,0.189883027434887,0.4518532397544698,10.110625711027309,20.032426025301856,0.3510825696733468,0.0780655154866441,0.0186872859599652,0.0483764007233047,0.3182029092394876,30.296766409199652,15.065720430846811,-0.3741772963931594,0.0839762680912089,0.0856517542675571,0.084814011179383,0.572317556597477,7.053930900495386,22.710373979690917,0.0803741593263532,0.0498210215563484,0.0919667515245927,0.0708938865404705
O=C(O)c1cccc(-c2ccccc2)c1,393.3789143848543,243.1399506765325,-0.3950480735220413,-0.2756425350151334,8.257510629429472,0.1621756600868985,0.9704811850388816,0.3303420155597421,41.69611148984345,14.760432816700302,-0.418397709153898,0.1158183070820044,0.098587579736599,0.1072029434093017,0.4693742154830018,9.944167013217028,22.227182466761374,0.3544194087617806,0.0437908719170826,0.0092191840461717,0.0265050279816272,0.3300096174341711,27.52730645355647,16.917468761122187,-0.3820006233143364,0.0525103856396234,0.0358540817562819,0.0441822336979527,0.6159375641681509,5.384876822270519,26.82691347526788,-0.0181921647200794,0.0396851575282671,0.0305286328358386,0.0351068951820529
CC(C(=O)O)c1ccc(-c2ccccc2)c(F)c1,451.65417489147046,293.6155033890566,-0.3914214550834004,-0.2574559304318163,8.011559269963124,-0.0062355815546103,0.2912844569653565,0.3920495793903231,34.65492969532134,15.991584858286393,-0.4047523067864801,0.086155517393949,0.0759079737943139,0.0810317455941314,0.5274528485967453,3.7822693709636206,24.06709992346624,0.3633313874779258,0.0373418802712152,0.0102833103620166,0.0238125953166159,0.3340008052288563,30.444514907674456,17.100170039101783,-0.3770548469702953,0.0425789013448289,0.0324325860701196,0.0375057437074742,0.6155213573697783,0.1781110663899846,30.55039355895996,-0.0427505882179474,-0.0033896081767606,0.0082170317480438,0.0024137117856416
O=C(O)C(c1ccccc1)c1ccccc1,411.26445320376575,265.4549561234199,-0.3957737610422575,-0.2420737098282628,8.147536886011128,-0.6260448999476593,0.577491008948309,0.432820070792496,29.620867356199508,17.326304331222772,-0.4080679024190211,0.0907355117948745,0.0734034351478848,0.0820694734713797,0.5532799083072948,3.6780859423353327,26.444065959023423,0.3658223734712076,0.0430458008932174,0.0084803340217145,0.0257630674574659,0.3263883711093839,31.998776516404657,16.98181415291995,-0.3784729463009348,0.0502505438782266,0.0390598938617966,0.0446552188700116,0.703546635639844,0.0500011698926637,33.488320248659136,-0.050325476798148,-0.0043805358518553,0.0085579983475752,0.0020887312478599
O=C(O)C1c2ccccc2Oc2ccccc21,402.9146254206901,260.19389993334374,-0.3747340076590292,-0.2501801199667319,7.668048902283618,-0.3675730524101447,0.8054778678946383,0.3997248812556659,38.046722165768685,18.22517860066736,-0.4027337564567494,0.1001373872259236,0.0613563574123721,0.0807468723191479,0.5589449357703697,2.081316902004057,27.193843778579115,0.3649961865908717,0.0406411039097997,0.0089961557960135,0.0248186298529066,0.375872532344901,23.780253270521744,18.74585395572777,-0.3750812829785662,0.0481481696289245,0.0270641312106477,0.0376061504197861,0.6847491113655686,0.5905212811592184,31.593800813299435,-0.0365148053570134,-0.0035855167866084,-0.0007365614909641,-0.0021610391387863
O=C(O)c1ccc(C(F)(F)F)cn1,331.8301207436583,177.37653294701488,-0.4097653018556596,-0.3208408845444477,9.483229747458616,0.9895073758946336,0.7868177801306129,0.3297882491188614,41.85439921582218,14.291163630503624,-0.3993568662929372,0.1436420261876777,0.150516353708348,0.1470791899480129,0.4591362279649211,10.076235502377868,21.136044020379963,0.3570075066144242,0.0502034450913059,0.0196975888606851,0.0349505169759955,0.3205693251616363,30.08884920930609,15.75116689532396,-0.3397350617511006,0.0701267482215581,0.0561833543026401,0.0631550512620991,0.5984089635506522,6.764158189645574,25.343093930069184,0.0763683438805775,0.0662861703664021,0.0245070740408154,0.0453966222036088
Cc1ccc2cc(C(=O)O)ccc2n1,370.9424959682343,223.29093018182147,-0.370779161011469,-0.2894224240268647,8.1341115008062,0.5867128180771599,1.0565674317410354,0.3305227587152388,41.63366679542024,14.760511302853043,-0.4185002885954171,0.105482601802992,0.0998918352431109,0.1026872185230514,0.4697495348826065,9.94083555312366,22.062245497111878,0.354497786074202,0.0356801629549448,0.0092682452670513,0.0224742041109981,0.3296341108680999,27.54271063668316,16.44428768950022,-0.3816979640560245,0.0473305681996515,0.039980368242278,0.0436554682209648,0.6132015750679145,5.405614824981285,26.4499135330858,-0.0194766803095288,0.0426443840427693,0.031932396873994,0.0372883904583817
CC(C)(C(=O)O)c1ccccc1,345.1214356449274,219.4368499621927,-0.3972231823628797,-0.2356005736930845,8.53882656076597,-1.157055273599494,0.7269267417080592,0.386606643454355,36.85459034189441,15.85096127156832,-0.4088365089627227,0.1363187793689374,0.1289399670092612,0.1326293731890993,0.5806373462427371,1.2200284450000196,25.03712512258898,0.3622083478817908,0.0634967277802489,0.0177500723724018,0.0406234000763254,0.4080297240794149,21.209189045648177,19.70801573386333,-0.3780034170130091,0.0580417300541977,0.0437961194656194,0.0509189247599085,0.7172241896044568,0.0,8.348174184643211,1.7835132018276544e-05,0.0050002210430103,0.0241400050723847,0.0145701130576975
O=C(O)Cc1ccc2c(c1)OCO2,348.5435537195091,203.5274610772733,-0.3768472522494668,-0.2462864966270401,7.986025910290408,-0.8294403478778701,0.718568682702056,0.3387076284530918,42.52241329666401,15.38268622111542,-0.403108442084895,0.1352205839565722,0.0868768536683633,0.1110487188124677,0.4772252719386805,6.580327270727801,22.34788891721781,0.3662778959965069,0.0638978315963534,0.0105954335049658,0.0372466325506596,0.3445273725909171,26.16753042927619,17.112562220183055,-0.3732591252189197,0.0632430496668699,0.0321068455185404,0.0476749475927051,0.4924276397644817,7.997773626859098,21.03372515881841,-0.0951227534646287,-0.016899664689815,-0.0027019911094596,-0.0098008278996373
O=C(O)C1Cc2ccccc2C1,342.00530484543856,205.0978180039701,-0.3886930354901611,-0.2385685823069409,8.360562410286592,-1.1136448967853485,0.6956558780945705,0.3560409569543165,39.1431746573952,15.329622061780062,-0.4088655021552129,0.1333966513346839,0.0708893419180075,0.1021429966263457,0.487467211178905,5.318860160962947,22.455477516816995,0.3601926026215256,0.0721238683520721,0.0041688435272506,0.0381463559396613,0.3181701448378761,30.641471585933537,15.859384645526164,-0.3801932155274227,0.0691094977678824,0.0341483082420752,0.0516289030049788,0.5897928313857576,0.3494925840717202,29.481048726524943,-0.0420688923849535,-0.0045831287343992,0.0030622453207118,-0.0007604417068437
Cc1cc(C)cc(C(=O)O)c1,338.4440194889285,197.72968920460585,-0.3982592264335718,-0.2688189215388986,8.618841151519728,-0.3502794660919416,1.0781818989044492,0.3303177221499939,41.63837724427624,14.515396568551353,-0.4218666549009265,0.1563538221180487,0.1186443499953416,0.1374990860566951,0.4698797102875228,9.935277697499275,21.830100444817077,0.3541446023313592,0.0635438196228602,0.0101877401280263,0.0368657798754433,0.3295109886771727,27.603807660259264,16.516167363897395,-0.3836249760614895,0.0711095970633868,0.0468024588654953,0.0589560279644411,0.6144617496586393,5.395110868792781,26.68885539485786,-0.0213730441453488,0.0558693517065508,0.032707010403271,0.0442881810549109
O=C(O)C1CN(C(=O)OCc2ccccc2)C1,449.8245401122932,282.7025398669136,-0.3948036273923881,-0.2559369228488166,8.154959860024288,-0.530106252781491,1.2681491522423822,0.3532398640640042,39.90676148260362,15.556945161822073,-0.3928592793558776,0.1339908689939182,0.0386985361201138,0.086344702557016,0.4761880521841443,5.878994708554126,22.24652284290559,0.3609449966832297,0.0792569843198501,0.0041521431021748,0.0417045637110125,0.3115860143837152,31.83027506241023,15.459287758787722,-0.3724161274142979,0.0730626049433187,0.0253439590407267,0.0492032819920227,0.5492628874164686,1.5346621213996448,25.277287984535448,-0.0488869653113374,-0.0033799345202582,0.0033055821842894,-3.7176167984392616e-05
O=C(O)c1ccc2nccnc2c1,334.9509450283374,192.4954435608012,-0.366635464862476,-0.3136259081811529,8.047993162581935,1.1084324968399963,0.7418278004910763,0.3309623580695551,41.582559638526085,14.471844697269754,-0.4080757538046504,0.0993904765604104,0.0868202190806756,0.093105347820543,0.4695294502242846,9.970232952896623,21.92938447996732,0.356362118908336,0.0293392722768043,0.007351090062584,0.0183451811696941,0.3301133213334941,27.361805535901794,16.432361007389094,-0.3753130780073911,0.0423955831386469,0.0335921249724972,0.0379938540555721,0.6132820352057332,5.451699587576071,26.472930236844363,-0.0128137618602326,0.0450558413308995,0.0359810564695538,0.0405184489002267
Cc1ccc(CC(=O)O)cc1,338.21448945714883,198.080506144894,-0.3886654626827198,-0.2392791463741127,8.319194524940944,-1.0756856461923954,0.7889186626732301,0.345518123471806,41.37380679369555,15.397636598698345,-0.4078014204304047,0.1370547215681875,0.1104517256663607,0.1237532236172741,0.4754560442832065,6.570369939938364,22.074571524676205,0.3661638359821298,0.0674289634109155,0.0167831509561356,0.0421060571835256,0.3342866301571274,27.892283998629253,16.889875051316494,-0.3772956546387727,0.0663196584270868,0.0459612262917695,0.0561404423594281,0.491208647623919,7.580038151323934,21.47993541847645,-0.092821160345076,-0.0178212855323792,0.0014408064279973,-0.0081902395521909
COc1ncc(Br)cc1C(=O)O,349.4256303203656,202.8641714563959,-0.4052966607180571,-0.3022293463584427,8.701747531191641,0.6211400331315209,1.6540456324379318,0.3394525679732203,40.492762023037486,15.001037917008752,-0.4084240244546149,0.1378512143611429,0.1003845683460142,0.1191178913535785,0.486055447378956,9.986104320769751,22.11067966495421,0.3601331886042046,0.0499962249223473,0.0100828656880293,0.0300395453051883,0.3618664569767764,23.85852566131805,17.568618022394464,-0.3655641692242863,0.0656637770080147,0.0378468697010746,0.0517553233545446,0.6397447763584456,5.468099092795498,26.864874883363058,-0.051274673980408,0.059940119352742,0.0443428426805195,0.0521414810166307
CC1(C)C(C(=O)O)C1(C)C,325.28845544442447,205.3651387311277,-0.3963996949834528,-0.229303358775424,8.511973789092316,-2.1692761182770224,0.7556508627270855,0.4249277860571092,29.042889300325346,16.012302349871693,-0.4383095428065855,0.2264120634761514,0.1058741262251135,0.1661430948506324,0.5232936544872332,6.124143067497836,23.60198451267019,0.3593339592821324,0.1406752410722765,0.0111634186201682,0.0759193298462224,0.3019567647104014,33.83270614543985,15.367613731865994,-0.3947668102278311,0.1104057780053825,0.0581879983816822,0.0842968881935323,0.6698495155097965,2.1040491521223808,27.164809735228538,-0.069306685678148,-0.002024863299579,0.0201391286805951,0.009057132690508
Cc1c(C(=O)O)oc2ccccc12,345.943888097538,204.52802047119616,-0.3938591321988057,-0.2826691195431233,8.438576518696653,0.2965486235472281,0.8256499060074809,0.3598814382068515,36.07906121846211,15.248391255558628,-0.421995238518416,0.1305774340551694,0.0831661141893996,0.1068717741222845,0.4791810888506506,9.858166792132629,21.647266636240666,0.3494773552799252,0.0514778474247244,0.0071666819817845,0.0293222647032545,0.3236414132573166,29.4891828482726,15.939784825841432,-0.3720373358073709,0.0629918139838388,0.0365733735668832,0.049782593775361,0.6224957153421583,6.93537898864795,25.66495172718714,0.0754497428938398,0.0423066832336386,0.0592180616221001,0.0507623724278693
COc1ccc2cc(C(C)C(=O)O)ccc2c1,440.8871852410661,286.9553779719458,-0.3691374120140573,-0.2579727773941764,7.517017660381214,-0.1793627332337617,0.9953404505937248,0.3910424057684465,34.80007058714247,16.119047044903045,-0.4089678018487301,0.0754130245282364,0.0622400814059262,0.0688265529670813,0.5282096697962735,3.873150233992152,24.13133008862024,0.3628372042537421,0.0316774712821581,0.0074586251851171,0.0195680482336376,0.3362644313283238,30.19824646423158,17.371948287021002,-0.3808697246362966,0.0374806826292888,0.0264379348897227,0.0319593087595057,0.6156506569498017,0.1742091207500059,30.630202085728754,-0.042716101794386,-0.0039424604925241,0.0049815877989144,0.0005195636531951
Cc1cc(C(=O)O)cc(Cl)n1,331.7684122995474,185.7984123113777,-0.3962165482417132,-0.3020704893399156,8.757851573213195,0.621066637121419,1.0025065895279608,0.3301583246050117,41.82955673890407,14.605610936748102,-0.4000632628655682,0.1488775724800345,0.1120373105905134,0.130457441535274,0.4680431230300649,10.00855018628115,21.85649974997288,0.3580045075530838,0.0546420274909134,0.0149537755900821,0.0347979015404978,0.3300749707134879,27.327373225412146,16.5979594983216,-0.3701617165495169,0.0684076764991836,0.0456407797512146,0.0570242281251991,0.611125052987371,5.446759938890897,26.31693106566647,-0.0002242576067655,0.0660280407244441,0.0348134113720946,0.0504207260482693
CC(C)(C)OC(=O)N1CC2(CC2)CC1C(=O)O,448.2523602474925,314.56628075489056,-0.3832456860351224,-0.2395785988384927,8.110821539155918,-1.8901854517355423,1.6503011765321531,0.3522432910925447,42.02039300880947,15.556954351009406,-0.4037618015850214,0.1997794225498425,0.0921311083775796,0.145955265463711,0.5608623742055224,2.51005864744052,26.42320911934817,0.3600249215940737,0.1134886871128109,0.0090962056299692,0.06129244637139,0.4635820443476794,11.893545154163249,23.665880877414324,-0.3591604298118931,0.0906816374129955,0.0135887138197896,0.0521351756163925,0.6624207976200689,0.4320100931602327,29.685357181656688,0.0251010281179116,-0.0061021133095335,-0.003587976087547,-0.0048450446985402
Cc1ccc(F)cc1C(=O)O,310.62155927915853,175.5040041267838,-0.4120491826394559,-0.2853302606501836,9.035519636662938,0.0672907726623416,0.6743281320372743,0.3714303340611333,33.78218069145193,15.204895190146976,-0.4148802915142738,0.153497384627989,0.1195380818434972,0.1365177332357431,0.4995070539066543,9.518360523766038,22.57990196516217,0.3558052958044778,0.0596304123077211,0.0102739248183644,0.0349521685630427,0.3450729336667834,24.821182868737168,16.844060459219754,-0.3796675006855859,0.0689984902264322,0.0512733922624619,0.060135941244447,0.6541169594993466,5.342005781521627,27.047145010672327,-0.0261919502173683,0.0576993218005389,0.0379511691217766,0.0478252454611578
COc1ccc(CC(=O)O)cc1,352.89441770662484,208.7720292144516,-0.3780035591373715,-0.2393198483844408,8.020099691845648,-1.065288019320373,0.4512789929632469,0.3403489600301669,42.13838758122894,15.3433583595731,-0.4090260707664012,0.1372930451163671,0.0985439056033458,0.1179184753598565,0.477129146014319,6.562152969655232,22.0613849591955,0.3659810406518742,0.0668304164799089,0.0140968622006125,0.0404636393402607,0.3420273434313969,26.714979079924763,16.945672891618095,-0.3755778851544532,0.0652180958262771,0.0386963417180716,0.0519572187721743,0.4907379776285149,8.034187402849305,21.0927653370031,-0.0931674457466781,-0.0169817359378302,-0.0008306263344974,-0.0089061811361638
O=C(O)c1cc2ccccc2o1,327.62724251209977,182.0324443572833,-0.4026691327512249,-0.289127838033115,8.826702728667097,0.3899632654726709,0.9812781336316816,0.3190630391313503,44.44708796620549,14.089660843886817,-0.4074146290326376,0.1402811552404366,0.1154886981712259,0.1278849267058312,0.4526911644476508,10.042370024603454,20.477838686107983,0.3514357682856278,0.0540680368436738,0.0104361551590566,0.0322520960013652,0.3188698611029157,30.17061841454239,15.595569597069264,-0.3705326937070996,0.0656604829920751,0.0466604498438467,0.0561604664179609,0.5763526979036389,6.982858534341321,24.21477933535536,0.0917921098992875,0.0489868558166951,0.0593416232303381,0.0541642395235166
O=C(O)Cc1cc(F)cc(F)c1,333.2666922999163,182.67068153910685,-0.4233477255741678,-0.2556844116175391,9.329513178597434,-0.6116079741786875,1.5818452335417337,0.3774692508377406,37.92854949388612,16.466403640656786,-0.3960258305429582,0.1078706178669227,0.1180682351109201,0.1129694264889214,0.4662749254609428,7.040164490067848,22.461373020240146,0.3666190535304637,0.0595373764237973,0.0173985874198922,0.0384679819218448,0.2908620247889609,33.35372444760111,14.630660325774908,-0.3756867769090126,0.0656884683837501,0.0638081131625254,0.0647482907731378,0.4943626537401332,5.025117410689023,23.45232093532327,-0.0969061196839209,-0.0199228896821781,0.0026075596185733,-0.0086576650318024
