can,E,ES_root_dipole,ES_root_electronic_spatial_extent,ES_root_molar_volume,E_scf,E_thermal_correction,E_zpe,G,G_thermal_correction,H,H_thermal_correction,charge,dipole,electronegativity,electronic_spatial_extent,hardness,homo_energy,lumo_energy,molar_mass,molar_volume,number_of_atoms,zero_point_correction,C1_APT_charge,C1_ES_root_Mulliken_charge,C1_ES_root_NPA_Rydberg,C1_ES_root_NPA_charge,C1_ES_root_NPA_core,C1_ES_root_NPA_total,C1_ES_root_NPA_valence,C1_Mulliken_charge,C1_NMR_anisotropy,C1_NMR_shift,C1_NPA_Rydberg,C1_NPA_charge,C1_NPA_core,C1_NPA_total,C1_NPA_valence,C1_VBur,C2_APT_charge,C2_ES_root_Mulliken_charge,C2_ES_root_NPA_Rydberg,C2_ES_root_NPA_charge,C2_ES_root_NPA_core,C2_ES_root_NPA_total,C2_ES_root_NPA_valence,C2_Mulliken_charge,C2_NMR_anisotropy,C2_NMR_shift,C2_NPA_Rydberg,C2_NPA_charge,C2_NPA_core,C2_NPA_total,C2_NPA_valence,C2_VBur,O1_APT_charge,O1_ES_root_Mulliken_charge,O1_ES_root_NPA_Rydberg,O1_ES_root_NPA_charge,O1_ES_root_NPA_core,O1_ES_root_NPA_total,O1_ES_root_NPA_valence,O1_Mulliken_charge,O1_NMR_anisotropy,O1_NMR_shift,O1_NPA_Rydberg,O1_NPA_charge,O1_NPA_core,O1_NPA_total,O1_NPA_valence,O1_VBur,O2_APT_charge,O2_ES_root_Mulliken_charge,O2_ES_root_NPA_Rydberg,O2_ES_root_NPA_charge,O2_ES_root_NPA_core,O2_ES_root_NPA_total,O2_ES_root_NPA_valence,O2_Mulliken_charge,O2_NMR_anisotropy,O2_NMR_shift,O2_NPA_Rydberg,O2_NPA_charge,O2_NPA_core,O2_NPA_total,O2_NPA_valence,O2_VBur
CC(C(=O)O)c1ccc(-c2ccccc2)c(F)c1,-828.2293372287678,1.8957788357052905,5951.545697044688,2183.0929937089086,-828.487079565599,0.26210342432410455,-828.2447306226188,-828.2892503247831,0.2021903283088639,-828.2283931584674,0.26304742432410455,0.0,2.0520383146159524,0.14172161191654586,6083.88513480715,0.09947719201110249,-0.24119880392764834,-0.04224441990544335,244.2649,1987.381527876036,31.0,0.24671003129732239,-0.02016399945822213,-0.09981082926894799,0.019784764054817022,-0.3640502075717246,1.99891,6.364050207571724,4.345359611188149,-0.10195875009519531,11.550861530804221,147.2754802524086,0.018941640785504005,-0.36365238500665115,1.9989,6.363652385006651,4.3458063261435935,0.6718239271119676,1.0863839751380218,0.1834851388477751,0.06015860893106714,0.8528784952364168,1.99929,5.147121504763583,3.087677021357205,0.1945073535902228,98.10947757372107,24.97406547475946,0.05927203347079954,0.8725656056721441,1.9993,5.127434394327856,3.0688616578525174,0.5675773462112481,-0.7168793321263192,-0.2424025686851984,0.010826690793730009,-0.6154860459689815,1.99971,8.61548604596898,6.604957640129054,-0.2388837972838323,537.960976260673,-56.71036691693601,0.01065392119895846,-0.6137362876472792,1.9997024180507355,8.613736287647278,6.603375822872896,0.4138003840527274,-0.6941112511134995,-0.19696058688837556,0.010407494481293661,-0.7049846532069451,1.9996724180507355,8.704984653206946,6.69490302562872,-0.19470407017931093,172.57103425477044,146.00063584055903,0.010347467850392512,-0.7031515829034565,1.9996724180507355,8.703151582903457,6.693127236778222,0.40081176028454973
CC(C(=O)O)c1ccc(CBr)cc1,-3111.1348152763085,2.8667233142879596,4878.937134947088,1750.1714241775928,-3111.336793667907,0.20451433579676506,-3111.1475405019855,-3111.190158302044,0.14917146945385326,-3111.1338712763086,0.20545833579676506,0.0,2.5556978659244054,0.15207887116224927,4962.631774159061,0.10805194457059157,-0.26013081573284086,-0.04402692659165772,243.0997,1711.211669697828,24.0,0.19178911011973176,-0.0256724399669829,-0.10038688450577764,0.019663270080981295,-0.3672286178978618,1.9989099999999997,6.367228617897862,4.3486558865045195,-0.1026953708750623,10.588555755369004,147.46158415911069,0.018914191185662364,-0.3643325460247185,1.9989,6.364332546024718,4.346517945929851,0.671843482021656,1.085691925709751,0.1848467877452342,0.060441983154196105,0.8578607039834183,1.99929,5.142139296016581,3.0824014088726948,0.19403591684501964,98.60998088719532,24.5598414567209,0.05932241877879179,0.8726377259645622,1.9993,5.127362274035438,3.0687402641658506,0.5688047738203496,-0.7144571350566206,-0.24062910697963832,0.010721077598506459,-0.6150146100065293,1.9997040960103094,8.61501461000653,6.604592175901973,-0.24053675701719196,540.1735890572212,-54.49033355619347,0.010606530114864714,-0.6160392124907617,1.9997013565060489,8.616039212490762,6.605726369477002,0.41991577654205176,-0.6939810871391074,-0.1947074554001016,0.010342930228067013,-0.7018570681217005,1.9996713565060489,8.7018570681217,6.6918400418833235,-0.1939117186773776,174.5855808510181,145.2597675152412,0.01029743514758123,-0.7012424218108964,1.9996713565060489,8.701242421810896,6.691267726167576,0.39282988055431994
CC(C(=O)O)c1ccc(CC2CCCC2=O)cc1,-806.6044391277478,2.558219674314849,6945.896048211411,2168.4411909534365,-806.9172756444673,0.32108670572563275,-806.621374195022,-806.6691300111071,0.2563952036522315,-806.603494296588,0.3220308182910134,0.0,3.1393106722120674,0.13547843311224372,7076.622692755267,0.11028077005042859,-0.2457592031626723,-0.025197663061815128,246.30539999999996,2248.289376748429,36.0,0.30415158893561717,-0.012935271604896674,-0.09971522233145963,0.01888510612798942,-0.3636810463746618,1.9989,6.36368104637466,4.345894151209264,-0.09940422969473114,10.4569085155801,147.75030893443164,0.018875663023787806,-0.36340089566398737,1.9989,6.363400895663987,4.3456303638029325,0.6727986066316285,1.084527672784326,0.19294817716285673,0.05935449467308013,0.872740938151907,1.999297757817766,5.127259061848092,3.0686072123937946,0.19297966627601615,99.32522681239581,24.21516392421486,0.05935860709757662,0.8729321567387217,1.9992983026150157,5.127067843261277,3.0684171858784968,0.5697677826712239,-0.7155786019010361,-0.24269474643183966,0.010575952584922428,-0.6180173001277391,1.9997011320795024,8.61801730012774,6.607741255419964,-0.24307877276535717,539.3517953450126,-53.00836617019581,0.010574248631856574,-0.6184345759281756,1.9997011320795024,8.618434575928175,6.60815874958093,0.4211463844786507,-0.6937811642985211,-0.19437148688132344,0.010280768939113812,-0.701287876041598,1.9996711320795022,8.701287876041597,6.691327091551409,-0.1944309616959409,175.2337832946808,145.28264035752335,0.010280097904187374,-0.7013388346707501,1.9996711320795022,8.701338834670748,6.691385439076603,0.3918624369234996
CC(C)(C(=O)O)c1ccccc1,-537.7336234378711,1.5231880708861083,2012.840059708587,1600.6382860163108,-537.9423120457915,0.21222331212581969,-537.7447555252194,-537.7820416403196,0.16380468428127948,-537.7326785830028,0.21316745725759362,0.0,1.519183345576275,0.1359010483535714,2064.823307811521,0.12134970683674517,-0.2572507551903166,-0.014551341516826213,164.2036,1489.008327895208,24.0,0.20109079530517682,0.017195040826022454,-0.3932282260982792,0.018459363103294546,-0.18096158374906585,1.9988114513177395,6.180961583749067,4.163699318010292,-0.3967195028725255,17.491505269230707,148.288215177264,0.017623398608160264,-0.17744542342945074,1.9988014513177395,6.17744542342945,4.161022024821291,0.7848326797791941,1.036412551344724,0.21721074616350572,0.06406164714222026,0.8474821164898754,1.9992114513177395,5.152517883510125,3.089239079772666,0.2361684773927099,99.65867056043959,22.192178422872946,0.062491151169538975,0.8787334846317278,1.9992214513177395,5.121266515368273,3.0595524615632543,0.616091973232808,-0.702464241764502,-0.23077204014842506,0.010680636896705453,-0.6073936002454824,1.9997000000000003,8.607393600245484,6.597012963348778,-0.23319682357111013,538.6733712165719,-58.96335589458025,0.01042192899026857,-0.6152141777436464,1.9997000000000003,8.615214177743646,6.605092248753378,0.43221486281007226,-0.6776590930174778,-0.19153679484419184,0.01041952232747091,-0.7042446022164666,1.9996714513177396,8.704244602216466,6.694157923293757,-0.19090208703566586,164.61137152239797,148.72243241793342,0.010322424962949873,-0.7044098479537649,1.9996714513177396,8.704409847953766,6.694415971673076,0.439690899105703
CC(C)(C)OC(=O)N1CC2(CC2)CC1C(=O)O,-822.8426192249283,2.9749292595495653,4298.115446578949,2020.0779807532228,-823.1543230030043,0.3238629783929086,-822.859933013926,-822.9053457558623,0.26113644745900877,-822.8416752249283,0.3248073155066229,0.0,2.325288260366358,0.12088071412854078,4583.154018371767,0.12810361853715632,-0.24898433266569708,0.00722290440861555,241.28640000000001,2008.3970510898998,36.0,0.3065495265088752,0.23339316558019313,0.04441896093333852,0.02876120160587206,-0.11178001508873309,1.9990237225022047,6.111780015088733,4.083997054197715,0.0572455001807553,32.694395038535134,134.3007824158304,0.025247450198095593,-0.12948078989269773,1.9989837225022047,6.129480789892698,4.105248209273166,0.7007921834537859,1.0100700400651594,0.0220178930248765,0.05591775340148267,0.5104823083681089,1.9993194447030276,5.4895176916318915,3.4342828081086463,0.20072818522712235,100.21982813969666,23.971593579757922,0.06006333152539023,0.8578834280559368,1.999303722500497,5.142116571944063,3.0827472033377648,0.6182450580308217,-0.6933043359037429,-0.24767310863377212,0.013796546195595977,-0.5634853843206833,1.9997314079200854,8.563485384320684,6.5499525606272915,-0.2354258011010259,544.10227119616,-53.835489373297705,0.01079470605568323,-0.6119014403960578,1.9997014079200854,8.611901440396057,6.601407199116865,0.45432075907742964,-0.6689755932858613,-0.2357067329411294,0.010945021906935326,-0.7283001824263249,1.999696628862857,8.728300182426326,6.7176551605193895,-0.19520926886980172,169.43907512764002,150.30263173708477,0.010466082697424306,-0.7061363451407082,1.9996766288620031,8.706136345140708,6.6959965399410795,0.4505560701067382
CC(C)(C)c1cc(C(=O)O)cc(C(C)(C)C)c1,-733.8683658273847,4.413076387412239,4844.141263189682,2341.3315007738215,-734.2250397730716,0.35937060229694234,-733.886480934805,-733.9318359610413,0.29590046864032815,-733.8674218273846,0.36031460229694234,0.0,2.3266300529578423,0.15103399336450066,4917.810189876348,0.10470486263002926,-0.25573885599452995,-0.04632913073447141,234.3376,2201.346347342385,39.0,0.3412548765903122,-0.2074563087863588,-0.08912268942735438,0.022561291520437607,-0.18008374733633883,1.9988399999999997,6.180083747336338,4.158688638678147,-0.09806904421563686,152.3885344337497,66.1256595661443,0.0189056457602188,-0.16794613781654244,1.9987738171377534,6.167946137816543,4.1502566749185705,0.6397993354345312,1.3157058118808225,0.17574302152777904,0.054338011484711866,0.7483084540296143,1.9992661828622464,5.251691545970385,3.19808971734792,0.23536918410003205,80.67324990364651,31.940976590312175,0.0530085485867396,0.8504944116633405,1.9992299999999998,5.149505588336659,3.09726703974992,0.5129612513806397,-0.7990833569580648,-0.28441535557949627,0.0107685485867396,-0.6670084584953314,1.99973,8.667008458495332,6.656503727046344,-0.24058855962487974,527.1942924684312,-39.05566319649416,0.010136182862246533,-0.6173749938110723,1.99973,8.617374993811072,6.607512628086578,0.37856279756545624,-0.7440466566964294,-0.22419439612062997,0.009802365724493067,-0.7328868922349523,1.9996999999999998,8.732886892234951,6.723384526510459,-0.19911961378165424,165.59459447073695,158.23496633319286,0.009566182862246534,-0.7083934973521078,1.9996899999999997,8.708393497352109,6.699133497352108,0.3876567479227858
CC(C)Cc1ccc(C(C)C(=O)O)cc1,-655.4142686345389,1.8461053130569103,4655.116654826086,1979.0354604152017,-655.7109277798711,0.3016284123073585,-655.4297824898135,-655.4741703441495,0.24172650681547717,-655.4133241766443,0.3025724123073585,0.0,1.413220133673788,0.13128692402968622,4842.341767535341,0.11669840641435988,-0.2479853304440461,-0.014588517615326322,206.284,1765.6117742775407,33.0,0.28611386652110493,-0.011335381241509113,-0.09696145147338905,0.019867869405896493,-0.36904770505830475,1.99891,6.369047705058305,4.350269360900929,-0.09907438597805701,10.121766684287149,147.80534732485162,0.018845737864897197,-0.3633311952316782,1.9989000000000001,6.3633311952316784,4.345582837234879,0.6723311322273011,1.0777940231039915,0.17581886084229398,0.061114550963946156,0.8479110306325746,1.9992900000000002,5.152088969367426,3.0916895827660684,0.1926312989470492,99.56680665234356,24.049872409864708,0.05937473547999875,0.8730707300998026,1.9992900000000002,5.126929269900198,3.06826417485063,0.5694962792486199,-0.7134065482950805,-0.24297698266716014,0.010757818491842503,-0.6158306634621609,1.9997100000000003,8.61583066346216,6.605365911052083,-0.2439226844171837,539.7375007073313,-52.39462867682216,0.010557892164153057,-0.6193221213257087,1.9997008343210483,8.619322121325709,6.609058808106957,0.42326472063208836,-0.6902175444063597,-0.19554899916805407,0.010337803797012733,-0.701513761360254,1.9996708343210483,8.701513761360253,6.69149747821503,-0.1945263818727714,175.97795693205302,145.12508239577,0.010270035557728529,-0.7010468420832714,1.9996708343210483,8.701046842083272,6.691102774443555,0.3900177096635491
CC(NC(=O)OCc1ccccc1)C(=O)O,-781.2649678347918,2.200590983557649,4958.801870732047,1799.8090527635986,-781.5087349287585,0.24972949106567296,-781.2800285540774,-781.3256655897773,0.18903190990206897,-781.2640233663813,0.25067360508260933,0.0,1.873947112828476,0.1363474554953261,5288.041440135387,0.12315129350103705,-0.25949874899636316,-0.013196161994289047,223.228,1771.6155072945046,29.0,0.23466869807782836,0.2902650580512689,-0.03198762525640393,0.020984329815339615,-0.14523678042245255,1.9990041499805797,6.145236780422453,4.125247930401097,-0.031646530841468505,36.243731713185646,144.78184835076954,0.02098021801469721,-0.14507833396243353,1.9990041499805797,6.1450783339624335,4.125098279847531,0.6470994951563479,1.1086744346817425,0.18815215623390003,0.05638803550192823,0.8620254324901359,1.9993120640790083,5.137974567509864,3.082276340999014,0.18823326690378006,97.89775042905289,24.446591870326426,0.056373989071665485,0.8621530525432392,1.9993108599854603,5.137846947456761,3.0821624686250697,0.5443294392225436,-0.7368875811872246,-0.23954694054201228,0.010768571011984068,-0.6145594451900531,1.9997084256810171,8.614559445190054,6.604083817308068,-0.23967098528469416,548.7233928852544,-52.01607897888945,0.010764958731340618,-0.6146754795308841,1.9997084256810171,8.614675479530884,6.6042022590183205,0.40069912648165973,-0.7192702945307213,-0.19544518019740897,0.010167137389962033,-0.7043653118102002,1.99968,8.7043653118102,6.694518103493113,-0.19542433740729864,165.60978828966796,154.19219675953232,0.010168576310429696,-0.7043443149634888,1.99968,8.704344314963489,6.694501790752211,0.3944254273410637
CC1(C)C(C(=O)O)C1(C)C,-462.817211,0.512,1498.4251,1353.173,-463.029058587,0.221085,-462.82863,-462.86473,0.173566,-462.816266,0.222029,0.0,1.6947,0.133465,1487.1214,0.143015,-0.27648,0.00955,142.1974,1250.4,24.0,0.209666,-0.378691,-0.039302,0.02694,-0.31403,1.99883,6.31403,4.28826,-0.089287,55.3344,159.3439,0.02396,-0.36678,1.99879,6.36678,4.34404,0.7027218376337319,1.219637,0.09532,0.04925,0.53156,1.99923,5.46844,3.41996,0.234446,99.9793,25.8814,0.05422,0.85894,1.99922,5.14106,3.08762,0.5615953429830082,-0.752569,-0.10363,0.01219,-0.31821,1.99975,8.31821,6.30628,-0.261847,506.291,-38.9283,0.00994,-0.64216,1.99971,8.64216,6.63251,0.4653870358716174,-0.746076,-0.182678,0.00992,-0.65274,1.99972,8.65274,6.64311,-0.19892,200.9927,135.3815,0.00993,-0.70119,1.9997,8.70119,6.69157,0.35564820641913153
CCCCOc1ccc(C(=O)O)cc1,-652.0585442704008,4.2629594973562845,4846.998034937808,1756.8848027199706,-652.3039157458559,0.24841807649710224,-652.0721487434082,-652.1139302421286,0.19303223135913425,-652.0575999201158,0.24936207649710224,0.0,3.124052369253871,0.1410215113679072,4916.467008811563,0.10162976326477045,-0.24265127463267766,-0.03939174810313674,194.2298,1759.12038716002,28.0,0.23481410725738497,-0.4431062446051311,-0.0849014867827846,0.020224682853086495,-0.13525460556143384,1.99883,6.1352546055614345,4.11620384197702,-0.1288990926653661,148.80425915603615,73.75054902181398,0.017969505177888187,-0.21721458822424344,1.9987800000000002,6.217214588224244,4.200465969293476,0.6365729388215718,1.4278270282108676,0.2139529893139301,0.05331273554745774,0.7969695595661581,1.99924,5.203030440433842,3.1504792784348274,0.2363934697993561,81.8161823570936,33.26130656671836,0.05317392126098126,0.8449309704325793,1.9992225381994402,5.155069029567421,3.102671258123931,0.511098374276716,-0.8386425776606512,-0.25014485882149223,0.01041239803480278,-0.6248578059399011,1.99973,8.624857805939902,6.6147154079050985,-0.24498946091440224,517.490585317247,-34.32975936625959,0.010115160173268037,-0.621640110036155,1.99973,8.621640110036155,6.611799686292516,0.3777699731921893,-0.7718033814587271,-0.20861313174860494,0.009763953579611146,-0.7145018224743689,1.9997,8.714501822474368,6.705041788163431,-0.2040604062415377,165.73583846546055,159.51185466990594,0.009604345004620148,-0.71020422682054,1.9997,8.71020422682054,6.7009049978962505,0.3875525443835421
COc1cc(C(=O)O)cc(OC)c1OC,-762.9994991826646,5.172452753038145,3517.3976607077625,1427.2320348500884,-763.222087966294,0.2278987622081049,-763.0148915562805,-763.0581925789844,0.1692053658882797,-762.9985551826646,0.22884276220810487,0.0,1.6674489770426568,0.14015021747906808,3503.2043327581873,0.0954896510797448,-0.2356398685588129,-0.044660566399323275,212.20179999999996,1637.2263877976807,26.999999999999996,0.21250638859216298,-0.19360534024330717,-0.10060986831926125,0.021284905600112786,-0.19328258583825458,1.9988586226400027,6.193282585838254,4.1731476802381415,-0.10007885859979557,149.98325536589178,70.09812251224193,0.01776418864007331,-0.17199379351800648,1.99881,6.1719937935180065,4.15542098223793,0.6387910100693368,1.3646224657046233,0.16692131944691638,0.054692754719994366,0.7334375862375073,1.9992613773599972,5.266562413762493,3.212608281682501,0.23720502636808793,82.51593538576083,32.63535124698494,0.05309137735999717,0.8497401696802452,1.999231377359997,5.150259830319754,3.0979284529597573,0.5139214764007397,-0.8111835675127705,-0.29725590790685796,0.01082,-0.6808452059230397,1.99973,8.68084520592304,6.670295205923039,-0.24359898581782408,524.771530496764,-37.69717168980306,0.01012550943998872,-0.6200795084817821,1.99973,8.620079508481782,6.61022537640179,0.3793482907488543,-0.7556893096476001,-0.2258387660320107,0.00987862264000282,-0.7336789245599408,1.9997,8.73367892455994,6.724101679279935,-0.19543681159947834,164.34909051254698,158.05005219453028,0.00961137735999718,-0.7042475663194727,1.99969,8.704247566319472,6.694936188959475,0.38679705412193405
COc1ccc(C(=O)O)cc1,-534.3795992776554,3.954295972430138,2153.098536560531,1094.6648866060611,-534.5360927056734,0.15863181998427023,-534.3891818451613,-534.4244734126672,0.11375768497247289,-534.3786552776554,0.15957581998427023,0.0,2.9302778057873393,0.1423043745084441,2165.110475325092,0.10191797482303988,-0.24422234933148398,-0.040386399685404216,152.14940000000004,1214.2274229599145,19.0,0.14904925247837156,-0.4233878537348954,-0.08602095192782891,0.020254324941013292,-0.13615424862364345,1.9988300000000003,6.136154248623644,4.11706992368263,-0.12927196341429403,149.31420838713876,73.6039305114041,0.017960000000000004,-0.21652990086513843,1.9987800000000002,6.216529900865139,4.19978990086514,0.6367963338630864,1.3996956691556672,0.21385940125838318,0.05333477498033777,0.7962525019662239,1.9992400000000001,5.203747498033777,3.151167948073101,0.23667690542863679,81.88963898496374,33.25973638084685,0.05317567505898672,0.8450649504325694,1.9992252250196625,5.154935049567431,3.1025293745084443,0.511224431440597,-0.8257986434346725,-0.2501468391024723,0.010424774980337764,-0.6250118764746678,1.9997300000000002,8.62501187647467,6.614857101494331,-0.24456587041590974,518.0002365564777,-34.48179222836836,0.010119549960675527,-0.6212778033032558,1.9997300000000002,8.621277803303258,6.611433028322919,0.3775888917664495,-0.7636925497182209,-0.20867457962341476,0.009765225019662238,-0.714584622345598,1.9997000000000003,8.714584622345598,6.705119397325936,-0.20377094500486218,165.51968560259417,159.42590919010178,0.009605225019662237,-0.7099382226601938,1.9997000000000003,8.709938222660195,6.70063777262087,0.3884589370567098
COc1ccc(CC(=O)O)cc1,-573.5973642405822,3.1534953874406035,2707.380429550391,1506.0250788340304,-573.7822251543539,0.18837027523957328,-573.608446243596,-573.6477514139478,0.13798294575375292,-573.5964199281765,0.1893152752395733,0.0,2.513236361210857,0.1195535384392789,2756.3690491468788,0.10910117277443994,-0.22865471121371883,-0.01045236566483897,166.1762,1289.1420456220278,22.0,0.17728895982007042,-0.04414418253296717,0.07129553850360863,0.01715257157490933,-0.5613227121638147,1.999013124058225,6.561322712163815,4.545160140588905,0.06668551992419751,20.18286622847466,153.64382713499282,0.016490090410411787,-0.5538142089088969,1.999013124058225,6.553814208908897,4.53831099444026,0.55220953384027,1.12617609165996,0.13819318270138556,0.056778342550053366,0.8509032998314914,1.9993462481164497,5.149096700168509,3.0929705483004812,0.15146108586761037,96.39058660843232,27.067616575984857,0.0558870115573928,0.8674135861311287,1.99935624811645,5.1325864138688715,3.0773394023114786,0.5209063030672927,-0.7252341135029166,-0.23688075951165044,0.010958759417751228,-0.6084066448681886,1.9997100000000003,8.60840664486819,6.597737885450437,-0.24088752992527426,526.8752622327072,-60.84600784355116,0.01081376695195221,-0.6138595680639003,1.9997100000000003,8.6138595680639,6.603335801111948,0.3901256882078328,-0.7120208278589484,-0.20193758964213782,0.010491285787454665,-0.7051301607048646,1.9996831240582247,8.705130160704865,6.694965750859186,-0.2022341511023031,177.2500016904264,145.79282190760176,0.010410657962129298,-0.7058536765415404,1.9996831240582247,8.70585367654154,6.695759894521187,0.37599092876313384
COc1ccc2cc(C(C)C(=O)O)ccc2c1,-766.1880154737823,3.715624321201114,5401.251217833376,1804.7464849897945,-766.4489349952414,0.26792725589502664,-766.2030768720891,-766.2464227301823,0.20951987303095038,-766.1870712940962,0.2688712944731488,0.0,2.532530739707204,0.1306264626576859,5492.6923009227885,0.0876762159546124,-0.21830267861229827,-0.04295024670307349,230.2628,1860.7621417559133,31.0,0.252865857588334,-0.004124151912196653,-0.0973518447823281,0.01939821054750006,-0.3678495820642345,1.9989,6.367849582064235,4.349551903738423,-0.09581422496279696,11.484471637853169,147.34116345122789,0.01888371331526614,-0.3624770261414291,1.9989,6.362477026141429,4.344694222807626,0.6726373857754498,1.07699225345924,0.18903818408727108,0.06004396430708344,0.8707366797644045,1.99929,5.129263320235596,3.069928970147291,0.19318112958363723,99.27998170936802,24.22232295140133,0.05931973233352977,0.8734582517525896,1.99929,5.12654174824741,3.0679314836921936,0.5684455197666387,-0.7099961656872363,-0.24054115390028621,0.010601532701581847,-0.6143083446257397,1.999701796862852,8.61430834462574,6.603997344145845,-0.2440123556321815,535.2302487182501,-53.24883778346323,0.010580552919904094,-0.6187606646222946,1.999701796862852,8.618760664622295,6.608478314839539,0.41709624420521413,-0.6960046505831518,-0.1928760036431778,0.010319675436037764,-0.7006960327216581,1.999671943303318,8.700696032721659,6.690702856460207,-0.19531476327203046,174.19552987942043,145.77324798246212,0.01030369908561769,-0.7029268339241872,1.999671943303318,8.702926833924186,6.692949394672399,0.39793541559230156
COc1ncc(Br)cc1C(=O)O,-3123.804410601742,3.338569251413979,3369.9919214954894,1331.677236281158,-3123.9342977479955,0.13804003218686225,-3123.815477984944,-3123.8544804506155,0.08797018331309886,-3123.803466601742,0.13898403218686228,0.0,1.6337807872028018,0.16168522378787484,3371.1412679947325,0.09115768545449834,-0.2528429092423732,-0.0705275383333765,232.03329999999997,1251.3718411401014,17.999999999999996,0.1269726489848371,-0.419278105403869,-0.18677652586599452,0.024027161211995628,-0.24488720403998543,1.9988032587373747,6.244887204039985,4.222056784090614,-0.1947052512399004,121.12833262831614,81.19866806021263,0.019175594696871585,-0.24331847631286574,1.9987832587373746,6.243318476312865,4.225359622878619,0.65046033255782,1.3015252113915154,0.19641983988453676,0.05436900676775264,0.7698326177769719,1.999303258737375,5.230167382223027,3.1764951167179,0.24530800219306487,81.99184752589468,34.71073300855137,0.05312865727275081,0.8432400304032215,1.9992932587373748,5.156759969596778,3.104341312324027,0.5219575570052019,-0.7749959420698311,-0.26833961366852643,0.010699999999999998,-0.651780428279898,1.9997267412626247,8.651780428279897,6.641350428279898,-0.22977707108076006,534.03801368883,-53.44891013394282,0.010178433484875954,-0.6090572455505767,1.9997267412626247,8.609057245550575,6.5991488120657,0.3886307481691037,-0.7189462387725184,-0.20515739765970936,0.009978307777748998,-0.7150477385891132,1.9996932587373748,8.715047738589112,6.705376172073988,-0.1796627048536808,163.66391648904056,148.93282381887408,0.009857063131247724,-0.6912975797019223,1.9996865174747498,8.691297579701923,6.681753999095925,0.40100175647118996
Cc1c(C(=O)O)oc2ccccc12,-610.4756606531938,5.116002956754014,2446.398170004173,1309.9049053479282,-610.6424793031981,0.17202541205684535,-610.4862062411369,-610.522942307306,0.12474291864507607,-610.4747158138942,0.17296941205684532,0.0,2.1802368766304436,0.1523466945600606,2463.3577480174963,0.09130936773356904,-0.24365606229362968,-0.06103732682649157,176.1714,1372.1443460063347,21.0,0.16147982411369066,-0.153801590183242,0.05001789525125863,0.03102784440930195,0.21669728347988285,1.998594821013347,5.783302716520118,3.7536716581019176,0.045972686007149904,75.75990245181366,53.92090572129855,0.029407486435995556,0.193540159609504,1.9985648210133466,5.806459840390497,3.7784875329411536,0.6299981265633751,1.5156902747544934,0.11830388347945531,0.05131963427583392,0.7000797040335711,1.999271607004449,5.29992029596643,3.249322268695044,0.18492714829906942,79.30621563991622,38.02611900664034,0.04904231520020204,0.8072154083538944,1.99924,5.192784591646106,3.1445022764459036,0.5091899436374087,-0.8523039805667829,-0.2772723214881981,0.011215354097876554,-0.6639176213591595,1.99973,8.663917621359161,6.652972267261283,-0.23305060000171016,502.581553298012,-37.32434992546731,0.010287494186855236,-0.61413023568434,1.99973,8.61413023568434,6.604112741497485,0.3947947995079441,-0.7833328931254446,-0.21018280528094307,0.010404112817593698,-0.7176670167921043,1.9997,8.717667016792104,6.707562903974511,-0.18135139041050602,161.7263227351425,151.63447665223694,0.010141256782002225,-0.6908216161890695,1.9997,8.690821616189071,6.680978752402618,0.3786489946332087
Cc1cc(C(=O)O)cc(Cl)n1,-934.8386275070061,3.21139016140293,2256.81941085346,1204.0085437744922,-934.9675587866564,0.13224060252615802,-934.8486122780737,-934.8853529195776,0.08551474718769947,-934.8376830642392,0.13318460252615802,0.0,2.475678921873161,0.17604629563847793,2250.5566527418478,0.0970028616538536,-0.27304915729233153,-0.07904343398462432,171.58289999999997,1399.2116206558399,16.999999999999996,0.1222558314584663,0.002581835306957856,-0.1307429912177014,0.02206786165385361,-0.20017123248452728,1.9987999999999997,6.200171232484527,4.179303370830674,-0.09033507687005626,165.70961868951736,56.05915849615609,0.01886885533845855,-0.13761626406150262,1.998794427669229,6.137616264061502,4.119947408723044,0.6363548928935205,1.2475541317344787,0.202129454805168,0.053765874284643744,0.7798472330770723,1.9992699999999997,5.2201527669229275,3.1671168926382833,0.24739590694693453,82.17853253410946,33.83995681860067,0.05273557233077072,0.850708314584663,1.9992499999999997,5.149291685415336,3.0973116854153364,0.5103490586121044,-0.7526577240000267,-0.2593309851018554,0.010580993684604936,-0.635982695878547,1.9997299999999996,8.635982695878546,6.625671702193941,-0.21988088859329438,553.9234869743832,-54.22419824354027,0.010318855338458551,-0.5970096733770917,1.9997299999999996,8.59700967337709,6.586970818038633,0.3780499581255279,-0.7321607374168086,-0.2117745846652883,0.009725572330770723,-0.7206247927770528,1.9996899999999997,8.720624792777052,6.711209220446282,-0.18887994641739092,163.1837789321557,156.40944008295628,0.009674427669229275,-0.6999949052690739,1.9996899999999997,8.699994905269072,6.690636049930615,0.38656625199711314
Cc1cc(C)c(C(=O)O)c(C)c1,-537.742316,3.0131,2192.3912,1414.8805,-537.950540199,0.211161,-537.754426,-537.793638,0.159839,-537.741372,0.212105,0.0,1.6996,0.14581,2176.9387,0.10622999999999999,-0.25204,-0.03958,164.2036,1414.8805,24.0,0.199051,-0.322452,-0.015348,0.0233,-0.18652,1.99873,6.18652,4.16449,-0.038603,138.6514,67.9982,0.0188,-0.18587,1.99868,6.18587,4.16839,0.6980018879798615,1.279838,0.102426,0.05472,0.74522,1.99929,5.25478,3.20077,0.159821,90.4241,29.4299,0.0528,0.85133,1.99926,5.14867,3.0966,0.57245122718691,-0.782571,-0.289549,0.01117,-0.6637,1.99973,8.6637,6.65281,-0.245858,541.0785,-72.958,0.01052,-0.6159,1.99972,8.6159,6.60566,0.43006607929515417,-0.721308,-0.223182,0.01066,-0.72891,1.9997,8.72891,6.71855,-0.198173,165.447,135.2308,0.0104,-0.70467,1.99969,8.70467,6.69457,0.4391913152926369
Cc1cc(C)cc(C(=O)O)c1,-498.519705,4.2952,1984.4372,1227.68,-498.700278966,0.181934,-498.53063,-498.569916,0.131723,-498.518761,0.182878,0.0,2.3085,0.15182,1984.9679,0.10401,-0.25583,-0.04781,150.1768,1193.578,21.0,0.171009,-0.206449,-0.106606,0.0218,-0.18308,1.99885,6.18308,4.16244,-0.114564,154.2945,65.712,0.01824,-0.17299,1.99878,6.17299,4.15597,0.6388451856513531,1.309461,0.180178,0.05455,0.74705,1.99927,5.25295,3.19913,0.239193,82.324,32.4634,0.05314,0.84956,1.99924,5.15044,3.09807,0.5119572057898049,-0.791725,-0.282581,0.01081,-0.66487,1.99973,8.66487,6.65433,-0.239546,528.7171,-40.5213,0.01015,-0.616,1.99973,8.616,6.60612,0.37814663310258023,-0.743527,-0.224504,0.00983,-0.73219,1.9997,8.73219,6.72266,-0.198651,165.5606,157.4986,0.0096,-0.70702,1.99969,8.70702,6.69773,0.3881371932032725
Cc1ccc(C(=O)O)c2ccccc12,-612.649143163411,3.787050738641091,2714.959907398408,1453.587590791008,-612.8457862488524,0.2029466734191108,-612.6603652735156,-612.6982874822644,0.15380235456580071,-612.648199163411,0.20389067341911077,0.0,2.2069913361191373,0.15112190882117624,2694.5524324640255,0.08303764063202518,-0.23415954945320142,-0.06808426818915106,186.20979999999997,1518.8993280633,24.0,0.19172356331457766,-0.30741432708437905,-0.1018776037875862,0.02138618235764749,-0.16940851236743157,1.9987779098906402,6.169408512367431,4.149242330009784,-0.10142361524787541,146.82302034553345,72.24434994505506,0.018198560389172672,-0.16992441749755394,1.9987599999999999,6.169924417497554,4.152965857108381,0.6634698546425855,1.3445595546963809,0.20163174159404368,0.052677947217741015,0.7882060064167842,1.9992799999999997,5.211793993583216,3.1598360463654744,0.23919984846935657,82.05294534844252,30.937659341758913,0.051993929623654685,0.8497434923930862,1.99926,5.150256507606914,3.0990025779832586,0.5342793001996073,-0.7990258655477313,-0.2833458758882939,0.010637459343841724,-0.6667295599395607,1.9997220901093595,8.666729559939562,6.656370010486359,-0.2465406267498208,514.3510630385621,-50.03625716620089,0.010241476937928052,-0.624807272708338,1.9997220901093595,8.624807272708338,6.61484370566105,0.40733018694537726,-0.7668993030440739,-0.21296474916360436,0.009752991202956834,-0.7220632631873022,1.9996979098906402,8.722063263187302,6.712612362093704,-0.20103688027029057,172.17311487582657,148.9759016724297,0.009530613171431657,-0.7109352945802805,1.9996979098906402,8.710935294580281,6.701706771518209,0.398921688990463
Cc1ccc(C(=O)O)cc1,-459.2912,3.2851,1665.1788,1251.801,-459.442814997,0.152781,-459.300194,-459.335915,0.108066,-459.290256,0.153725,0.0,2.4096,0.15670499999999998,1671.3184,0.108055,-0.26476,-0.04865,136.15,1110.973,18.0,0.143787,-0.30034,-0.119511,0.01896,-0.23531,1.99878,6.23531,4.21757,-0.129897,157.5878,68.1621,0.01794,-0.19508,1.99878,6.19508,4.17836,0.6374292007551919,1.348396,0.213327,0.04471,0.70381,1.99923,5.29619,3.25225,0.238599,82.0524,32.8188,0.0531,0.84705,1.99923,5.15295,3.10062,0.5110132158590308,-0.803812,-0.046135,0.01086,-0.25305,1.99974,8.25305,6.24244,-0.239728,527.1292,-39.6764,0.01015,-0.61612,1.99973,8.61612,6.60624,0.37846129641283827,-0.753186,-0.150449,0.0091,-0.62632,1.99971,8.62632,6.61751,-0.200476,165.6512,158.2225,0.00962,-0.70758,1.99969,8.70758,6.69827,0.38719320327249845
Cc1ccc(C(=O)O)cc1F,-558.3925085524493,3.496897072371757,1935.7444864305362,1155.7207662820965,-558.5364303926799,0.14558702331084433,-558.4021555641048,-558.4376511282096,0.10044544755060016,-558.3915645524494,0.14653202331084436,0.0,2.0522651899836077,0.16010438217456543,1936.361455879874,0.10428909078901082,-0.26439347296357624,-0.055815291385554626,154.14049999999997,1163.6804711438497,18.0,0.1359405174831333,-0.24067149426034762,-0.11545602366307928,0.020974941722889072,-0.17789062921668053,1.9988599999999999,6.17789062921668,4.158055687493791,-0.12484563675589797,152.2102783984064,65.89224132888033,0.017639883445778146,-0.18023081587955292,1.9988049417228888,6.180230815879552,4.163785990710886,0.6386814358122013,1.3417407224600577,0.18702261309281867,0.05443046621688741,0.7503276224699915,1.9992699999999997,5.249672377530008,3.1959768530360098,0.2408093287181291,81.7989111821606,33.42385712037458,0.053029883445778137,0.847519883445778,1.9992299999999998,5.152480116554221,3.1002152913855543,0.5117147901230886,-0.7955365429841681,-0.27364795793480967,0.010859999999999998,-0.6554602795540149,1.99973,8.655460279554015,6.644865221276903,-0.23497183673603064,531.4593009058771,-42.40761587074709,0.010199883445778147,-0.6115813285420115,1.99973,8.61158132854201,6.601656503373343,0.37774963643103043,-0.7511420815879551,-0.22115346130815405,0.00988011655422185,-0.7284194172288907,1.9996999999999998,8.728419417228888,6.718839300674668,-0.19790781824586087,164.75074643789316,157.97420931553188,0.00963,-0.7058645456146522,1.9996899999999997,8.705864545614652,6.696539487337541,0.38743378517235094
Cc1ccc(CC(=O)O)cc1,-498.510438,1.8908,2105.3609541060728,1480.6405355173379,-498.69047968150073,0.182705,-498.52091199999995,-498.5606685002649,0.13247449973509207,-498.509493,0.183649,0.0,1.6896,0.13207749867546031,2159.3824499205275,0.11584250132453966,-0.24791999999999997,-0.016234997350920675,150.1768,1359.5105308373281,21.0,0.17223099999999997,-0.07258749973509207,0.08152699947018413,0.01764,-0.5567599999999999,1.9990199999999998,6.55676,4.5401,0.07583299947018413,12.523050132453966,151.8287499735092,0.01696,-0.55284,1.9990099999999997,6.55284,4.53687,0.5535714285714286,1.1096685007947236,0.14215100052981586,0.05698,0.8467950026490794,1.9993399999999997,5.153204997350921,3.0968849973509203,0.1552995002649079,96.70524992052762,27.772199999999998,0.05621999999999999,0.86741,1.9993599999999998,5.13259,3.0770099999999996,0.5217117684078036,-0.7198890005298159,-0.23511899999999997,0.01105,-0.60145,1.9997099999999999,8.60145,6.59069,-0.240359,514.6945000529815,-64.06245034438031,0.0109,-0.61043,1.9997099999999999,8.610429999999997,6.599819999999999,0.37169603524229067,-0.6873790005298158,-0.20094099999999998,0.01066,-0.7058499999999999,1.9996799999999997,8.70585,6.695509999999999,-0.20241199999999998,172.06130015894473,147.18429994701842,0.01055,-0.70768,1.9996799999999997,8.70768,6.69745,0.39293580868470734
Cc1ccc(F)cc1C(=O)O,-558.3878546164867,2.638463896266918,1771.326491898593,1214.7032468301093,-558.5313697980821,0.14558362798299418,-558.3972264008662,-558.432351729759,0.10108570608585117,-558.3869098078619,0.14652762798299418,0.0,1.0105378665717484,0.15958497316662884,1777.5409782138588,0.10005133445028619,-0.25963630761691503,-0.059533638716342645,154.1405,1068.272884558049,18.0,0.13621184360356556,-0.20657920115492354,-0.09372115487067113,0.02170094393600116,-0.17738625585737677,1.9987999999999997,6.177386255857376,4.156875311921375,-0.11023196235117151,149.46363108856644,66.50625159080019,0.017677790127543655,-0.17085539146788706,1.9987499999999998,6.170855391467887,4.154419515092115,0.66858277575474,1.275863848207358,0.16787256886746876,0.054107412553143185,0.7402336665033158,1.9992899999999998,5.259766333496684,3.2063689209435404,0.23005017222362784,83.1450697500832,32.228933167158885,0.052339946333257656,0.8481271700992006,1.9992599999999998,5.151872829900799,3.1002728835675417,0.5375375914986905,-0.7615304950981757,-0.29064421047112027,0.011067466219885524,-0.670480347880223,1.99973,8.670480347880222,6.659680967908566,-0.24037745673947108,546.3874984576045,-58.398838391077675,0.010471104936228173,-0.6142420766592025,1.9997219137517712,8.614242076659202,6.604040971722974,0.4181217873163273,-0.7373444217581275,-0.2239872064129862,0.009990188787200233,-0.7333718064182867,1.9996980862482285,8.733371806418287,6.723691617631086,-0.19778340843940298,166.4880342278121,150.08714095811246,0.009720377574400463,-0.7074709142418238,1.9996899999999997,8.707470914241823,6.698052450419194,0.40131639166416655
Cc1ccc2cc(C(=O)O)ccc2n1,-628.6807760402605,5.244042489457117,3307.2781090663575,1532.627089885054,-628.8648592893617,0.1905145704559969,-628.6920866107166,-628.7300303824754,0.14126022824115494,-628.6798315503257,0.19145857045599685,0.0,2.4729472806034085,0.16252345471962465,3309.228086873241,0.0914035227998436,-0.25392697751946824,-0.07111993191978105,187.1976,1461.0508676580143,23.0,0.179204,-0.3323494447695463,-0.12379578895132122,0.01908469804572769,-0.21191624332610304,1.998795100651424,6.211916243326104,4.194041545280376,-0.11509148993485759,154.18149505300994,68.22598715289266,0.018135100651424103,-0.18502906450378662,1.99879,6.185029064503786,4.168108863200938,0.6381984398101773,1.4124298866012839,0.21990163319709827,0.05367060390854462,0.8276650384468225,1.99924,5.172334961553178,3.1194243576446326,0.24115438188784985,81.04111477710775,32.760777117128335,0.053073490228638456,0.8475237596117056,1.999234899348576,5.152476240388294,3.100172750159656,0.5118737892656968,-0.8302352915824087,-0.25676548670326804,0.010279396091455383,-0.636041607484977,1.99973,8.636041607484977,6.626037312044946,-0.23615940936265636,532.8194747693296,-43.30523295815655,0.010175301954272308,-0.6131441710308281,1.99973,8.613144171030829,6.603238869076556,0.3794132041711849,-0.7763278028870264,-0.20746187182270745,0.009640402605696412,-0.7156493280112364,1.99969,8.715649328011235,6.706313824754115,-0.19826436415887388,164.5031637475807,157.74535706217733,0.009599798697151794,-0.706706302592896,1.99969,8.706706302592895,6.69741140324432,0.3876556968447984
Cc1cccc(C)c1C(=O)O,-498.512652,2.8133,1668.7559,1202.407,-498.692272889,0.182034,-498.522849,-498.558426,0.136259,-498.511708,0.182978,0.0,1.4771,0.14851999999999999,1660.6774,0.10625,-0.25477,-0.04227,150.1768,1184.981,21.0,0.171837,-0.260625,-0.006939,0.02378,-0.18554,1.99873,6.18554,4.16303,-0.025342,141.4976,64.9343,0.01889,-0.1761,1.99868,6.1761,4.15852,0.6998898678414097,1.231172,0.093614,0.05521,0.73848,1.99929,5.26152,3.20701,0.156058,91.7828,29.132,0.05307,0.85263,1.99926,5.14737,3.09504,0.5757551919446192,-0.760462,-0.289607,0.01126,-0.66382,1.99973,8.66382,6.65283,-0.241862,547.468,-76.117,0.01056,-0.61143,1.99972,8.61143,6.60115,0.4293580868470736,-0.708385,-0.223619,0.01074,-0.72952,1.99969,8.72952,6.71909,-0.196253,165.8956,134.6132,0.01044,-0.70292,1.99969,8.70292,6.69279,0.4386406544996853
Cn1cc(C(=O)O)c(C(F)F)n1,-690.7116469989927,4.228987122070943,2047.6467067301949,1210.4637785243524,-690.8474971927649,0.13990400621042948,-690.7226259680427,-690.7612872441675,0.09026398516925714,-690.7107029989927,0.14084800621042948,0.0,4.988460895297403,0.15881708885501916,2053.1408582507725,0.12438896976644467,-0.28320605862146386,-0.03442811908857451,176.12239999999997,1258.83594417153,17.999999999999996,0.12892526129413773,-0.38669525486748185,-0.15576573977935634,0.021530298615436684,-0.2857573198506209,1.998766477354909,6.28575731985062,4.265456521630456,-0.18381841473642263,97.33285307322255,80.17641561171322,0.020410687878412236,-0.28252873328759215,1.9987648931160047,6.282528733287592,4.263353152293175,0.6470802732372702,1.359443064797683,0.16744018693570564,0.04357118905044362,0.64261658064002,1.9992197141632615,5.357383419359978,3.314588779733193,0.22332921376919754,83.75366020929552,37.314342107322425,0.05104446514136379,0.8431368096493836,1.9992097141632614,5.156863190350615,3.1066061454990956,0.5198602568622139,-0.7933991585225608,-0.06359317549569786,0.011540930357799352,-0.27454433996531924,1.9997491291338132,8.274544339965319,6.26325565094462,-0.23817896279552947,503.11642530583407,-41.47002880534308,0.01026247524145553,-0.6157022404735467,1.9997291291338133,8.615702240473546,6.605714034138302,0.38986733246659167,-0.733385899052463,-0.1622614215758652,0.009782517714356365,-0.6388886400387312,1.9997120275691107,8.638888640038731,6.629394380592001,-0.1974304884986608,171.8296335267103,152.42804564221964,0.010046889911551287,-0.7028865942787019,1.9996971344531056,8.7028865942787,6.693144811251145,0.4128386424884575
N#Cc1ccc(C(=O)O)cc1,-512.154333,10.1383,2016.2852,1172.225,-512.278437943,0.124105,-512.163193,-512.19789,0.080548,-512.153389,0.125049,0.0,3.686,0.19184500000000002,2022.5588,0.10158500000000001,-0.29343,-0.09026,147.133,1172.225,16.0,0.115245,-0.207543,-0.140753,0.01879,-0.24883,1.99877,6.24883,4.23126,-0.118389,163.6208,62.9446,0.0181,-0.16498,1.99879,6.16498,4.1481,0.6384518565135305,1.336612,0.262499,0.04395,0.76377,1.99924,5.23623,3.19304,0.247224,80.8239,33.7998,0.05297,0.84706,1.99924,5.15294,3.10073,0.5103838892385147,-0.788265,-0.018618,0.01032,-0.22699,1.99974,8.22699,6.21693,-0.225488,549.0216,-50.9384,0.01028,-0.60243,1.99973,8.60243,6.59243,0.37838263058527377,-0.758514,-0.132537,0.00884,-0.612,1.9997,8.612,6.60346,-0.194073,161.1206,157.2604,0.00964,-0.70306,1.99969,8.70306,6.69372,0.38719320327249845
O=C(O)/C=C/c1ccccc1,-497.30645631983964,5.452001998391299,2444.4868913062755,1270.2907080591042,-497.46257850007447,0.15955622264168592,-497.31581618346695,-497.3517181250743,0.11429441740699255,-497.30551231983964,0.16050022264168592,0.0,2.3014673916322845,0.16300180259479485,2434.715036364898,0.08923799585547794,-0.2522397984502728,-0.07376380673931691,148.161,1182.5434804175975,19.0,0.15019635901433542,-0.48396944907808953,-0.1728003178567762,0.01760653419230681,-0.4606067357420339,1.9988363326425795,6.460606735742033,4.444163868907147,-0.12821099753116122,117.48307674948184,77.99574642136973,0.015785469952215227,-0.3341829968469223,1.9988531663212896,6.334182996846922,4.319544360573417,0.5350928419781389,1.4605618322753182,0.23889323842661858,0.04294086269036443,0.7476981766825949,1.9992636673574202,5.252301823317405,3.2101041269483304,0.21430651628065484,87.85785746809967,32.88653519771677,0.05213120362198817,0.8186134093162373,1.9992836673574201,5.181386590683763,3.1299648860256437,0.4810678661768942,-0.8380465516606075,-0.03631409719797901,0.010292324353535585,-0.23989410622572027,1.9997399999999996,8.23989410622572,6.229861781872184,-0.24902719649544816,526.7733082656573,-43.89485137329743,0.010291823317405075,-0.6186194595015377,1.9997231663212895,8.618619459501536,6.608600802505421,0.36495934226380344,-0.8007144790462742,-0.14250131359565274,0.008939999999999998,-0.6145279280112725,1.9997099999999999,8.61452792801127,6.605877928011272,-0.20533073267832855,173.46195961890774,151.1996836862527,0.009895170465811867,-0.7060846109553367,1.9996999999999998,8.706084610955335,6.696496274168235,0.36075640265574394
O=C(O)C(c1ccccc1)c1ccccc1,-689.8954687220482,1.40320207544851,3561.9201041075203,1639.317818460507,-690.131533950058,0.23983707166198937,-689.9085352362131,-689.9509969486064,0.18430884510371104,-689.894524563641,0.2407812300691407,0.0,1.3847853887529977,0.13672196034079084,3638.1334841626167,0.1155228629010342,-0.25224482324182507,-0.021199097439756637,212.24759999999998,1839.268481420862,28.0,0.22677139908988292,-0.04326495982811596,0.012620637544486625,0.024628309792577935,-0.3807349995949811,1.9988615840715134,6.380734999594981,4.357253521659376,0.0073427876605047775,9.992260315823406,135.99009630149632,0.023360389435011397,-0.37452584071513306,1.9988531681430266,6.374525840715133,4.3523122831370955,0.7239195630568525,1.0949131199906983,0.18944262402808548,0.060470893783087454,0.8523472547805326,1.9993,5.147652745219467,3.08788185143638,0.21013686144296603,95.92201017340048,25.635602341428402,0.058418017716319395,0.8858916367344487,1.9993015840715134,5.114108363265552,3.0563871774062052,0.5861734013493434,-0.7150092409257429,-0.24416198655127658,0.010985938073885928,-0.6215805713251719,1.9997015840715133,8.621580571325172,6.610884633251285,-0.23912804626258885,535.7802530731421,-58.18828216329807,0.010658017716319388,-0.617425529464487,1.9997,8.617425529464487,6.607057511748168,0.4506773546717344,-0.7008618613353101,-0.19305642845951632,0.010300292076258549,-0.7012678325860073,1.99968,8.701267832586007,6.69128754050975,-0.1888940384708045,180.23578499081603,140.09930500631037,0.010203955790205315,-0.6975723286429503,1.99968,8.69757232864295,6.687688372852746,0.38854368677743967
O=C(O)C1(c2ccccc2)CC1,-536.526034,1.081,2012.0813,1532.482,-536.703827352,0.189013,-536.536225,-536.573229,0.141818,-536.52509,0.189957,0.0,1.5491,0.134075,2052.0542,0.121415,-0.25549,-0.01266,162.1878,1168.518,22.0,0.178822,-0.174038,-0.348342,0.02556,-0.20925,1.99877,6.20925,4.18492,-0.348153,72.8841,163.3063,0.0245,-0.20261,1.99876,6.20261,4.17934,0.7460667086217747,1.181794,0.275053,0.0574,0.85581,1.99916,5.14419,3.08763,0.277192,100.1902,23.4257,0.05679,0.87132,1.99917,5.12868,3.07271,0.5664726242920075,-0.785356,-0.241044,0.01036,-0.61472,1.99972,8.61472,6.60464,-0.253106,496.4419,-19.3296,0.0102,-0.63549,1.99972,8.63549,6.62556,0.40992762743864064,-0.688811,-0.17379,0.00972,-0.68445,1.99968,8.68445,6.67504,-0.178761,152.2607,136.016,0.00974,-0.69142,1.99968,8.69142,6.682,0.41543423536815605
O=C(O)C1CC=CCC1,-422.41291598240554,0.69363399274595,1201.4683542017963,1126.6219284565632,-422.5808778984683,0.17038131069662954,-422.4210571293523,-422.4545295132293,0.12876715630716434,-422.4119716059714,0.17132531069662954,0.0,1.4749813579482147,0.12186756821420222,1221.8093261379915,0.13148533067361412,-0.2533528988878163,0.009617762459411896,126.1548,1068.194185117727,19.0,0.1622397873157824,-0.04861208706304061,-0.18495172744053642,0.01937359682549268,-0.30795737891665936,1.9989937643428775,6.30795737891666,4.289590017748289,-0.23574098427485607,26.04784667970182,156.20489389679443,0.016856496108468608,-0.36041427159883666,1.99895,6.360414271598836,4.344607775490367,0.6818532445582554,1.0844120278128606,0.0627446014726126,0.053239258765407686,0.5246920742445713,1.9992975286857546,5.475307925755429,3.4227649026471436,0.21886751375767682,98.5336112931391,23.55407230276272,0.058367987727564345,0.8724021974514704,1.999281293026519,5.12759780254853,3.0699460504780873,0.5568158263385461,-0.7105508380765697,-0.09298549072359391,0.013150820619026005,-0.31195811161963893,1.99974,8.311958111619639,6.299067294989428,-0.23761534185479413,553.8078797777955,-61.94043104881969,0.01037,-0.616061267274391,1.9997099999999999,8.616061267274391,6.605979383108544,0.40774873335024897,-0.7026262572480645,-0.19301902930958992,0.010517299222961614,-0.6703698994326405,1.9997099999999999,8.67036989943264,6.660138835868914,-0.20067738442320712,180.70309474315758,149.52797572095122,0.010098706973481066,-0.7098564514752963,1.9996837643407641,8.709856451475297,6.7000733930084255,0.395705116479852
O=C(O)C1CCC(F)(F)CC1,-621.8403086581149,2.6352594536502045,1918.758345582971,1100.1917682835356,-622.0185839809371,0.18061211429808727,-621.8501011161487,-621.8860447823048,0.13487617582300326,-621.8393646581147,0.18155611431459684,0.0,2.2240510152020296,0.14405974200339133,1937.13007598781,0.14798985279309937,-0.29204959479649073,0.003930110789708029,164.15160000000003,1018.4431254041657,21.000000000000004,0.17081965628068232,-0.05419649163893254,-0.18476214350976564,0.019338865276028246,-0.31410108266871345,1.998978143015551,6.314101082668714,4.295784074377135,-0.22581621045379907,26.90996538647437,152.97665219380463,0.016775151307130483,-0.36450165112675803,1.9989381430155513,6.3645016511267585,4.348794642504988,0.6919849755449261,1.1140233195338662,0.06901536913999706,0.052867566490751645,0.5246442567848888,1.9992962855358152,5.475355743215112,3.4231918911885453,0.22067589395029918,97.87642353825115,24.5982737871012,0.05815756979266646,0.874858639799108,1.999276285700911,5.125141360200892,3.067707504707315,0.5445464496476597,-0.720767451885325,-0.08024586376611063,0.013211003959792769,-0.2936201440303929,1.9997400000000003,8.293620144030394,6.2806691400706,-0.23038730560600396,549.2154230102733,-65.76819756882207,0.010459430931672531,-0.6080638045040435,1.9997100000000003,8.608063804504045,6.59789623055682,0.3882585633567588,-0.7115349682417033,-0.1924735568642415,0.010514571754166669,-0.6691641398281858,1.9997100000000003,8.669164139828187,6.658937711089571,-0.20203291255507244,178.15319725819194,150.49203546703228,0.010196571941416084,-0.7111288565176016,1.9996800000000001,8.711128856517602,6.701250427591737,0.3986609522173882
O=C(O)C1CCCN1C(=O)OCc1ccccc1,-858.537821844604,9.253035673227593,4010.6560218723994,1767.1627816933071,-858.813108256783,0.2872002238634652,-858.5533240070412,-858.5971419439782,0.22788010216497182,-858.5368778290198,0.28814426936483767,0.0,1.351946500502633,0.13704786070364705,4859.965132797802,0.11422855851935332,-0.25127641922300037,-0.022819302184293726,249.26579999999996,1891.685602404389,32.99999999999999,0.27169810142657047,0.228693018476112,0.01865680954072648,0.024924622669744975,-0.133243171844275,1.998982375398373,6.133243171844274,4.109336078443669,0.05001767633378815,28.193899516606322,134.05960189548887,0.024515042575515237,-0.13307759156291638,1.998991450264836,6.133077591562916,4.109579721608346,0.6977042532833828,0.9918031555428881,0.20866963028382304,0.05810112638036938,0.8112256332182296,1.9992639111981596,5.18877436678177,3.131408934762454,0.19450093888245262,100.77100345828947,24.260027953358478,0.06075938090375414,0.8534221559887439,1.9992906893141669,5.146577844011255,3.0865192664919783,0.6551446338271287,-0.6819565957233595,-0.16537798653704297,0.011100088887593302,-0.5018896442798559,1.9997000728977163,8.501889644279856,6.4910807990999775,-0.23589269856711198,542.9090399963267,-59.241590537422965,0.010822467803496126,-0.6100242621997812,1.9997000728977163,8.610024262199781,6.599501794396285,0.4548107076149018,-0.6728975284818398,-0.18951576782042812,0.010425300679550708,-0.7013161005096733,1.9996700304639092,8.701316100509672,6.691220769366213,-0.2012604641163439,146.07331180041965,154.1097478518926,0.010539702076518774,-0.7188164427154186,1.9996700304639092,8.718816442715418,6.708607165188715,0.6081585186668187
O=C(O)C1CCN(C(=O)OCc2ccccc2)CC1,-897.761585714153,3.184729501844965,6253.150440493027,2247.4095495551346,-898.0713714636373,0.31792209410862,-897.7781631223702,-897.8257852621607,0.25372254567780766,-897.7606414038806,0.31886640400638566,0.0,2.7654938248039045,0.13140084038239297,7010.971854250907,0.11703704146187097,-0.2484378818442639,-0.014363798920521998,263.2926,2014.4637850333802,36.0,0.3013453748663827,-0.02928310676203469,-0.23851754527064728,0.016911533573084902,-0.36682185808241463,1.9989300209469505,6.366821858082414,4.350977210206114,-0.2381967852793029,24.910728166509614,155.7269570216874,0.016899130441423584,-0.36683692283466834,1.9989300209469505,6.3668369228346675,4.351007770476993,0.6875485829817244,1.0604562879748116,0.20905220060268537,0.059147240205014634,0.8660630720026563,1.999283777898453,5.133936927997343,3.0755059098938755,0.20918580409941961,98.00598310496224,24.62813196028787,0.059092151031260295,0.8667611939610094,1.99928687687611,5.13323880603899,3.0748697681336132,0.5784892509099678,-0.7030391381955949,-0.2335006791921968,0.010417014734894228,-0.614231520782021,1.9997099999999999,8.61423152078202,6.604111402692855,-0.23421640054390305,561.8302356584752,-69.64892403623926,0.010403920133851182,-0.6150875202428729,1.9997099999999999,8.615087520242872,6.6049667103599745,0.44076024242999007,-0.7021313103284298,-0.19865855461165993,0.010142252715735399,-0.7093663322496836,1.9996799999999995,8.709366332249681,6.6995340864306305,-0.19875980403508722,181.462592926182,147.68067530508145,0.010142253040086707,-0.7095595937284862,1.9996799999999995,8.709559593728486,6.699734231731099,0.4059889026195431
O=C(O)C1CN(C(=O)OCc2ccccc2)C1,-819.2707713606253,2.7857850953523067,5736.683988754426,1951.67132399877,-819.5202179425288,0.2566938704287684,-819.2859568280833,-819.3329658789451,0.19449916798591263,-819.2698270062654,0.2576379042197198,0.0,2.3509909359131456,0.13463804237194937,5984.045211557145,0.1204944651520866,-0.25513250752403593,-0.014143577219862764,235.23900000000003,1908.1550430253092,30.0,0.24150827935408278,-0.09717826457640785,-0.357398258043594,0.017528752770266578,-0.37065905814700983,1.9988996620904858,6.37065905814701,4.354234454345116,-0.35729326893007257,24.62640766536412,163.99443561644907,0.017526306171267478,-0.37062923889490595,1.9988996620904858,6.370629238894906,4.354207419295408,0.6190596303678788,1.1520131368331419,0.22958422649708682,0.05655060055848456,0.857977448018739,1.9992796620904856,5.1420225519812615,3.086198407823481,0.22954374631828495,96.03163875142653,25.871082333179643,0.056547279397609014,0.8580770748831157,1.9992796620904856,5.1419229251168845,3.0860997946876476,0.5284802588003569,-0.7137402643400019,-0.23144500431943799,0.01063931105305252,-0.6053403321590026,1.9997100000000003,8.605340332159003,6.594987477506655,-0.23151895322233385,556.1595326239844,-64.74700591773082,0.010638635234023803,-0.6054089054486335,1.9997100000000003,8.605408905448634,6.595055094695893,0.39217931046900895,-0.7341346108092699,-0.2012880711852156,0.010367110496721243,-0.7038529586929998,1.99968,8.703852958693,6.693801838394573,-0.20129767569335824,172.52643552186694,152.16656931268506,0.010367110496721243,-0.7038681932001918,1.99968,8.703868193200192,6.693817072901766,0.3777839517935424
O=C(O)C1C[C@H]1c1ccccc1,-536.5270221482033,1.2979451394144759,2523.959922287654,1347.5917857543843,-536.7114529278592,0.18949233802326682,-536.5371500503657,-536.5743254135402,0.1421890726864418,-536.526077366319,0.19043633802326682,0.0,1.533927530348345,0.13554652345017087,2556.800229408281,0.11618075792449686,-0.2517272813746677,-0.019365765525674015,162.18780000000004,1235.3215066753125,22.000000000000004,0.17936449342467395,-0.296383223148462,-0.1808421493271331,0.02072447885673644,-0.34538846741710644,1.9988705756376786,6.3453884674171075,4.3257934129226925,-0.18704988105256054,71.80019266110138,166.865859512469,0.019642142601075423,-0.3557498206884438,1.9988783944815032,6.355749820688444,4.337227678087368,0.6254860693620902,1.263296725376124,0.23351319511203122,0.05511559215468369,0.8444284421638371,1.9992289701191814,5.155571557836163,3.101234814406123,0.23673347098461478,98.76592627918848,26.015473117068744,0.055117271164818696,0.8535707539776229,1.9992289701191814,5.146429246022377,3.0920830047383774,0.5188488586107969,-0.7671086800366641,-0.25094245138644666,0.010395595531023717,-0.6304691922056415,1.9997194243623218,8.630469192205643,6.620353596674619,-0.2504780948795817,515.9305926947699,-30.448792772515223,0.01032132057279524,-0.6304545040179349,1.9997200000000002,8.630454504017935,6.620421577926643,0.39843701694198447,-0.742697124683411,-0.1971563732943593,0.00995723779533974,-0.7015197186337123,1.9996916055184972,8.701519718633712,6.691870875319876,-0.19695503478600526,180.33101587023623,146.72190301917428,0.009927813433018151,-0.7015519908643371,1.9996916055184972,8.701551990864337,6.691934177431319,0.3642993394734422
O=C(O)C1Cc2ccccc2C1,-536.5592902760195,1.4756167889551204,2206.9031559150512,1252.8295234706893,-536.7460161946849,0.19029376281708493,-536.5688649799899,-536.6049981055335,0.14458593330325045,-536.5583462760195,0.19123776281708493,0.0,1.516023425072596,0.1298824893713453,2200.016487167401,0.11781861681469466,-0.24770110618603997,-0.01206387255665066,162.18779999999998,1456.4935289036366,22.0,0.18071905884676331,-0.04692100964748358,-0.26546528346486337,0.018586330072250308,-0.3492761523697453,1.9989491348752593,6.349276152369745,4.3317406874222355,-0.2603240250950213,37.576899694508114,148.9971418889335,0.01770536681180704,-0.3494986037636599,1.99895,6.349498603763659,4.33283959310917,0.6565838656499272,1.1269219580548688,0.2140263152575026,0.05827867815952727,0.860215061374437,1.999270066403306,5.139784938625563,3.0822361940627294,0.21729552483109288,97.87907566608955,24.14724377579156,0.057620004112147856,0.8694405409798096,1.999270066403306,5.130559459020191,3.0736693885047366,0.541978321472681,-0.7246740956466461,-0.23497860250029196,0.010549762123911358,-0.6127822418033502,1.9997099999999999,8.61278224180335,6.602516988646862,-0.2332164194730692,549.0371345264788,-64.08999835271842,0.010496036011724899,-0.6109886294701794,1.9997099999999999,8.61098862947018,6.600786237301136,0.3915071203649081,-0.7180777818832074,-0.20399264701178862,0.010288514445533439,-0.7104768842515987,1.9996863561573175,8.710476884251598,6.700507504681324,-0.20311151398547414,176.9585745029673,149.85520116345626,0.010241210893970702,-0.7097212195138165,1.9996863561573175,8.709721219513817,6.699793652462528,0.393042196198537
O=C(O)C1c2ccccc2Oc2ccccc21,-763.8309280914838,2.5378370227189833,3548.535216288086,1738.9788571131999,-764.0489364047861,0.22243517602603072,-763.843522363487,-763.8839513356634,0.16941226878747315,-763.8299840914838,0.2233793446750399,0.0,1.2296664265994048,0.12882717173790956,3627.8800584218584,0.09963805186806314,-0.22846522360597268,-0.029189119869846403,226.2312,2243.257468266666,27.0,0.20984124096376194,0.019071442046058883,0.015140761824495114,0.024724696751949687,-0.36969666735101525,1.99892,6.369696667351015,4.346055340008917,0.025630949815246742,23.181155116428133,145.65180597196664,0.023001327342099004,-0.3684813926904394,1.9989,6.368481392690439,4.3465833265286395,0.6999642766853348,1.0540871070290907,0.16273473591232235,0.06083943026476532,0.7725651396481115,1.9993067388197012,5.227434860351888,3.167288691267422,0.22365983164511652,94.00112937776179,27.58935873939999,0.059665425771339584,0.8773269185179395,1.9993233694098507,5.12267308148206,3.0636892304009278,0.5757679628955373,-0.7032582747525437,-0.24659555376612147,0.011648160097615198,-0.6216353134744876,1.9997066305901494,8.621635313474489,6.610280522786724,-0.221773728297565,517.2430197390387,-62.46528615899194,0.010906089442389081,-0.6018585396596908,1.9997,8.60185853965969,6.591244133137061,0.39154054649240944,-0.6678725502269793,-0.20929334679611317,0.010948268327167245,-0.7229421873066534,1.9996733694098507,8.722942187306653,6.712320549569635,-0.190748916694714,159.6174589396351,149.41601233113926,0.01058152950746588,-0.7060831266648016,1.9996733694098507,8.706083126664803,6.695829914237577,0.4384168677082935
O=C(O)COc1ccccc1,-534.3686100806672,1.7750149775552149,1943.6921209051204,1161.3053787874614,-534.5224849708769,0.15853344103489003,-534.3779999864473,-534.41416853775,0.11297498395205548,-534.3676656067628,0.15947744103489,0.0,1.3110819469386334,0.12497498629911508,2012.5793789009615,0.1125139837052563,-0.23748897000437136,-0.012461002593858777,152.1494,1233.145396908257,19.0,0.14914353525483287,0.4406205978827967,0.15297253373247888,0.02290129549200785,-0.1798158136403952,1.999039356974246,6.179815813640396,4.157883067187884,0.15802726971571313,55.14452812126322,131.14275926643782,0.022776475184439128,-0.17528722740863026,1.99905088949412,6.175287227408631,4.153465163240698,0.5311625254342722,1.0959454024116204,0.07748682390410999,0.056120197689188085,0.757351690242089,1.9994199184406296,5.242648309757912,3.187108193628094,0.11951041081512041,93.32916724448998,28.730026846770937,0.054050089992769126,0.8248445795920785,1.9994105614663835,5.175155420407921,3.1216942074823852,0.5267246704084563,-0.720762646324913,-0.2456058627980536,0.01190864194216043,-0.6131160213548177,1.9997157100977332,8.613116021354818,6.601496408359168,-0.23053531281631887,554.1113870857931,-62.822778045925105,0.011200225480855815,-0.599869795471478,1.9997109710534904,8.599869795471479,6.588958598937132,0.3836819430817871,-0.7058024908977176,-0.2041535159572432,0.010953176103096776,-0.7101291255836042,1.9996842899022669,8.710129125583604,6.6994985129791225,-0.19050576861100688,167.18860084662097,150.84317106263657,0.010843540385509406,-0.698674259076944,1.999676465447895,8.698674259076945,6.688148952732914,0.3932367185889655
O=C(O)Cc1cc(F)cc(F)c1,-657.481778,2.3572,2381.1771,1235.179,-657.6174039954999,0.138688,-657.491913,-657.529748,0.090719,-657.480834,0.139632,0.0,2.5697,0.14304,2393.0085,0.11847999999999999,-0.26152,-0.02456,172.131,1217.904,18.0,0.128554,-0.063727,0.018334,0.01668,-0.56378,1.99903,6.56378,4.54806,0.011991,36.8416,155.18,0.01588,-0.56213,1.99901,6.56213,4.54724,0.5532567652611705,1.166291,0.15875,0.05513,0.86569,1.99936,5.13431,3.07981,0.157043,91.2728,28.2465,0.05486,0.86746,1.99937,5.13254,3.07831,0.5151038388923852,-0.719581,-0.228426,0.0108,-0.60649,1.99971,8.60649,6.59598,-0.227054,561.0777,-63.3326,0.01075,-0.60726,1.99971,8.60726,6.5968,0.4107929515418502,-0.757418,-0.197421,0.01023,-0.70343,1.99969,8.70343,6.69352,-0.197684,180.8112,145.9035,0.01021,-0.70383,1.99969,8.70383,6.69393,0.3567495280050346
O=C(O)Cc1ccc(C(F)(F)F)cc1,-795.8339041516133,4.0881514669913885,3723.640117755802,1428.52049453045,-795.9909332655786,0.1620445143020698,-795.8459766563806,-795.8881025892259,0.10784582972903346,-795.8329601516133,0.16298851430206976,0.0,4.066224099686262,0.15616990465286815,3776.8860553604004,0.12103990465286817,-0.2772098093057363,-0.03513,204.1483,1320.5895093830968,21.0,0.14997175701731802,-0.06643105119445902,0.01738807912385745,0.016599904652868168,-0.5682143802436431,1.9990299999999999,6.568214380243643,4.552587000764726,0.014305868213394557,37.06385143757473,155.16543863835375,0.015869904652868166,-0.5637197139586045,1.99902,6.563719713958605,4.5488323344796875,0.5522123287905092,1.1710227703522689,0.1590925281194773,0.05497495232643408,0.8667109534713183,1.99936,5.133289046528682,3.0789541895493793,0.15679254210390814,91.63783832914677,27.914413596553757,0.05483495232643408,0.8678753337149614,1.9993700000000003,5.132124666285039,3.0779197139586048,0.5155743337455658,-0.7230537610676534,-0.2238616271140256,0.010777530396320888,-0.6011199973256627,1.9997099999999999,8.601119997325663,6.590637474826048,-0.22829279476117698,561.0099963376107,-63.14969585958245,0.010735047673565916,-0.6082126178467462,1.9997099999999999,8.608212617846746,6.597767623069116,0.41049619442320767,-0.7638441188090738,-0.1958478212640552,0.01021,-0.701754804083367,1.99969,8.701754804083366,6.691862334479688,-0.197326115897989,180.76505214607516,146.05522358970666,0.0102,-0.7035798517569329,1.99969,8.703579851756933,6.693694899430499,0.35574458977054724
O=C(O)Cc1ccc([N+](=O)[O-])cc1,-663.476291,3.5772,3138.3129,1460.2379999999998,-663.629400048,0.158764,-663.487282,-663.526694,0.108362,-663.475347,0.159708,0.0,5.82365,0.1885,3175.33875,0.10065999999999999,-0.28916,-0.08784,181.1476,1272.109,20.0,0.147774,-0.08224,0.012786,0.01588,-0.56203,1.99902,6.56203,4.54713,0.011646,36.7562,155.1034,0.01592,-0.56542,1.99901,6.56542,4.55049,0.5530207677784771,1.184117,0.156826,0.05491,0.86815,1.99937,5.13185,3.07757,0.158011,91.1267,28.3921,0.05483,0.86772,1.99937,5.13228,3.07807,0.5172278162366268,-0.724448,-0.229723,0.01074,-0.60973,1.99971,8.60973,6.59928,-0.226502,562.2744,-64.1058,0.01075,-0.60674,1.99971,8.60674,6.59628,0.4104782882315922,-0.772158,-0.196971,0.01022,-0.70387,1.99968,8.70387,6.69397,-0.195311,179.2092,146.2741,0.01022,-0.70221,1.99968,8.70221,6.69231,0.35604153555695406
O=C(O)Cc1ccc2c(c1)C(=O)c1ccccc1CO2,-916.193532898014,0.918638878823526,6818.703924275396,2068.4500742618497,-916.4505160824614,0.26459803612353916,-916.2091549192207,-916.2543709770268,0.20375995711070827,-916.1925888140688,0.2655422307594839,0.0,2.0756548791468106,0.15795126785018884,6780.064017176818,0.08347184052981294,-0.24142310838000178,-0.07447942732037591,268.26839999999993,2115.1135965717285,32.0,0.24897566165126317,-0.03226659156558266,0.019800299180220512,0.01579321288419392,-0.5589644683259122,1.9990199999999998,6.558964468325912,4.544153100113121,0.021303454619314623,38.11162063434235,155.7890652705973,0.01583052358641449,-0.5603496293760717,1.9990199999999998,6.560349629376072,4.54549826633707,0.5512894028716803,1.1844896250123336,0.15389502113160747,0.05482900136847547,0.8672974597461371,1.9993699999999999,5.132702540253862,3.0785015925259396,0.15466237575831174,92.95294359771364,27.059999578319363,0.054826128621105835,0.8675911534856933,1.9993699999999999,5.132408846514306,3.078214558659398,0.5167916994586741,-0.7357695086415371,-0.2300540562562647,0.010667057500731957,-0.6089529549617952,1.9997099999999999,8.608952954961794,6.59857784382051,-0.23115792566481344,559.7438370343317,-64.24479999464843,0.010667896953318505,-0.6099627635590232,1.9997099999999999,8.609962763559022,6.599584866605705,0.40950299179687366,-0.7873287039065787,-0.20033120033407165,0.010208357436101887,-0.7062751220176622,1.9996899999999997,8.706275122017662,6.696382396378608,-0.1994479580866405,182.37443124252474,147.05520512334095,0.010208357436101887,-0.7054110266007317,1.9996899999999997,8.705411026600732,6.6955189837270295,0.35648372718595117
O=C(O)Cc1ccc2c(c1)OCO2,-647.5148276731938,2.3162388535349514,2712.22494068927,1290.2280138823057,-647.6766622034957,0.17154019518653552,-647.5255231294975,-647.5644459449213,0.12192164406297736,-647.5138833937978,0.17248419518653552,0.0,1.4697329264517487,0.1156619082163884,2788.6776032475227,0.10386652671989452,-0.21952843493628293,-0.011795381496493874,180.1598,1361.9495545314362,21.0,0.16084373888289172,-0.04546109958069706,0.07325079484816416,0.017026483070927696,-0.5558495601469191,1.99902,6.555849560146918,4.539810283114377,0.06824094069224226,20.022088242212163,153.28858579261438,0.01633324684060812,-0.5526097217168726,1.9990127939616134,6.552609721716873,4.5372664748762634,0.5528229574062253,1.1250101340536713,0.13897363123585238,0.05650826275604093,0.8495585646753707,1.9993455879232267,5.1504414353246295,3.094587584645361,0.1495438628857153,96.88422358662841,26.957859949976545,0.055917227258963684,0.8673730746603661,1.999355587923227,5.1326269253396335,3.0773541101574438,0.5213197102733909,-0.7232130194868658,-0.24655421186942958,0.011044120767731924,-0.6195647246063916,1.99971,8.619564724606391,6.608813397800273,-0.2424917363204826,527.1289117821278,-60.05230068585296,0.01081529661418554,-0.6154449392277878,1.99971,8.615444939227787,6.604922436575216,0.39689659934310273,-0.711912441192598,-0.20440275233992555,0.01041294492127831,-0.7069712525340988,1.9996827939616133,8.7069712525341,6.696875513651207,-0.1999112192538579,178.94541603898352,144.23911350534635,0.010381769074824694,-0.7031308208756811,1.9996827939616133,8.703130820875682,6.693066257839243,0.3713909556923205
O=C(O)c1c[nH]c2ncccc12,-567.4460137924966,3.6416176830204883,1935.918731151668,1269.0581733735535,-567.5861725582589,0.1439688120570775,-567.4547708900114,-567.4891372357546,0.10084596277054629,-567.445069386468,0.14491321808561625,0.0,1.8238623513405647,0.1455553014269376,1942.0726070604878,0.09878386515984895,-0.24433916658678653,-0.04677143626708864,162.1476,1208.5946113521009,18.0,0.1352117145422363,-0.40061984270466444,-0.06553162404391143,0.02130248228310016,-0.0693487064266714,1.9988,6.069348706426672,4.049250284428959,-0.12166005133272997,99.05984142143473,85.75126969435081,0.019584290844725766,-0.2586594510157453,1.99878,6.258659451015745,4.240295160171019,0.6373706194988948,1.3728031510968934,0.2094679644703442,0.050494290844725766,0.8010031749196762,1.9992199999999998,5.198996825080323,3.14928847395021,0.20886761824791228,80.83193867746436,35.367148889057944,0.05129835113011328,0.8410403722945368,1.9991940602853875,5.158959627705463,3.108467216289962,0.511299424769893,-0.8076555665193332,-0.21754572778280737,0.01030248228310016,-0.5859440073743283,1.99973,8.585944007374327,6.57590746480584,-0.24631813144055528,490.41831826759017,-34.650631313964084,0.010073758858449917,-0.6245019682533645,1.99973,8.624501968253364,6.6146982093949145,0.3855816650087951,-0.7494107701240791,-0.1987927042922239,0.009816542568487682,-0.7023585089047295,1.9997,8.70235850890473,6.692836026621629,-0.20846861238166953,177.22511284046018,156.84527038575743,0.009646542568487682,-0.7123417197374861,1.9997,8.712341719737486,6.70299111688361,0.39199042880964663
O=C(O)c1cc(Cl)cc(Cl)n1,-1355.1246477336329,2.138671031558749,2574.496701663489,1341.7274388200099,-1355.2157797744117,0.09457534538339805,-1355.134022698948,-1355.1703661809952,0.0488577945771918,-1355.123703630189,0.09551934538339805,0.0,1.2289420753285163,0.18802896372769567,2580.8107688496934,0.10344172142203223,-0.2914706851497279,-0.08458724230566342,192.0012,1301.9631771434797,14.0,0.0852012766242049,0.1436450205256728,-0.1341404383483137,0.028381730580295597,-0.005896862487195154,1.9987910344406514,6.0058968624871945,3.9787240974662477,-0.09578680583923543,136.76652661227297,45.59852926262196,0.027158964338246556,0.11710276257874369,1.9988399999999997,5.882897237421256,3.856907238642358,0.6170384763899989,1.232724373829488,0.22258750612504397,0.050203109427463886,0.7544406912552368,1.9993210344406516,5.245559308744762,3.196035164876647,0.23738975453063485,81.47425970245676,34.02998186663856,0.05328551660977494,0.8335789802125697,1.9993110344406513,5.166421019787429,3.1138244687370036,0.5001302194196835,-0.7606228590402029,-0.14016698689514076,0.010771376404964728,-0.4486747874445684,1.99973,8.448674787444569,6.438174445480255,-0.22140691215813038,540.9074698289439,-49.35380642697055,0.010439308744763183,-0.6030556973328385,1.9997289655593482,8.603055697332838,6.592887423028726,0.3781005941741732,-0.7241548419782666,-0.149776437487961,0.009817933560900235,-0.6490706021148068,1.9996831033219549,8.649070602114806,6.639570599672603,-0.15930615061766404,149.2732217806851,153.6456644742422,0.010180692476338597,-0.674990169788962,1.999682068881303,8.67499016978896,6.665128442871971,0.3722954442660142
O=C(O)c1cc2ccccc2o1,-571.242248,6.623,2182.9721,1185.255,-571.380108841,0.142449,-571.251057,-571.28566,0.099037,-571.241304,0.143393,0.0,2.9031,0.157095,2200.6821,0.09246499999999999,-0.24956,-0.06463,162.1446,1315.145,18.0,0.13364,-0.115843,0.054403,0.03166,0.19592,1.99871,5.80408,3.77371,0.066988,82.3214,48.9088,0.03022,0.19712,1.99869,5.80288,3.77397,0.5997482693517936,1.496753,0.132842,0.05185,0.69876,1.99927,5.30124,3.25012,0.206644,75.2225,40.3827,0.0495,0.80294,1.99924,5.19706,3.14831,0.48757079924480806,-0.82487,-0.264582,0.01138,-0.64865,1.99973,8.64865,6.63753,-0.208312,546.4044,-51.2015,0.01074,-0.58604,1.99973,8.58604,6.57558,0.3585588420390183,-0.789933,-0.229223,0.01012,-0.73081,1.9997,8.73081,6.72098,-0.202126,173.5558,160.0138,0.00981,-0.70495,1.9997,8.70495,6.69544,0.37853996224040276
O=C(O)c1cc2ccccc2s1,-894.2649218071781,4.82639542673877,2437.5263500176125,1267.87349326524,-894.3998668730251,0.1397856414972384,-894.2742853693725,-894.309673677901,0.09503320857980464,-894.263977807178,0.1407296414972384,0.0,2.435371564642348,0.15442984788981792,2452.791670512588,0.08592900598168321,-0.24035885387150113,-0.06850084190813473,178.2052,1413.8577592907545,18.0,0.13042207930274283,-0.29361782518944124,-0.025851487895213097,0.021109999999999997,-0.3462128248085644,1.9987731341651322,6.346212824808564,4.326329690643432,-0.02237146120126298,100.68391216421713,59.240084399732396,0.021460695266015475,-0.3266105704961475,1.998778756110088,6.326610570496147,4.306376741064999,0.6366327573166166,1.4678074793137639,0.1723325169091319,0.05452492667894037,0.7420119230835976,1.9991712438899116,5.257988076916402,3.2042919063475503,0.23069828105538498,80.05318628828451,36.94847120020628,0.05279179251380792,0.8317960348628584,1.9991456219449557,5.168203965137141,3.1162665506783775,0.5042675250143438,-0.8353648129115698,-0.2745650180604393,0.010836268330264905,-0.6588743992635775,1.99973,8.658874399263578,6.648308130933312,-0.22719315037020554,507.13353530550967,-42.99527982586244,0.010258804990794719,-0.6045635142746582,1.99973,8.604563514274657,6.594579087338907,0.3729370407780734,-0.7779185106793154,-0.22083277514875044,0.010089451376103776,-0.730087713542924,1.9996999999999998,8.730087713542924,6.720302640221863,-0.19330314213492542,171.20386632714536,156.53139938335116,0.00991940249539736,-0.7033015590464013,1.9996899999999997,8.703301559046402,6.693682156551004,0.3834055357658607
O=C(O)c1ccc(-c2ccccc2)cc1,-650.682403,8.3133,4343.0419,1468.0445,-650.8899683695,0.209772,-650.694081,-650.732983,0.159192,-650.681459,0.210716,0.0,2.2413,0.15592499999999998,4360.86495,0.093175,-0.2491,-0.06275,198.2208,1651.5495,25.0,0.198094,-0.353868,-0.113953,0.02133,-0.16354,1.99879,6.16354,4.14341,-0.123472,157.5145,66.9182,0.01807,-0.18834,1.99878,6.18834,4.17149,0.639159848961611,1.446072,0.187776,0.05419,0.77004,1.99925,5.22996,3.17652,0.239121,81.9107,32.8084,0.05307,0.84651,1.99923,5.15349,3.10119,0.512114537444934,-0.843604,-0.271992,0.0108,-0.65141,1.99973,8.65141,6.64088,-0.237451,531.0134,-42.1421,0.01017,-0.6141,1.99973,8.6141,6.60421,0.37712397734424163,-0.785276,-0.216484,0.00986,-0.72342,1.9997,8.72342,6.71386,-0.199468,165.1224,157.9205,0.00962,-0.70693,1.99969,8.70693,6.69762,0.38719320327249845
O=C(O)c1ccc(Br)s1,-3314.292221205339,3.837583601514373,2443.6970746680227,1099.612811335462,-3314.3698438156553,0.08113360654643953,-3314.300466681825,-3314.3355389117987,0.037815900086802856,-3314.2912772053396,0.08207760654643953,0.0,1.3922558364803281,0.16345662015624515,2480.8089480729072,0.09461102497829929,-0.25806764513454444,-0.06884559517794585,207.04150000000004,986.1436995669396,12.000000000000002,0.072888130060762,-0.35465196383459385,-0.0024349352611518368,0.023284819982639433,-0.2589644926606633,1.9988075900086804,6.258964492660664,4.236872082669343,-0.04603200399682157,99.54508675875228,59.907573305727695,0.02075210508246271,-0.35823742806429654,1.9987975900086805,6.358237428064298,4.338687732973154,0.6357933445295673,1.4442386049528642,0.18586701259929572,0.05349066494357815,0.7450236037804201,1.99916620499566,5.254976396219581,3.202315731276002,0.23280752801639903,78.3341669277408,39.09127775596471,0.05300686993923802,0.8289087837977807,1.99914620499566,5.17109121620222,3.118944346262982,0.5032337956589319,-0.8299017325131166,-0.24922498917566666,0.011152465117183846,-0.6260014005597225,1.9997300000000005,8.626001400559725,6.615118935442539,-0.22830854128288375,495.9955149383479,-34.511258438620516,0.010269335056421853,-0.6052220689365092,1.9997300000000005,8.60522206893651,6.5952289388757475,0.37218305872666746,-0.7657605949513411,-0.20776910423388692,0.010270360034721142,-0.7162095073004315,1.9997000000000003,8.716209507300434,6.706239147265712,-0.19634520620700924,169.8139713533206,159.11372416405558,0.009924515073782423,-0.7053556020443631,1.9996900000000002,8.705355602044364,6.695737291966241,0.3829927597393602
O=C(O)c1ccc(C(F)(F)F)cn1,-772.6283813926051,1.9840795751726297,2843.4598264062665,1188.6479287238396,-772.7434943071248,0.12023064767336392,-772.6389428243558,-772.6779376853636,0.07067344920740387,-772.6274373926051,0.12117464767336392,0.0,1.1345914912199944,0.18542007387016848,2902.314532036968,0.1010945899383012,-0.2865146638084697,-0.08432548393186728,191.1093,1203.84702116359,17.0,0.10966831021515583,0.0854577020574288,-0.12646330887834478,0.027699131888414115,-0.02316513291146073,1.9988209429256976,6.02316513291146,3.9966450580973496,-0.097501232742713,152.04083679699949,43.6166550131836,0.027052630216737882,0.10799196066550636,1.99886,5.8920080393344945,3.866095409117756,0.6163928265775553,1.2332934103997242,0.20734787107736113,0.05206200959763765,0.7647002216105054,1.999331885851395,5.235299778389495,3.1838958829404627,0.2351874650988785,81.8854302715804,33.01338331677523,0.053425086811158595,0.8312416632969464,1.9993109429256974,5.168758336703054,3.116021364040501,0.4998561377366084,-0.7611403646769994,-0.20369718689052715,0.010732630216737885,-0.5558004549438453,1.999729057074303,8.555800454943846,6.545330653504201,-0.22540251666508004,540.8968318189943,-49.85672026003482,0.010407717027896474,-0.6061382233401844,1.999729057074303,8.606138223340185,6.596000506312288,0.37779722847715547,-0.7240690546596025,-0.1765548233813261,0.009913970263144,-0.6808195666139376,1.9996818858513947,8.680819566613938,6.671224653425097,-0.1606266215720136,149.79227812113328,153.2143645919424,0.010195881052576,-0.6756780298950632,1.9996818858513947,8.675678029895064,6.66579120591679,0.3720899454859069
O=C(O)c1ccc(F)cn1,-535.1781056187618,0.9595168405551041,1523.2687498559048,1000.6327168700101,-535.2789360949263,0.10423515907901444,-535.1858652324022,-535.2191125457616,0.06322913391673747,-535.1771616187618,0.10517915907901444,0.0,1.3960423535542688,0.17251298378929486,1546.4738722009631,0.10720323043896918,-0.27971621422826404,-0.06530975335032568,141.1015,977.7850865001395,14.0,0.09647554543868593,-0.04418577895780214,-0.12676806830586274,0.027766068524497284,-0.03252520450863804,1.998820981625602,6.032525204508637,4.005938154358539,-0.11179517992183573,145.20405667969416,50.72958702361938,0.026454540640045317,0.07709471941093173,1.99885,5.9229052805890685,3.897600739949023,0.6174524168655257,1.255985489591617,0.194557244834891,0.05211920709147553,0.7466585168734072,1.9993219632512038,5.253341483126593,3.20190834953271,0.23316902126196576,82.50021872534677,33.35196298850191,0.053563742758425376,0.8309647144378363,1.9993109816256018,5.169035285562163,3.1161605611781367,0.4983986861670586,-0.7710634229781927,-0.20678749842877434,0.010787485516850756,-0.5524850988501854,1.9997290183743983,8.552485098850186,6.541967613333335,-0.23267036713112366,525.6995368254893,-42.4009161779669,0.01035024664967432,-0.6136728155763234,1.9997290183743983,8.613672815576324,6.603593550552251,0.3772851113369864,-0.7237490921246109,-0.17823446603341908,0.009973496108751059,-0.6800530560294543,1.9996909816256019,8.680053056029454,6.6703975966695,-0.1651376601948464,150.87614483964924,154.19516577524783,0.010173249459076739,-0.678893195015577,1.9996819632512035,8.678893195015577,6.669028963930899,0.37243111350888564
O=C(O)c1ccc([N+](=O)[O-])cc1,-624.253099,1.5051,2431.9774,1228.201,-624.378456968,0.129056,-624.262671,-624.299058,0.083096,-624.252155,0.13,0.0,3.7107,0.20586,2472.4858,0.09756999999999999,-0.30343,-0.10829,167.1208,1412.432,17.0,0.119484,-0.159619,-0.123684,0.01851,-0.19614,1.99879,6.19614,4.17884,-0.103762,164.8893,60.5194,0.01801,-0.1601,1.99879,6.1601,4.1433,0.6386091881686595,1.305575,0.236911,0.05336,0.84159,1.99925,5.15841,3.1058,0.246656,80.4757,33.9633,0.05298,0.84774,1.99925,5.15226,3.10004,0.5106985525487728,-0.773272,-0.235711,0.01031,-0.61482,1.99972,8.61482,6.60478,-0.222752,551.6388,-53.7511,0.0103,-0.60021,1.99973,8.60021,6.59019,0.37838263058527377,-0.74956,-0.197976,0.00965,-0.70765,1.99969,8.70765,6.6983,-0.192524,160.8165,156.6741,0.00965,-0.70213,1.99969,8.70213,6.69278,0.3876651982378855
O=C(O)c1ccc([N+](=O)[O-])s1,-945.0845772679611,1.2372652072853827,2122.773846852237,1208.063869236775,-945.1745447762491,0.09532198036906608,-945.093901348479,-945.129815274737,0.05008331121148492,-945.0836326055794,0.09626598036906608,0.0,3.3517772237412995,0.2058924593925644,2158.3511016215157,0.08969011161034719,-0.29558257100291163,-0.11620234778221722,173.143,1147.6736399005895,14.0,0.08599723746935725,-0.2297649462009861,-0.05369272209114539,0.0210737618338186,-0.3583320438274571,1.9988167523667637,6.358332043827457,4.338448153443493,-0.04270126180943466,110.84291031313492,56.18600686734112,0.021150899851019065,-0.33454184054987646,1.9988167523667637,6.334541840549877,4.314574188332094,0.6376201701888052,1.3719488275987008,0.23199861406108002,0.05302427603440092,0.8237815495699885,1.9991600000000003,5.176218450430012,3.124034174395611,0.24008696912371863,79.12984775560109,38.504428905804104,0.05298961434956326,0.8314688161373347,1.999156623816618,5.168531183862666,3.116381569513102,0.5043030952411491,-0.7877121672601183,-0.22361762564230397,0.010377395117491622,-0.5991974140989946,1.9997233761833821,8.599197414098995,6.589090018981503,-0.21476193324981047,523.8065812060798,-47.7379693978464,0.010373890383964184,-0.5919996273244356,1.99973,8.591999627324437,6.581895736940471,0.37211767939015306,-0.7512363237292484,-0.19368800110516507,0.009930642750727903,-0.7048846078621271,1.9996900000000002,8.704884607862127,6.695263965111399,-0.18936962372045707,168.25226497217187,158.16937782928116,0.009960642750727902,-0.7011734239994617,1.9996900000000002,8.701173423999462,6.691522781248734,0.38395704710506134
O=C(O)c1ccc2c(c1)OC(F)(F)O2,-806.5348434823582,1.969891157451168,3095.470873431594,1119.1380945921815,-806.6483990026127,0.12728822152749691,-806.5451966306387,-806.5824792974541,0.07965240643148375,-806.5338994823582,0.1282322215274969,0.0,1.7661753474876365,0.16477962259967094,3080.158108181531,0.10239258374311522,-0.26717220634278616,-0.062387038856555756,202.114,1210.3896528426812,18.0,0.11693555471196052,-0.28625170388409493,-0.12629155560205754,0.021184073247020114,-0.16229630638635464,1.99887,6.162296306386354,4.142242233139334,-0.13815995712084073,149.4417962035102,69.82637373797803,0.01776370254582816,-0.18665371147801094,1.998824814649404,6.186653711478011,4.170060008932182,0.6403980891414122,1.3486174421617756,0.19694889504217034,0.05406963376489944,0.7614785350595977,1.99926,5.238521464940402,3.185196645824907,0.24339856275092503,81.03203354206306,34.01360232236753,0.05303148280476782,0.8473896292988081,1.9992299999999998,5.152610370701192,3.1003488878964243,0.5132857764035882,-0.7960774211664641,-0.2646395323815035,0.010844814649404023,-0.6454299955339086,1.99973,8.64542999553391,6.634859995533908,-0.23368733407924253,530.124803929068,-40.8560972763085,0.010214443948212068,-0.6109314604743108,1.999724814649404,8.61093146047431,6.6009870165260995,0.379909288710893,-0.7541255417649774,-0.21647985618717525,0.009860370701191955,-0.724385917820797,1.99969,8.724385917820797,6.714830732470201,-0.19806082938750563,162.42937999034993,159.18853961625948,0.009614443948212066,-0.7064989146929725,1.99969,8.706498914692972,6.69719447074476,0.3876186100779697
O=C(O)c1ccc2c(c1)OCCO2,-647.5256536157609,6.839773085880503,2651.6276728284397,1434.326291824834,-647.6949022843187,0.17198302013232453,-647.5358026056947,-647.5720555956286,0.12558153523156793,-647.5247096157609,0.17292752516540566,0.0,3.5663879252240145,0.13768177020323596,2653.895934062168,0.09648066292538707,-0.23416243312862303,-0.0412011072778489,180.15980000000002,1349.3109333924363,21.0,0.1618340301984868,-0.33460165602551506,-0.10743438799580936,0.021289899338377376,-0.18196838941403798,1.99884,6.181968389414038,4.161838490075661,-0.11961407939471522,145.87996503064133,72.6141520297241,0.017799899338377376,-0.19911859073728322,1.9988,6.199118590737283,4.182513641068095,0.6381761301855624,1.395987846101828,0.1781792381379583,0.05430060396973576,0.7479280701794901,1.9992549496691887,5.252071929820509,3.1985163761815856,0.2360170888704924,82.06695496216972,33.30381176276569,0.053114949669188685,0.846509194707019,1.9992300000000003,5.153490805292982,3.1011458556237925,0.5123870963209629,-0.8244180463828648,-0.28281818636582473,0.010824949669188687,-0.6645717284972648,1.99973,8.664571728497265,6.654016778828076,-0.24248547828453035,521.1537244816943,-36.66309327493417,0.010129899338377374,-0.619156778828076,1.99973,8.619156778828076,6.609296879489699,0.3794839521711769,-0.7633562265150056,-0.2246284037810734,0.009870201323245254,-0.7309848662572461,1.9997000000000003,8.730984866257247,6.721419715264813,-0.20164178371933422,165.71845542293096,158.76945312143408,0.009614949669188688,-0.7086721138940753,1.9996900000000002,8.708672113894076,6.699367164224887,0.38750786658275643
O=C(O)c1ccc2nccnc2c1,-605.4668228194263,3.240861200240471,2505.6796757679253,1148.8163051764534,-605.6085568345624,0.14948350802745147,-605.4761426426658,-605.511560924497,0.10474540295675741,-605.4658781840742,0.15042787267535818,0.0,1.6413064376146043,0.17885519154425347,2508.400692358813,0.08716000000000002,-0.26601519154425346,-0.09169519154425347,174.1586,1386.2026606250986,19.0,0.1401640494358246,-0.2528902047061745,-0.1229562800904414,0.018573646479067174,-0.19526796057656787,1.9988000000000001,6.195267960576569,4.177891607055635,-0.11474490097181644,157.9178435379632,64.17610131996025,0.01799,-0.17582681131104705,1.9988000000000001,6.1758268113110475,4.159036811311047,0.6401233834360276,1.3546615181398562,0.23104302352506362,0.053449171832537404,0.8374841535484716,1.9992500000000002,5.162515846451528,3.109823028139924,0.24471043140975007,81.02424826428157,32.93450875693002,0.05302469718600762,0.8480907168977238,1.9992436464790673,5.151909283102277,3.0996409394372018,0.511041025875773,-0.8049568571465805,-0.24401393658190101,0.010279171832537395,-0.622660383088507,1.9997263535209329,8.622660383088506,6.612654857735038,-0.22945276952075827,544.7323159911274,-50.27894813282094,0.010227292958134349,-0.6063151295538047,1.9997263535209329,8.606315129553805,6.5963614830747375,0.3793674602285515,-0.7599301644247078,-0.20053707104479412,0.009655414083731304,-0.7098239929994425,1.99969,8.709823992999443,6.700474932436643,-0.19376250642442616,163.2823519837085,156.84870107138929,0.00963270704186565,-0.7033617310365325,1.99969,8.703361731036534,6.694039023994667,0.386893320283221
O=C(O)c1cccc(-c2ccccc2)c1,-650.682025022842,8.458333427870253,3884.28103242084,1672.0164537313012,-650.889794350851,0.20974755562149022,-650.6937075117175,-650.7326324672206,0.15913960011868244,-650.6810805117177,0.21069155562149022,0.0,2.008742271459568,0.15122555028077955,3900.157494971734,0.09561088400972109,-0.24683643429050064,-0.05561466627105846,198.2208,1731.949622234326,25.0,0.19806455562149022,-0.22315819340875834,-0.13450920705724123,0.022019110056155908,-0.21533156926997313,1.9988199999999998,6.215331569269973,4.194502459213817,-0.12569542716955306,157.65338368465387,64.93686541104714,0.018204443785097446,-0.17925711361662972,1.99878,6.17925711361663,4.162272669831532,0.6381879024445142,1.320775605494314,0.17447059418455946,0.05462044497192205,0.7529973420367136,1.99927,5.247002657963286,3.1931171017483835,0.2411051815492426,81.63482281190126,32.60614686996837,0.05307977751403897,0.8493526698315321,1.99924,5.150647330168468,3.0983275526544287,0.5114834606201932,-0.795203908261053,-0.2913585832282576,0.01065888757019489,-0.6748670098131286,1.9997299999999998,8.674867009813127,6.664473010999953,-0.2360860685260252,532.5869660904157,-42.413939420461446,0.010179999999999998,-0.6127971254848756,1.9997299999999998,8.612797125484875,6.602892236727856,0.37858542086897085,-0.750275834302772,-0.2264455351444008,0.009785556214902555,-0.7344255028077955,1.9996999999999998,8.734425502807795,6.724939946592892,-0.1977011376454627,164.36397021943282,157.67486748624412,0.009599999999999997,-0.706209765645793,1.99969,8.706209765645792,6.696914876888773,0.3874659083626374
O=C(O)c1ccccc1,-420.061555,3.6376,1172.0989,904.894,-420.184378179,0.123662,-420.068624,-420.100598,0.084619,-420.060611,0.124607,0.0,1.9549,0.164455,1178.9625,0.11138499999999998,-0.27584,-0.05307,122.1232,1034.164,15.0,0.116593,-0.236091,-0.126547,0.01905,-0.23245,1.99878,6.23245,4.21462,-0.134762,160.9794,65.6756,0.01794,-0.18698,1.99879,6.18698,4.17025,0.6386091881686595,1.29672,0.216489,0.04475,0.70866,1.99923,5.29134,3.24736,0.240365,81.9756,32.6945,0.0531,0.84794,1.99924,5.15206,3.09972,0.5110132158590308,-0.781185,-0.043593,0.01086,-0.25075,1.99974,8.25075,6.24015,-0.236937,532.7172,-42.1829,0.01018,-0.61309,1.99973,8.61309,6.60318,0.3782252989301447,-0.739572,-0.148787,0.00909,-0.62517,1.99971,8.62517,6.61637,-0.198977,164.5754,157.8153,0.00962,-0.70639,1.99969,8.70639,6.69708,0.38750786658275643
O=C(O)c1ccccc1Cc1ccccc1,-689.9021961569509,11.196065941546532,3569.2585282734126,1708.196540240808,-690.1385071011739,0.23964009338676628,-689.9150844034856,-689.9564663091325,0.18536994120526507,-689.901251917679,0.2405846428820324,0.0,1.6720658130930417,0.15082471643203776,3630.595313116887,0.09822115033471049,-0.24904586676674823,-0.05260356609732725,212.24759999999998,1922.637626845168,28.0,0.22675180066776257,-0.2517849158866145,-0.10305315978116283,0.022424012562789083,-0.241658853592702,1.9987545599241425,6.241658853592702,4.2204754434153475,-0.09122029838692816,154.96987504789342,67.03260286098885,0.018485308889343587,-0.1780858770222098,1.9987187403523272,6.178085877022209,4.160887784576515,0.694178901335172,1.2486918475317474,0.12498170544274681,0.054687272459250896,0.7353350762689462,1.9992698594578804,5.264664923731054,3.2107027587045756,0.23150023447133605,87.41052858464279,31.28203116544457,0.05256198156571801,0.855026208619228,1.9992506572622382,5.144973791380772,3.0931571126667503,0.5656676334997368,-0.7691857878092005,-0.3365832549977784,0.010608475812685082,-0.7252648082532945,1.9997230499807421,8.725264808253295,6.714932820616552,-0.2416608366310221,532.4330572960603,-55.87974007514506,0.010390171491927754,-0.6192317212886218,1.999720657262238,8.619231721288621,6.6091244566119265,0.45548127641050595,-0.7228422783656372,-0.22672951351915005,0.010137630561188604,-0.737830571900329,1.9996911191055529,8.737830571900329,6.7279943964057365,-0.19562195380487413,165.38364302371815,146.7282202032,0.009871280300904103,-0.7057664112871995,1.99969,8.705766411287199,6.696197047896206,0.41933762116305673
O=C(O)c1ccco1,-417.87401395032873,2.5831575250667984,877.219078668449,832.510480497071,-417.96365069619844,0.09263353884516931,-417.8803311802162,-417.9112426344723,0.05540529929933567,-417.8730699503287,0.09357798344292005,0.0,2.611022511605557,0.15293837932522203,887.8999433158152,0.10676063680789227,-0.2596990161331143,-0.046177742517329756,112.0848,801.4384669750152,11.999999999999998,0.0863161981531338,-0.1426978055621706,0.04030349744499558,0.029557783910029604,0.12679644130641193,1.9987011218425517,5.873203558693588,3.844944652941006,0.045844601551482754,86.61221155834538,50.49472971795076,0.029347811505162837,0.17005466673857322,1.998724445977507,5.829945333261426,3.8018775217562637,0.5965491200043704,1.4007329284534253,0.18030701316535513,0.042116662067477786,0.6357294576552459,1.9992555540224926,5.364270542344753,3.322903880277276,0.20984187540540872,76.66928198691409,41.13139115951876,0.049662229887537004,0.8001198068340672,1.999244445977507,5.199880193165932,3.1509724092559024,0.48755336618966016,-0.7993030930684337,-0.03896690319384005,0.011735636807892288,-0.24487888239710412,1.9997455540224922,8.244878882397103,6.233393245589211,-0.22809568179308887,509.2429224128166,-35.409425701810974,0.010504501167773864,-0.6026365187735568,1.9997299999999998,8.602636518773556,6.5924020176057825,0.36194932083426895,-0.7483174056484585,-0.14818776832368852,0.009536593079644717,-0.6222153385796814,1.9997144459775071,8.62221533857968,6.612958745500036,-0.195277364694672,164.22184463128093,159.38503172660677,0.010084376989674324,-0.6981878444185506,1.9996999999999998,8.69818784441855,6.688404575473861,0.37238789711161885
O=C(O)c1ccnc(C(F)(F)F)c1,-772.6305564090145,2.29120941765174,2585.227888243527,1236.0327436147895,-772.742163045816,0.1202471882303174,-772.6410621348076,-772.6791634063018,0.07164019094314397,-772.6296124090145,0.1211911882303174,0.0,3.742894641481618,0.19289728505830267,2613.965445310989,0.10350548413992641,-0.29640276919822905,-0.08939180091837626,191.10929999999996,1322.249707636283,17.0,0.10974200813847976,-0.06565981427099829,-0.1396450223248737,0.022157285058302674,-0.20893354758022076,1.9987999999999997,6.208933547580221,4.187981719533578,-0.09839975980295561,173.36736542142296,57.52280081384797,0.0188663710349816,-0.14607819908162373,1.9987999999999997,6.146078199081623,4.128411828046642,0.6353483648515293,1.230128643574434,0.21225567884117977,0.053582742069963205,0.7880092758745401,1.9992599999999998,5.211990724125459,3.159142525043836,0.24978524436590382,81.36056928160627,33.89326498338592,0.052657285058302666,0.848693710349816,1.9992499999999997,5.151306289650183,3.099399004591881,0.5091539969578687,-0.7399303724787427,-0.25062908012800394,0.01058,-0.626659764183326,1.99973,8.626659764183326,6.616354307171665,-0.21643986476942065,559.33985766489,-55.953640530553145,0.01035908597667893,-0.5937558639356487,1.99973,8.593755863935648,6.583666777958969,0.3776957820439855,-0.7273581790710983,-0.2085339576400574,0.009719085976678931,-0.7173111853059799,1.9996899999999997,8.717311185305979,6.707897556340962,-0.1883815045980171,161.61009299263458,156.61259230078446,0.009685457011660535,-0.6993024707873043,1.9996899999999997,8.699302470787304,6.6899224707873035,0.38767957871807845
O=C(O)c1ccncc1Cl,-895.5947821848872,3.0159037745073114,1555.131967601258,1265.3462566393848,-895.6934421264153,0.1031126284076688,-895.6029802459108,-895.6384572778552,0.05943753543975573,-895.5938381848873,0.10405662840766881,0.0,1.7251202713454177,0.1805747974624985,1538.0880193300131,0.09861636848167056,-0.27919116594416904,-0.08195842898082793,157.55609999999996,1152.4450143560903,13.999999999999998,0.0949145673843253,-0.1553785382710952,-0.12855540689242634,0.024737395498156144,-0.23627336537100996,1.9986934380679446,6.23627336537101,4.212845655669019,-0.09922252240401484,161.7450528663464,61.99964506520837,0.02017650740935405,-0.17422931706963002,1.9986834380679446,6.17422931706963,4.1553693715923306,0.6570908571945003,1.2078867367529322,0.21038206584805902,0.053821830700305315,0.7816294781890836,1.9992865619320548,5.218370521810916,3.1652686911106107,0.2505989064734446,79.58767984419583,34.30020546297415,0.052922217601074587,0.8479737575136403,1.9992734380679447,5.152026242486359,3.09983058681734,0.5256280437509955,-0.7280023336295053,-0.25162609435717487,0.010591589193405766,-0.6263528131426103,1.999726561932055,8.626352813142608,6.616034662017149,-0.2187747498920416,548.0620015018955,-60.91600655563134,0.010339703970399301,-0.5973668425806336,1.999726561932055,8.597366842580634,6.587297138610234,0.39408537949148226,-0.6935585746613626,-0.19944763952261785,0.009889667621931874,-0.7103225370467702,1.9996868761358892,8.71032253704677,6.700755993288949,-0.17887517555914398,156.29141509099713,148.42577270074764,0.00991591535015266,-0.6930262449350094,1.9996868761358892,8.693026244935009,6.683423453448967,0.4105258638424317
O=C(O)c1cnccn1,-452.09643164592694,2.2671340589865334,1099.845985600954,992.1205660535819,-452.19157806822614,0.09967320432302408,-452.1033126310534,-452.13535874613547,0.06074694441195608,-452.09548764592694,0.1006172043230241,0.0,1.773579145104845,0.17445897838487956,1116.0031373095312,0.09358521775110101,-0.2680441961359806,-0.08087376063377859,124.09880000000001,918.9520472024121,13.0,0.09279305949399207,-0.021622736403655543,-0.17971084846245708,0.027623686266288493,-0.053062262581238535,1.9989100000000002,6.053062262581239,4.026530173340251,-0.1408125408304093,151.2734506504395,50.834594591254515,0.026009925632509926,0.055457326521829754,1.99889,5.944542673478171,3.9196343448709605,0.6116366704263126,1.2203047449106783,0.21472742709448678,0.05297874645540714,0.781536303030973,1.9993131940506008,5.218463696969027,3.166171756463019,0.24102190796747736,83.57896840264063,33.126869148526545,0.053478328607209524,0.8273305949399207,1.9993215970253004,5.17266940506008,3.11986947942757,0.49825737367990625,-0.7489084491619789,-0.24132171410443676,0.010675478037316272,-0.6167080953536801,1.9997284029746998,8.61670809535368,6.606304214341665,-0.22320378655205084,545.5899930520587,-51.49857832971702,0.010469089936114687,-0.6017885736668359,1.9997284029746998,8.601788573666836,6.5915910807560225,0.37560018942500895,-0.7186856936920093,-0.18583719359822923,0.010112163608478174,-0.6934092060112002,1.999683194050601,8.693409206011202,6.683605445377422,-0.16755434302833594,152.8797094338655,152.77662940274388,0.01019299930487341,-0.6804583066500535,1.999683194050601,8.680458306650054,6.67057211329458,0.3731914098607179
O=C(O)c1ncccn1,-452.098,3.6742,1094.4404,751.849,-452.192860878,0.099446,-452.104953,-452.137392,0.060054,-452.097056,0.100391,0.0,3.6328,0.17178,1115.745,0.09791,-0.26969,-0.07387,124.0988,978.822,13.0,0.092493,0.322736,-0.06772,0.03472,0.19893,1.99908,5.80107,3.76727,-0.070771,136.3221,36.7759,0.03728,0.34591,1.99905,5.65409,3.61776,0.5951856513530522,1.169226,0.18273,0.05373,0.7495,1.99943,5.2505,3.19735,0.226234,75.1245,35.4095,0.05319,0.81284,1.99938,5.18716,3.13459,0.48599748269351795,-0.725534,-0.216093,0.01132,-0.58853,1.99972,8.58853,6.57748,-0.195135,571.8712,-66.5862,0.01079,-0.57822,1.99972,8.57822,6.56771,0.3618628067967275,-0.712552,-0.189067,0.01009,-0.69744,1.99969,8.69744,6.68766,-0.16709,162.392,149.5397,0.01019,-0.68169,1.99969,8.68169,6.67181,0.3724040276903713
