can,UMAP1,UMAP2,rate
COC1=CC=C(I)C(C)=C1,1.4785984,16.478039,-2.252135306303045
COC1=C(C=C(I)C(F)=C1)C(O)=O,3.504957,10.4436455,-1.7835676874621
CC1=CC(Cl)=CC(N)=C1I,0.07283184,14.627629,-1.6534926714522644
COC(=O)C1=CC(I)=C(N)C(OC)=C1,1.9556876,14.980136,-1.520252384195133
COC1=C(I)C(C)=CC(Cl)=C1,-0.16377941,14.008257,-1.491353792327095
CC(C)C1=CC=CC(C(C)C)=C1I,1.6740017,17.673853,-1.392481136628752
NC1=CC(I)=CC=C1O,6.623235,18.190163,-1.3477383748927532
CC1=C(C)C(C)=C(I)C(C)=C1C,1.9676404,17.986279,-1.3139113738865014
NC1=C(I)C=CC(Br)=C1,1.3384162,14.155886,-1.2266385441123917
OC(=O)CCC1=CC=CC=C1I,2.8743734,17.70825,-1.1832361704094367
COC1=CC=CC(OC)=C1I,-0.44888067,13.236758,-1.0999812533898117
CC1=CC(C(O)=O)=C(I)C=C1,6.675045,10.810789,-0.966401860002619
CC1=CC(F)=CC(C)=C1I,1.7171221,18.08943,-0.954912566098426
NC1=C(I)C=CC=C1C(O)=O,3.9269822,12.091335,-0.950895682467429
CC1=C(I)C(O)=CC=C1,-0.057260193,14.532363,-0.9235437144000024
CCOC1=CC=C(C=C1)C(O)C1=CC(I)=CC=C1Cl,5.783839,14.893982,-0.9214802916922272
COC(=O)C1=CC=C(N)C(I)=C1Cl,1.6734428,10.5455,-0.901035073878372
CCCNC(=O)C1=CC=CC=C1I,4.3520093,16.913816,-0.8936057504773213
CC(=O)NC1=CC(F)=CC=C1I,2.0124955,13.902013,-0.8787979639249159
CC(=O)NC1=C(F)C=C(I)C=C1,7.424312,16.81702,-0.8752285665333936
COC1=CC=C(I)C(N)=C1,0.6891181,15.116739,-0.845921371266691
ClC1=CC=CC=C1I,2.4116518,9.183144,-0.8418970574556375
CNC1=CC=C(I)C=C1C,6.0963173,18.646471,-0.8310572398642792
COC1=CC(C=O)=CC(I)=C1O,4.000941,11.325454,-0.7879166899210065
CC1=C(I)C=CC(O)=C1,1.4645479,16.283173,-0.7845950796062457
NC1=C(F)C(F)=C(I)C=C1,0.1038938,12.726089,-0.7786512760434641
COC1=CC=CC(Br)=C1I,1.0196605,9.630137,-0.7661794020845377
COC1=CC=CC(C)=C1I,-0.19097897,14.427709,-0.7526410024451837
COC1=C(I)C=CC(N)=C1,0.6100281,14.688142,-0.738476941804438
FC1=C(I)C=C(CBr)C=C1,1.250033,11.142861,-0.7340422901095633
CC(=O)C1=CC(Cl)=C(C)C(I)=C1O,4.306425,11.028769,-0.7332694608397672
CC(C)(O)C1=C(I)C=CC=C1,2.818275,17.554403,-0.7241600883602198
OC1=C(I)C2=CC=C(Br)C=C2C=C1,0.44986582,13.981331,-0.7240202518895708
OC1=C(I)C2=CC=CC=C2C=C1,-0.41128036,14.211157,-0.7206735275431312
CCOC(=O)COC1=CC=CC=C1I,2.5436523,13.727797,-0.7135716641792933
OC(=O)CCC1=CC=C(O)C(I)=C1,1.7880712,14.366827,-0.7100816564945152
FC1=C(I)C(Cl)=CC=C1,0.5722832,10.3239,-0.7074943031245005
NC1(CC1)C1=CC=C(I)C=C1,7.7772775,16.851402,-0.6840584844371156
OC1=CC(I)=C(Cl)C=C1,1.7568332,9.056187,-0.6836597041070778
COC1=CC(OC)=C(I)C(C=O)=C1,4.3009324,10.930305,-0.6746475979334894
NCCC1=CC=C(I)C=C1,7.9413953,17.232601,-0.6587593883398806
CCOC(=O)CC1=CC(I)=CC=C1,7.2952676,15.824577,-0.6502488568033729
CCC1=CC(Br)=CC(CC)=C1I,2.1507897,17.80482,-0.6207968996684788
CC1=C(N)C(I)=CC=C1,0.40828592,15.807689,-0.612250732515574
CC1=CC(F)=C(I)C=C1,0.47249073,11.71953,-0.6050207878259267
OC1=CC=CC(O)=C1I,-0.48053056,13.049268,-0.5879529326977142
OC(=O)C1=C(NC2=CC=C(I)C=C2F)C=NC=C1,6.239784,12.850881,-0.5862407980440234
COC1=CC(OC)=C(I)C=C1Cl,1.5632213,13.008756,-0.5749419344557923
CC(Cl)C(=O)NC1=CC=CC=C1I,2.7218952,14.352086,-0.5586187117515704
COC1=CC(I)=C(NC(=O)OC(C)(C)C)C=C1,4.9219437,15.304458,-0.5523780252026308
COC1=CC=C(OC)C(=C1I)C1=C(C=C(C=C1C(C)C)C(C)C)C(C)C,4.7454057,14.383221,-0.5459529163336929
CN(C)C1=C(I)C=CC=C1,1.6174214,16.178535,-0.535811133858149
COC1=CC(O)=C(C=O)C=C1I,3.9175954,11.031303,-0.5228058095213466
OC1=C(NCC(=O)N2CCN(CC2)C(=O)C=C)C=C(I)C(Cl)=C1,5.25225,14.212417,-0.5095995995480437
NC1=C(I)C(Cl)=C(Cl)C=C1,1.5834742,10.009073,-0.5061635676167804
FC(F)(F)C1=CC(Cl)=C(I)C(Cl)=C1,3.4467442,7.292543,-0.5057879574331279
CC1=CC(I)=C(N)C=C1O,0.6004093,15.266015,-0.4979708701852673
CC1=CC(Cl)=CC(Cl)=C1I,2.2197008,8.723158,-0.4805368349420236
COC(=O)C1=CC=CC(I)=C1N,3.757519,11.987863,-0.4661437232504412
OC1=C(I)C(Cl)=CC=C1,0.8235686,10.391682,-0.460800321203697
BrCC1=C(I)C(Br)=CC=C1,2.5965738,7.5416293,-0.4571776059528941
COC1=CC=C(I)C(O)=C1,0.37862787,14.199355,-0.4501839574488265
CC(C)(C)OC(=O)NC1=C(I)C(F)=CC=C1,-0.24319914,12.448306,-0.4497503884232036
COC1=CC=C(Br)C(F)=C1I,-0.41075954,11.6131115,-0.4352544428669756
CCOC(=O)C1=CC(Br)=C(N)C(I)=C1,3.0353544,13.915269,-0.4279745555015793
CC1=CC(C)=C(C)C(I)=C1C,1.9388165,17.963825,-0.4219737684407845
NC1=CC(I)=C(F)C=C1Cl,0.530287,12.788949,-0.4061643702696009
FC(F)C1=C(I)C=CC=C1,4.5456457,17.94859,-0.4058044308627763
COC(=O)C1=CC(I)=C(C=C1O)N(C)C,4.0645885,12.438217,-0.4013374591362061
OC1=C(I)C(=CC=C1)N(=O)=O,4.338803,10.000793,-0.3738666120971641
NC1=CC=C(O)C=C1I,0.19090757,15.920786,-0.367393781367041
NC1=C(I)C=C(Cl)C(=C1)C(F)(F)F,2.0916243,13.75921,-0.3445675919694101
COC1=C(I)C(Cl)=C(Cl)C=C1,1.4347695,9.704,-0.3341217343172275
OC1=C(I)C=C(C=C1)C1=CC=CC=C1,2.3951435,14.6595955,-0.3299005555722436
COC(=O)C1=C(N)C(I)=CC(F)=C1,4.1987815,11.91461,-0.3282427545852178
FC1=CC=CC(F)=C1I,-0.2839836,11.144025,-0.3272998766256883
ClC1=CC(Br)=C(I)C(Cl)=C1,3.1642587,6.890306,-0.3256125044722329
COC1=CC=C(I)C(OC)=C1,0.5253651,14.01202,-0.3201865568253002
IC1=CC=C(OCCN2CCCC2=O)C=C1,6.0049157,16.164919,-0.3163940470800308
NC(=O)C1=CC(O)=C(I)C=C1,1.2219911,13.2330475,-0.3079241061311648
COC1=CC=C(OC)C(I)=C1,0.64308596,14.648672,-0.3030336006361951
BrC1=C(OC2=C(I)C=CC=C2)C=CC(=C1)C#N,3.8406022,14.83907,-0.2966677179431808
COC1=CC(B(O)O)=C(I)C=C1,1.9725827,16.819775,-0.2896456919920671
OC(=O)C1=CC(I)=C(O)C(I)=C1,2.878173,11.839789,-0.2740508206641181
CC(C)(C)OC(=O)NC(CC1=CC(I)=CC=C1F)C(O)=O,5.482309,14.921454,-0.2651364717149125
CC(C)(C)C1=C(I)C=CC=C1,2.5114748,17.53765,-0.2601182993381869
IC1=C(OCC2=CC=CC=C2)C=CC=C1,2.888114,14.198493,-0.248906205237582
COC1=CC(Cl)=CC(I)=C1,8.185604,16.626081,-0.2444800812156049
COC(=O)C1=CC(I)=C(Cl)C=C1N,3.0667002,10.277171,-0.2428622660453721
CC(=O)NC1=C(C=C(I)C=C1)C(F)(F)F,6.791807,16.299778,-0.2408825490224684
COC1=C(C)C=CC(I)=C1,7.464768,17.2511,-0.2399194140817619
COC(=O)C1=C(I)C=C(OC)C(OC)=C1,5.53574,16.096727,-0.2378121044967333
CCOC(=O)C1=CC(O)=C(I)C(O)=C1,-0.23056993,12.48782,-0.2267432091511356
CC1=CC(Br)=CC=C1I,3.5607865,16.968597,-0.222811777475938
ClCC1=C(I)C=CC=C1,3.8825073,18.058365,-0.2199190529441632
CC1=C(F)C=C(F)C(I)=C1,0.43079802,11.583119,-0.20499917180997
COC1=CC(N)=C(C=C1I)C(O)=O,3.4808352,11.538454,-0.2027716364082871
OC1=C(F)C=CC=C1I,0.5772719,12.7575445,-0.1894980702950054
FC(F)(F)C1=CC(I)=C(Br)C=C1,2.7193139,7.591055,-0.1883496170642917
OC(C1=CC=C(I)C(F)=C1)(C(F)(F)F)C(F)(F)F,1.7360431,11.020423,-0.1882593981012077
FC1=C(Br)C=CC(I)=C1F,1.3285272,11.206267,-0.1745761538104187
COC1=CC(Br)=C(OC)C=C1I,2.2659457,13.41588,-0.1712895841222991
NC1=C(Br)C=CC=C1I,1.2373286,13.92721,-0.1522998399400557
NC1=C(N)C=C(I)C(Cl)=C1,0.80988806,9.09115,-0.1518273103872549
CC(C)(C)C(=O)NC1=CC=CC=C1I,3.0957754,14.548186,-0.1441971854866668
FC(F)(F)C1=C(Br)C(I)=CC=C1,2.9518442,7.69306,-0.1404115143746962
CCOC1=C(O)C(I)=CC(C=O)=C1,4.0592556,11.268694,-0.1389560709090108
CC(=O)NC1=CC=CC=C1I,1.9639661,14.200781,-0.1315732306693288
CCOC(=O)C1=C(I)C=CC(Br)=C1,7.116144,11.147107,-0.127711630533752
NC1=C(I)C=C(Br)C=C1,1.6503942,14.415717,-0.1266851373918602
NC1=C(N)C(I)=CC=C1,-0.14060682,15.9678335,-0.1244277207412563
CCOC(=O)C1=CC(OCC)=C(I)C=C1,4.3198566,12.290141,-0.1244039434281831
CC1=CC(I)=C(N)C(C)=C1,0.60141736,16.091011,-0.1168824858865015
CC(C)(C)OC(=O)C1=C(Br)C=C(I)C=C1,7.434246,13.782739,-0.1059363350912603
OC(=O)C1=CC=CC2=CC=CC(I)=C12,6.2670164,11.502057,-0.1032088823945045
OC1=C(Cl)C(I)=CC=C1,2.2340107,9.135358,-0.1027237599553483
NC1=C(I)C(Br)=CC(F)=C1,1.2633113,10.069938,-0.0977420265549066
OC(=O)C1=C(I)C(I)=CC(I)=C1,3.6319323,7.6283617,-0.0961209219332457
COC1=C(I)C(=CC=C1)C#N,4.179476,10.243233,-0.0960929227820917
COC1=C(I)C=C(C=C1I)C#N,3.2082992,11.648818,-0.0927857029354433
COC1=C(I)C(N)=CC=C1,-0.40629837,13.918249,-0.0895672436740614
COC1=CC=C(C)C=C1I,0.82220083,14.133216,-0.0875828992482062
COC1=C(I)C=C(C=C1)C(O)=O,1.6233922,12.57952,-0.0873655777795325
CC(C)(C)C1=CC=C(N)C(I)=C1,1.3234415,15.66091,-0.0831979434464801
COC1=CC(Br)=CC(I)=C1,8.237267,16.014412,-0.0811146459613469
FC1=CC(F)=C(I)C(F)=C1,-0.80162096,11.032963,-0.0804320934653323
ClC1=CC=C(Br)C=C1I,2.3680491,7.901815,-0.0742137913084675
CC(C)(C)OC(=O)NC1=CC=C(Cl)C(F)=C1I,0.7666901,12.368404,-0.0660296509570338
CC1=CC(O)=CC(C)=C1I,1.2521317,17.237474,-0.0528637428928205
FC1=CC(F)=C(Cl)C=C1I,0.73925567,10.818642,-0.0447458686415729
CCNC(=O)C1=CC=CC=C1I,4.398666,17.313843,-0.0437306270522677
FC1=CC=CC(CBr)=C1I,1.1402262,10.891282,-0.0399094114972583
FC1=CC(F)=C(I)C(Cl)=C1,0.5121809,10.238677,-0.0365878132881136
CC(C)(C)C1=CC(I)=C(O)C(I)=C1,3.351783,13.261417,-0.034490448735201
OC1=CC(Br)=C(I)C(Br)=C1,2.5562377,6.943671,-0.0304101756152688
NC1=CC(Cl)=C(I)C=C1C(O)=O,3.1144857,10.132492,-0.0238484087127386
NC(=O)C1=C(O)C=CC(I)=C1,5.415392,11.47932,-0.0233246473360806
CC(C)(C)C1=C(I)C=CC(O)=C1,2.131726,16.998459,-0.0068682872915381
OC(=O)CCCCC1=CC=C(I)C=C1,6.710711,15.742539,-0.0031029696292574
OC1=C(O)C(I)=CC=C1,0.0727406,13.727848,0.0002554862859845
FC1=CC(Br)=CC(F)=C1I,-0.52756864,10.712022,0.0020661501216441
OC1=CC(Cl)=C(I)C=C1,1.5967481,9.264748,0.0036768002666182
CCOC1=CC(Br)=CC=C1I,2.2740839,13.149471,0.0066319260431403
CCOC(=O)CC1=C(I)C=CC=C1,3.2538154,17.04225,0.0154989716449169
CCOC1=CC=C(I)C(F)=C1F,0.4325112,12.225009,0.0172171156384329
COC1=CC(Br)=CC(OC)=C1I,-0.27073443,12.471919,0.0186184952658795
COC(=O)C1=C(OC)C=C(NC(C)=O)C(I)=C1,2.6141849,13.901983,0.019539844641912
COC(=O)C1=CC(I)=C(N)C=C1OC,1.3473626,14.68114,0.0198033155117077
CCOC(=O)C1=CC(I)=C(O)C(I)=C1,3.3191004,12.616025,0.0279540290631087
COC1=CC(F)=C(I)C=C1,-0.05975056,12.15061,0.0286222682448208
BrC(C1=CC=CC=C1)C1=C(I)C=CC=C1,3.7417786,15.992094,0.0296280988786238
NC1=C(I)C(F)=C(Br)C(F)=C1,-0.6639803,11.840407,0.0301014869519695
OCC1=CC(I)=C(CO)C=C1I,3.3085544,16.441778,0.0329748918598739
COC(=O)C1=CC(I)=C(Cl)C=C1C,2.2629282,8.359154,0.03433921886112
CN(C)C1=CC(Br)=C(I)C=C1,0.6745611,8.792755,0.0358939654036031
COC1=CC=CC(CO)=C1I,0.03253121,14.423353,0.0363168276329349
COS(=O)(=O)C1=CC=CC=C1I,2.906827,9.312991,0.0497796872523306
CC1=CC(I)=C(CO)C=C1C,2.2558255,17.234394,0.0540274884768463
COC(=O)C1=CC(I)=C(OC2=CC=CC=C2)C=C1,3.5251079,14.03184,0.0543493833810676
OC1=CC=CC(C=O)=C1I,4.3911834,11.005524,0.0682655767309812
OC(=O)C1=C(I)C=C(F)C(F)=C1,7.185138,9.96613,0.0699142547908895
OC(=O)CNC(=O)C1=C(I)C=CC=C1,4.624432,17.021412,0.0787011763204678
CCCC1=C(I)C=CC=C1,2.5578842,17.912195,0.0787055127609552
COC1=CC([C@@H](O)C(C)(C)C)=C(C=C1I)N(=O)=O,4.6710353,11.772354,0.0814128083866112
OS(=O)(=O)C1=CC=C(I)C=C1,8.980614,14.467342,0.0849036122965296
IC1=CC=CC(=C1)C1=CC=CC=C1,7.484316,16.238821,0.0877932440601709
CC1=CC(N)=C(I)C=C1,-0.0795079,15.488059,0.0898648643449653
COC1=C(C=C(Cl)C(C)=C1I)C(C)=O,5.0301647,11.263415,0.1093763536846304
COC1=C(I)C(=CC=C1)N(=O)=O,4.507269,10.021583,0.1122939011854577
OC1=C(F)C=C(I)C=C1,8.0579,17.413877,0.1130116687758882
CC1(C)COB(OC1)C1=CC=C(I)C=C1,6.802991,15.550914,0.1199137313953129
CC1=CC(I)=C(O)C=C1Cl,1.1123037,13.3105135,0.1200820748587892
OC1=C(I)C(Br)=CC=C1,0.9504841,9.665749,0.1315812841120352
OC(=O)C1=CC=CC(=C1I)C(F)(F)F,6.3511295,9.668133,0.1331978924136482
COC1=CC(I)=C(Cl)C=C1,1.7199043,8.90814,0.1423359458050492
FC1=C(I)C=CC(=C1)C1CC1,0.6248481,12.097347,0.1455527476753392
NC1=C(I)C=C(Br)C(=C1)C(F)(F)F,1.9444807,13.433461,0.1486939467044052
NNC1=C(I)C=CC=C1,0.28869992,15.311367,0.1520270421172464
FC1=C(F)C(=CC=C1I)C(F)(F)F,1.6184267,11.206095,0.1562611462957939
OC(=O)C1=C(I)C=C(C=C1)C#N,6.3377643,9.283374,0.1633325510976817
ClC1=C(I)C=C(C=O)C=C1,4.0802684,8.571685,0.1661339953714613
OC(=O)CCC1=CC(I)=C(O)C(I)=C1,3.6772742,13.235998,0.1691746268533472
COC(=O)C1=CC(N)=C(I)C=C1C,4.583844,12.452086,0.1711555687903045
BrC1=CC=CC=C1I,2.443172,8.029288,0.1755986090611888
COC1=CC(C(C)C)=C(OS(=O)(=O)C2=CC=C(C)C=C2)C=C1I,4.659706,14.249439,0.1766840178983932
NC1=CC=C(Cl)C(I)=C1Cl,1.0028396,8.728948,0.1940945820973664
COC1=C(I)C(F)=C(F)C=C1,-0.64295286,11.95343,0.1941136126294284
CC1=CC(I)=CC(C(O)=O)=C1N,4.9565473,11.893689,0.2026670890187298
NC1=C(I)C(Cl)=CC=C1,1.147377,10.333129,0.2032196798717099
CC1=CC(C)=C(I)C(C)=C1,1.3634955,17.898098,0.2051258752481049
OC(=O)C1=C(Br)C(I)=CC=C1,2.9510534,7.724491,0.2089836975113104
CN(C)C1=CC=C(I)C=C1,5.958415,18.421095,0.2104310657608026
NC1=C(Cl)C=C(I)C=C1,6.960784,18.470728,0.2115879418528254
OC1=C(F)C=C(I)C=C1I,7.8107424,14.635927,0.2119189053807086
IC1=CC=C(C=C1)N1CCCCC1,5.944234,17.67442,0.2145997617107106
CC1=CC=CC(Cl)=C1I,2.085582,9.261692,0.2184300504042795
COC1=C(I)C=CC(=C1)C(F)(F)F,1.9036841,12.762724,0.2190845644458743
OC(=O)C1=C(NC(=O)C2=C(I)C=CC=C2)C=CC=C1,5.9897118,12.648585,0.2243780262907573
IC1=C(C=CC=C1)C1=CC=CC=C1,2.950434,17.073027,0.2266038056207392
COC1=CC(Cl)=C(I)C=C1,1.4064558,9.01318,0.2326186323171049
OC(=O)C1=CC=CC(I)=C1Cl,3.0101929,8.582605,0.2349116048604109
OC1=CC=C(I)C(Br)=C1,1.2523967,8.558854,0.2356532096872242
ClCC(=O)NC1=CC=CC=C1I,2.7187564,14.660346,0.240733340536998
CC1=CC(I)=C(C)C=C1,2.4839242,18.328081,0.2409710801029077
COC1=C(I)C(F)=CC(Br)=C1,-0.4978848,11.503184,0.2435786336409789
NC1=C(I)C=C(OC(F)(F)F)C=C1,1.2673107,14.6139345,0.247534745670657
CCOP(=O)(CC1=CC=C(I)C=C1)OCC,6.374068,15.162066,0.2513186195469217
CC1=CC(N)=C(I)C=C1F,0.6484358,15.490657,0.2531088644583653
COC1=CC(I)=C(N)C=C1,0.7347414,16.02953,0.2541077796378012
NC1=C(Cl)C=C(C=C1I)C(F)(F)F,2.2467923,13.876077,0.2595269208329173
CC1=CC(F)=C(I)C=C1O,0.28648305,12.616703,0.2621720627922945
OC(=O)C1=C(F)C=C(Cl)C(I)=C1,3.934226,8.546188,0.2644655826992368
CNC(=O)C1=CC=CC=C1I,4.106082,17.79258,0.2663870018784934
OC1=CC=C(OC2=CC=C(I)C=C2)C=C1,6.3129826,16.52854,0.268340623514997
C[C@@H]1CN(CCN1S(=O)(=O)C1=CC=C(I)C=C1)C(=O)C1=CC=CC=C1,5.951011,13.866262,0.268883203684326
IC1=CC=C(NC(=O)NCC2=CC=CC=C2)C=C1,5.786222,15.488475,0.2688991038724315
NC1=C(I)C=C(C(Br)=C1)C(F)(F)F,2.3423026,13.475022,0.2696708981897198
NCC1=CC=CC=C1I,2.4871469,18.166904,0.2705885453929036
IC1=CC=C(OCC#N)C=C1,7.8932476,17.122215,0.2727929187370155
NC1=C(I)C=C(C=C1)C1=CC=CC=C1,1.7454615,15.54231,0.2794640185416302
COC1=C(N)C=CC(I)=C1,6.385763,18.552212,0.287189914781908
COC1=CC(I)=C(I)C=C1OC,1.6379762,7.987906,0.294538036319858
IC1=CC=C(OCC2=CC=CN=C2)C=C1,6.3834605,16.290369,0.2954663032476411
CC1=CC(I)=CC(F)=C1,9.160745,16.283916,0.3003282067106272
CCOC(=O)C1=CC(I)=C(N)C=C1,1.6790558,14.623102,0.3029282979830464
OC(=O)C1=CC(O)=C(I)C(O)=C1,-0.2823119,12.213997,0.3061573039063003
CC(C)C1=CC=C(I)C(=C1)N(=O)=O,5.6755767,9.407109,0.3078683502025214
ClC1=CC(Cl)=C(COC2=CC=C(I)C=C2)C=C1,6.057692,15.664607,0.3156349707033516
CC(C)S(=O)(=O)N[C@H]1CCOC[C@@H]1C1=CC=C(I)C=C1,5.375775,14.7963705,0.3158435498329358
CCCCCCCCC(=O)NCC1=C(I)C=C(O)C(OC)=C1,5.1624694,14.501488,0.3216106384059126
FC1=C(I)C=CC(Br)=C1Cl,1.8940784,11.323155,0.3276285570876113
COC1=C(N)C(I)=CC=C1,0.35395896,15.774152,0.3291537108727055
BrC1=CC=C(I)C=C1CC1=CC=C2OCCOC2=C1,5.6149626,15.289894,0.3314926998061249
CC1=C(I)C(F)=C(C=C1)C(O)=O,3.819238,10.58765,0.3317270411738081
COC1=CC=CC(I)=C1C,2.3999755,16.771544,0.3320146420060396
COC1=C(I)C(F)=CC=C1,-0.718635,12.1404705,0.332029388007284
CC1=C(C=C(I)C=C1Cl)C(O)=O,7.4864416,11.375808,0.3333571944487727
COC(=O)C1=C(N)C(I)=CC(Cl)=C1,3.8476489,12.202123,0.3343238632007623
CC1=CC=CC(C)=C1I,1.8434311,18.22036,0.3360374923052678
[H][C@@](N)(CC1=CC(I)=C(O)C(I)=C1)C(O)=O,3.8506925,13.099649,0.3562748273444145
FC1=CC(F)=C(F)C(I)=C1F,-0.7038066,10.70513,0.3605637792644092
OC1=C(I)C=CC=C1Cl,1.1921072,12.850072,0.3614589252547017
COC1=CC(N)=C(I)C=C1C(O)=O,1.179721,14.316401,0.3628846597187737
IC1=CC=C(OCCN2CCCC2)C=C1,5.8529706,16.309118,0.3633303259102728
COC(=O)C1=CC=C(I)C(N)=C1,4.245317,12.179516,0.3638350470235373
CC(=O)NC1=C(OC(F)(F)F)C=C(I)C=C1,6.6454062,16.246857,0.3647050257102238
NC1=CC(I)=C(O)C=C1,-0.11629543,15.381192,0.3648169791060167
IC1=C(C=CC=C1)C(=O)N1CCCC1,4.2751975,16.499475,0.3706893636483422
CC1=CC(Br)=CC(I)=C1,8.242576,15.43715,0.3709822906159445
COC(=O)C1=CC(I)=C(N)C(Br)=C1,2.7508795,13.514536,0.37198102627496
OB(O)C1=CC(F)=C(I)C(F)=C1,-0.40386277,11.192349,0.3739526108698863
COC(=O)C1=C(I)C=CC(OC)=C1,5.907182,11.889203,0.3781941142905343
ClC1=CC(Br)=C(I)C=C1Cl,2.9229808,7.5825343,0.3786877062542173
CC1=C(O)C(I)=CC(Cl)=C1,1.0230644,13.262291,0.3802579717009213
ClC1=C(I)C(=CC=C1)N(=O)=O,4.8864603,8.335389,0.3863027835248003
OC1=C(I)C=CC=C1,0.33891347,13.499209,0.3987701023420367
COC1=C(C)C(I)=CC=C1C,2.596688,17.416672,0.4001442863812089
CC1=CC=C(I)C=C1,8.787563,17.253366,0.4034680501813685
ClC1=CC=C(C=C1)C1=CC=C(I)C=C1,6.923348,16.114914,0.4051164631533144
IC1=CC=CC2=CC3=C(C=C12)C(I)=CC=C3,5.206449,12.588992,0.4054224832313002
IC1=CC=C(OCC2CC2)C=C1,6.5964613,17.200314,0.4101151060721245
NC1=CC=C(I)C=C1,6.7058415,18.356817,0.4106051729018068
ClC1=CC(Br)=CC(Cl)=C1I,2.9410353,6.886847,0.4112283733404424
BrC1=CN=C(OC2=CC=C(I)C=C2)N=C1,7.1272044,12.773129,0.4119411888137116
COC(=O)C1=C(N)C=CC=C1I,6.573893,12.105264,0.4138290743721783
NC1=C(Cl)C=C(Cl)C=C1I,2.0061886,13.522427,0.415232401821582
COC1=CC(=C(I)C=C1)S(F)(=O)=O,2.163417,8.831747,0.4156818793380161
COC(=O)C1=CC(I)=C(C)C=C1C,5.770245,11.909424,0.4230002224220653
CC1=C(I)C=C(O)C=C1,2.101291,17.111393,0.4235783025208192
COC1=CC=CC(I)=C1NC(=O)OC(C)(C)C,4.6880255,15.415398,0.4252568370302308
FC1=CC(F)=C(I)C=C1N(=O)=O,4.568609,9.822545,0.4257549960654081
CC1=CC(Cl)=CC(I)=C1N,1.0444906,15.077066,0.4288481174334299
FC(F)(F)C1=CC(=C(I)C=C1)C(F)(F)F,7.4740996,14.525884,0.4302581450357216
COC(=O)C1=C(C)C(I)=CC=C1,3.5296326,16.926857,0.4311933833858118
NC1=C(F)C(F)=C(I)C(F)=C1F,-1.012016,11.509315,0.4313933023698877
ClC1=CC=C(CBr)C(I)=C1,4.640716,16.506645,0.432496949827881
FC1=C(Cl)C=CC(I)=C1C=O,6.6425734,9.793433,0.4356357824461381
FC1=C(Cl)C=C(I)C=C1Cl,8.470886,14.77921,0.4415723646889617
COC1=CC(N)=C(I)C=C1I,1.8625423,14.453576,0.4455502882906621
IC1=CC=C(OCC2=CC=NC=C2)C=C1,6.160624,16.346458,0.4476133133357171
CC(C)(C)C(=O)NC1=CC=C(Cl)C=C1I,3.4674888,14.145041,0.45566106178716
COC1=C(I)C=C(Br)C=C1,1.9784924,12.926138,0.4588133837041801
OC(=O)C1=CC(Cl)=C(I)C(Cl)=C1,3.8354037,7.330848,0.4592475894180943
ClCC1=CC(I)=C(CCl)C=C1,4.0569525,17.162443,0.4593735452878176
OC1=CC2=C(C=CC=C2I)C=C1,4.9816394,12.355353,0.4631778645981284
COC(=O)C1=CC(I)=C(F)C=C1,1.2541022,11.211018,0.4638995334092495
CC1=CC(N)=C(I)C=C1C,0.6597246,15.530106,0.4693585094662527
CNCC1=C(I)C=CC=C1,2.0977015,17.086363,0.4704847139529329
NC1=C(F)C=C(C=C1I)C#N,1.5453938,13.183322,0.4722461820336687
OC(=O)CC1=CC=C(O)C(I)=C1,1.0118344,13.8658,0.4734073239904904
OC1=C(I)C=C(C=C1N(=O)=O)C#N,4.9822297,9.869258,0.4839376227244957
CC1=CC(I)=C(CO)C=C1,2.604828,18.171833,0.4860165985844362
FC(F)(F)C(F)(C1=CC=C(I)C=C1)C(F)(F)F,8.160431,14.864877,0.4888971701553504
IC1=CC=CC(CN2CCCC2)=C1,6.7215834,16.795868,0.4919019725636517
IC1=CC=C(C#N)C(I)=C1,8.747906,13.982432,0.4963810077188251
CC1=C(I)C(=CC(Br)=C1)C(O)=O,6.492695,10.708512,0.4979598744353937
COC(=O)C1=CC(I)=C(N)C=C1Cl,1.6637552,13.945986,0.4988230210398049
ClC1=CC2=C(C=C1)C=C(I)C=C2,7.136087,11.939433,0.501388129731924
OCC1=C(I)C=CC(F)=C1,2.6921046,17.166842,0.5051233469833641
BrC1=C(C=CC=C1I)C#N,3.4635108,8.078419,0.5072281306197666
CC1=C(C)C(I)=C(C=C1)C(O)=O,6.317857,11.248403,0.5108685380226708
CC1=CC(=C(I)C(Br)=C1)N(=O)=O,4.5380363,8.3186455,0.5111620607467443
CC(C)C1=C(I)C=CC(Br)=C1,3.3188262,16.88541,0.5138879594425679
CC(=O)CCC1=CC=C(I)C=C1,7.214699,12.452723,0.5141443970126118
COC1=C(I)C=C(C(O)=O)C(F)=C1,1.462145,12.02175,0.5257016864060606
[H][C@](N)(CC1=CC=C(OC2=CC=C(O)C=C2)C(I)=C1)C(O)=O,4.859638,14.72147,0.5291908705227046
COC(=O)C1=C(CBr)C(I)=CC=C1,6.3837447,11.095521,0.5348822890275066
OC1=C(I)C=C(F)C(F)=C1I,2.6727557,12.1567745,0.5353127546122671
IC1=CC=C(C=C1)C1=NC=CO1,7.0429425,11.996098,0.5376468742303384
ClCC1=CC=C(I)C=C1,8.987047,16.462349,0.5460118637696681
CC1=CC(O)=C(I)C=C1N(=O)=O,4.4005775,10.525812,0.5490274674641391
COC1=C(I)C=C(N)C=C1I,4.247982,13.550771,0.5492530788080502
CC(C)(C)OC(=O)C1=C(I)C=CC=C1,4.339257,16.75337,0.5494168001550334
CCNC(=O)C1=CC(OCC)=C(I)C=C1,3.6341019,14.369918,0.5529276674636316
FC1=CC=CC(I)=C1C#N,6.395024,9.148804,0.5626618144033346
ClC1=CC(Cl)=C(I)C=C1,2.8430398,8.802883,0.5656024559412621
CC(C)(C)C1=C(N)C=CC(I)=C1,6.2295475,17.76679,0.5659536215035663
CC(=O)OC1=CC(C)=C(I)C(C)=C1,1.697162,18.015963,0.567640196496341
FC(F)(F)OC1=CC=CC=C1I,2.0381215,10.257837,0.5685316178180613
CC1=CC=C(I)C=C1Br,8.2455845,15.683132,0.5705625976223654
COC(=O)C1=C(I)C=CC=C1O,6.981679,11.01503,0.5707076978162849
NCC1=CC(I)=CC=C1,8.770734,16.92769,0.5708675537994293
COC(=O)C1=CC=CC=C1I,6.820458,10.880524,0.5710052901426236
CC1=CC(C)=C(I)C=C1I,3.7841303,15.664847,0.5842107779007579
CNC1=CC=C(I)C=C1,6.2004743,18.587692,0.5865950456474196
OC(=O)C1=CC=CC(I)=C1,7.0266232,11.231585,0.5880674878982872
COC1=CC(I)=C(F)C=C1Cl,0.7347941,11.995648,0.5932596822233444
OC(=O)C1(CC1)C1=C(I)C=CC=C1,3.4953747,17.639708,0.5974832940641435
CC1=C(I)C=C(CO)C=C1,2.4089074,18.021368,0.6002175934269223
ClC1=C(I)C=C(C=C1)C#N,3.4667118,8.385593,0.6009279798653284
CC(=O)C1=CC(I)=C(Br)C=C1,3.5272214,8.023556,0.6016232984444456
OC1=C(I)C=C(Cl)C=C1,1.2331033,13.096551,0.6020107342378685
COC(=O)C1=CC(I)=C(N)C(=C1)N(=O)=O,4.595081,10.72624,0.6030487937619385
NC1=CC(I)=CC(CO)=C1,6.966215,17.45099,0.610371127314533
CC1=C(C(I)=CC=C1)N(=O)=O,5.623341,9.210353,0.6125615222860419
COC1=CC=C(N)C=C1I,0.22252081,15.083449,0.6173119251417611
OCC1=CC=CC(Br)=C1I,2.2898343,8.290887,0.6173449208523757
CC1=CC=C(I)C=C1C1=CC(I)=CC=C1C,6.487215,14.84457,0.6193182634195539
FC(F)(F)OC1=C(I)C=C(Br)C=C1,2.5134578,9.690918,0.6210337820200413
COC(=O)C1=CC=C(I)C=C1N(=O)=O,6.1207213,10.091473,0.6238545681118839
FC(F)(F)COC1=CC(=CC=C1I)C(=O)N1CCOCC1,4.3561587,14.466349,0.6329097294109568
CC1=CC(=CC=C1I)C(O)=O,6.2508087,11.0688925,0.6407268000820044
IC1=CC=CC2=C(I)C=CC=C12,5.664097,12.434746,0.6461153948262166
ClC1=CC(CBr)=C(I)C=C1,4.213878,16.30132,0.646547735564274
BrC1=CC(Br)=C(I)C=C1,2.4209094,7.3437576,0.6467210728685965
OC1=C(I)C=CC=C1N(=O)=O,4.9158854,10.266557,0.6468855920821965
CC(C)(C)OC(=O)NCC1=CC=CC(I)=C1,6.4136524,15.204668,0.6489453837998297
CC1=C(Cl)C=C(I)C=C1,8.577381,16.22422,0.6498504401550067
CC1=C(Br)C=CC(I)=C1Cl,2.6042683,7.904061,0.6540978591499678
IC1=C(OC2CC2)C=CC=C1,1.190549,13.810309,0.6560124304380239
CC(C)C1=CC=C(N)C(I)=C1,1.254104,15.579256,0.660287845780407
COC(=O)C1=C(OC)C=C(F)C(I)=C1,0.31016028,11.762298,0.6641964195619408
CC1=CC(O)=C(C)C=C1I,1.3856872,16.574654,0.6647586334391014
NC1=C(C=C(I)C(Cl)=C1)N(=O)=O,3.800527,9.687452,0.6668851700437686
COC1=CC=CC(CNC2=C(I)C=CC=C2)=C1,2.4134233,15.225223,0.6672719744369676
CC1=CC(I)=C(F)C=C1,0.772941,11.888378,0.6673072583661991
OCC1=CC(I)=C(O)C=C1,0.49704942,13.923493,0.669933544618243
ClC1=CC(=CC(Cl)=C1I)N(=O)=O,4.3751607,7.86317,0.6702486479290919
FC1=C(F)C(I)=CC=C1,0.780158,11.121132,0.6716172916248979
COC(OC)C1=C(I)C=CC=C1,3.2514105,17.321775,0.673103820777674
COC(=O)C1=C(C)C=C(N)C(I)=C1,1.7451696,14.97594,0.6746211671782657
CC1=C(I)C=CC=C1,2.8532379,18.306522,0.6761852166379486
COC1=C(C(O)=O)C(I)=CC=C1,5.5166926,17.16339,0.6772390144813087
OC(=O)C1=C(I)C=CC(Br)=C1,7.1978273,10.185951,0.678355477444098
CC(=O)C1=CC(I)=CC=C1N,4.5432734,11.791073,0.6785827796541858
CCC1=CC=C(I)C=C1,8.397345,17.187025,0.6817367677979181
FC1=CC(Br)=C(I)C=C1F,2.7660196,7.318293,0.6818304660654623
COC(=O)C1=C(I)C=CC=C1OC,5.183344,16.774994,0.6837171894328656
CC1=CC(=CC(I)=C1)C(O)=O,7.0923805,11.4970045,0.6865288086662411
OC(=O)CC1=CC=CC=C1I,3.3919165,18.267887,0.6865694361113097
CSC1=CC=C(I)C=C1,7.3175507,18.21848,0.6866504610286502
CCOC(=O)CC(=O)C1=C(I)C=CC=C1,6.489532,11.981078,0.6895654952323381
FC1=C(I)C=CC(Cl)=C1,0.81290287,11.0817995,0.6899886753628366
CC(C)(C)C1=CC(I)=CC=C1O,6.9949408,17.396824,0.6951713870216834
CC1=CC(I)=CC(C)=C1F,8.287511,17.139801,0.6974422844388826
OC(=O)C1=C(F)C(F)=C(F)C(F)=C1I,1.3268682,10.9353,0.7024011751146415
OC1=C(I)C(Cl)=CC(Cl)=C1,1.0909235,10.02553,0.7028058542483129
CCOC(=O)CC1=CC=C(N)C(I)=C1,2.147972,15.368036,0.7040865170400492
NC(=O)C1=C(I)C=CC=C1,4.5883756,17.693382,0.7109772719020189
FC1=CC(I)=C(Cl)C=C1,2.7456799,8.905608,0.7152369130646198
IC1=CC=C(CC#C)C=C1,8.979201,17.017578,0.7190893942515066
CC1=CC=CC(I)=C1C=O,7.0642543,10.775743,0.7197935221360662
FC1=CC(Cl)=C(I)C=C1,2.506349,8.717648,0.7236120110091279
FC(F)(F)C1=CC(I)=C(Cl)C=C1,3.0983593,8.394565,0.7244871206288495
OC1=CC=C(I)C2=CC=CC=C12,1.1547217,15.747299,0.7255363519020332
CC1=C(F)C=C(F)C=C1I,4.147149,18.083048,0.7282486191586071
CC1=CC(Br)=C(I)C=C1Cl,2.4178677,7.7178426,0.7283586448603709
COC1=CC(C)=C(OC)C=C1I,1.2824674,15.036002,0.7293098125590863
ClC1=CC=C(I)C=C1,8.859833,16.22219,0.7308245157199049
IC1=CC=CC=C1C(=O)C1=CC=CC=C1,6.193625,11.589031,0.7348943141989913
NC1=CC(Br)=C(I)C(Br)=C1,2.0926654,7.5338902,0.7365003752884792
CC1=C(C=CC=C1I)C#N,6.2908874,10.639844,0.7372699867152058
CC1=CC=C(C=C1I)C(N)=N,3.2979984,17.546999,0.738482453291331
COC1=CC(Cl)=C(OC)C=C1I,1.740682,13.425557,0.7451447898874871
NC1=CC=C(I)C=C1N(=O)=O,5.091323,10.791501,0.748476934445635
[H][C@@](CC1=CC=C(I)C=C1)(NC(=O)OCC1=CC=CC=C1)C(O)=O,5.6360016,14.61006,0.7520876450433205
IC1=CC=C(NC2=CC=C(I)C=C2)C=C1,6.2719107,15.370377,0.7565975472486359
COC(=O)C1=CC=C(I)C=C1,9.353288,15.384427,0.7608412413845975
NC(=O)C1=C(I)C=CC(Br)=C1F,5.4117055,16.280827,0.7642044025145303
CC(C)C1=CC=C(I)C(Br)=C1,1.802641,7.669007,0.7701882856720869
OC(=O)C1=CC(OC(F)(F)F)=C(I)C=C1,5.503718,9.856602,0.7707558692604115
CCC1=CC=C(I)C=C1C(O)=O,7.282962,11.811453,0.7723803482649323
IC1=CC=C(C=C1)C(=O)NCC1=CC=CC=C1,6.761555,13.3404665,0.7728028088151515
OS(=O)(=O)C1=CC=CC(I)=C1,9.16232,14.594489,0.7779474447258767
IC1=CC(=CC=C1)N1C=CN=N1,8.424889,15.174196,0.780365366032236
IC1=CC(CC#N)=CC=C1,9.189892,16.196157,0.7810422223074103
CC1=C(I)C=CC=C1N(=O)=O,6.0450892,10.388273,0.7817510849136392
FC1=CC=C(I)C(F)=C1,0.3885084,11.246402,0.782588287845367
NC1=C(I)C=CC(=C1)C(O)=O,4.0692058,11.92571,0.785502126719669
CS(=O)(=O)NC1=CC=C(I)C=C1,7.8737235,16.401731,0.788098772504214
CCCCCC1=CC=C(C=C1)C1=CC=C(I)C=C1,5.752687,14.980647,0.7906260268900357
COC(=O)C1=CC(I)=C(N)C(I)=C1,3.2067013,12.618611,0.7967855548660591
CC1=CC(Cl)=C(I)C=C1C,1.6792928,8.656029,0.7970453409002105
CON(C)C(=O)C1=CC=C(I)C=C1,7.5758004,15.520911,0.8010411997243925
CC(=O)NC(CC1=CC=C(I)C=C1)C(O)=O,6.9769454,15.2719,0.8016434175475242
OC1=C(I)C=C(C=C1I)C(F)(F)F,2.8293307,12.07221,0.8041099996858141
COC1=CC(CO)=CC=C1I,1.4617654,14.0779085,0.8058159693085571
BrCC1=C(I)C(=CC=C1)N(=O)=O,5.20465,9.026759,0.8079068995209806
COC1=C(Cl)C=CC(I)=C1,8.407982,16.54529,0.810825101947849
OB(O)C1=CC(I)=CC=C1,8.997835,16.975315,0.8113361777911415
IC1=CC=C(C=C1)N1C(=O)C=CC1=O,6.122555,10.747715,0.8136930885597269
NC(=O)C1=CN=C(OC2=CC=C(I)C=C2)C=C1,6.5598736,15.327007,0.8184722840750208
NC1=CC=C(C=C1)S(=O)(=O)NC1=CC=C(I)C=C1,6.200052,15.392768,0.8189484735322958
CC1=C(C(F)=CC=C1I)N(=O)=O,5.6862245,10.290781,0.8193307527846163
COC1=C(I)C=CC=C1,0.62552804,13.582711,0.819489103397326
NC1=CC=C(NC(=O)C2=CC=CC=C2I)C=C1,5.1275377,15.493393,0.8218122568731453
CC1=CC=CC(I)=C1CO,2.7501493,18.120117,0.8229057307012229
CC(Br)C(=O)N(C)C1=CC=C(I)C=C1,7.2907915,14.787458,0.8296221244604277
COC(=O)C1=CC(NC(=O)C2=CC=CC=C2I)=CC=C1,5.891915,13.094352,0.8307180984215284
FC(F)(F)C1=C(I)C=CC(=C1)C#N,6.5045137,9.201132,0.8310321459627881
OCC1=C(Cl)C=CC=C1I,4.021799,17.584162,0.831247414241372
CC1=CC=CC(I)=C1Cl,2.449606,8.841681,0.836177441857767
OC(=O)C1=CC=CC(C(O)=O)=C1I,6.883044,9.820283,0.8392322980736077
OC(=O)C1=CC=C(I)C(=C1)C(F)(F)F,6.5728235,9.402425,0.8424035927964038
CCC1=C(N)C=CC(I)=C1,6.350114,18.319168,0.8430113999337421
CC1=C(I)C=CC=C1CC#N,3.5487638,18.007189,0.8444134285891008
COC1=CC=C(COC2=C(I)C=CC=C2)C=C1,3.763319,14.679251,0.8501019764504951
OC1=CC=C(Cl)C=C1\C=C\C1=C(I)C=CC=C1,5.6984973,12.84383,0.854367355237314
OC1=CC(I)=C(O)C=C1I,2.2957056,12.575415,0.8562530570876714
OC(=O)C1=CC(I)=C(C=C1)C(F)(F)F,6.454678,9.58533,0.8564364550014167
COP(=S)(OC)OC1=CC(Cl)=C(I)C=C1Cl,1.6158588,7.781471,0.8637035693631561
FC1=C(I)C=CC(Br)=C1C#N,4.4675145,9.698384,0.8655538358749567
CC(=O)C1=CC(I)=C(O)C=C1,3.8003721,11.363884,0.8663251929136961
NC1=C(C(O)=O)C(I)=CC=C1,6.7241917,11.681201,0.8676464788775915
CCN(CC)C(=O)C1=CC(OCC(C)C)=C(I)C=C1,4.498902,14.300573,0.870641030477039
FC1=CC=C(I)C(F)=C1F,0.33374628,11.304033,0.871674198085829
COC(=O)C1(CC1)C1=CC=C(I)C=C1,7.0364065,15.519546,0.8756313075488267
OCC1=C(Cl)C=C(I)C=C1Cl,8.52394,14.295289,0.8759673163572941
COC(=O)C1=C(OC)C=C(C)C(I)=C1,5.191576,11.797657,0.8892355231880298
CN(C)C1=CC=C(C=C1)\N=N\C1=CC=C(I)C=C1,5.744717,13.247022,0.890544908179314
ClC1=CC=C(OC2=CC=C(I)C=C2)C=C1,6.619049,16.471209,0.8936812824664897
[H][C@@](N)(CC1=CC=C(O)C(I)=C1)C(O)=O,2.2915392,14.463774,0.8947238272290221
CC1=CC(Br)=C(I)C=C1,2.0240614,8.131035,0.8984700807867505
OC1=C(C=O)C(I)=CC=C1,6.758762,10.499323,0.9011189241452576
IC1=CC=CC=C1C1=CC=CC=C1I,3.6533856,16.423756,0.901336376203786
OC(=O)C1=CC=C(I)C=C1,9.2463875,15.37333,0.9057282466323808
COC(=O)C1=C(O)C=C(I)C(Cl)=C1,4.6287775,8.895797,0.9096455794283644
CC1=CC(Br)=C(C)C=C1I,3.706439,17.134865,0.911381679038226
COC1=CC(I)=C(OC)C=C1I,2.8803391,12.958247,0.9116857127478704
FC1=CC=CC(I)=C1Br,2.6735625,8.113591,0.9149103673334372
COC(=O)C1=C(Cl)C(O)=C(I)C=C1,3.6004488,11.25408,0.9153746830461802
COC(=O)C1=CC(N)=CC=C1I,5.2150035,12.006334,0.9156035626998368
COC1=CC(Br)=C(I)C=C1,1.4205043,8.223833,0.91747686397708
FC(F)(F)C1=C(I)C=CC(Br)=C1,6.3428044,14.70004,0.9223415498440514
CCOC(=O)C1=CC(I)=C(C=C1)C#N,5.9444165,9.153453,0.9236124287408848
BrC1=C(Br)C=C(I)C=C1,7.7405972,14.618501,0.9266807106460364
NC1=CC=C(I)C(Cl)=C1,0.88410354,9.310887,0.9270819874966352
CC1=CC(=CC(C)=C1I)C#N,3.5705733,17.98703,0.9284140094383682
OC1=CC(I)=C(C=C1)N(=O)=O,5.882417,8.967158,0.9400829562844112
COC1=CC=C(I)C(C(O)=O)=C1F,5.2456093,16.36494,0.9442648742000126
OB(O)C1=CC=C(I)C=C1,9.314159,16.53554,0.9455874557911768
COC(=O)C1=C(Cl)C=C(C)C(I)=C1,6.0717607,11.466807,0.9459126911614344
NC1=C(I)C=C(F)C(=C1)C(F)(F)F,1.7405088,14.266371,0.9509012031611482
FC(F)(F)C1=C(Cl)C=CC(I)=C1,8.796622,14.647943,0.9558474350781438
BrC1=CC(I)=C(I)C=C1,3.1594799,7.720677,0.9598920574896976
FC(F)(F)C(=O)CC1=CC=C(I)C=C1,7.182339,12.396163,0.965290645956626
ClC1=CC(I)=CC(=C1)N(=O)=O,5.9324718,9.854715,0.9656292524742957
OC1=CC=C(I)C=C1C(F)(F)F,7.657422,16.675293,0.9711371996638892
OC(=O)C1=CC(Cl)=CC=C1I,7.007328,10.088504,0.9750196624271068
FC1=C(F)C(NC2=CC=C(I)C=C2Cl)=C(C=C1)C(=O)NOCC1CC1,5.6087375,13.904047,0.97690854606828
C[C@H](O)C1=C(I)C=CC(F)=C1,2.7170491,17.65862,0.9784851470919458
CC1=CC=CC(I)=C1,8.923513,16.889591,0.9788797935769392
BrCC1=C(Br)C(I)=CC=C1,2.5810156,7.125592,0.9801262800495434
BrC1=C(C=C(I)C=C1)C#N,6.851898,10.174101,0.986924184320768
CN(C(=O)C1=C(I)C=CC=C1)C1=CC=C(C)C=C1,4.7307553,15.8223095,0.987534983649319
CC(=O)C1=CC(I)=CC=C1,6.911405,11.645988,0.9961696507927292
OCC1=C(I)C=C(F)C=C1,3.8023136,18.05152,0.997271703828966
FC1=C(C=C(Br)C=C1I)C#N,4.235504,9.871715,0.9987850913488856
OB(O)C1=C(I)C=CC(OCC2=CC=CC=C2)=C1,5.44074,15.629383,1.0013076787335984
COC1=CC=C(C=C1I)C#N,1.461217,12.391912,1.001754317065509
FC1=CC(I)=C(F)C=C1,0.7315959,11.387469,1.0035480237751095
NNC(=O)C1=CC=C(I)C=C1,9.130982,15.702413,1.0037770696983963
IC1=CC=CC=C1CN1C=NC=N1,3.8540087,17.165302,1.0048662139967204
CC(=O)OC1=CC=C(I)C=C1,8.489492,16.60209,1.0049346424678065
OC1=CC=CC2=C1C=CC=C2I,5.2166114,11.968605,1.010508279826506
CS(=O)(=O)C1=CC=CC(I)=C1,9.149694,14.9403305,1.0114455784258842
FC(F)(F)C1=C(I)C(Br)=CC=C1,3.1861086,7.491746,1.011822452581132
CC(C)(C)C1=CC(I)=C(Br)C=C1,1.6794491,7.395817,1.0145690926453468
NC(=O)C1=C(Cl)C=CC=C1I,4.980819,17.310247,1.0171434510244348
BrC1=CC2=CC=C(I)C=C2C=C1,7.4742017,12.399664,1.0184095298961169
OC(=O)C1=C(NC2=CC=C(I)C=C2Cl)C(F)=C(F)C=C1,6.050354,13.228118,1.021172826257526
OC(=O)CCC1=NN=C(O1)C1=CC=CC=C1I,6.633326,12.48685,1.023540888327115
FC(F)(F)C(=O)NC1=CC=CC=C1I,2.322401,13.797065,1.0250766007675498
FC1=C(I)C=CC(I)=C1,1.5107193,11.494698,1.027910279636171
CCOC(=O)C1=CC(I)=C(C)C=C1,6.0093575,11.452987,1.0296157765808764
CC1=CC(C)=C(I)C=C1C(O)=O,6.092837,11.716847,1.0345983429878034
IC1=CC=CC(=C1)C(=O)C1=CC=CC=C1,7.300501,12.078754,1.0364118008351222
OC(=O)CC1=C(I)C=C(Cl)C=C1,4.0271087,17.132431,1.0368488325131708
ClC1=CC=CC(Br)=C1I,3.1956735,7.0959115,1.0375467736663309
CC1=C(O)C=CC(I)=C1,7.172057,17.941053,1.0432666576397651
NC1=C(I)C(F)=C(F)C=C1F,-0.76218784,12.108364,1.0449734826020352
CC1(C)OB(OC1(C)C)C1=CC(O)=CC=C1I,5.2696233,15.605028,1.0480724801844663
NS(=O)(=O)C1=CC=C(I)C=C1,9.071801,14.487426,1.048094886560883
CC(=O)C1=C(N)C(I)=CC(Br)=C1,3.833609,11.938076,1.0496284562146505
CC1=C(C=C(I)C(N)=C1)C#N,1.0679861,13.811204,1.0538857349212458
OC1=CC=CC(I)=C1F,0.2701248,12.114361,1.0558560625499234
CC1=CC(I)=C(N)C(I)=C1,3.3388495,12.871495,1.0566346824218116
CC1=C(Br)C(F)=CC(I)=C1,8.431957,15.319504,1.0572712633118235
CC1=C(I)C(F)=C(C=C1)C#N,3.9425697,10.218236,1.0587891606816189
OCC1=C(Cl)C=CC(I)=C1,8.729541,16.122059,1.0592905295779491
NS(=O)(=O)C1=CC=CC(I)=C1,9.223198,14.969944,1.059595785711911
COC1=C(O)C(I)=CC(\C=N\NC(=O)C2=CC=CC(F)=C2)=C1,4.9117794,13.702043,1.061110607377881
CCOC(=O)C(=CNC1=C(I)C=CC=C1)C(=O)OCC,5.1764336,13.290786,1.063274164270528
CC(C)(C)C1=CC=C(I)C(Br)=C1,1.4911584,7.5607395,1.0665507072001443
OC1=CC(Cl)=C(F)C=C1I,1.2064673,12.580807,1.0679766111939046
COC1=CC=C(C(N)=O)C(I)=C1,5.220747,17.051691,1.068352256913645
FC1=C(F)C(=CC(I)=C1F)N(=O)=O,4.783584,9.631531,1.0708146217817276
CC1=CC=C(I)C(C(O)=O)=C1F,5.156092,17.126102,1.0724895316047025
CCOC(=O)C1=CC(F)=C(I)C=C1,3.8089163,10.657384,1.0772946078823815
FC1=CC(I)=CC=C1NC(=O)NC1CC1,6.0327163,16.062113,1.0788219040194198
FC1=CC(I)=CC=C1C(F)(F)F,9.0933075,14.976917,1.0802002409619185
BrCC1=CC(I)=CC=C1,8.392045,15.503588,1.0822226977564722
OC(=O)C1=CC=C(O)C(I)=C1,1.2589991,12.473059,1.0836809444417947
CCC1=CC(Br)=C(I)C=C1,1.893966,7.8940086,1.084235144982315
IC1=CC=C(OC2=CC=CC=C2)C=C1,6.5635843,16.808584,1.0843145224795057
FC(F)C1=CC=C(I)C=C1,9.211059,16.08241,1.0860739974782967
IC1=C(C=CC=C1N(=O)=O)N(=O)=O,5.329556,8.523633,1.0883633455290571
COC(=O)C1=C(I)C=C(Br)C=C1,7.477091,10.810555,1.0899785972687763
FC1=C(I)C(F)=C(Br)C=C1,-0.3324484,10.858903,1.091203012198816
NC1=CC=C(N)C(I)=C1,0.10168367,16.082737,1.0931663001753178
CC1=CC(I)=CC(I)=C1N,6.1740365,14.233567,1.093648195296071
NC(=O)CC1=C(I)C=CC=C1,3.7228074,17.583422,1.0939390398692053
BrC1=C(I)C=C(C=O)C=C1,3.8932638,7.9729586,1.0953815197423356
CC(C)S(=O)(=O)N[C@@H]1CCOC[C@H]1C1=CC=C(I)C=C1,5.824949,15.0260725,1.095683018323626
CC(C)(C)OC(=O)C1=CC(I)=CC=C1,7.1125,11.972899,1.0964692882970208
COC1=C(OC)C(I)=CC(C=O)=C1,4.408111,11.354542,1.0973508587349898
CCOC(=O)C1=CC(I)=C(OC)C=C1,2.8793006,13.38907,1.0977627922172182
COC1=CC=C(I)C=C1C(O)=O,5.764562,11.32711,1.097816172937853
NC1=CC=C(I)C(F)=C1C#N,2.8301795,10.807345,1.0999868992960335
COC(=O)C1=CC(I)=C(Cl)C=C1,3.1214702,8.569575,1.1026226238058765
NC1=CC(Cl)=CC=C1I,1.1324353,14.884571,1.1049740731608464
CC1=CC=C(C(O)=O)C(I)=C1,7.235732,10.580583,1.106616049209059
[H][C@](N)(CC1=CC(I)=C(O)C=C1)C(=O)OC,2.9077091,14.69108,1.1114218752575542
CNS(=O)(=O)C1=CC=C(I)C=C1,8.475451,14.535543,1.111536082400211
OC1=CC=C(C=C1I)C1=CC=C(C=C1)C#N,4.4377327,12.092629,1.1123681381890125
NNC1=CC=C(I)C=C1,6.594023,18.750422,1.112863536234718
FC1=C(Cl)C=C(I)C=C1,8.815613,15.755751,1.1130292470850984
CC(C)(C)OC(=O)N(C(=O)OC(C)(C)C)C1=CC=CC=C1I,4.9595294,15.174149,1.1134685538660585
COC1=C(NCC(O)=O)C=C(I)C(Cl)=C1,1.0221062,8.541391,1.1138927269562842
OC(=O)CCCCC(=O)C1=CC=C(I)C=C1,7.136133,12.894415,1.1145274373327607
OC1=C(Br)C(I)=CC=C1,2.0634885,8.123849,1.116092988419394
CCC1=C(Br)C=CC(I)=C1,7.9013233,15.536589,1.1169417455144508
COC(=O)C1=CC=CC(C)=C1I,2.9467406,17.921963,1.1169494519707404
NC1=CC(I)=C(Br)C=C1,1.1353183,8.484772,1.1169563711598447
COC1=CC(I)=C(C=O)C=C1OC,6.4142976,10.617651,1.1183634735983663
NC(CC1=CC=C(I)C=C1)C(O)=O,7.5539784,16.224522,1.1205619299633762
OC1=C(I)C=CC(Cl)=C1,0.70475256,13.217919,1.1220661458699746
OC1=C(I)C=C(C=O)C=C1I,3.5701988,11.126908,1.1224205583843494
FC1=CC(Cl)=C(I)C(Cl)=C1,3.539944,7.001808,1.1278226185663462
COC(=O)CCC1=CC(I)=C(O)C(I)=C1,3.8267875,13.225968,1.1356551298733035
OC(=O)C1=C(I)C(Br)=CC=C1,3.1335588,7.8020244,1.136706698636124
COC1=CC(=C(I)C=C1)C(F)(F)F,4.4556417,16.211958,1.137606952026521
NC1=CC(F)=C(I)C=C1,-0.114060335,13.104446,1.1418083293390804
NC1=C(C(F)=C(I)C=C1)N(=O)=O,3.9273486,10.289372,1.145253654731467
CON(C)C(=O)C1=C(I)C=C(Cl)C=C1,4.455355,16.639074,1.145730966479387
FC1=C(I)C(Br)=CC(Br)=C1,2.2746391,7.047323,1.1462421857036866
NNC(=O)CNC1=CC=C(I)C=C1,6.1271753,17.515676,1.1462976559325169
COC(=O)CC1=C(I)C=CC=C1,3.3417788,17.334953,1.149377393297565
ClC1=CC(=CC=C1I)N(=O)=O,5.084572,8.599139,1.1539729119520985
FC1=C(I)C=CC(=C1)C(F)(F)F,1.529843,11.1717615,1.155226758269966
CC1=C(Cl)C=C(I)C=C1Cl,8.694223,15.065145,1.1559441145623843
FC1=C(F)C(F)=C(I)C(F)=C1F,-0.31063545,10.581834,1.1580107547295777
IC1=CC(I)=CC=C1,8.748668,14.859455,1.1588827819281953
FC1=C(I)C(F)=C(Br)C=C1Br,-0.204747,10.706667,1.1629139359306655
CCOC(=O)C1=CC(I)=CC(Br)=C1,7.5679855,11.926221,1.1647000271577503
CC1=CC=C(N)C(I)=C1,0.55098385,15.742865,1.1729271636123324
COC1=C(F)C=CC=C1I,1.394956,12.688759,1.173289097442718
NC1=C(I)C=C(C=C1)C#N,1.5513405,13.834923,1.1767824297254383
OCCONC(=O)C1=C(NC2=CC=C(I)C=C2F)N2C=NC=C2C=C1,5.461489,13.641162,1.1781535130182343
BrC1=CC=C(C=C1)C(=O)C1=C(I)C=CC=C1,6.347639,12.215886,1.181061166899568
COC1=CC(I)=C(F)C=C1,0.2574554,12.664049,1.1814721165299056
CC1=CC=C(C)N1C1=C(F)C=C(I)C=C1,6.319398,12.817823,1.1851596614284747
CCOC(=O)C1=CC=C(I)C=C1F,8.218844,13.330482,1.1885934889560894
OCC1=CC(=C(I)C=C1)N(=O)=O,5.54993,9.281056,1.1908131848668364
IC1=C(C=CC=C1)C(=O)NCC1=CC=CC=C1,4.4132233,15.998551,1.1924302837706924
OC1=CC(I)=C(Br)C=C1,1.7032096,8.392517,1.1947599937596796
IC1=CC=C(NC(=O)OCC2=CC=CC=C2)C=C1,5.7124586,15.818181,1.1964104127108108
CCOC1=C(I)C=CC(=C1)C(=O)N1CCOCC1,3.800675,14.53611,1.1965636217141198
OC(=O)C(=O)CC1=CC(I)=C(O)C(I)=C1,4.2185984,11.584116,1.197022729196191
FC1=CC(I)=C(C=C1)C#N,8.307491,14.235133,1.198684809188364
CC(C)OC1=CC=C(I)C=C1Br,7.0106044,16.16047,1.2028109176646784
FC(F)C1=C(I)C(F)=C(Cl)C=C1,1.006474,10.839433,1.2033461999915258
OCC1=C(I)C=C(Cl)C=C1,3.577859,17.733944,1.2044203341959268
CC1=C(I)C=C(Cl)C(=C1)N(=O)=O,6.3858747,9.585114,1.204990771440594
CC1=C(I)C=C(C=C1F)C(O)=O,6.2383595,10.996165,1.205070800665585
OC(=O)C1=CC=CC(=C1I)N(=O)=O,5.6169763,8.675968,1.205969972532665
IC1=CC=C(C=C1)C(=O)N1CCOCC1,7.034309,15.226827,1.208278704905246
BrCC1=CC=C(I)C=C1Br,7.59434,14.801519,1.20915723585692
COC1=C(OC)C=C(I)C=C1,7.0151863,17.660099,1.2122557834459378
FC1=C(C=C(I)C=C1)C(F)(F)F,8.916568,15.308534,1.215889617190698
COC1=CC(I)=CC=C1I,8.739141,15.744785,1.2167917129696504
CCOC(=O)C1=CC2=CC=CC=C2C=C1I,6.3384385,12.330112,1.220527414752225
BrCC1=C(I)C=CC(Br)=C1,4.6016245,15.6311455,1.2238097735332922
OC(=O)C1=C(O)C=CC=C1I,7.3788266,10.979122,1.224228579860522
IC1=C(C=CC=C1)C(=O)NC1CCCC1,4.1806054,16.40371,1.230560066550816
IC1=C(C=CC=C1C#N)C#N,6.3098016,8.779201,1.2310331342559602
