,obj_values ['yield'],Vendi_score,eval_samples,cut_samples
0,"[24.7, 52.4]",1.4256613816861665,"['Brc1cccc(-c2nnc(C3CC3)o2)c1', 'Nc1nccc(Br)n1']",[]
1,"[0.0, 53.3]",1.5965438002360168,"['CC(C)(N)c1ccc(Br)cc1', 'COc1ccc2nc(Br)ccc2n1']","['Fc1cc(Br)ccc1-c1ccccc1', 'Oc1cccc(Br)n1', 'O=C1CCCc2ccc(Br)cc2N1', 'C[Si](C)(C)C#Cc1cccc(Br)c1', 'Oc1ccnc2ccc(Br)cc12', 'Brc1cccc(-c2cc[nH]n2)c1', 'Brc1cccc(-n2cncn2)c1', 'O=C1CC(c2ccc(Br)cc2)N1', 'Nc1cc(Br)ncn1', 'Brc1ccc(-c2ncco2)cc1', 'Brc1ccc2oc3ccccc3c2c1', 'Brc1ccc2c(c1)oc1ccccc12', 'Brc1ccn2nccc2n1']"
2,"[24.2, 28.9]",1.6380300668754526,"['Brc1cn2ccnc2cn1', 'Oc1ccc(Br)nc1']","['OCC(O)c1cccc(Br)c1', 'O=C1CCC(c2cccc(Br)c2)CN1', 'C#Cc1ccc(Br)cc1', 'Brc1cccc(Cn2cccn2)c1', 'CC(O)c1ccc(Br)cc1', 'Brc1ccc(C2OCCO2)cc1', 'N#CCCc1ccc(Br)cc1', 'NCCc1ccc(Br)cc1', 'COc1ccc2cc(Br)ccc2n1', 'O=C1CCc2ccc(Br)cc2N1', 'OC1Cc2ccc(Br)cc2C1', 'CC(C)(C)c1cccc(Br)c1', 'NC1(c2ccc(Br)cc2)CC1']"
3,"[34.1, 18.3]",1.7678480671126546,"['CC(C)(C)OC(=O)NCc1cccc(Br)n1', 'Cc1ccc2ccc(Br)nc2n1']","['COc1ccc2cc(Br)ncc2n1', 'N#CC1(c2ccc(Br)cc2)CC1', 'COc1cc2ccc(Br)nc2cn1', 'COc1cccnc1Br', 'COc1ncc(Br)nc1OC', 'CNC(=O)c1ccnc(Br)c1', 'Cc1ccc(Br)nc1', 'Cc1cncc(Br)n1', 'Cc1ccnc(Br)c1', 'Oc1ccnc(Br)c1', 'Cn1cnc2ccc(Br)cc21', 'Brc1cnc2ccccc2n1']"
4,"[0.3, 20.4]",2.0439036979452063,"['COc1ccc(COc2cccc(Br)n2)cc1', 'Brc1ncccn1']","['Brc1ccc([C@@H]2CNCCO2)cc1', 'CNC(=O)c1cccc(Br)c1', 'O=C1CCCN1c1ccc(Br)cc1F', 'Cn1ccc(-c2cccc(Br)c2)n1', 'O=C1CN(Cc2cccc(Br)c2)C(=O)N1', 'FC(F)(F)c1ccc2cc(Br)ncc2n1', 'Brc1ccc2ccncc2n1', 'Brc1ccc2[nH]ccc2n1', 'Brc1ccc2ncccc2n1', 'Brc1ncnc2ccccc12', 'Brc1ccc2cccnc2n1']"
5,"[0.0, 0.0]",2.099433712269052,"['FC(F)(F)c1cnc2cc(Br)ncc2n1', 'FC(F)(F)c1cnc2nc(Br)ccc2c1']","['Brc1nncc2ccccc12', 'CC(=O)Cc1cccc(Br)c1', 'CC1(C)OB(c2ccc(Br)cc2)OC1(C)C', 'CC1(C)C(=O)Nc2ccc(Br)cc21', 'Brc1cccc(-n2ccnc2)c1', 'O=C1c2ccc(Br)cc2CN1C1CC1', 'O=C1COc2cc(Br)ccc2N1', 'Fc1ccc(Br)nc1', 'Brc1ccc(C2CCCN2)cc1', 'Cc1cn[nH]c1-c1ccc(Br)cc1']"
6,"[0.3, 15.2]",2.463948869551274,"['Nc1cc(Br)ccn1', 'Brc1ncc[nH]1']","['COc1ncc2cc(Br)ccc2n1', 'Brc1ccc2cnccc2c1', 'CC(=O)CC(=O)c1ccc(Br)cc1', 'CC(C)(C)OC(=O)N1CCCc2ccc(Br)nc21', 'CC(=O)/C=C/c1ccc(Br)cc1', 'Oc1cnc2cc(Br)ccc2n1', 'O=c1cc(O)c2ccc(Br)cc2o1', 'O=C(c1ccc(Br)cc1)N1CCOCC1', 'Brc1ccc2nn[nH]c2c1', 'CCC(=O)c1ccc(Br)cc1O']"
7,"[35.4, 67.8]",2.475175167166668,"['Brc1ccc2[nH]cnc2c1', 'Cn1cnc2cc(Br)ccc21']","['O=C1NCc2cc(Br)ccc21', 'O=C1CCc2ncc(Br)cc2N1', 'Brc1ccc2cncnc2c1', 'O=C1CC(c2cccc(Br)c2)CC(=O)N1', 'FCCOc1cncc(Br)c1', 'Cc1n[nH]c2cc(Br)ccc12', 'CC(C)c1ccc(Br)cc1', 'CC(=O)c1cccc(Br)c1', 'COc1cccc(Br)c1']"
8,"[0.0, 66.6]",2.5639505509616827,"['CN1CCOc2cc(Br)ccc21', 'COc1ccc(Cn2cnc3cc(Br)ccc32)cc1']","['Nc1nc2cc(Br)ccc2o1', 'Brc1cnc2[nH]ccc2c1', 'COc1cc(Br)cc(OC)c1', 'Brc1cccc2[nH]ncc12', 'CC(C)(C)Oc1ccc(Br)cc1', 'CC(=O)Nc1ccc(Br)cc1', 'Cc1ccc(Br)cc1', 'Nc1nc2ccc(Br)cc2o1', 'CC(=O)N1CCc2cc(Br)ccc21']"
9,"[0.0, 28.5]",2.700213310680262,"['CC(C)(C)OC(=O)NCCc1c[nH]c2ccc(Br)cc12', 'CC(C)(C)OC(=O)N1CCCCC1c1ccc(Br)cc1']","['Brc1ccc(-c2nc3cnccc3[nH]2)cc1', 'Nc1cnc(-c2cccc(Br)c2)nc1', 'Brc1ccc(-c2nnc[nH]2)cc1', 'Brc1cnc2cc[nH]c2c1', 'CC(=O)c1ccc(Oc2cccc(Br)c2)cc1', 'Brc1ccc(-c2nc3ccccc3[nH]2)cc1', 'CC(C)(CO)c1ccc(Br)cn1', 'Brc1ccc(-c2cccs2)cc1']"
