,obj_values ['yield'],Vendi_score,eval_samples,cut_samples
0,"[0.3, 57.1]",1.188365069099161,"['Nc1cc(Br)ccn1', 'Brc1cnc2[nH]ccc2c1']",[]
1,"[0.6, 67.8]",1.3327935523243264,"['Oc1cnc2cc(Br)ccc2n1', 'Cn1cnc2cc(Br)ccc21']","['FCCOc1cncc(Br)c1', 'Cn1cnc2ccc(Br)cc21', 'COc1cccc(Br)c1', 'Cc1ccc(Br)cn1', 'Brc1cccc2[nH]ncc12', 'Cc1cc(Br)cnc1C', 'Cc1cncc(Br)c1', 'C#Cc1ccc(Br)cc1', 'Cc1n[nH]c2cc(Br)ccc12', 'Brc1cnc2cc[nH]c2c1', 'O=C1CCc2ccc(Br)cc2N1', 'O=C1COc2cc(Br)ccc2N1', 'Oc1cccc(Br)c1']"
2,"[20.3, 0.0]",1.4187623231289763,"['CC1(C)C(=O)Nc2ccc(Br)cc21', 'CN1CCOc2cc(Br)ccc21']","['Brc1cccc(-c2cc[nH]n2)c1', 'Brc1cccc(-n2cncn2)c1', 'Brc1ccc2nn[nH]c2c1', 'Oc1ccnc2ccc(Br)cc12', 'Brc1ccc(-c2ncco2)cc1', 'Nc1nc2cc(Br)ccc2o1', 'O=C1CC(c2ccc(Br)cc2)N1', 'CC(=O)Nc1ccc(Br)cc1', 'CNC(=O)c1cccc(Br)c1', 'Brc1ccc2[nH]cnc2c1', 'NCCc1ccc(Br)cc1', 'Nc1nc2ccc(Br)cc2o1', 'Oc1ccc(Br)cc1']"
3,"[19.7, 72.1]",1.4496925307880417,"['Brc1cnc2[nH]ncc2c1', 'Cc1ccc(Br)cc1']","['Brc1ccc(C2CCCN2)cc1', 'O=C1CCCN1c1ccc(Br)cc1F', 'Fc1cc(Br)ccc1-c1ccccc1', 'COc1cc(Br)cc(OC)c1', 'Brc1ccc2oc3ccccc3c2c1', 'CC(=O)N1CCc2cc(Br)ccc21', 'O=C1CCCc2ccc(Br)cc2N1', 'Brc1ccc([C@@H]2CNCCO2)cc1', 'CC(C)(C)Oc1ccc(Br)cc1', 'NC1(c2ccc(Br)cc2)CC1', 'OC1Cc2ccc(Br)cc2C1', 'Cn1ccc(-c2cccc(Br)c2)n1']"
4,"[66.7, 17.7]",1.5318921151199514,"['Fc1ccc(Br)cc1', 'Nc1ncncc1Br']","['OCC(O)c1cccc(Br)c1', 'CC(O)c1ccc(Br)cc1', 'CC(C)(N)c1ccc(Br)cc1', 'Oc1ncnc2ccc(Br)cc12', 'O=C1CCc2ncc(Br)cc2N1', 'OCc1ccc(Br)cc1', 'N#CCCc1ccc(Br)cc1', 'Brc1ccc(C2OCCO2)cc1', 'COc1ccc2cc(Br)ccc2n1', 'CC(C)(C)c1cccc(Br)c1', 'CC(C)c1ccc(Br)cc1']"
5,"[43.5, 85.7]",1.7533578692657648,"['Brc1ccc2[nH]ccc2n1', 'Cc1ccnc(Br)c1']","['Nc1ncc(Br)cn1', 'CC(=O)Cc1cccc(Br)c1', 'Brc1cccc2cnccc12', 'CC(C)(CO)c1ccc(Br)cn1', 'N#CC1(c2ccc(Br)cc2)CC1', 'Brc1cncc2[nH]ccc12', 'COc1ccc2cc(Br)cnc2n1', 'Oc1ccc(Br)cn1', 'Brc1cccc2ccoc12', 'Brc1cccnc1']"
6,"[11.3, 55.5]",1.8018363724147237,"['Cc1cncc(Br)n1', 'Cc1ccc(Br)nc1']","['Brc1cccc(Cn2cccn2)c1', 'Brc1ccc2c(c1)oc1ccccc12', 'CC(=O)c1cccc(Br)c1', 'COc1ccccc1Br', 'Brc1cnc2ncoc2c1', 'Brc1cccc(-n2ccnc2)c1', 'Cc1cn[nH]c1-c1ccc(Br)cc1', 'O=C1NCc2cc(Br)ccc21', 'Brc1ccc2ncnn2c1', 'OC1CCOc2c(Br)cccc21']"
7,"[28.9, 0.3]",1.8216124603187211,"['Oc1ccc(Br)nc1', 'Oc1ccnc(Br)c1']","['Brc1ccc2ncncc2c1', 'Brc1ccc(-c2cccs2)cc1', 'Oc1cccc(Br)n1', 'Brc1cncc2ccccc12', 'COc1ncc2cc(Br)ccc2n1', 'O=C1CCc2cccc(Br)c2N1', 'Brc1ccc2cnccc2c1', 'CC(C)(C#N)c1ccc(Br)cn1', 'O=C1CCC(c2cccc(Br)c2)CN1']"
8,"[0.0, 0.0]",2.1625482802417446,"['OCc1coc(Br)n1', 'Brc1cccc(N2CCCC2)c1']","['Brc1ccc(N2CCOCC2)nc1', 'Nc1cc(Br)ncn1', 'Brc1cn2ccnc2cn1', 'COc1ncc(Br)nc1OC', 'COc1cccnc1Br', 'Brc1cnc2cccnc2c1', 'Brc1ccc(N2CCNCC2)cc1', 'Brc1cccc2[nH]cnc12', 'O=C1Nc2ccc(Br)cc2C12OCCO2']"
9,"[28.3, 15.5]",2.2651786767297994,"['Fc1ccccc1Br', 'Cn1cc(Br)nn1']","['Brc1cccc(-c2nnc(C3CC3)o2)c1', 'Nc1cnc(-c2cccc(Br)c2)nc1', 'Cn1nnc(-c2ccc(Br)cn2)n1', 'Fc1ccc(Br)nc1', 'Brc1ccc(-c2nnc[nH]2)cc1', 'OCc1ccc(Br)c(F)c1', 'O=C1c2ccc(Br)cc2CN1C1CC1', 'C=CCc1ccc(Br)c(F)c1']"
