,obj_values ['yield'],Vendi_score,eval_samples,cut_samples
0,"[24.7, 68.5]",1.1218531836550762,"['Brc1cccc(-c2nnc(C3CC3)o2)c1', 'O=C(c1ccc(Br)cc1)N1CCOCC1']",[]
1,"[0.0, 29.7]",1.3143130782587262,"['Brc1ccc(CN2CCOCC2)cc1', 'O=S(=O)(Cc1ccc(Br)cc1)N1CCCC1']","['Cn1nnc(-c2ccc(Br)cn2)n1', 'Brc1ccc2oc3ccccc3c2c1', 'O=C1c2ccc(Br)cc2CN1C1CC1', 'O=C1CCCc2ccc(Br)cc2N1', 'C[Si](C)(C)C#Cc1cccc(Br)c1', 'Brc1ccc2c(c1)oc1ccccc12', 'O=C1CCC(c2cccc(Br)c2)CN1', 'O=C1CC(c2cccc(Br)c2)CC(=O)N1', 'CC1(C)OB(c2ccc(Br)cc2)OC1(C)C', 'O=C1CCCN1c1ccc(Br)cc1F', 'CC(=O)c1ccc(Oc2cccc(Br)c2)cc1', 'Brc1ccc(-c2nc3cnccc3[nH]2)cc1', 'Fc1cc(Br)ccc1-c1ccccc1']"
2,"[47.7, 25.1]",1.397780383278206,"['O=S(=O)(CCO)c1ccc(Br)cc1', 'FC(F)(F)c1cc2ccc(Br)cc2cn1']","['O=C1CN(Cc2cccc(Br)c2)C(=O)N1', 'O=C1CCC(Oc2cccc(Br)c2)CC1', 'O=C(NCc1ccccc1)c1ccc(Br)cn1', 'CC(C)(C)OC(=O)Nc1ccc(Br)cn1', 'CC(C)(CO)c1ccc(Br)cn1', 'CC(C)Sc1ccc(Br)cc1', 'CCOP(=O)(Cc1ccc(Br)cn1)OCC', 'CN(C)S(=O)(=O)c1ccc(Br)cc1', 'Brc1ccc(-c2nc3ccccc3[nH]2)cc1', 'Cc1cn[nH]c1-c1ccc(Br)cc1', 'Cn1ccc(-c2cccc(Br)c2)n1', 'C[C@@H](NC(=O)OC(C)(C)C)c1ccc(Br)cc1', 'Brc1ccc([C@@H]2CNCCO2)cc1']"
3,"[0.0, 0.0]",1.4400323780680664,"['CCC(=O)c1ccc(Br)cc1O', 'CC(=O)CC(=O)c1ccc(Br)cc1']","['CNC(=O)c1cccc(Br)c1', 'O=C(c1cccc(Br)c1)c1ccccn1', 'CS(=O)(=O)c1ccc(Br)cc1', 'Brc1cccc(-n2cncn2)c1', 'Brc1cccc(-n2ccnc2)c1', 'O=c1cc(O)c2ccc(Br)cc2o1', 'CC(C)(C#N)c1ccc(Br)cn1', 'Brc1cccc(Cn2cccn2)c1', 'N#Cc1cc2cc(Br)ccc2s1', 'CC(C)NC(=O)c1ccc(Br)cn1', 'NS(=O)(=O)Cc1cccc(Br)c1', 'Brc1ccc(-c2nnc(-c3ccccc3)o2)cc1']"
4,"[27.9, 0.0]",1.581676287724542,"['CCCc1cc(NC(=O)OC(C)(C)C)c2cc(Br)ccc2n1', 'FC(F)C(F)(F)Oc1cccc(Br)c1']","['Brc1ccc(-c2ncco2)cc1', 'Oc1ccnc2ccc(Br)cc12', 'Brc1ccc2cnccc2c1', 'CC(C)(CO)c1cc(Br)ccn1', 'Brc1ccc2cncnc2c1', 'COc1ncc2cc(Br)ccc2n1', 'O=C1CCc2ccc(Br)cc2N1', 'O=C1NCc2cc(Br)ccc21', 'CC(=O)/C=C/c1ccc(Br)cc1', 'Brc1ccc(-c2cccs2)cc1', 'Brc1ccc(-c2nnc[nH]2)cc1']"
5,"[0.0, 28.4]",1.658199994702077,"['O=S(=O)(O)c1cncc(Br)c1', 'Brc1ccc(-n2cnnc2)nc1']","['O=C1CCc2ncc(Br)cc2N1', 'FCCOc1cncc(Br)c1', 'O=C1COc2cc(Br)ccc2N1', 'COc1ccc2cc(Br)ccc2n1', 'Brc1ccc(C2OCCO2)cc1', 'N#CC1(c2ccc(Br)cc2)CC1', 'O=C1CC(c2ccc(Br)cc2)N1', 'CC(=O)Cc1cccc(Br)c1', 'O=C1Nc2ccc(Br)cc2C12OCCO2', 'FC(F)(F)Sc1ccc(Br)cc1']"
6,"[28.5, 21.9]",1.7304613927802033,"['CC(C)(C)OC(=O)N1CCCCC1c1ccc(Br)cc1', 'CC(C)(C)OC(=O)NC1(c2ccc(Br)cc2)CC(=O)C1']","['Brc1ccc2ncncc2c1', 'Brc1cnc2cccnc2c1', 'Oc1nccc2cc(Br)cnc12', 'Brc1cnc(Oc2cccnc2)nc1', 'Brc1cnc2ncoc2c1', 'FC(F)(F)c1cncc(Br)c1', 'CC(=O)c1cccc(Br)c1', 'Brc1cnc2ncccc2c1', 'O=C(c1cccc(Br)c1)C(F)(F)F', 'COc1ccc2cc(Br)cnc2n1']"
7,"[0.0, 66.6]",1.8294909077363692,"['CC(C)(C)OC(=O)N1CCN(Cc2ccc(Br)cc2)CC1', 'COc1ccc(Cn2cnc3cc(Br)ccc32)cc1']","['FC(F)(F)c1ccnc(Nc2cccc(Br)c2)n1', 'Brc1cccc(-c2cc[nH]n2)c1', 'CC(C)(C)Oc1ccc(Br)cc1', 'O=C1CCCCC1Oc1ccc(Br)cc1', 'N#CCCc1ccc(Br)cc1', 'CC(C)(C)OC(=O)N1CCOc2ccc(Br)cc2C1', 'Brc1ccc(C2CCCN2)cc1', 'Nc1cnc(-c2cccc(Br)c2)nc1', 'OC(c1ccc(Br)cn1)C(F)(F)F']"
8,"[35.4, 67.8]",1.8841049871718818,"['Brc1ccc2[nH]cnc2c1', 'Cn1cnc2cc(Br)ccc21']","['Cc1cc(Br)cc(Nc2nccc(C3CC3)n2)c1', 'Cn1cnc2ccc(Br)cc21', 'OCC(O)c1cccc(Br)c1', 'CC1(C)C(=O)Nc2ccc(Br)cc21', 'CC(=O)N1CCc2cc(Br)ccc21', 'Nc1nc2cc(Br)ccc2o1', 'OC1Cc2ccc(Br)cc2C1', 'Brc1ccc2nn[nH]c2c1', 'O=C(c1cc2cc(Br)cnc2s1)N1CCOCC1']"
9,"[0.0, 0.0]",1.967857902877056,"['CC(C)(C)OC(=O)N1CCC(Nc2ccc(Br)cc2)CC1', 'CN1CCOc2cc(Br)ccc21']","['Nc1nc2ccc(Br)cc2o1', 'NCCc1ccc(Br)cc1', 'NC1(c2ccc(Br)cc2)CC1', 'Brc1cnc2cc[nH]c2c1', 'CC(C)(C)c1cccc(Br)c1', 'CC(=O)Nc1ccc(Br)cc1', 'Brc1cnc2[nH]ccc2c1', 'Brc1cccc2[nH]ncc12']"
