,obj_values ['yield'],Vendi_score,eval_samples,cut_samples
0,"[0.0, 0.4]",1.1834124735935907,"['Nc1cnc(-c2cccc(Br)c2)nc1', 'NCCc1ccc(Br)cc1']",[]
1,"[0.0, 0.0]",1.2064009982064596,"['NC1(c2ccc(Br)cc2)CC1', 'Brc1ccc(C2OCCO2)cc1']","['Cn1ccc(-c2cccc(Br)c2)n1', 'Cn1cnc2ccc(Br)cc21', 'Nc1nc2cc(Br)ccc2o1', 'OC1Cc2ccc(Br)cc2C1', 'O=C1CCc2ccc(Br)cc2N1', 'O=C1CCCc2ccc(Br)cc2N1', 'Brc1cccc(-c2cc[nH]n2)c1', 'Brc1ccc(C2CCCN2)cc1', 'O=C1CCCN1c1ccc(Br)cc1F', 'Brc1ccc([C@@H]2CNCCO2)cc1', 'CC(=O)Nc1ccc(Br)cc1', 'CC(=O)N1CCc2cc(Br)ccc21', 'Nc1nc2ccc(Br)cc2o1']"
2,"[67.8, 0.0]",1.2947511402442653,"['Cn1cnc2cc(Br)ccc21', 'CN1CCOc2cc(Br)ccc21']","['O=C1CC(c2ccc(Br)cc2)N1', 'O=C1COc2cc(Br)ccc2N1', 'N#CCCc1ccc(Br)cc1', 'Brc1cccc(Cn2cccn2)c1', 'O=C1CCC(c2cccc(Br)c2)CN1', 'OCC(O)c1cccc(Br)c1', 'Fc1cc(Br)ccc1-c1ccccc1', 'CC1(C)C(=O)Nc2ccc(Br)cc21', 'CC(O)c1ccc(Br)cc1', 'CC(C)c1ccc(Br)cc1', 'CC(C)(N)c1ccc(Br)cc1', 'CC(C)(C)c1cccc(Br)c1', 'CC(C)(C)Oc1ccc(Br)cc1']"
3,"[36.8, 66.7]",1.3616213401668673,"['Oc1ccc(Br)cc1', 'Fc1ccc(Br)cc1']","['Brc1ccc2[nH]cnc2c1', 'Brc1cnc2[nH]ccc2c1', 'COc1cccc(Br)c1', 'COc1cc(Br)cc(OC)c1', 'CC(C)(CO)c1ccc(Br)cn1', 'CC(=O)Cc1cccc(Br)c1', 'Brc1cnc2cc[nH]c2c1', 'FCCOc1cncc(Br)c1', 'Brc1ccc(N2CCNCC2)cc1', 'Brc1ccc2oc3ccccc3c2c1', 'Cc1ccc(Br)cc1', 'N#CC1(c2ccc(Br)cc2)CC1']"
4,"[0.0, 27.0]",1.4543409113255021,"['Brc1ccc2nn[nH]c2c1', 'N#Cc1cccc(Br)c1']","['O=C1CCc2ncc(Br)cc2N1', 'Brc1ccc2c(c1)oc1ccccc12', 'CNC(=O)c1cccc(Br)c1', 'Brc1cccc(-n2cncn2)c1', 'Cc1cc(Br)cnc1C', 'Cc1ccc(Br)cn1', 'Oc1cccc(Br)c1', 'Brc1ccc(-c2ncco2)cc1', 'OCc1ccc(Br)cc1', 'C#Cc1ccc(Br)cc1', 'Brc1cccc2[nH]ncc12']"
5,"[19.7, 8.1]",1.487703130437319,"['Brc1cnc2[nH]ncc2c1', 'COc1ccc2cc(Br)cnc2n1']","['Brc1cncc2[nH]ccc12', 'Brc1cccc(-n2ccnc2)c1', 'COc1ccc2cc(Br)ccc2n1', 'Cc1cncc(Br)c1', 'Oc1ccc(Br)cn1', 'CC(C)(C#N)c1ccc(Br)cn1', 'O=C1CN(Cc2cccc(Br)c2)C(=O)N1', 'Brc1cccc(-c2nnc(C3CC3)o2)c1', 'Cc1cn[nH]c1-c1ccc(Br)cc1', 'Oc1ccnc2ccc(Br)cc12']"
6,"[0.3, 21.9]",1.5377632241623755,"['Oc1ncc(Br)cn1', 'Nc1ncc(Br)cn1']","['CC(=O)c1cccc(Br)c1', 'Cn1nnc(-c2ccc(Br)cn2)n1', 'Brc1cnc2ncoc2c1', 'Brc1cccnc1', 'Oc1cnc2cc(Br)ccc2n1', 'Brc1ccc(-c2cccs2)cc1', 'Brc1cccc2cnccc12', 'Brc1ccc2ncnn2c1', 'O=C1Nc2ccc(Br)cc2C12OCCO2', 'Oc1ncnc2ccc(Br)cc12']"
7,"[0.0, 66.6]",1.9475699574956333,"['OCc1coc(Br)n1', 'COc1ccc(Cn2cnc3cc(Br)ccc32)cc1']","['Brc1cccc2ccoc12', 'CSc1ncc(Br)cn1', 'O=C1NCc2cc(Br)ccc21', 'Brc1ccc(N2CCOCC2)nc1', 'OC1CCOc2c(Br)cccc21', 'COc1ccccc1Br', 'Cc1n[nH]c2cc(Br)ccc12', 'COc1ncc2cc(Br)ccc2n1', 'Brc1cncc2ccccc12']"
8,"[0.0, 30.6]",2.154262040732121,"['CC(C)(C)OC(=O)N1CCC(Nc2ccc(Br)cc2)CC1', 'N#Cc1cc(Br)cs1']","['Brc1cnc2ncccc2c1', 'C=CCc1ccc(Br)c(F)c1', 'CC(C)(C)OC(=O)Nc1ccc(Br)cn1', 'O=C1CCCCC1Oc1ccc(Br)cc1', 'NS(=O)(=O)Cc1cccc(Br)c1', 'C[Si](C)(C)C#Cc1cccc(Br)c1', 'Brc1ccc2cnnn2c1', 'OCc1ccc(Br)c(F)c1', 'Brc1cccc2[nH]cnc12']"
9,"[15.4, 63.4]",2.2389355724026734,"['FC(F)(F)c1nc2ccc(Br)cn2n1', 'Fc1ccc(Br)nc1']","['Brc1cnc2cccnc2c1', 'O=c1cc(O)c2ccc(Br)cc2o1', 'Brc1cccc(-c2nnn[nH]2)c1', 'O=C1CCc2cccc(Br)c2N1', 'CC1(C)OB(c2ccc(Br)cc2)OC1(C)C', 'O=C1c2ccc(Br)cc2CN1C1CC1', 'Fc1ccccc1Br', 'Brc1cnc(Oc2cccnc2)nc1']"
