,obj_values ['yield'],Vendi_score,eval_samples,cut_samples
0,"[0.3, 24.7]",1.1875133169030534,"['Brc1cnc2ncoc2c1', 'Brc1cccc(-c2nnc(C3CC3)o2)c1']",[]
1,"[19.0, 1.5]",1.29040443732967,"['CC(=O)c1ccc(Oc2cccc(Br)c2)cc1', 'Brc1ccc(-c2nnc(-c3ccccc3)o2)cc1']","['Cn1nnc(-c2ccc(Br)cn2)n1', 'O=c1cc(O)c2ccc(Br)cc2o1', 'FCCOc1cncc(Br)c1', 'CC(C)(C#N)c1ccc(Br)cn1', 'COc1ccc2cc(Br)cnc2n1', 'Fc1cc(Br)ccc1-c1ccccc1', 'Brc1cnc2ncccc2c1', 'O=C1CCc2ncc(Br)cc2N1', 'Oc1nccc2cc(Br)cnc12', 'Brc1ccc2oc3ccccc3c2c1', 'Brc1cccc(-n2cncn2)c1', 'Oc1ccnc2ccc(Br)cc12', 'Brc1ccc2nn[nH]c2c1']"
2,"[58.7, 38.0]",1.3321138665997083,"['O=C1CCC(c2cccc(Br)c2)CN1', 'Brc1cccc(-c2cc[nH]n2)c1']","['O=C1c2ccc(Br)cc2CN1C1CC1', 'O=C(c1ccc(Br)cc1)N1CCOCC1', 'O=C1CCCN1c1ccc(Br)cc1F', 'O=C(c1cccc(Br)c1)c1ccccn1', 'COc1ncc2cc(Br)ccc2n1', 'Brc1ccc2c(c1)oc1ccccc12', 'Brc1ccc(-c2nc3cnccc3[nH]2)cc1', 'CC(C)NC(=O)c1ccc(Br)cn1', 'C[Si](C)(C)C#Cc1cccc(Br)c1', 'Brc1ccc(-c2nc3ccccc3[nH]2)cc1', 'FC(F)(F)c1cc2ccc(Br)cc2cn1', 'O=C1CC(c2cccc(Br)c2)CC(=O)N1', 'O=C1CCCc2ccc(Br)cc2N1']"
3,"[67.2, 47.6]",1.3620022374473006,"['CC(C)(C)c1cccc(Br)c1', 'OCC(O)c1cccc(Br)c1']","['CNC(=O)c1cccc(Br)c1', 'N#CCCc1ccc(Br)cc1', 'O=C1CCc2ccc(Br)cc2N1', 'Brc1ccc([C@@H]2CNCCO2)cc1', 'N#CC1(c2ccc(Br)cc2)CC1', 'CC1(C)OB(c2ccc(Br)cc2)OC1(C)C', 'O=C1CN(Cc2cccc(Br)c2)C(=O)N1', 'Brc1cccc(Cn2cccn2)c1', 'Brc1ccc(C2OCCO2)cc1', 'CC(C)(CO)c1ccc(Br)cn1', 'O=C1CC(c2ccc(Br)cc2)N1', 'Cn1ccc(-c2cccc(Br)c2)n1']"
4,"[0.0, 28.5]",1.5411443388015515,"['Brc1cccc(N2CCCC2)c1', 'CC(C)(C)OC(=O)N1CCCCC1c1ccc(Br)cc1']","['CC(C)(C)Oc1ccc(Br)cc1', 'CC(=O)Cc1cccc(Br)c1', 'CC1(C)C(=O)Nc2ccc(Br)cc21', 'NCCc1ccc(Br)cc1', 'Brc1ccc(C2CCCN2)cc1', 'NC1(c2ccc(Br)cc2)CC1', 'CC(C)c1ccc(Br)cc1', 'CC(O)c1ccc(Br)cc1', 'O=C1COc2cc(Br)ccc2N1', 'Cn1cnc2ccc(Br)cc21', 'OC1Cc2ccc(Br)cc2C1']"
5,"[24.4, 72.1]",1.5619948754483712,"['OCc1ccc(Br)cc1', 'Cc1ccc(Br)cc1']","['CC(=O)Nc1ccc(Br)cc1', 'Nc1cnc(-c2cccc(Br)c2)nc1', 'Brc1ccc(-c2ncco2)cc1', 'Brc1cccc(-n2ccnc2)c1', 'Nc1nc2cc(Br)ccc2o1', 'CC(C)(C)OC(=O)Nc1ccc(Br)cn1', 'COc1cc(Br)cc(OC)c1', 'O=C1CCC(Oc2cccc(Br)c2)CC1', 'CC(=O)N1CCc2cc(Br)ccc21', 'Cc1cn[nH]c1-c1ccc(Br)cc1']"
6,"[66.7, 36.8]",1.5878449385662474,"['Fc1ccc(Br)cc1', 'Oc1ccc(Br)cc1']","['CC(C)(N)c1ccc(Br)cc1', 'Nc1nc2ccc(Br)cc2o1', 'COc1ccc2cc(Br)ccc2n1', 'COc1cccc(Br)c1', 'C#Cc1ccc(Br)cc1', 'Brc1cccc2[nH]ncc12', 'Cc1ccc(Br)cn1', 'Brc1cnc2[nH]ccc2c1', 'Cc1cc(Br)cnc1C', 'Brc1ccc(-c2cccs2)cc1']"
7,"[27.0, 29.7]",1.6576815625614423,"['N#Cc1cccc(Br)c1', 'O=S(=O)(Cc1ccc(Br)cc1)N1CCCC1']","['NS(=O)(=O)Cc1cccc(Br)c1', 'O=C1NCc2cc(Br)ccc21', 'Brc1cnc2cc[nH]c2c1', 'O=C1Nc2ccc(Br)cc2C12OCCO2', 'Cn1cnc2cc(Br)ccc21', 'FC(F)C(F)(F)Oc1cccc(Br)c1', 'Brc1ccc2[nH]cnc2c1', 'Oc1cccc(Br)c1', 'Cc1cncc(Br)c1']"
8,"[63.4, 0.3]",1.8119227686706687,"['Fc1ccc(Br)nc1', 'Oc1ccnc(Br)c1']","['CC(=O)c1cccc(Br)c1', 'Oc1cnc2cc(Br)ccc2n1', 'CS(=O)(=O)c1ccc(Br)cc1', 'CC(C)Sc1ccc(Br)cc1', 'Oc1ncnc2ccc(Br)cc12', 'C[C@@H](NC(=O)OC(C)(C)C)c1ccc(Br)cc1', 'O=C1CCCCC1Oc1ccc(Br)cc1', 'Cc1n[nH]c2cc(Br)ccc12', 'Brc1ccc(-c2nnc[nH]2)cc1']"
9,"[66.6, 18.6]",1.8414412690073299,"['COc1ccc(Cn2cnc3cc(Br)ccc32)cc1', 'CC(C)(C)OC(=O)N1CCOc2ccc(Br)cc2C1']","['Brc1ccc2cnccc2c1', 'Brc1cnc2[nH]ncc2c1', 'CC(C)(CO)c1cc(Br)ccn1', 'Brc1cccc2cnccc12', 'Oc1ccc(Br)cn1', 'Brc1cccnc1', 'Brc1cccc(-c2nnn[nH]2)c1', 'Brc1ccc2ncnn2c1']"
