,obj_values ['yield'],Vendi_score,eval_samples,cut_samples
0,"[0.3, 0.3]",1.3155632764663565,"['Brc1cccc2ncncc12', 'Brc1ncnc2ccccc12']",[]
1,"[0.0, 0.3]",1.9355315426193664,"['Brc1ccc(N2CCOCC2)nc1', 'Brc1ccc(-c2ccn[nH]2)s1']","['Brc1ccc2ncncc2c1', 'Brc1nncc2ccccc12', 'CCC(=O)c1ccc(Br)cc1O', 'Oc1nccc2cc(Br)cnc12', 'Oc1cc2cccc(Br)c2cn1', 'Brc1ccnc2ccccc12', 'Brc1cccc2nccnc12', 'CC(=O)c1cccc(Br)c1', 'Brc1ccc2cncnc2c1', 'COc1ccc2nccc(Br)c2c1', 'Brc1ccc2cnccc2c1', 'Brc1cccc2cnccc12', 'Brc1cnc2cccnc2c1']"
2,"[0.6, 24.8]",1.9572742355462216,"['Brc1cc2ncncc2s1', 'Brc1cccc2cncnc12']","['Oc1ccnc2ccc(Br)cc12', 'O=C1CCc2ncc(Br)cc2N1', 'COc1ncc2cc(Br)ccc2n1', 'Brc1cccc2[nH]ncc12', 'Brc1cncc2ccccc12', 'Brc1ccc2oc3ccccc3c2c1', 'O=C1COc2cc(Br)ccc2N1', 'COc1ccc2cc(Br)ccc2n1', 'COc1ccc2cc(Br)cnc2n1', 'Fc1cc(Br)ccc1-c1ccccc1', 'Brc1ccc(-c2ncco2)cc1', 'Cn1nnc(-c2ccc(Br)cn2)n1', 'Brc1ccc2c(c1)oc1ccccc12']"
3,"[3.2, 15.7]",1.9560077971250942,"['Brc1cnc2nccn2c1', 'Brc1cnc2nncn2c1']","['Brc1ccc2ncnn2c1', 'Brc1cnc2ncoc2c1', 'Brc1cnc2ncccc2c1', 'Brc1cnc(Oc2cccnc2)nc1', 'CSc1ncc(Br)cn1', 'Cc1cn2cc(F)cc(Br)c2n1', 'CC(C)(C#N)c1ccc(Br)cn1', 'Brc1cnc2cncn2c1', 'O=c1cc(O)c2ccc(Br)cc2o1', 'Brc1ccnc2cccnc12', 'CC(=O)c1cc(Br)cs1', 'Brc1ccc2cnnn2c1']"
4,"[0.0, 0.6]",2.067871640090464,"['Oc1ccc2cccnc2c1Br', 'O=c1[nH]cc(Br)c(=O)[nH]1']","['O=C(c1cccc(Br)c1)C(F)(F)F', 'Brc1cccc(-n2cncn2)c1', 'FCCOc1cncc(Br)c1', 'Brc1cnc2[nH]ccc2c1', 'Brc1cnc2cc[nH]c2c1', 'Brc1ccc(-n2cnnc2)nc1', 'CNC(=O)c1cccc(Br)c1', 'Brc1ccc2nn[nH]c2c1', 'Oc1cnc2cc(Br)ccc2n1', 'Brc1cccc2ccoc12', 'Brc1ccn2nnnc2c1']"
5,"[10.2, 0.0]",2.080755289242862,"['O=c1cc(Br)c(-c2ccccc2)n[nH]1', 'CC(=O)/C=C/c1ccc(Br)cc1']","['Brc1cnn(-c2ncccn2)c1', 'Brc1cncc2[nH]ccc12', 'Nc1ncc(Br)cn1', 'Brc1cnn(-c2ccncc2)c1', 'O=C1CCc2cccc(Br)c2N1', 'Oc1ncc(Br)cn1', 'OCc1ccc(Br)c(F)c1', 'Brc1csc2cnccc12', 'OC1CCOc2c(Br)cccc21', 'C=CCc1ccc(Br)c(F)c1']"
6,"[27.0, 0.0]",2.163283184560849,"['N#Cc1cccc(Br)c1', 'Brc1ccccc1-c1nnn[nH]1']","['CC(=O)Nc1ncc(F)cc1Br', 'CC(=O)CC(=O)c1ccc(Br)cc1', 'O=C1CCCN1c1ccc(Br)cc1F', 'O=C1NCc2cc(Br)ccc21', 'FC(F)(F)c1ccc(Br)c2ncccc12', 'FC(F)(F)c1ccc(Br)c2[nH]ccc12', 'CC(C)NC(=O)c1ccc(Br)cn1', 'Brc1ccc(-c2nnc[nH]2)cc1', 'Brc1cccc(-n2ccnc2)c1', 'Cc1cn[nH]c1-c1ccc(Br)cc1']"
7,"[60.9, 30.6]",2.2164473773549873,"['Brc1cncnc1', 'N#Cc1cc(Br)cs1']","['Brc1cccc(-c2nnn[nH]2)c1', 'Brc1cnc2[nH]ncc2c1', 'FC(F)(F)c1cc(Br)c2nc[nH]c2c1', 'Brc1cccc2[nH]cnc12', 'N#CC1(c2ccc(Br)cc2)CC1', 'Oc1ncnc2ccc(Br)cc12', 'N#Cc1cc2cc(Br)ccc2s1', 'FC(F)(F)c1nc2ccc(Br)cn2n1', 'Brc1cccc(-c2nnc(C3CC3)o2)c1']"
8,"[75.3, 15.5]",2.317740826641961,"['Brc1cccnc1', 'Cn1cc(Br)nn1']","['Cc1cc(Br)cnc1C', 'CC(C)(CO)c1ccc(Br)cn1', 'O=C1CC(c2ccc(Br)cc2)N1', 'FC(F)(F)c1ncc(Br)cn1', 'Fc1ccccc1Br', 'FC(F)(F)c1cncc(Br)c1', 'Cc1ccc(Br)cn1', 'C#Cc1ccc(Br)cc1', 'Cc1cncc(Br)c1']"
9,"[85.9, 72.1]",2.343774308679489,"['Cc1cc(Br)ccn1', 'Cc1ccc(Br)cc1']","['Brc1cccc(-c2cc[nH]n2)c1', 'Oc1ccc(Br)cn1', 'Cn1cnc2ccc(Br)cc21', 'O=C1CCc2ccc(Br)cc2N1', 'OC(c1ccc(Br)cn1)C(F)(F)F', 'COc1ccccc1Br', 'O=C1CCCc2ccc(Br)cc2N1', 'N#CCCc1ccc(Br)cc1']"
