,obj_values ['yield'],Vendi_score,eval_samples,cut_samples
0,"[44.1, 27.9]",1.741641132729537,"['Nc1cc(Br)ncn1', 'CCCc1cc(NC(=O)OC(C)(C)C)c2cc(Br)ccc2n1']",[]
1,"[15.7, 35.4]",2.173944976567976,"['Brc1cnc2nncn2c1', 'Brc1ccc2[nH]cnc2c1']","['CC1(C)OB(c2ccc(Br)cc2)OC1(C)C', 'Fc1cc(Br)ccc1-c1ccccc1', 'O=C1CCC(Oc2cccc(Br)c2)CC1', 'O=C1CC(c2cccc(Br)c2)CC(=O)N1', 'O=C(c1ccc(Br)cc1)N1CCOCC1', 'Brc1ccc(-c2nnc(-c3ccccc3)o2)cc1', 'C[Si](C)(C)C#Cc1cccc(Br)c1', 'CC(=O)c1ccc(Oc2cccc(Br)c2)cc1', 'Oc1cccc(Br)n1', 'Cc1ccnc(Br)c1', 'Brc1cccc(-c2nnc(C3CC3)o2)c1', 'Cc1ccc(Br)nc1', 'Nc1nccc(Br)n1']"
2,"[5.9, 58.4]",2.2256131130477095,"['Brc1ccn2nccc2n1', 'Brc1ccc2cccnc2n1']","['FCCOc1cncc(Br)c1', 'Brc1cccc(-c2cc[nH]n2)c1', 'O=C1CCCc2ccc(Br)cc2N1', 'Cn1cnc2cc(Br)ccc21', 'Cn1cnc2ccc(Br)cc21', 'CNC(=O)c1cccc(Br)c1', 'Brc1cnc2ncccc2c1', 'O=c1cc(O)c2ccc(Br)cc2o1', 'Cn1ccc(-c2cccc(Br)c2)n1', 'O=C1CCC(c2cccc(Br)c2)CN1', 'N#CC1(c2ccc(Br)cc2)CC1', 'O=C1CC(c2ccc(Br)cc2)N1', 'O=C1CCCN1c1ccc(Br)cc1F']"
3,"[0.0, 43.5]",2.1788773669743344,"['COc1cc2ccc(Br)nc2cn1', 'Brc1ccc2[nH]ccc2n1']","['Brc1ccc2ncccc2n1', 'Brc1cnc2ccccc2n1', 'Brc1ccc(-c2ncco2)cc1', 'CNC(=O)c1ccnc(Br)c1', 'Brc1cccc(-n2cncn2)c1', 'Brc1cn2ccnc2cn1', 'CCC(=O)c1ccc(Br)cc1O', 'Cc1ccc2ccc(Br)nc2n1', 'Cc1cncc(Br)n1', 'Brc1ccc2ccncc2n1', 'Brc1ccc2c(c1)oc1ccccc12', 'Oc1ccnc2ccc(Br)cc12']"
4,"[21.9, 0.0]",2.307234210151219,"['CC(C)(C)OC(=O)NC1(c2ccc(Br)cc2)CC(=O)C1', 'FC(F)(F)c1cnc2nc(Br)ccc2c1']","['Oc1ccc(Br)nc1', 'COc1ncc(Br)nc1OC', 'FC(F)(F)c1ccc2cc(Br)ncc2n1', 'COc1ccc2cc(Br)ncc2n1', 'Brc1ccc(-c2nc3cnccc3[nH]2)cc1', 'Brc1ncnc2ccccc12', 'COc1ccc2nc(Br)ccc2n1', 'O=C(c1cccc(Br)c1)c1ccccn1', 'Oc1ccnc(Br)c1', 'Brc1nncc2ccccc12', 'COc1cccnc1Br']"
5,"[0.0, 72.1]",2.400931248733796,"['CN1CCOc2cc(Br)ccc21', 'Cc1ccc(Br)cc1']","['Nc1nc2cc(Br)ccc2o1', 'CC(=O)Nc1ccc(Br)cc1', 'Brc1cccc(-n2ccnc2)c1', 'Nc1cnc(-c2cccc(Br)c2)nc1', 'Brc1ccc2oc3ccccc3c2c1', 'Brc1ccc(-c2nnc[nH]2)cc1', 'CC(=O)N1CCc2cc(Br)ccc21', 'O=C1c2ccc(Br)cc2CN1C1CC1', 'O=C1CCc2ccc(Br)cc2N1', 'O=C1NCc2cc(Br)ccc21']"
6,"[67.2, 66.7]",2.397613335707398,"['CC(C)(C)c1cccc(Br)c1', 'Fc1ccc(Br)cc1']","['Brc1ccc(C2OCCO2)cc1', 'Brc1cccc(Cn2cccn2)c1', 'Brc1ccc(C2CCCN2)cc1', 'N#CCCc1ccc(Br)cc1', 'NCCc1ccc(Br)cc1', 'OC1Cc2ccc(Br)cc2C1', 'Brc1cnc2cc[nH]c2c1', 'Nc1nc2ccc(Br)cc2o1', 'CC(C)(C)Oc1ccc(Br)cc1', 'Brc1ccc([C@@H]2CNCCO2)cc1']"
7,"[0.0, 85.9]",2.376893059281393,"['CC(C)(N)c1ccc(Br)cc1', 'Cc1cc(Br)ccn1']","['COc1cccc(Br)c1', 'Brc1cnc2[nH]ccc2c1', 'CC(O)c1ccc(Br)cc1', 'C#Cc1ccc(Br)cc1', 'CC(C)c1ccc(Br)cc1', 'OCC(O)c1cccc(Br)c1', 'CC1(C)C(=O)Nc2ccc(Br)cc21', 'O=C1COc2cc(Br)ccc2N1', 'NC1(c2ccc(Br)cc2)CC1']"
8,"[75.3, 12.1]",2.31658074843165,"['Brc1cccnc1', 'Oc1cccc(Br)c1']","['Cc1cn[nH]c1-c1ccc(Br)cc1', 'O=C1CCc2ncc(Br)cc2N1', 'CC(C)(CO)c1ccc(Br)cn1', 'CC(=O)Cc1cccc(Br)c1', 'Brc1ccc2nn[nH]c2c1', 'OCc1ccc(Br)cc1', 'CC(=O)c1cccc(Br)c1', 'Cc1cc(Br)cnc1C', 'Cc1cncc(Br)c1']"
9,"[27.0, 60.9]",2.343181983839613,"['N#Cc1cccc(Br)c1', 'Brc1cncnc1']","['COc1cc(Br)cc(OC)c1', 'Oc1ccc(Br)cc1', 'O=C1CN(Cc2cccc(Br)c2)C(=O)N1', 'CC(C)(C#N)c1ccc(Br)cn1', 'Cc1ccc(Br)cn1', 'COc1ccc2cc(Br)ccc2n1', 'Brc1ccc2cnccc2c1', 'Brc1cccc2[nH]ncc12']"
