,obj_values ['yield'],Vendi_score,eval_samples,cut_samples
0,"[0.0, 0.0]",1.7907103855151114,"['Brc1ccc(C2CCCN2)cc1', 'Brc1nncs1']",[]
1,"[0.0, 28.4]",2.1783670097347443,"['CCOc1ccc(F)c(B(O)O)c1Br', 'Brc1ccc(-n2cnnc2)nc1']","['Brc1cccc(Cn2cccn2)c1', 'OC1Cc2ccc(Br)cc2C1', 'O=C1CCc2ccc(Br)cc2N1', 'O=C1CCCc2ccc(Br)cc2N1', 'O=C1CCC(c2cccc(Br)c2)CN1', 'N#CC1(c2ccc(Br)cc2)CC1', 'O=C1CC(c2ccc(Br)cc2)N1', 'Brc1ccc(C2OCCO2)cc1', 'N#CCCc1ccc(Br)cc1', 'NCCc1ccc(Br)cc1', 'O=C1CCCN1c1ccc(Br)cc1F', 'Brc1ccc([C@@H]2CNCCO2)cc1', 'CC(C)(C)Oc1ccc(Br)cc1']"
2,"[3.2, 15.7]",2.087243932955128,"['Brc1cnc2nccn2c1', 'Brc1cnc2nncn2c1']","['O=C1CCC(Oc2ccccc2Br)CC1', 'Brc1cnc2ncoc2c1', 'CC(=O)Nc1ncc(F)cc1Br', 'C=CCc1ccc(Br)c(F)c1', 'Brc1cccc(-c2cc[nH]n2)c1', 'CC(C)(C#N)c1ccc(Br)cn1', 'Brc1cccc(-n2cncn2)c1', 'FCCOc1cncc(Br)c1', 'CC(C)(CO)c1ccc(Br)cn1', 'CC(C)NC(=O)c1ccc(Br)cn1', 'Brc1cccc2[nH]ncc12', 'CNC(=O)c1cccc(Br)c1', 'O=C1NCc2cc(Br)ccc21']"
3,"[50.4, 18.2]",2.0655259053102903,"['Brc1ccc(-c2nnc[nH]2)cc1', 'CN(C)S(=O)(=O)c1ccc(Br)cc1']","['Brc1cnc2cncn2c1', 'Brc1cnc2cc[nH]c2c1', 'Brc1cnc2ncccc2c1', 'Brc1cccc2cncnc12', 'O=c1cc(O)c2ccc(Br)cc2o1', 'Brc1ccc2ncnn2c1', 'Brc1cncc2ccccc12', 'Oc1nccc2cc(Br)cnc12', 'CC(=O)c1cc(Br)cs1', 'Brc1ccc2cnnn2c1', 'Brc1cncc2[nH]ccc12', 'Brc1cnc2[nH]ccc2c1']"
4,"[0.0, 0.0]",2.0152777271499422,"['CCC(=O)c1ccc(Br)cc1O', 'CC(=O)/C=C/c1ccc(Br)cc1']","['Cn1ccc(-c2cccc(Br)c2)n1', 'Cn1cnc2ccc(Br)cc21', 'O=C1c2ccc(Br)cc2CN1C1CC1', 'O=C1CCc2ncc(Br)cc2N1', 'O=C(c1ccc(Br)cc1)N1CCOCC1', 'Brc1cccc(-n2ccnc2)c1', 'Fc1cc(Br)ccc1-c1ccccc1', 'Cn1nnc(-c2ccc(Br)cn2)n1', 'O=C1CC(c2cccc(Br)c2)CC(=O)N1', 'FC(F)(F)c1ccc(Br)c2[nH]ccc12', 'Brc1ccc2c(c1)oc1ccccc12']"
5,"[0.0, 66.6]",2.0752204764040196,"['Nc1cnc(-c2cccc(Br)c2)nc1', 'COc1ccc(Cn2cnc3cc(Br)ccc32)cc1']","['COc1ncc2cc(Br)ccc2n1', 'Brc1ccc(-c2ncco2)cc1', 'COc1ccc2nccc(Br)c2c1', 'Brc1ccc(-c2nc3cnccc3[nH]2)cc1', 'Oc1ccnc2ccc(Br)cc12', 'O=C(c1cccc(Br)c1)c1ccccn1', 'Brc1cnc2cccnc2c1', 'CC(=O)c1cccc(Br)c1', 'CC(=O)CC(=O)c1ccc(Br)cc1', 'Brc1ccc2cncnc2c1']"
6,"[0.0, 0.0]",2.2724091905581316,"['CC(C)(C)OC(=O)NCCc1c[nH]c2ccc(Br)cc12', 'CC(C)(C)OC(=O)N1CCC(Nc2ccc(Br)cc2)CC1']","['CC(=O)Nc1ccc(Br)cc1', 'Brc1ccc2oc3ccccc3c2c1', 'COc1ccc2cc(Br)cnc2n1', 'CC(=O)N1CCc2cc(Br)ccc21', 'O=C1CCCCC1Oc1ccc(Br)cc1', 'Brc1ccc(-c2nc3ccccc3[nH]2)cc1', 'CC(C)Sc1ccc(Br)cc1', 'Nc1nc2cc(Br)ccc2o1', 'CC(=O)c1ccc(Oc2cccc(Br)c2)cc1', 'Brc1cccc(-c2nnc(C3CC3)o2)c1']"
7,"[0.0, 0.0]",2.3201483211141065,"['Brc1ccccc1-c1nnn[nH]1', 'O=C(Nc1ccc(Br)c(F)c1)c1ccccn1']","['O=C1COc2cc(Br)ccc2N1', 'Cc1cn[nH]c1-c1ccc(Br)cc1', 'C[Si](C)(C)C#Cc1cccc(Br)c1', 'Brc1cccc2[nH]c3ccccc3c12', 'Brc1ccc(-c2cccs2)cc1', 'Brc1ccc(-c2nnc(-c3ccccc3)o2)cc1', 'O=C1CCC(Oc2cccc(Br)c2)CC1', 'CC1(C)OB(c2ccc(Br)cc2)OC1(C)C', 'CC(C)(C)OC(=O)Nc1ccc(Br)cn1']"
8,"[0.0, 21.9]",2.4262726391115654,"['CC(C)(C)OC(=O)N1CCN(Cc2ccc(Br)cc2)CC1', 'CC(C)(C)OC(=O)NC1(c2ccc(Br)cc2)CC(=O)C1']","['CC(C)(C)OC(=O)n1cc(CO)c2c(Br)cccc21', 'O=C(NCc1ccccc1)c1ccc(Br)cn1', 'Brc1cccc2cnccc12', 'FC(F)(F)c1cc2ccc(Br)cc2cn1', 'Brc1cnc(Oc2cccnc2)nc1', 'O=S(=O)(Cc1ccc(Br)cc1)N1CCCC1', 'FC(F)(F)c1cc(Br)c2nc[nH]c2c1', 'NS(=O)(=O)Cc1cccc(Br)c1', 'N#Cc1cc2cc(Br)ccc2s1']"
9,"[67.8, 35.4]",2.388611795266565,"['Cn1cnc2cc(Br)ccc21', 'Brc1ccc2[nH]cnc2c1']","['Cc1cc(Br)cc(Nc2nccc(C3CC3)n2)c1', 'FC(F)(F)c1ccnc(Nc2cccc(Br)c2)n1', 'C[C@@H](NC(=O)OC(C)(C)C)c1ccc(Br)cc1', 'CC(C)(C)OC(=O)N1CCOc2ccc(Br)cc2C1', 'CCOP(=O)(Cc1ccc(Br)cn1)OCC', 'O=C1CN(Cc2cccc(Br)c2)C(=O)N1', 'COc1ccc2cc(Br)ccc2n1', 'CS(=O)(=O)c1ccc(Br)cc1']"
