,obj_values ['yield'],Vendi_score,eval_samples,cut_samples
0,"[43.8, 0.0]",1.220721882954269,"['CC(C)(C#N)c1ccc(Br)cn1', 'Brc1ccc(N2CCOCC2)nc1']",[]
1,"[8.9, 3.0]",1.293705627388222,"['Oc1nccc2cc(Br)cnc12', 'Brc1cnc2cccnc2c1']","['Cn1nnc(-c2ccc(Br)cn2)n1', 'Fc1cc(Br)ccc1-c1ccccc1', 'Cc1cn[nH]c1-c1ccc(Br)cc1', 'O=C1CCCc2ccc(Br)cc2N1', 'O=C1COc2cc(Br)ccc2N1', 'O=C1CC(c2ccc(Br)cc2)N1', 'FCCOc1cncc(Br)c1', 'O=C1CCCN1c1ccc(Br)cc1F', 'CC(C)(C)OC(=O)Nc1ccc(Br)cn1', 'Brc1ccc2oc3ccccc3c2c1', 'CC(C)(CO)c1ccc(Br)cn1', 'O=C1CCc2ncc(Br)cc2N1', 'CC1(C)C(=O)Nc2ccc(Br)cc21']"
2,"[47.7, 25.7]",1.398160568691055,"['FC(F)(F)c1cncc(Br)c1', 'OC(c1ccc(Br)cn1)C(F)(F)F']","['CNC(=O)c1cccc(Br)c1', 'COc1ncc2cc(Br)ccc2n1', 'Oc1ccnc2ccc(Br)cc12', 'COc1ccc2cc(Br)cnc2n1', 'Brc1ccc2ncncc2c1', 'Brc1cnc2ncoc2c1', 'Brc1ccc2c(c1)oc1ccccc12', 'Brc1ccc(-c2ncco2)cc1', 'Brc1ccc2cncnc2c1', 'Brc1cnc(Oc2cccnc2)nc1', 'CC(=O)c1cccc(Br)c1', 'Brc1cnc2ncccc2c1', 'Brc1ccc2cnccc2c1']"
3,"[67.6, 75.3]",1.4264988130535747,"['Cc1cncc(Br)c1', 'Brc1cccnc1']","['Brc1cccc(-n2cncn2)c1', 'Brc1cccc(-c2nnc(C3CC3)o2)c1', 'CC(=O)CC(=O)c1ccc(Br)cc1', 'Oc1cnc2cc(Br)ccc2n1', 'CSc1ncc(Br)cn1', 'O=S(=O)(O)c1cncc(Br)c1', 'O=c1cc(O)c2ccc(Br)cc2o1', 'Brc1ccc2nn[nH]c2c1', 'O=C1NCc2cc(Br)ccc21', 'Cc1ccc(Br)cn1', 'Brc1ccc2ncnn2c1', 'N#CC1(c2ccc(Br)cc2)CC1']"
4,"[72.1, 85.9]",1.4868153144145955,"['Cc1ccc(Br)cc1', 'Cc1cc(Br)ccn1']","['O=C1CCc2ccc(Br)cc2N1', 'Brc1cncnc1', 'Brc1cccc2[nH]ncc12', 'Cc1cc(Br)cnc1C', 'Brc1cnc2[nH]ccc2c1', 'N#CCCc1ccc(Br)cc1', 'CC(=O)Cc1cccc(Br)c1', 'C#Cc1ccc(Br)cc1', 'Brc1cccc(-n2ccnc2)c1', 'Oc1ncc(Br)cn1', 'Brc1cnc2[nH]ncc2c1']"
5,"[67.2, 69.7]",1.5088096267117352,"['CC(C)(C)c1cccc(Br)c1', 'CC(C)(CO)c1cc(Br)ccn1']","['OCC(O)c1cccc(Br)c1', 'CC(O)c1ccc(Br)cc1', 'Oc1cccc(Br)c1', 'Brc1ccc(C2OCCO2)cc1', 'NCCc1ccc(Br)cc1', 'OCc1ccc(Br)cc1', 'NC1(c2ccc(Br)cc2)CC1', 'OC1Cc2ccc(Br)cc2C1', 'COc1cccc(Br)c1', 'CC(C)(N)c1ccc(Br)cc1']"
6,"[16.8, 66.7]",1.543713073113931,"['COc1cc(Br)cc(OC)c1', 'Fc1ccc(Br)cc1']","['CC(C)(C)Oc1ccc(Br)cc1', 'CC(C)c1ccc(Br)cc1', 'O=C1CCC(c2cccc(Br)c2)CN1', 'O=C1CN(Cc2cccc(Br)c2)C(=O)N1', 'Cc1n[nH]c2cc(Br)ccc12', 'Brc1ccc(C2CCCN2)cc1', 'Brc1cccc(-c2cc[nH]n2)c1', 'Brc1ccc([C@@H]2CNCCO2)cc1', 'Brc1cccc(Cn2cccn2)c1', 'Cn1cnc2ccc(Br)cc21']"
7,"[0.3, 85.7]",1.7056507124609526,"['Oc1ccnc(Br)c1', 'Cc1ccnc(Br)c1']","['Oc1ncnc2ccc(Br)cc12', 'Nc1nc2ccc(Br)cc2o1', 'Brc1cnc2cc[nH]c2c1', 'O=C1c2ccc(Br)cc2CN1C1CC1', 'FC(F)C(F)(F)Oc1cccc(Br)c1', 'Oc1ccc(Br)cc1', 'CC(=O)Nc1ccc(Br)cc1', 'Nc1cc(Br)ccn1', 'COc1ccc2cc(Br)ccc2n1']"
8,"[18.8, 55.5]",1.7511235749755751,"['Oc1cccc(Br)n1', 'Cc1ccc(Br)nc1']","['O=C(c1ccc(Br)cc1)N1CCOCC1', 'O=C1CC(c2cccc(Br)c2)CC(=O)N1', 'CCC(=O)c1ccc(Br)cc1O', 'Cn1ccc(-c2cccc(Br)c2)n1', 'Oc1ccc(Br)cn1', 'Nc1nc2cc(Br)ccc2o1', 'Brc1cccc2ccoc12', 'Brc1cccc2cnccc12', 'Brc1ccc2[nH]cnc2c1']"
9,"[44.1, 52.4]",1.7895621791847822,"['Nc1cc(Br)ncn1', 'Nc1nccc(Br)n1']","['Cc1cncc(Br)n1', 'Cn1cnc2cc(Br)ccc21', 'CC(=O)N1CCc2cc(Br)ccc21', 'CS(=O)(=O)c1ccc(Br)cc1', 'Brc1ccc(-c2nnc[nH]2)cc1', 'Brc1ccnc2ccccc12', 'NS(=O)(=O)Cc1cccc(Br)c1', 'Brc1ccc(-c2cccs2)cc1']"
