,obj_values ['yield'],Vendi_score,eval_samples,cut_samples
0,"[23.1, 8.1]",1.2293257802834214,"['Fc1cc(Br)ccc1-c1ccccc1', 'O=C1CCC(Oc2ccccc2Br)CC1']",[]
1,"[0.0, 24.2]",1.609579213399199,"['CCOc1ccc(F)c(B(O)O)c1Br', 'Brc1cn2ccnc2cn1']","['Brc1ccc2oc3ccccc3c2c1', 'Cc1cn[nH]c1-c1ccc(Br)cc1', 'O=C1CCc2ccc(Br)cc2N1', 'O=C1CCCc2ccc(Br)cc2N1', 'O=C1COc2cc(Br)ccc2N1', 'Brc1ccc2c(c1)oc1ccccc12', 'CC(C)(CO)c1ccc(Br)cn1', 'O=C1CCc2ncc(Br)cc2N1', 'O=C1CCC(c2cccc(Br)c2)CN1', 'O=C1CC(c2ccc(Br)cc2)N1', 'O=C1CCCN1c1ccc(Br)cc1F', 'FCCOc1cncc(Br)c1', 'Brc1ccc([C@@H]2CNCCO2)cc1']"
2,"[5.9, 0.0]",1.8139854456912101,"['Brc1ccn2nccc2n1', 'COc1cc2ccc(Br)nc2cn1']","['COc1ccc2cc(Br)ccc2n1', 'Brc1cccc2[nH]ncc12', 'OC1CCOc2c(Br)cccc21', 'COc1ccc2nccc(Br)c2c1', 'Oc1ccnc2ccc(Br)cc12', 'Brc1ccc(-c2ncco2)cc1', 'Brc1cccc2[nH]c3ccccc3c12', 'Brc1cccc(-c2nnc(C3CC3)o2)c1', 'Brc1cccc(-n2ccnc2)c1', 'Brc1cccc(-n2cncn2)c1', 'CNC(=O)c1cccc(Br)c1', 'O=C1CCc2cccc(Br)c2N1', 'Brc1cccc2cnccc12']"
3,"[0.3, 21.9]",1.9219829784986022,"['Brc1ccc2cnnn2c1', 'Nc1ncc(Br)cn1']","['CC1(C)C(=O)Nc2ccc(Br)cc21', 'COc1ccc2nc(Br)ccc2n1', 'Brc1cccc(-c2cc[nH]n2)c1', 'Brc1ccc(-c2cccs2)cc1', 'O=C1c2ccc(Br)cc2CN1C1CC1', 'O=C(c1ccc(Br)cc1)N1CCOCC1', 'Brc1cnc2ccccc2n1', 'Brc1ccc2cnccc2c1', 'COc1ncc(Br)nc1OC', 'C#Cc1ccc(Br)cc1', 'COc1ncc2cc(Br)ccc2n1', 'Cn1ccc(-c2cccc(Br)c2)n1']"
4,"[12.1, 36.8]",1.9366854846575998,"['Oc1cccc(Br)c1', 'Oc1ccc(Br)cc1']","['Brc1ccc2ncnn2c1', 'CC(=O)c1cccc(Br)c1', 'Brc1ccc2nn[nH]c2c1', 'Cn1nnc(-c2ccc(Br)cn2)n1', 'Brc1cnc2[nH]ccc2c1', 'Brc1cncc2ccccc12', 'Oc1nccc2cc(Br)cnc12', 'CC(C)(C#N)c1ccc(Br)cn1', 'Brc1cnc2ncoc2c1', 'COc1ccc2cc(Br)cnc2n1', 'Oc1cc2cccc(Br)c2cn1']"
5,"[22.5, 72.1]",1.9099630004318924,"['Oc1ccc(Br)cn1', 'Cc1ccc(Br)cc1']","['COc1cccc(Br)c1', 'NCCc1ccc(Br)cc1', 'OCC(O)c1cccc(Br)c1', 'Brc1cnc2cc[nH]c2c1', 'Nc1nc2ccc(Br)cc2o1', 'CC(=O)Cc1cccc(Br)c1', 'Cn1cnc2ccc(Br)cc21', 'Cc1n[nH]c2cc(Br)ccc12', 'Cc1cc(Br)cnc1C', 'Cc1ccc(Br)cn1']"
6,"[67.2, 53.1]",1.8629970148909254,"['CC(C)(C)c1cccc(Br)c1', 'CC(C)c1ccc(Br)cc1']","['N#CCCc1ccc(Br)cc1', 'NC1(c2ccc(Br)cc2)CC1', 'CC(=O)Nc1ccc(Br)cc1', 'Brc1cccc2ccoc12', 'Cc1cncc(Br)c1', 'OC1Cc2ccc(Br)cc2C1', 'COc1ccccc1Br', 'CC(C)(N)c1ccc(Br)cc1', 'CC(O)c1ccc(Br)cc1', 'OCc1ccc(Br)cc1']"
7,"[35.4, 28.9]",1.886087065184879,"['Brc1ccc2[nH]cnc2c1', 'Oc1ccc(Br)nc1']","['Oc1ncnc2ccc(Br)cc12', 'Nc1nc2cc(Br)ccc2o1', 'Brc1ccc(C2OCCO2)cc1', 'Brc1cccc(Cn2cccn2)c1', 'N#CC1(c2ccc(Br)cc2)CC1', 'Brc1ccc(C2CCCN2)cc1', 'C=CCc1ccc(Br)c(F)c1', 'Fc1ccc(Br)cc1', 'CC(C)(C)Oc1ccc(Br)cc1']"
8,"[16.2, 55.5]",1.934966638521349,"['Oc1ccccc1Br', 'Cc1ccc(Br)nc1']","['Oc1cnc2cc(Br)ccc2n1', 'Brc1cncc2[nH]ccc12', 'COc1cc(Br)cc(OC)c1', 'OCc1ccc(Br)c(F)c1', 'CC(=O)N1CCc2cc(Br)ccc21', 'Brc1cccnc1', 'O=C1NCc2cc(Br)ccc21', 'Cn1cnc2cc(Br)ccc21', 'Brc1cnc2[nH]ncc2c1']"
9,"[85.7, 0.3]",1.9638688943092268,"['Cc1ccnc(Br)c1', 'Oc1ccnc(Br)c1']","['Brc1ccc2ncncc2c1', 'Oc1cccc(Br)n1', 'O=C1CN(Cc2cccc(Br)c2)C(=O)N1', 'Nc1c(F)cncc1Br', 'Fc1ccccc1Br', 'O=C1Nc2ccc(Br)cc2C12OCCO2', 'Nc1cc(Br)ccn1', 'Brc1cccc2[nH]cnc12']"
