,obj_values ['yield'],Vendi_score,eval_samples,cut_samples
0,"[0.3, 0.0]",1.536821164801232,"['CCc1cccn2c(Br)cnc12', 'Brc1ccccc1N1CCNCC1']",[]
1,"[23.7, 8.1]",1.7819671429230417,"['Nc1nc2cc(Br)ccc2o1', 'COc1ccc2cc(Br)cnc2n1']","['Brc1ccc(N2CCOCC2)nc1', 'O=C1CCC(Oc2ccccc2Br)CC1', 'Nc1ncnn2c(Br)ccc12', 'O=C1CCc2cccc(Br)c2N1', 'OC1CCOc2c(Br)cccc21', 'Brc1cccc2ccoc12', 'Oc1ccc2cccnc2c1Br', 'COc1ccc2[nH]cc(Br)c2n1', 'COc1ccccc1Br', 'Brc1cccc2[nH]c3ccccc3c12', 'C=CCc1ccc(Br)c(F)c1', 'FC(F)(F)c1ccc(Br)c2[nH]ccc12', 'Brc1ccc(N2CCNCC2)cc1']"
2,"[39.5, 0.0]",1.6769725031974283,"['OC1Cc2ccc(Br)cc2C1', 'Brc1ccc(C2CCCN2)cc1']","['O=C1COc2cc(Br)ccc2N1', 'Brc1cnc2[nH]ccc2c1', 'Brc1cccc(-c2cc[nH]n2)c1', 'CC(=O)N1CCc2cc(Br)ccc21', 'CC(=O)Nc1ccc(Br)cc1', 'O=C1CCCN1c1ccc(Br)cc1F', 'Brc1cnc2cc[nH]c2c1', 'Nc1nc2ccc(Br)cc2o1', 'Brc1ccc2oc3ccccc3c2c1', 'CC1(C)C(=O)Nc2ccc(Br)cc21', 'Cn1ccc(-c2cccc(Br)c2)n1', 'Brc1cccc2[nH]ncc12', 'Cn1cnc2ccc(Br)cc21']"
3,"[3.0, 41.5]",1.6955895898438265,"['Brc1cnc2cccnc2c1', 'Brc1cccc(Cn2cccn2)c1']","['CC(C)c1ccc(Br)cc1', 'Fc1cc(Br)ccc1-c1ccccc1', 'NC1(c2ccc(Br)cc2)CC1', 'O=C1CC(c2ccc(Br)cc2)N1', 'Brc1ccc(C2OCCO2)cc1', 'N#CCCc1ccc(Br)cc1', 'NCCc1ccc(Br)cc1', 'Brc1ccc([C@@H]2CNCCO2)cc1', 'O=C1CCc2ccc(Br)cc2N1', 'O=C1CCCc2ccc(Br)cc2N1', 'CC(C)(C)c1cccc(Br)c1', 'CC(C)(C)Oc1ccc(Br)cc1']"
4,"[0.0, 43.9]",1.6652058840402473,"['C[Si](C)(C)C#Cc1cccc(Br)c1', 'O=C1CN(Cc2cccc(Br)c2)C(=O)N1']","['OCC(O)c1cccc(Br)c1', 'O=C1CCC(c2cccc(Br)c2)CN1', 'CC(C)(CO)c1ccc(Br)cn1', 'CNC(=O)c1cccc(Br)c1', 'Brc1ccc2c(c1)oc1ccccc12', 'O=C1CCc2ncc(Br)cc2N1', 'Brc1cccc(-n2cncn2)c1', 'Cc1cn[nH]c1-c1ccc(Br)cc1', 'Oc1ccnc2ccc(Br)cc12', 'N#CC1(c2ccc(Br)cc2)CC1', 'FCCOc1cncc(Br)c1']"
5,"[24.4, 0.0]",1.6609166405674893,"['OCc1ccc(Br)cc1', 'FC(F)C(F)(F)Oc1cccc(Br)c1']","['O=C1Nc2ccc(Br)cc2C12OCCO2', 'CC(C)(N)c1ccc(Br)cc1', 'CC(=O)Cc1cccc(Br)c1', 'CC(C)(C)OC(=O)Nc1ccc(Br)cn1', 'Brc1ccc(-c2ncco2)cc1', 'Brc1cccc(-c2nnc(C3CC3)o2)c1', 'CC(O)c1ccc(Br)cc1', 'CC(C)(C#N)c1ccc(Br)cn1', 'Cn1nnc(-c2ccc(Br)cn2)n1', 'COc1ccc2cc(Br)ccc2n1']"
6,"[85.7, 0.3]",1.8496301048330268,"['Cc1ccnc(Br)c1', 'Oc1ccnc(Br)c1']","['CC1(C)OB(c2ccc(Br)cc2)OC1(C)C', 'COc1cccc(Br)c1', 'C#Cc1ccc(Br)cc1', 'Brc1ccc(-c2cccs2)cc1', 'O=C(c1ccc(Br)cc1)N1CCOCC1', 'Brc1ccc2[nH]cnc2c1', 'NS(=O)(=O)Cc1cccc(Br)c1', 'Cc1cc(Br)cnc1C', 'Brc1cccc(-n2ccnc2)c1', 'Cc1ccc(Br)cn1']"
7,"[58.4, 55.5]",1.9524871348541184,"['Brc1ccc2cccnc2n1', 'Cc1ccc(Br)nc1']","['Oc1ncnc2ccc(Br)cc12', 'Brc1ccc2nn[nH]c2c1', 'O=C1NCc2cc(Br)ccc21', 'O=C1c2ccc(Br)cc2CN1C1CC1', 'O=C1CC(c2cccc(Br)c2)CC(=O)N1', 'Cn1cnc2cc(Br)ccc21', 'Cc1ccc(Br)cc1', 'Cc1n[nH]c2cc(Br)ccc12', 'COc1cc(Br)cc(OC)c1']"
8,"[0.3, 18.3]",2.01175554720399,"['Brc1ccc2ccncc2n1', 'Cc1ccc2ccc(Br)nc2n1']","['CC(=O)c1cccc(Br)c1', 'COc1ncc2cc(Br)ccc2n1', 'Brc1ccc2cnccc2c1', 'Oc1cnc2cc(Br)ccc2n1', 'Oc1cccc(Br)c1', 'O=c1cc(O)c2ccc(Br)cc2o1', 'Oc1ccc(Br)cc1', 'CC(C)(CO)c1cc(Br)ccn1', 'Cc1cncc(Br)c1']"
9,"[44.1, 43.5]",2.047889247107846,"['Nc1cc(Br)ncn1', 'Brc1ccc2[nH]ccc2n1']","['Cc1cncc(Br)n1', 'Oc1cccc(Br)n1', 'Brc1ccc2ncncc2c1', 'Brc1ccc2cncnc2c1', 'Nc1cnc(-c2cccc(Br)c2)nc1', 'CCC(=O)c1ccc(Br)cc1O', 'CNC(=O)c1ccnc(Br)c1', 'Brc1cn2ccnc2cn1']"
