,obj_values ['yield'],Vendi_score,eval_samples,cut_samples
0,"[7.1, 0.0]",1.387702757455833,"['N#Cc1cc2cc(Br)ccc2s1', 'Brc1ccc(CN2CCOCC2)cc1']",[]
1,"[9.2, 37.2]",1.4571449929752789,"['Brc1ccc2ncncc2c1', 'Oc1ncnc2ccc(Br)cc12']","['Fc1cc(Br)ccc1-c1ccccc1', 'Cc1cn[nH]c1-c1ccc(Br)cc1', 'O=C1c2ccc(Br)cc2CN1C1CC1', 'O=C1CCCc2ccc(Br)cc2N1', 'Brc1ccc(CN2CCNCC2)cc1', 'Brc1cccc(-c2nnc(C3CC3)o2)c1', 'Brc1cccc(-n2ccnc2)c1', 'O=C(c1ccc(Br)cc1)N1CCOCC1', 'O=C1CCCN1c1ccc(Br)cc1F', 'Brc1ccc2c(c1)oc1ccccc12', 'Brc1ccc(-c2nc3ccccc3[nH]2)cc1', 'CNC(=O)c1cccc(Br)c1', 'CC(C)Sc1ccc(Br)cc1']"
2,"[66.7, 72.1]",1.56743486014264,"['Fc1ccc(Br)cc1', 'Cc1ccc(Br)cc1']","['Oc1cnc2cc(Br)ccc2n1', 'O=C1CCc2ncc(Br)cc2N1', 'CC(=O)c1cccc(Br)c1', 'CC(=O)/C=C/c1ccc(Br)cc1', 'CC(=O)CC(=O)c1ccc(Br)cc1', 'Brc1ccc(-c2ncco2)cc1', 'COc1ncc2cc(Br)ccc2n1', 'Oc1ccnc2ccc(Br)cc12', 'Brc1ccc2oc3ccccc3c2c1', 'Cn1nnc(-c2ccc(Br)cn2)n1', 'Brc1ccc2cnccc2c1', 'COc1ccc2cc(Br)ccc2n1', 'Brc1cccc(-n2cncn2)c1']"
3,"[36.8, 0.0]",1.5343095732885095,"['Oc1ccc(Br)cc1', 'CC(C)(N)c1ccc(Br)cc1']","['OCC(O)c1cccc(Br)c1', 'Cc1cc(Br)cnc1C', 'NCCc1ccc(Br)cc1', 'OCc1ccc(Br)cc1', 'CC(=O)Cc1cccc(Br)c1', 'Brc1ccc2nn[nH]c2c1', 'O=C1COc2cc(Br)ccc2N1', 'O=C1CCc2ccc(Br)cc2N1', 'CC(O)c1ccc(Br)cc1', 'Cc1ccc(Br)cn1', 'C#Cc1ccc(Br)cc1', 'O=C1CC(c2ccc(Br)cc2)N1']"
4,"[67.8, 35.4]",1.5440900294623132,"['Cn1cnc2cc(Br)ccc21', 'Brc1ccc2[nH]cnc2c1']","['Cn1cnc2ccc(Br)cc21', 'COc1cccc(Br)c1', 'Cc1cncc(Br)c1', 'CC(C)c1ccc(Br)cc1', 'CC1(C)C(=O)Nc2ccc(Br)cc21', 'N#CCCc1ccc(Br)cc1', 'Brc1cnc2[nH]ccc2c1', 'CC(C)(CO)c1ccc(Br)cn1', 'NC1(c2ccc(Br)cc2)CC1', 'CC(C)(C)c1cccc(Br)c1', 'OC1Cc2ccc(Br)cc2C1']"
5,"[19.7, 22.5]",1.5355779555924325,"['Brc1cnc2[nH]ncc2c1', 'Oc1ccc(Br)cn1']","['Brc1cccc(-c2cc[nH]n2)c1', 'Brc1ccc([C@@H]2CNCCO2)cc1', 'CC(=O)Nc1ccc(Br)cc1', 'CC(C)(C)Oc1ccc(Br)cc1', 'Brc1cnc2cc[nH]c2c1', 'FCCOc1cncc(Br)c1', 'Brc1ccc(C2OCCO2)cc1', 'N#CC1(c2ccc(Br)cc2)CC1', 'Nc1nc2ccc(Br)cc2o1', 'Brc1ccc(C2CCCN2)cc1']"
6,"[63.4, 28.9]",1.688398173209516,"['Fc1ccc(Br)nc1', 'Oc1ccc(Br)nc1']","['Brc1cccc2cnccc12', 'O=C1CCC(c2cccc(Br)c2)CN1', 'Brc1ccc2ncnn2c1', 'Brc1cccc(Cn2cccn2)c1', 'Brc1cccnc1', 'Cn1ccc(-c2cccc(Br)c2)n1', 'Nc1nc2cc(Br)ccc2o1', 'Oc1cccc(Br)c1', 'Brc1cccc2[nH]ncc12', 'COc1ccc2cc(Br)cnc2n1']"
7,"[55.5, 0.3]",1.7706569793519744,"['Cc1ccc(Br)nc1', 'Oc1ccnc(Br)c1']","['CC(=O)N1CCc2cc(Br)ccc21', 'Cc1n[nH]c2cc(Br)ccc12', 'Brc1cnc2ncoc2c1', 'CC(C)(C#N)c1ccc(Br)cn1', 'Brc1cccc2ccoc12', 'Brc1ccc(-c2cccs2)cc1', 'O=C1CN(Cc2cccc(Br)c2)C(=O)N1', 'O=C1NCc2cc(Br)ccc21', 'O=C1Nc2ccc(Br)cc2C12OCCO2']"
8,"[11.3, 43.5]",1.8193719831027235,"['Cc1cncc(Br)n1', 'Brc1ccc2[nH]ccc2n1']","['Brc1cncc2ccccc12', 'COc1cc(Br)cc(OC)c1', 'Brc1cccc(-c2nnn[nH]2)c1', 'Brc1cncc2[nH]ccc12', 'FC(F)C(F)(F)Oc1cccc(Br)c1', 'Oc1cccc(Br)n1', 'Brc1ccc2cncnc2c1', 'Brc1cnc2cccnc2c1', 'CSc1ncc(Br)cn1']"
9,"[0.0, 0.0]",2.137338836211855,"['OCc1coc(Br)n1', 'CN1CCOc2cc(Br)ccc21']","['FC(F)(F)c1cncc(Br)c1', 'Brc1cnc2ncccc2c1', 'Cc1ccnc(Br)c1', 'COc1ncc(Br)nc1OC', 'COc1cccnc1Br', 'Brc1cn2ccnc2cn1', 'O=c1cc(O)c2ccc(Br)cc2o1', 'NS(=O)(=O)Cc1cccc(Br)c1']"
