,obj_values ['yield'],Vendi_score,eval_samples,cut_samples
0,"[5.9, 47.7]",1.4377997381060315,"['Brc1ccn2nccc2n1', 'O=S(=O)(CCO)c1ccc(Br)cc1']",[]
1,"[11.0, 25.7]",1.6311024990203917,"['O=C(NCc1ccccc1)c1ccc(Br)cn1', 'OC(c1ccc(Br)cn1)C(F)(F)F']","['O=c1cc(O)c2ccc(Br)cc2o1', 'Cc1cncc(Br)n1', 'CS(=O)(=O)c1ccc(Br)cc1', 'CNC(=O)c1ccnc(Br)c1', 'CCC(=O)c1ccc(Br)cc1O', 'Brc1ccc2cncnc2c1', 'Brc1ccc2ncccc2n1', 'FC(F)(F)c1cc2ccc(Br)cc2cn1', 'Brc1cn2ccnc2cn1', 'Brc1cnc2ccccc2n1', 'N#Cc1cc2cc(Br)ccc2s1', 'Brc1cccc(-n2cncn2)c1', 'Brc1ccc2ccncc2n1']"
2,"[27.0, 0.0]",1.6766655412040412,"['N#Cc1cccc(Br)c1', 'O=S(=O)(O)c1cncc(Br)c1']","['O=C1CC(c2cccc(Br)c2)CC(=O)N1', 'Fc1cc(Br)ccc1-c1ccccc1', 'O=C1CN(Cc2cccc(Br)c2)C(=O)N1', 'NS(=O)(=O)Cc1cccc(Br)c1', 'Brc1cccc(-c2nnc(C3CC3)o2)c1', 'Oc1ccnc2ccc(Br)cc12', 'CC(C)(C#N)c1ccc(Br)cn1', 'O=C(c1ccc(Br)cc1)N1CCOCC1', 'N#CC1(c2ccc(Br)cc2)CC1', 'CC(=O)CC(=O)c1ccc(Br)cc1', 'C[Si](C)(C)C#Cc1cccc(Br)c1', 'Brc1ccc2c(c1)oc1ccccc12', 'Cn1nnc(-c2ccc(Br)cn2)n1']"
3,"[29.7, 58.7]",1.7102419695252824,"['O=S(=O)(Cc1ccc(Br)cc1)N1CCCC1', 'O=C1CCC(c2cccc(Br)c2)CN1']","['O=C1CC(c2ccc(Br)cc2)N1', 'O=C(c1cccc(Br)c1)C(F)(F)F', 'Brc1cccc(-c2nnn[nH]2)c1', 'Oc1cnc2cc(Br)ccc2n1', 'Brc1cnc2ncccc2c1', 'Brc1ccn2nnnc2c1', 'COc1ccc2cc(Br)cnc2n1', 'FC(F)(F)c1nc2ccc(Br)cn2n1', 'FC(F)(F)c1cncc(Br)c1', 'Brc1cnc2cccnc2c1', 'Brc1ccc2nn[nH]c2c1', 'Brc1cnc2ncoc2c1']"
4,"[67.2, 66.6]",1.8041710761079228,"['CC(C)(C)c1cccc(Br)c1', 'COc1ccc(Cn2cnc3cc(Br)ccc32)cc1']","['O=C1CCCN1c1ccc(Br)cc1F', 'FC(F)C(F)(F)Oc1cccc(Br)c1', 'N#CCCc1ccc(Br)cc1', 'Brc1ccc(C2OCCO2)cc1', 'CC1(C)OB(c2ccc(Br)cc2)OC1(C)C', 'CC(C)(CO)c1ccc(Br)cn1', 'Brc1cccc(Cn2cccn2)c1', 'CCOP(=O)(Cc1ccc(Br)cn1)OCC', 'O=C1c2ccc(Br)cc2CN1C1CC1', 'CNC(=O)c1cccc(Br)c1', 'O=C1CCCc2ccc(Br)cc2N1']"
5,"[35.4, 7.6]",1.7950439514191294,"['Brc1ccc2[nH]cnc2c1', 'Cn1cnc2ccc(Br)cc21']","['CC(=O)c1ccc(Oc2cccc(Br)c2)cc1', 'FCCOc1cncc(Br)c1', 'Cn1ccc(-c2cccc(Br)c2)n1', 'Brc1ccc2oc3ccccc3c2c1', 'Brc1ccc([C@@H]2CNCCO2)cc1', 'OC1Cc2ccc(Br)cc2C1', 'OCC(O)c1cccc(Br)c1', 'Brc1cccc(-c2cc[nH]n2)c1', 'CC(C)(C)Oc1ccc(Br)cc1', 'O=C1CCc2ncc(Br)cc2N1']"
6,"[27.8, 28.5]",1.8269591399715956,"['C[C@@H](NC(=O)OC(C)(C)C)c1ccc(Br)cc1', 'CC(C)(C)OC(=O)N1CCCCC1c1ccc(Br)cc1']","['CC(=O)N1CCc2cc(Br)ccc21', 'Nc1nc2cc(Br)ccc2o1', 'CC(=O)Nc1ccc(Br)cc1', 'Brc1ccc(C2CCCN2)cc1', 'O=C1CCc2ccc(Br)cc2N1', 'NCCc1ccc(Br)cc1', 'Brc1ccc(-c2ncco2)cc1', 'CC(C)(C)OC(=O)Nc1ccc(Br)cn1', 'Cn1cnc2cc(Br)ccc21', 'CC(C)c1ccc(Br)cc1']"
7,"[21.9, 0.3]",1.9366303577934059,"['CC(C)(C)OC(=O)NC1(c2ccc(Br)cc2)CC(=O)C1', 'Brc1ncnc2ccccc12']","['CC1(C)C(=O)Nc2ccc(Br)cc21', 'Cc1cn[nH]c1-c1ccc(Br)cc1', 'O=C1CCC(Oc2cccc(Br)c2)CC1', 'COc1ccc2cc(Br)ccc2n1', 'O=C1COc2cc(Br)ccc2N1', 'Brc1ccc(-c2nc3cnccc3[nH]2)cc1', 'CC(C)(C)OC(=O)N1CCOc2ccc(Br)cc2C1', 'Brc1cccc(-n2ccnc2)c1', 'NC1(c2ccc(Br)cc2)CC1']"
8,"[24.4, 72.1]",1.9499511067099613,"['OCc1ccc(Br)cc1', 'Cc1ccc(Br)cc1']","['CC(C)(N)c1ccc(Br)cc1', 'CC(=O)Cc1cccc(Br)c1', 'O=C1NCc2cc(Br)ccc21', 'CC(O)c1ccc(Br)cc1', 'CC(C)NC(=O)c1ccc(Br)cn1', 'Nc1nc2ccc(Br)cc2o1', 'O=C1Nc2ccc(Br)cc2C12OCCO2', 'O=C1CCCCC1Oc1ccc(Br)cc1', 'Nc1cnc(-c2cccc(Br)c2)nc1']"
9,"[66.7, 36.8]",1.9625239351131787,"['Fc1ccc(Br)cc1', 'Oc1ccc(Br)cc1']","['Cc1cc(Br)cnc1C', 'CC(=O)c1cccc(Br)c1', 'Brc1cnc2[nH]ccc2c1', 'COc1cccc(Br)c1', 'CC(C)(CO)c1cc(Br)ccn1', 'C#Cc1ccc(Br)cc1', 'Brc1cccc2[nH]ncc12', 'Cc1ccc(Br)cn1']"
