,obj_values ['yield'],Vendi_score,eval_samples,cut_samples
0,"[0.0, 0.0]",1.0943792597160003,"['O=c1cc(O)c2ccc(Br)cc2o1', 'CC(=O)/C=C/c1ccc(Br)cc1']",[]
1,"[28.4, 16.3]",1.3788620562609515,"['Brc1ccc(-n2cnnc2)nc1', 'OC1CCOc2c(Br)cccc21']","['CCC(=O)c1ccc(Br)cc1O', 'Cn1nnc(-c2ccc(Br)cn2)n1', 'Brc1ccc2c(c1)oc1ccccc12', 'COc1ncc2cc(Br)ccc2n1', 'Brc1ccc2cnccc2c1', 'O=C1c2ccc(Br)cc2CN1C1CC1', 'Brc1cnc2ncccc2c1', 'Brc1ccc2cncnc2c1', 'CC(=O)CC(=O)c1ccc(Br)cc1', 'Oc1nccc2cc(Br)cnc12', 'Brc1ccc(-c2nc3cnccc3[nH]2)cc1', 'Brc1ccc(-c2nnc[nH]2)cc1', 'O=C(c1cccc(Br)c1)c1ccccn1']"
2,"[15.7, 3.2]",1.4490916261446478,"['Brc1cnc2nncn2c1', 'Brc1cnc2nccn2c1']","['CC(=O)c1cccc(Br)c1', 'Brc1cnc2cccnc2c1', 'Brc1cnc2ncoc2c1', 'Brc1cccc(-n2ccnc2)c1', 'CC(C)(C#N)c1ccc(Br)cn1', 'Fc1cc(Br)ccc1-c1ccccc1', 'FCCOc1cncc(Br)c1', 'Brc1ccc(-c2ncco2)cc1', 'CC(C)NC(=O)c1ccc(Br)cn1', 'Brc1cccc2[nH]ncc12', 'CNC(=O)c1cccc(Br)c1', 'O=C1CCc2ncc(Br)cc2N1', 'O=C1NCc2cc(Br)ccc21']"
3,"[0.0, 0.9]",1.596018233335259,"['Fc1ncc(Br)c(F)n1', 'C=CCc1ccc(Br)c(F)c1']","['Brc1ccc2cnnn2c1', 'Brc1cnc(Oc2cccnc2)nc1', 'Brc1cccc2cncnc12', 'Brc1cnc2cncn2c1', 'Oc1ccnc2ccc(Br)cc12', 'O=C1CCCN1c1ccc(Br)cc1F', 'Brc1cccc2ncncc12', 'CC(=O)c1cc(Br)cs1', 'Brc1cncc2ccccc12', 'Brc1ccc2ncncc2c1', 'COc1ccc2cc(Br)cnc2n1', 'Brc1ccc2ncnn2c1']"
4,"[18.2, 4.8]",1.6664741083119303,"['CN(C)S(=O)(=O)c1ccc(Br)cc1', 'FC(F)(F)c1ccc(Br)c2[nH]ccc12']","['Brc1cccc2ccoc12', 'Brc1cnc2cc[nH]c2c1', 'Brc1cnc2[nH]ccc2c1', 'CC(C)(CO)c1ccc(Br)cn1', 'Brc1cncc2[nH]ccc12', 'CSc1ncc(Br)cn1', 'Fc1ccccc1Br', 'Brc1cccc2nccnc12', 'Oc1ncc(Br)cn1', 'Brc1cccc(-n2cncn2)c1', 'OCc1ccc(Br)c(F)c1']"
5,"[0.0, 0.0]",1.786945011526703,"['Brc1ccc(CN2CCOCC2)cc1', 'Brc1ccc(CN2CCNCC2)cc1']","['O=C1COc2cc(Br)ccc2N1', 'O=C1CCCc2ccc(Br)cc2N1', 'O=C(c1cccc(Br)c1)C(F)(F)F', 'O=C1CCc2cccc(Br)c2N1', 'O=C(c1ccc(Br)cc1)N1CCOCC1', 'Brc1cccc2cnccc12', 'COc1ccc2nccc(Br)c2c1', 'Cc1cc(Br)cnc1C', 'O=C1CCc2ccc(Br)cc2N1', 'Cc1ccc(Br)cn1']"
6,"[15.4, 17.2]",1.81891884258416,"['FC(F)(F)c1nc2ccc(Br)cn2n1', 'FC(F)(F)c1ncc(Br)cn1']","['Brc1cccc(-c2nnc(C3CC3)o2)c1', 'O=C1CC(c2cccc(Br)c2)CC(=O)N1', 'Cn1ccc(-c2cccc(Br)c2)n1', 'Brc1ccc(-c2nc3ccccc3[nH]2)cc1', 'O=C1CC(c2ccc(Br)cc2)N1', 'Brc1ccc2oc3ccccc3c2c1', 'CC(C)Sc1ccc(Br)cc1', 'Brc1ccc(-c2cccs2)cc1', 'Cc1cn[nH]c1-c1ccc(Br)cc1', 'Cn1cnc2ccc(Br)cc21']"
7,"[25.7, 47.7]",1.831231945842962,"['OC(c1ccc(Br)cn1)C(F)(F)F', 'O=S(=O)(CCO)c1ccc(Br)cc1']","['Brc1ccc2nn[nH]c2c1', 'CS(=O)(=O)c1ccc(Br)cc1', 'FC(F)(F)c1cc2ccc(Br)cc2cn1', 'N#CC1(c2ccc(Br)cc2)CC1', 'FC(F)(F)c1cc(Br)c2nc[nH]c2c1', 'FC(F)(F)c1cncc(Br)c1', 'O=S(=O)(O)c1cncc(Br)c1', 'N#Cc1cc2cc(Br)ccc2s1', 'O=C1CCC(c2cccc(Br)c2)CN1']"
8,"[27.0, 85.9]",1.910194714885994,"['N#Cc1cccc(Br)c1', 'Cc1cc(Br)ccn1']","['CC(=O)c1ccc(Oc2cccc(Br)c2)cc1', 'O=C1CN(Cc2cccc(Br)c2)C(=O)N1', 'NS(=O)(=O)Cc1cccc(Br)c1', 'Brc1cccc(Cn2cccn2)c1', 'Brc1cccc(-c2nnn[nH]2)c1', 'Brc1cccc(-c2cc[nH]n2)c1', 'Brc1ccc(C2OCCO2)cc1', 'N#CCCc1ccc(Br)cc1', 'Brc1ccn2nnnc2c1']"
9,"[44.1, 12.1]",2.032699495393885,"['Nc1cc(Br)ncn1', 'Oc1cccc(Br)c1']","['Brc1ccc([C@@H]2CNCCO2)cc1', 'Cc1cncc(Br)c1', 'CC(=O)Cc1cccc(Br)c1', 'CC(C)(CO)c1cc(Br)ccn1', 'Brc1cccnc1', 'C#Cc1ccc(Br)cc1', 'OCC(O)c1cccc(Br)c1', 'Oc1cnc2cc(Br)ccc2n1']"
