,obj_values ['yield'],Vendi_score,eval_samples,cut_samples
0,"[20.4, 66.6]",1.2354000152247488,"['Brc1ccc(-c2nc3ccccc3[nH]2)cc1', 'COc1ccc(Cn2cnc3cc(Br)ccc32)cc1']",[]
1,"[28.5, 27.8]",1.2982594702287868,"['CC(C)(C)OC(=O)N1CCCCC1c1ccc(Br)cc1', 'C[C@@H](NC(=O)OC(C)(C)C)c1ccc(Br)cc1']","['O=C1CCCN1c1ccc(Br)cc1F', 'Nc1cnc(-c2cccc(Br)c2)nc1', 'Brc1ccc(-c2nc3cnccc3[nH]2)cc1', 'Brc1ccc2c(c1)oc1ccccc12', 'CC(C)(C)OC(=O)N1CCOc2ccc(Br)cc2C1', 'CC(=O)c1ccc(Oc2cccc(Br)c2)cc1', 'Brc1ccc(-c2nnc(-c3ccccc3)o2)cc1', 'Cn1ccc(-c2cccc(Br)c2)n1', 'O=C1CCCCC1Oc1ccc(Br)cc1', 'Brc1cccc(-c2nnc(C3CC3)o2)c1', 'CC(=O)N1CCc2cc(Br)ccc21', 'Cc1cc(Br)cc(Nc2nccc(C3CC3)n2)c1', 'CC1(C)OB(c2ccc(Br)cc2)OC1(C)C']"
2,"[35.4, 67.8]",1.4808355244290283,"['Brc1ccc2[nH]cnc2c1', 'Cn1cnc2cc(Br)ccc21']","['O=C1CCC(c2cccc(Br)c2)CN1', 'O=C1CCC(Oc2cccc(Br)c2)CC1', 'CC(C)(C)OC(=O)NC1(c2ccc(Br)cc2)CC(=O)C1', 'CC(C)(C)OC(=O)Nc1ccc(Br)cn1', 'CC(C)(C)OC(=O)n1cc(CO)c2c(Br)cccc21', 'CCOP(=O)(Cc1ccc(Br)cn1)OCC', 'O=C1CC(c2cccc(Br)c2)CC(=O)N1', 'O=C1CCCc2ccc(Br)cc2N1', 'C[Si](C)(C)C#Cc1cccc(Br)c1', 'Brc1ccc([C@@H]2CNCCO2)cc1', 'O=S(=O)(Cc1ccc(Br)cc1)N1CCCC1', 'O=C(c1ccc(Br)cc1)N1CCOCC1', 'Fc1cc(Br)ccc1-c1ccccc1']"
3,"[57.1, 0.0]",1.544557238824847,"['Brc1cnc2[nH]ccc2c1', 'CN1CCOc2cc(Br)ccc21']","['N#CCCc1ccc(Br)cc1', 'Brc1cccc(Cn2cccn2)c1', 'Nc1nc2ccc(Br)cc2o1', 'Brc1cccc(-c2cc[nH]n2)c1', 'CC(=O)Nc1ccc(Br)cc1', 'CC(C)(C)Oc1ccc(Br)cc1', 'Nc1nc2cc(Br)ccc2o1', 'Brc1ccc(C2CCCN2)cc1', 'O=C1CC(c2ccc(Br)cc2)N1', 'Brc1ccc(C2OCCO2)cc1', 'OC1Cc2ccc(Br)cc2C1', 'Cn1cnc2ccc(Br)cc21']"
4,"[19.7, 0.0]",1.6474287017186926,"['Brc1cnc2[nH]ncc2c1', 'Brc1ccc2nn[nH]c2c1']","['Brc1ccc(N2CCOCC2)nc1', 'CC(C)c1ccc(Br)cc1', 'Brc1ccc(N2CCNCC2)cc1', 'NCCc1ccc(Br)cc1', 'N#CC1(c2ccc(Br)cc2)CC1', 'CC(C)(CO)c1ccc(Br)cn1', 'Brc1ccc2oc3ccccc3c2c1', 'O=C1CCc2ccc(Br)cc2N1', 'FCCOc1cncc(Br)c1', 'CC1(C)C(=O)Nc2ccc(Br)cc21', 'Brc1cnc2cc[nH]c2c1']"
5,"[17.7, 67.2]",1.7232463795809179,"['Nc1ncncc1Br', 'CC(C)(C)c1cccc(Br)c1']","['Brc1cccc2[nH]ncc12', 'COc1ccc2cc(Br)ccc2n1', 'O=C1COc2cc(Br)ccc2N1', 'OCC(O)c1cccc(Br)c1', 'COc1ccc2cc(Br)cnc2n1', 'Brc1ccc(-c2ncco2)cc1', 'Oc1ccnc2ccc(Br)cc12', 'Brc1cccc(-n2cncn2)c1', 'O=C1CN(Cc2cccc(Br)c2)C(=O)N1', 'Cc1cn[nH]c1-c1ccc(Br)cc1']"
6,"[0.0, 43.5]",1.8698191652899883,"['Brc1cccc(N2CCCC2)c1', 'Brc1ccc2[nH]ccc2n1']","['NC1(c2ccc(Br)cc2)CC1', 'Brc1cncc2[nH]ccc12', 'C#Cc1ccc(Br)cc1', 'Oc1ccc(Br)cc1', 'CC(O)c1ccc(Br)cc1', 'Cc1ccc(Br)cn1', 'O=C1CCc2ncc(Br)cc2N1', 'Cc1cc(Br)cnc1C', 'CC(C)(N)c1ccc(Br)cc1', 'CNC(=O)c1cccc(Br)c1']"
7,"[28.9, 12.1]",1.920013386221493,"['Oc1ccc(Br)nc1', 'Oc1cccc(Br)c1']","['Cc1ccc(Br)cc1', 'O=C1c2ccc(Br)cc2CN1C1CC1', 'O=C1CCc2cccc(Br)c2N1', 'Brc1ccc(-c2cccs2)cc1', 'COc1cccc(Br)c1', 'COc1cc(Br)cc(OC)c1', 'Cc1cncc(Br)c1', 'CC(=O)Cc1cccc(Br)c1', 'Brc1cccc(-n2ccnc2)c1']"
8,"[66.7, 0.0]",1.9471868390273144,"['Fc1ccc(Br)cc1', 'O=C(c1cccc(Br)c1)c1ccccn1']","['OC1CCOc2c(Br)cccc21', 'Cn1nnc(-c2ccc(Br)cn2)n1', 'CC(C)(C#N)c1ccc(Br)cn1', 'Cc1n[nH]c2cc(Br)ccc12', 'OCc1ccc(Br)cc1', 'O=C1Nc2ccc(Br)cc2C12OCCO2', 'COc1ccccc1Br', 'O=C1NCc2cc(Br)ccc21', 'NS(=O)(=O)Cc1cccc(Br)c1']"
9,"[22.5, 63.4]",1.993972657583671,"['Oc1ccc(Br)cn1', 'Fc1ccc(Br)nc1']","['Brc1ccc(-c2nnc[nH]2)cc1', 'Oc1cnc2cc(Br)ccc2n1', 'CC(=O)c1cccc(Br)c1', 'COc1ncc2cc(Br)ccc2n1', 'Brc1cnc2ncoc2c1', 'Brc1cccc2cnccc12', 'Oc1ncnc2ccc(Br)cc12', 'CC(C)Sc1ccc(Br)cc1']"
