,obj_values ['yield'],Vendi_score,eval_samples,cut_samples
0,"[0.0, 34.9]",1.0602263236696061,"['Nc1cnc(-c2cccc(Br)c2)nc1', 'Cn1ccc(-c2cccc(Br)c2)n1']",[]
1,"[67.2, 39.5]",1.1640587589503553,"['CC(C)(C)c1cccc(Br)c1', 'OC1Cc2ccc(Br)cc2C1']","['Cn1cnc2ccc(Br)cc21', 'Brc1ccc2c(c1)oc1ccccc12', 'O=C1CCc2ccc(Br)cc2N1', 'O=C1CCCc2ccc(Br)cc2N1', 'Brc1ccc(C2CCCN2)cc1', 'CC(=O)N1CCc2cc(Br)ccc21', 'CC(=O)Nc1ccc(Br)cc1', 'O=C1CCCCC1Oc1ccc(Br)cc1', 'Brc1ccc([C@@H]2CNCCO2)cc1', 'Brc1ccc(-c2nnc[nH]2)cc1', 'O=C1CCCN1c1ccc(Br)cc1F', 'Nc1nc2cc(Br)ccc2o1', 'Brc1cccc(-c2cc[nH]n2)c1']"
2,"[72.1, 49.8]",1.225081144195417,"['Cc1ccc(Br)cc1', 'COc1cccc(Br)c1']","['OCC(O)c1cccc(Br)c1', 'Brc1ccc2oc3ccccc3c2c1', 'CC(C)c1ccc(Br)cc1', 'CC1(C)C(=O)Nc2ccc(Br)cc21', 'Nc1nc2ccc(Br)cc2o1', 'O=C1CCC(c2cccc(Br)c2)CN1', 'CC(C)(C)Oc1ccc(Br)cc1', 'NCCc1ccc(Br)cc1', 'N#CCCc1ccc(Br)cc1', 'Brc1ccc(C2OCCO2)cc1', 'O=C1CC(c2ccc(Br)cc2)N1', 'NC1(c2ccc(Br)cc2)CC1', 'Brc1cccc(Cn2cccn2)c1']"
3,"[36.8, 66.7]",1.2917164865682216,"['Oc1ccc(Br)cc1', 'Fc1ccc(Br)cc1']","['FCCOc1cncc(Br)c1', 'CC(=O)Cc1cccc(Br)c1', 'COc1cc(Br)cc(OC)c1', 'CC(O)c1ccc(Br)cc1', 'CC(C)(CO)c1ccc(Br)cn1', 'O=C1COc2cc(Br)ccc2N1', 'Fc1cc(Br)ccc1-c1ccccc1', 'Cn1cnc2cc(Br)ccc21', 'OCc1ccc(Br)cc1', 'CC(C)(N)c1ccc(Br)cc1', 'Brc1ccc2[nH]cnc2c1', 'Cc1cc(Br)cnc1C']"
4,"[27.0, 85.9]",1.4552675870725533,"['N#Cc1cccc(Br)c1', 'Cc1cc(Br)ccn1']","['C#Cc1ccc(Br)cc1', 'Cc1cncc(Br)c1', 'CNC(=O)c1cccc(Br)c1', 'Cc1ccc(Br)cn1', 'Brc1cnc2[nH]ccc2c1', 'Brc1ccc(-c2ncco2)cc1', 'Brc1cccc2[nH]ncc12', 'N#CC1(c2ccc(Br)cc2)CC1', 'Brc1cccc(-n2cncn2)c1', 'Oc1cccc(Br)c1', 'Brc1cnc2cc[nH]c2c1']"
5,"[0.3, 69.7]",1.486534134133369,"['Nc1cc(Br)ccn1', 'CC(C)(CO)c1cc(Br)ccn1']","['CC(C)(C#N)c1ccc(Br)cn1', 'Cc1n[nH]c2cc(Br)ccc12', 'O=C1NCc2cc(Br)ccc21', 'Brc1ccc2nn[nH]c2c1', 'Cc1cn[nH]c1-c1ccc(Br)cc1', 'Oc1ccnc2ccc(Br)cc12', 'Brc1cccnc1', 'CC(=O)c1cccc(Br)c1', 'O=C1CCc2ncc(Br)cc2N1', 'Brc1cccc(-n2ccnc2)c1']"
6,"[59.0, 0.0]",1.5244689223288843,"['NS(=O)(=O)Cc1cccc(Br)c1', 'FC(F)C(F)(F)Oc1cccc(Br)c1']","['Brc1cccc(-c2nnc(C3CC3)o2)c1', 'Oc1ccc(Br)cn1', 'O=C1c2ccc(Br)cc2CN1C1CC1', 'Brc1ccc2cnccc2c1', 'Cn1nnc(-c2ccc(Br)cn2)n1', 'O=C(c1ccc(Br)cc1)N1CCOCC1', 'O=C1CC(c2cccc(Br)c2)CC(=O)N1', 'O=C1CN(Cc2cccc(Br)c2)C(=O)N1', 'COc1ccc2cc(Br)ccc2n1', 'Brc1cnc2ncoc2c1']"
7,"[47.7, 0.0]",1.607556194954045,"['FC(F)(F)c1cncc(Br)c1', 'Brc1ccc(CN2CCOCC2)cc1']","['CC1(C)OB(c2ccc(Br)cc2)OC1(C)C', 'Oc1ncnc2ccc(Br)cc12', 'Brc1ccc(-c2cccs2)cc1', 'COc1ccc2cc(Br)cnc2n1', 'O=C1Nc2ccc(Br)cc2C12OCCO2', 'CC(C)Sc1ccc(Br)cc1', 'C[Si](C)(C)C#Cc1cccc(Br)c1', 'CS(=O)(=O)c1ccc(Br)cc1', 'O=c1cc(O)c2ccc(Br)cc2o1']"
8,"[60.9, 85.7]",1.7139940171780743,"['Brc1cncnc1', 'Cc1ccnc(Br)c1']","['OC1CCOc2c(Br)cccc21', 'Brc1ccc2ncncc2c1', 'Brc1cnc2cccnc2c1', 'Brc1ccc2cncnc2c1', 'Brc1cnc2[nH]ncc2c1', 'Oc1cnc2cc(Br)ccc2n1', 'Brc1ccc2ncnn2c1', 'COc1ncc2cc(Br)ccc2n1', 'O=C1CCC(Oc2cccc(Br)c2)CC1']"
9,"[15.5, 0.3]",1.8896698539186167,"['Cn1cc(Br)nn1', 'Oc1ccnc(Br)c1']","['Brc1cnc2ncccc2c1', 'CC(=O)CC(=O)c1ccc(Br)cc1', 'CC(C)(C)OC(=O)Nc1ccc(Br)cn1', 'Brc1cncc2[nH]ccc12', 'Brc1cccc2cnccc12', 'Brc1cccc2ccoc12', 'CCC(=O)c1ccc(Br)cc1O', 'CC(C)NC(=O)c1ccc(Br)cn1']"
