,obj_values ['yield'],Vendi_score,eval_samples,cut_samples
0,"[5.9, 0.6]",1.6148677228333228,"['Brc1ccn2nccc2n1', 'Brc1cc2ncncc2s1']",[]
1,"[69.7, 31.2]",1.7778400033804953,"['CC(C)(CO)c1cc(Br)ccn1', 'CC(=O)Cc1cccc(Br)c1']","['Brc1cn2ccnc2cn1', 'Brc1cnc2ccccc2n1', 'Brc1ccnc2cccnc12', 'Brc1ccc2ccncc2n1', 'Nc1cc(Br)ncn1', 'Brc1ccc2cncnc2c1', 'Brc1cccc2nccnc12', 'Oc1cccc(Br)n1', 'Brc1ncnc2ccccc12', 'CNC(=O)c1ccnc(Br)c1', 'Nc1nccc(Br)n1', 'Brc1ccc2ncccc2n1', 'Cc1cncc(Br)n1']"
2,"[43.9, 3.6]",1.7764764166219655,"['O=C1CN(Cc2cccc(Br)c2)C(=O)N1', 'CC(C)Sc1ccc(Br)cc1']","['O=C1NCc2cc(Br)ccc21', 'Cn1nnc(-c2ccc(Br)cn2)n1', 'CC(C)(C#N)c1ccc(Br)cn1', 'O=C1CCc2ccc(Br)cc2N1', 'C#Cc1ccc(Br)cc1', 'O=C1CCCc2ccc(Br)cc2N1', 'O=C1COc2cc(Br)ccc2N1', 'Brc1cccc(-n2ccnc2)c1', 'O=C1CCc2ncc(Br)cc2N1', 'CNC(=O)c1cccc(Br)c1', 'Fc1cc(Br)ccc1-c1ccccc1', 'CC(=O)c1cccc(Br)c1', 'Brc1ccc2cnccc2c1']"
3,"[67.2, 0.0]",1.7221947654570595,"['CC(C)(C)c1cccc(Br)c1', 'CC(C)(N)c1ccc(Br)cc1']","['OCC(O)c1cccc(Br)c1', 'O=C(c1ccc(Br)cc1)N1CCOCC1', 'Brc1cccc(-n2cncn2)c1', 'Oc1ccnc2ccc(Br)cc12', 'O=C1CCCN1c1ccc(Br)cc1F', 'Brc1ccc2c(c1)oc1ccccc12', 'O=C1c2ccc(Br)cc2CN1C1CC1', 'FC(F)C(F)(F)Oc1cccc(Br)c1', 'CC(C)(CO)c1ccc(Br)cn1', 'Cc1cn[nH]c1-c1ccc(Br)cc1', 'O=C1CC(c2cccc(Br)c2)CC(=O)N1', 'O=C1CC(c2ccc(Br)cc2)N1']"
4,"[21.9, 33.6]",1.815476707296118,"['CC(C)(C)OC(=O)NC1(c2ccc(Br)cc2)CC(=O)C1', 'N#CCCc1ccc(Br)cc1']","['NCCc1ccc(Br)cc1', 'CC(C)c1ccc(Br)cc1', 'CC(O)c1ccc(Br)cc1', 'CC1(C)C(=O)Nc2ccc(Br)cc21', 'O=C1CCC(c2cccc(Br)c2)CN1', 'Brc1cccc(Cn2cccn2)c1', 'Brc1ccc(C2CCCN2)cc1', 'Brc1ccc(C2OCCO2)cc1', 'Brc1ccc([C@@H]2CNCCO2)cc1', 'OC1Cc2ccc(Br)cc2C1', 'NC1(c2ccc(Br)cc2)CC1']"
5,"[41.9, 85.9]",1.836453843001934,"['CS(=O)(=O)c1ccc(Br)cc1', 'Cc1cc(Br)ccn1']","['FCCOc1cncc(Br)c1', 'COc1cccc(Br)c1', 'CC(C)(C)Oc1ccc(Br)cc1', 'C[Si](C)(C)C#Cc1cccc(Br)c1', 'Brc1cccc(-c2cc[nH]n2)c1', 'N#CC1(c2ccc(Br)cc2)CC1', 'CC1(C)OB(c2ccc(Br)cc2)OC1(C)C', 'OCc1ccc(Br)cc1', 'Brc1ccc2oc3ccccc3c2c1', 'O=C1CCC(Oc2cccc(Br)c2)CC1']"
6,"[0.3, 85.7]",1.9423546637897824,"['Oc1ccnc(Br)c1', 'Cc1ccnc(Br)c1']","['Brc1cccc(-c2nnc(C3CC3)o2)c1', 'Cn1ccc(-c2cccc(Br)c2)n1', 'NS(=O)(=O)Cc1cccc(Br)c1', 'Cc1ccc(Br)cn1', 'Cc1cncc(Br)c1', 'Cc1n[nH]c2cc(Br)ccc12', 'Brc1ccc2nn[nH]c2c1', 'Brc1ccc(-c2ncco2)cc1', 'Cn1cnc2ccc(Br)cc21', 'Cc1cc(Br)cnc1C']"
7,"[75.3, 60.9]",1.9568995139964995,"['Brc1cccnc1', 'Brc1cncnc1']","['Cc1ccc(Br)cc1', 'Brc1ccc(-c2cccs2)cc1', 'Brc1cccc2[nH]ncc12', 'Oc1cccc(Br)c1', 'Nc1cc(Br)ccn1', 'Nc1nc2cc(Br)ccc2o1', 'CC(=O)CC(=O)c1ccc(Br)cc1', 'COc1cc(Br)cc(OC)c1', 'COc1ccc2cc(Br)ccc2n1']"
8,"[55.5, 17.2]",1.9926577983832043,"['Cc1ccc(Br)nc1', 'FC(F)(F)c1ncc(Br)cn1']","['Oc1ncnc2ccc(Br)cc12', 'CC(=O)Nc1ccc(Br)cc1', 'COc1ncc2cc(Br)ccc2n1', 'Brc1cnc2cccnc2c1', 'Brc1ccc2ncnn2c1', 'Brc1cnc2[nH]ccc2c1', 'Brc1cnc2ncoc2c1', 'FC(F)(F)c1cncc(Br)c1', 'Brc1ccc2ncncc2c1']"
9,"[1.5, 16.2]",2.073379963618578,"['Nc1c(F)cncc1Br', 'Oc1ccccc1Br']","['Fc1ccc(Br)cc1', 'FC(F)(F)Sc1ccc(Br)cc1', 'O=S(=O)(CCO)c1ccc(Br)cc1', 'O=c1cc(O)c2ccc(Br)cc2o1', 'CCC(=O)c1ccc(Br)cc1O', 'CC(C)NC(=O)c1ccc(Br)cn1', 'Brc1cnc2ncccc2c1', 'O=C1Nc2ccc(Br)cc2C12OCCO2']"
