,obj_values ['yield'],Vendi_score,eval_samples,cut_samples
0,"[4.0, 0.0]",1.881346268441857,"['CC(C)(C)OC(=O)N1C[C@H](F)C[C@H]1c1nc(Br)c[nH]1', 'Brc1nncs1']",[]
1,"[15.2, 0.0]",2.8676989144865295,"['Brc1ncc[nH]1', 'CC(C)(C)OC(=O)N1CCC(Nc2ccc(Br)cc2)CC1']","['CC(C)(C)OC(=O)N1CCCC1c1nc(Br)c[nH]1', 'Brc1ccc(-c2ccn[nH]2)s1', 'OB(O)c1ccc(Br)s1', 'Brc1cn2ccnc2cn1', 'Brc1cccc2nccn12', 'Cn1cc(Br)nn1', 'Cn1cnc(Br)c1', 'Nc1ncnn2c(Br)ccc12', 'CC(=O)c1cc(Br)cs1', 'Brc1cc2ncncc2s1', 'Brc1cc2ncccc2[nH]1', 'Cc1nc2cccc(Br)n2n1', 'Brc1ncn[nH]1']"
2,"[0.0, 20.4]",3.4232650817467865,"['OCc1coc(Br)n1', 'Brc1ncccn1']","['CC(C)(C)OC(=O)N1CCCCC1c1ccc(Br)cc1', 'CC(C)(C)OC(=O)NCCc1c[nH]c2ccc(Br)cc12', 'O=C1CCCN1c1ccc(Br)cc1F', 'O=S(=O)(Cc1ccc(Br)cc1)N1CCCC1', 'C[C@@H](NC(=O)OC(C)(C)C)c1ccc(Br)cc1', 'CC(C)(C)OC(=O)N1CCOc2ccc(Br)cc2C1', 'CC(C)(C)OC(=O)NC1(c2ccc(Br)cc2)CC(=O)C1', 'CC(C)(C)OC(=O)Nc1ccc(Br)cn1', 'CC(C)(C)OC(=O)n1cc(CO)c2c(Br)cccc21', 'O=C1CCCCC1Oc1ccc(Br)cc1', 'CCCc1cc(NC(=O)OC(C)(C)C)c2cc(Br)ccc2n1', 'COc1ccc(Cn2cnc3cc(Br)ccc32)cc1', 'Cc1cc(Br)cc(Nc2nccc(C3CC3)n2)c1']"
3,"[58.4, 0.3]",3.5091623660387343,"['Brc1ccc2cccnc2n1', 'Brc1ccc2ccncc2n1']","['Nc1cc(Br)ncn1', 'Cc1ccnc(Br)c1', 'Brc1ccn2nccc2n1', 'COc1ncc(Br)nc1OC', 'Oc1ccnc(Br)c1', 'CNC(=O)c1ccnc(Br)c1', 'Oc1cccc(Br)n1', 'Oc1ccc(Br)nc1', 'Cc1ccc(Br)nc1', 'Cc1cncc(Br)n1', 'COc1cccnc1Br', 'CC(C)(C)OC(=O)NCc1cccc(Br)n1']"
4,"[0.0, 43.5]",3.6124659592475377,"['Brc1ccn2nnnc2c1', 'Brc1ccc2[nH]ccc2n1']","['Brc1nncc2ccccc12', 'FC(F)(F)c1ccc2cc(Br)ncc2n1', 'FC(F)(F)c1cnc2nc(Br)ccc2c1', 'Cc1ccc2ccc(Br)nc2n1', 'Brc1ncnc2ccccc12', 'Brc1ccc2ncccc2n1', 'COc1ccc2nc(Br)ccc2n1', 'COc1cc2ccc(Br)nc2cn1', 'Brc1cnc2ccccc2n1', 'Nc1nccc(Br)n1', 'COc1ccc2cc(Br)ncc2n1']"
5,"[51.8, 67.8]",3.5851987805821857,"['CC(C)(C)OC(=O)N1CCCc2ccc(Br)nc21', 'Cn1cnc2cc(Br)ccc21']","['CNC(=O)c1cccc(Br)c1', 'Brc1cccc(-c2nnc(C3CC3)o2)c1', 'Fc1ccc(Br)nc1', 'O=c1cc(O)c2ccc(Br)cc2o1', 'Nc1cnc(-c2cccc(Br)c2)nc1', 'N#CC1(c2ccc(Br)cc2)CC1', 'O=C1CCCc2ccc(Br)cc2N1', 'Brc1cccc(-c2cc[nH]n2)c1', 'CC(=O)N1CCc2cc(Br)ccc21', 'Cn1ccc(-c2cccc(Br)c2)n1']"
6,"[0.0, 44.7]",3.602989144069031,"['CN1CCOc2cc(Br)ccc21', 'Brc1ncccc1OC1CCCCO1']","['Brc1cccc(Cn2cccn2)c1', 'Brc1ccc2[nH]cnc2c1', 'Nc1nc2ccc(Br)cc2o1', 'FCCOc1cncc(Br)c1', 'O=C1CC(c2ccc(Br)cc2)N1', 'O=C1CCC(c2cccc(Br)c2)CN1', 'N#CCCc1ccc(Br)cc1', 'Cn1cnc2ccc(Br)cc21', 'Nc1nc2cc(Br)ccc2o1', 'CC(=O)Nc1ccc(Br)cc1']"
7,"[72.1, 67.2]",3.530978350628126,"['Cc1ccc(Br)cc1', 'CC(C)(C)c1cccc(Br)c1']","['OC1Cc2ccc(Br)cc2C1', 'Brc1ccc(C2CCCN2)cc1', 'Brc1ccc([C@@H]2CNCCO2)cc1', 'Brc1cnc2cc[nH]c2c1', 'CC(C)(C)Oc1ccc(Br)cc1', 'Brc1ccc2c(c1)oc1ccccc12', 'O=C1CCc2ccc(Br)cc2N1', 'Brc1cccc(-n2cncn2)c1', 'Brc1ccc(-c2nnc[nH]2)cc1']"
8,"[16.2, 0.0]",3.5181175541687635,"['Oc1ccccc1Br', 'CC(C)(N)c1ccc(Br)cc1']","['COc1cc(Br)cc(OC)c1', 'CC(C)c1ccc(Br)cc1', 'COc1cccc(Br)c1', 'OCC(O)c1cccc(Br)c1', 'NCCc1ccc(Br)cc1', 'Brc1ccc2nn[nH]c2c1', 'Fc1cc(Br)ccc1-c1ccccc1', 'CC1(C)C(=O)Nc2ccc(Br)cc21', 'Brc1ccc(C2OCCO2)cc1']"
9,"[24.4, 36.8]",3.366126422777192,"['OCc1ccc(Br)cc1', 'Oc1ccc(Br)cc1']","['Brc1cnc2[nH]ccc2c1', 'Cc1cc(Br)cnc1C', 'CC(C)(CO)c1ccc(Br)cn1', 'NC1(c2ccc(Br)cc2)CC1', 'CC(O)c1ccc(Br)cc1', 'Brc1cccc2[nH]ncc12', 'Brc1ccc2oc3ccccc3c2c1', 'O=C1COc2cc(Br)ccc2N1']"
