,obj_values ['yield'],Vendi_score,eval_samples,cut_samples
0,"[0.0, 31.1]",1.151699774205797,"['Brc1ccc2nn[nH]c2c1', 'Brc1cccc2ccoc12']",[]
1,"[28.7, 28.3]",1.2277889125223007,"['COc1ccccc1Br', 'Brc1cccc2[nH]cnc12']","['Brc1ccc2ncnn2c1', 'Brc1cccc(-n2cncn2)c1', 'Brc1cnc2ncoc2c1', 'C#Cc1ccc(Br)cc1', 'Fc1ccccc1Br', 'Brc1cccc2[nH]ncc12', 'C=CCc1ccc(Br)c(F)c1', 'Cc1ccc(Br)cn1', 'FCCOc1cncc(Br)c1', 'Brc1cnc2[nH]ccc2c1', 'Brc1cccc2cnccc12', 'Cc1cncc(Br)c1', 'Cc1cc(Br)cnc1C']"
2,"[24.8, 18.5]",1.346907989634572,"['Brc1cccc2cncnc12', 'Cc1cn2cc(F)cc(Br)c2n1']","['Cn1cnc2ccc(Br)cc21', 'OCc1ccc(Br)c(F)c1', 'N#CCCc1ccc(Br)cc1', 'Brc1cncc2[nH]ccc12', 'Brc1cnc2cc[nH]c2c1', 'OC1CCOc2c(Br)cccc21', 'Oc1ccc(Br)cc1', 'Nc1nc2ccc(Br)cc2o1', 'Brc1ccc2[nH]cnc2c1', 'O=C1CCc2cccc(Br)c2N1', 'N#CC1(c2ccc(Br)cc2)CC1', 'Brc1cncc2ccccc12', 'O=C1CC(c2ccc(Br)cc2)N1']"
3,"[0.0, 0.0]",1.5661075131093276,"['Oc1ccc2cccnc2c1Br', 'COc1nccc(N)c1Br']","['Brc1cnc2nccn2c1', 'O=C1CCc2ncc(Br)cc2N1', 'CSc1ncc(Br)cn1', 'CC(C)(C#N)c1ccc(Br)cn1', 'Brc1cnc2cncn2c1', 'Oc1nccc2cc(Br)cnc12', 'Brc1cccnc1', 'Brc1cccc2nccnc12', 'Brc1ccc(-c2ncco2)cc1', 'Brc1cccc2ncncc12', 'Brc1cnc2ncccc2c1', 'Brc1ccc2cnnn2c1']"
4,"[12.1, 49.8]",1.6317327097419922,"['Oc1cccc(Br)c1', 'COc1cccc(Br)c1']","['Oc1ncc(Br)cn1', 'Brc1cnc2[nH]ncc2c1', 'Nc1ncc(Br)cn1', 'CC(=O)Nc1ncc(F)cc1Br', 'Oc1ccccc1Br', 'Oc1ccc(Br)cn1', 'Brc1csc2cnccc12', 'Nc1ncncc1Br', 'FC(F)(F)c1cc(Br)c2nc[nH]c2c1', 'COc1ccc2cc(Br)cnc2n1', 'Nc1c(F)cncc1Br']"
5,"[19.6, 24.4]",1.6649044138695563,"['Brc1ccc2cnccc2c1', 'OCc1ccc(Br)cc1']","['CNC(=O)c1cccc(Br)c1', 'Brc1cccc(-c2cc[nH]n2)c1', 'OCC(O)c1cccc(Br)c1', 'NCCc1ccc(Br)cc1', 'O=C1CCc2ccc(Br)cc2N1', 'O=C1COc2cc(Br)ccc2N1', 'Brc1cccc(-n2ccnc2)c1', 'CC(O)c1ccc(Br)cc1', 'CC(=O)Nc1ccc(Br)cc1', 'Cc1ccc(Br)cc1']"
6,"[0.0, 31.1]",1.852564721499902,"['Brc1nncc2ccccc12', 'COc1ncc(Br)nc1OC']","['CC(=O)c1cccc(Br)c1', 'O=C1CCCc2ccc(Br)cc2N1', 'CC(C)(CO)c1ccc(Br)cn1', 'CC(=O)Cc1cccc(Br)c1', 'Oc1ccnc2ccc(Br)cc12', 'Fc1cc(Br)ccc1-c1ccccc1', 'OC1Cc2ccc(Br)cc2C1', 'NC1(c2ccc(Br)cc2)CC1', 'Cc1n[nH]c2cc(Br)ccc12', 'CC(C)(N)c1ccc(Br)cc1']"
7,"[16.8, 0.0]",1.8932805577588434,"['COc1cc(Br)cc(OC)c1', 'CN1CCOc2cc(Br)ccc21']","['Brc1ccc2c(c1)oc1ccccc12', 'O=C1NCc2cc(Br)ccc21', 'Brc1ccc2ncncc2c1', 'Oc1ncnc2ccc(Br)cc12', 'Brc1ccc2oc3ccccc3c2c1', 'Cc1cn[nH]c1-c1ccc(Br)cc1', 'CC(C)c1ccc(Br)cc1', 'CC1(C)C(=O)Nc2ccc(Br)cc21', 'Oc1cc2cccc(Br)c2cn1']"
8,"[85.9, 0.3]",1.899035214967939,"['Cc1cc(Br)ccn1', 'Nc1cc(Br)ccn1']","['Cn1ccc(-c2cccc(Br)c2)n1', 'O=C1CCCN1c1ccc(Br)cc1F', 'CC(C)(C)c1cccc(Br)c1', 'CC(C)(C)Oc1ccc(Br)cc1', 'Brc1ccc([C@@H]2CNCCO2)cc1', 'CC(=O)N1CCc2cc(Br)ccc21', 'Nc1nc2cc(Br)ccc2o1', 'Brc1ccc(C2CCCN2)cc1', 'Brc1ccc(C2OCCO2)cc1']"
9,"[69.7, 60.9]",1.916137685048068,"['CC(C)(CO)c1cc(Br)ccn1', 'Brc1cncnc1']","['Brc1cccc(Cn2cccn2)c1', 'Cn1cnc2cc(Br)ccc21', 'COc1ncc2cc(Br)ccc2n1', 'Cn1nnc(-c2ccc(Br)cn2)n1', 'COc1ccc2nccc(Br)c2c1', 'Brc1ccc2cncnc2c1', 'Brc1ccnc2ccccc12', 'COc1ccc2cc(Br)ccc2n1']"
