,obj_values ['yield'],Vendi_score,eval_samples,cut_samples
0,"[30.3, 0.3]",1.1025975077455776,"['Cn1nnc(-c2ccc(Br)cn2)n1', 'Brc1ccc2cncnc2c1']",[]
1,"[0.0, 43.5]",1.8187171601810763,"['CCOc1ccc(F)c(B(O)O)c1Br', 'Brc1ccc2[nH]ccc2n1']","['COc1ncc2cc(Br)ccc2n1', 'CCC(=O)c1ccc(Br)cc1O', 'Brc1cnc2cccnc2c1', 'Oc1nccc2cc(Br)cnc12', 'Brc1ccc2cnccc2c1', 'CC(=O)c1cccc(Br)c1', 'O=C1CCc2ncc(Br)cc2N1', 'Brc1cnc2ncccc2c1', 'Brc1cnc2ncoc2c1', 'CC(=O)CC(=O)c1ccc(Br)cc1', 'CC(=O)/C=C/c1ccc(Br)cc1', 'Brc1ccc2ncncc2c1', 'CC(C)(C#N)c1ccc(Br)cn1']"
2,"[0.3, 28.9]",1.8771975277155262,"['Oc1ccnc(Br)c1', 'Oc1ccc(Br)nc1']","['Brc1cccc(-n2cncn2)c1', 'Brc1cccc2[nH]ncc12', 'Brc1ccc2c(c1)oc1ccccc12', 'Oc1ccnc2ccc(Br)cc12', 'Brc1ccc2nn[nH]c2c1', 'O=C1CCCc2ccc(Br)cc2N1', 'O=C1NCc2cc(Br)ccc21', 'Brc1ccc(-c2ncco2)cc1', 'O=C1CC(c2ccc(Br)cc2)N1', 'O=c1cc(O)c2ccc(Br)cc2o1', 'FCCOc1cncc(Br)c1', 'Fc1cc(Br)ccc1-c1ccccc1', 'CNC(=O)c1cccc(Br)c1']"
3,"[0.0, 0.0]",1.9878676979320877,"['CN1CCOc2cc(Br)ccc21', 'Nc1cnc(-c2cccc(Br)c2)nc1']","['Cc1ccc(Br)nc1', 'Brc1ccc2oc3ccccc3c2c1', 'N#CCCc1ccc(Br)cc1', 'Cn1cnc2ccc(Br)cc21', 'C#Cc1ccc(Br)cc1', 'Oc1cccc(Br)n1', 'N#CC1(c2ccc(Br)cc2)CC1', 'Brc1cccc(-c2cc[nH]n2)c1', 'Brc1cn2ccnc2cn1', 'Cc1ccnc(Br)c1', 'COc1cccnc1Br', 'O=C1CCc2ccc(Br)cc2N1']"
4,"[53.3, 17.3]",1.9911201409647588,"['COc1ccc2nc(Br)ccc2n1', 'COc1ccc2cc(Br)ncc2n1']","['Brc1cccc(-n2ccnc2)c1', 'Cn1ccc(-c2cccc(Br)c2)n1', 'Nc1nc2ccc(Br)cc2o1', 'NCCc1ccc(Br)cc1', 'Brc1ccc(C2CCCN2)cc1', 'OC1Cc2ccc(Br)cc2C1', 'O=C1COc2cc(Br)ccc2N1', 'O=C1CCCN1c1ccc(Br)cc1F', 'CC(=O)N1CCc2cc(Br)ccc21', 'CC(=O)Nc1ccc(Br)cc1', 'Nc1nc2cc(Br)ccc2o1']"
5,"[0.0, 0.0]",2.0509939165231166,"['COc1cc2ccc(Br)nc2cn1', 'FC(F)(F)c1cnc2nc(Br)ccc2c1']","['COc1ncc(Br)nc1OC', 'O=C1c2ccc(Br)cc2CN1C1CC1', 'Brc1ccc([C@@H]2CNCCO2)cc1', 'Brc1cccc(-c2nnc(C3CC3)o2)c1', 'Cn1cnc2cc(Br)ccc21', 'Brc1ccc(C2OCCO2)cc1', 'Brc1ccc2[nH]cnc2c1', 'O=C1CCC(c2cccc(Br)c2)CN1', 'COc1ccc2cc(Br)ccc2n1', 'Cc1cn[nH]c1-c1ccc(Br)cc1']"
6,"[63.4, 19.7]",2.102526999448974,"['Fc1ccc(Br)nc1', 'Brc1cnc2[nH]ncc2c1']","['Brc1cnc2ccccc2n1', 'Brc1ccc2cccnc2n1', 'Cc1ccc2ccc(Br)nc2n1', 'CNC(=O)c1ccnc(Br)c1', 'Brc1ccc2ncccc2n1', 'Brc1ccn2nccc2n1', 'Cc1cncc(Br)n1', 'Brc1ccc(-c2nc3cnccc3[nH]2)cc1', 'Brc1ccc2ccncc2n1', 'FC(F)(F)c1ccc2cc(Br)ncc2n1']"
7,"[27.0, 30.6]",2.230602452803632,"['N#Cc1cccc(Br)c1', 'N#Cc1cc(Br)cs1']","['COc1ccc2cc(Br)cnc2n1', 'Oc1ncnc2ccc(Br)cc12', 'Oc1cnc2cc(Br)ccc2n1', 'Brc1cccc2cnccc12', 'OCC(O)c1cccc(Br)c1', 'Brc1cnc2[nH]ccc2c1', 'Brc1ccc(-c2cccs2)cc1', 'CC1(C)C(=O)Nc2ccc(Br)cc21', 'Brc1cccc(Cn2cccn2)c1']"
8,"[75.3, 44.1]",2.252485713471495,"['Brc1cccnc1', 'Nc1cc(Br)ncn1']","['Brc1ccc2ncnn2c1', 'CC(=O)Cc1cccc(Br)c1', 'CC(O)c1ccc(Br)cc1', 'CC(C)(CO)c1ccc(Br)cn1', 'Brc1cncc2ccccc12', 'Brc1cccc(-c2nnn[nH]2)c1', 'FC(F)(F)c1cc2ccc(Br)cc2cn1', 'N#Cc1cc2cc(Br)ccc2s1', 'Brc1cnc2cc[nH]c2c1']"
9,"[22.5, 66.7]",2.2532382293097704,"['Oc1ccc(Br)cn1', 'Fc1ccc(Br)cc1']","['Brc1ccc(-c2nnc[nH]2)cc1', 'Cc1cncc(Br)c1', 'Cc1cc(Br)cnc1C', 'Oc1ccc(Br)cc1', 'Cc1ccc(Br)cn1', 'CC(C)c1ccc(Br)cc1', 'COc1cccc(Br)c1', 'Cc1ccc(Br)cc1']"
