,obj_values ['yield'],Vendi_score,eval_samples,cut_samples
0,"[43.9, 0.3]",1.4630667496666436,"['O=C1CN(Cc2cccc(Br)c2)C(=O)N1', 'Brc1ccc(-c2ccn[nH]2)s1']",[]
1,"[47.6, 20.9]",1.511508839739389,"['OCC(O)c1cccc(Br)c1', 'CC1(C)OB(c2ccc(Br)cc2)OC1(C)C']","['FC(F)C(F)(F)Oc1cccc(Br)c1', 'O=C1CCc2ncc(Br)cc2N1', 'O=C1Nc2ccc(Br)cc2C12OCCO2', 'O=C1CCCc2ccc(Br)cc2N1', 'C[Si](C)(C)C#Cc1cccc(Br)c1', 'Brc1cccc(Cn2cccn2)c1', 'NS(=O)(=O)Cc1cccc(Br)c1', 'O=C1CCC(c2cccc(Br)c2)CN1', 'Brc1cccc(-c2nnc(C3CC3)o2)c1', 'Brc1cccc(-n2cncn2)c1', 'O=C1CC(c2ccc(Br)cc2)N1', 'Fc1cc(Br)ccc1-c1ccccc1', 'CC(C)(C)OC(=O)Nc1ccc(Br)cn1']"
2,"[24.4, 72.1]",1.5226551129748676,"['OCc1ccc(Br)cc1', 'Cc1ccc(Br)cc1']","['OC1Cc2ccc(Br)cc2C1', 'CC(C)(C)c1cccc(Br)c1', 'O=C1CCCN1c1ccc(Br)cc1F', 'NC1(c2ccc(Br)cc2)CC1', 'Brc1ccc(C2OCCO2)cc1', 'CC(C)(C)Oc1ccc(Br)cc1', 'CC(C)(CO)c1ccc(Br)cn1', 'Brc1ccc([C@@H]2CNCCO2)cc1', 'CC(C)(N)c1ccc(Br)cc1', 'CC(O)c1ccc(Br)cc1', 'CC1(C)C(=O)Nc2ccc(Br)cc21', 'Brc1ccc2oc3ccccc3c2c1', 'O=C1CCc2ccc(Br)cc2N1']"
3,"[36.8, 35.4]",1.5430908263439274,"['Oc1ccc(Br)cc1', 'Brc1ccc2[nH]cnc2c1']","['NCCc1ccc(Br)cc1', 'N#CC1(c2ccc(Br)cc2)CC1', 'COc1cccc(Br)c1', 'Brc1cccc(-c2cc[nH]n2)c1', 'CC(C)c1ccc(Br)cc1', 'C#Cc1ccc(Br)cc1', 'CC(=O)Cc1cccc(Br)c1', 'N#CCCc1ccc(Br)cc1', 'Brc1ccc(C2CCCN2)cc1', 'O=C1COc2cc(Br)ccc2N1', 'Cc1cc(Br)cnc1C', 'Cc1cn[nH]c1-c1ccc(Br)cc1']"
4,"[66.7, 12.1]",1.5373132046179236,"['Fc1ccc(Br)cc1', 'Oc1cccc(Br)c1']","['Cn1ccc(-c2cccc(Br)c2)n1', 'Oc1ccnc2ccc(Br)cc12', 'Cn1cnc2cc(Br)ccc21', 'Nc1nc2ccc(Br)cc2o1', 'Cn1cnc2ccc(Br)cc21', 'CC(=O)Nc1ccc(Br)cc1', 'Cc1ccc(Br)cn1', 'FCCOc1cncc(Br)c1', 'Brc1cccc2[nH]ncc12', 'Brc1cnc2[nH]ccc2c1', 'Nc1nc2cc(Br)ccc2o1']"
5,"[25.7, 27.0]",1.632565048947467,"['OC(c1ccc(Br)cn1)C(F)(F)F', 'N#Cc1cccc(Br)c1']","['COc1cc(Br)cc(OC)c1', 'Oc1ccc(Br)cn1', 'Brc1ccc2nn[nH]c2c1', 'OC1CCOc2c(Br)cccc21', 'Brc1ccc(-c2ncco2)cc1', 'Brc1ccc2c(c1)oc1ccccc12', 'CNC(=O)c1cccc(Br)c1', 'COc1ccc2cc(Br)ccc2n1', 'Brc1cnc2cc[nH]c2c1', 'Cc1cncc(Br)c1']"
6,"[17.7, 28.3]",1.7007097081034992,"['Nc1ncncc1Br', 'Fc1ccccc1Br']","['Brc1cnc2[nH]ncc2c1', 'Brc1cccnc1', 'COc1ccc2cc(Br)cnc2n1', 'Brc1ccc2ncnn2c1', 'CC(C)(C#N)c1ccc(Br)cn1', 'C=CCc1ccc(Br)c(F)c1', 'Brc1cccc2ccoc12', 'OCc1ccc(Br)c(F)c1', 'Cn1nnc(-c2ccc(Br)cn2)n1', 'Oc1ncnc2ccc(Br)cc12']"
7,"[63.4, 28.9]",1.8417355650537168,"['Fc1ccc(Br)nc1', 'Oc1ccc(Br)nc1']","['Nc1ncc(Br)cn1', 'Cc1n[nH]c2cc(Br)ccc12', 'Brc1cncc2[nH]ccc12', 'FC(F)(F)c1cncc(Br)c1', 'Brc1cnc2ncoc2c1', 'Brc1cccc(-n2ccnc2)c1', 'COc1ccccc1Br', 'Brc1cccc2[nH]cnc12', 'Brc1cccc2cnccc12']"
8,"[0.3, 43.5]",1.9331323672155702,"['Oc1ccnc(Br)c1', 'Brc1ccc2[nH]ccc2n1']","['O=C1CCc2cccc(Br)c2N1', 'Brc1cccc(-c2nnn[nH]2)c1', 'Brc1cncc2ccccc12', 'Oc1cnc2cc(Br)ccc2n1', 'O=C1NCc2cc(Br)ccc21', 'CC(=O)c1cccc(Br)c1', 'CC(=O)N1CCc2cc(Br)ccc21', 'CSc1ncc(Br)cn1', 'Nc1c(F)cncc1Br']"
9,"[17.3, 28.5]",2.0683138698103147,"['COc1ccc2cc(Br)ncc2n1', 'CC(C)(C)OC(=O)N1CCCCC1c1ccc(Br)cc1']","['Oc1cccc(Br)n1', 'CS(=O)(=O)c1ccc(Br)cc1', 'CC(C)(CO)c1cc(Br)ccn1', 'O=C1CC(c2cccc(Br)c2)CC(=O)N1', 'COc1cccnc1Br', 'COc1ncc(Br)nc1OC', 'Oc1ncc(Br)cn1', 'Brc1ccc(-c2cccs2)cc1']"
