,obj_values ['yield'],Vendi_score,eval_samples,cut_samples
0,"[81.1, 43.9]",1.6255449602411822,"['Brc1cnc2ncccn12', 'O=C1CN(Cc2cccc(Br)c2)C(=O)N1']",[]
1,"[0.0, 0.6]",1.7325603726997745,"['Cc1nc2cccc(Br)n2n1', 'Nc1ncnn2c(Br)ccc12']","['Brc1ccc2oc3ccccc3c2c1', 'Brc1cccc(Cn2cccn2)c1', 'CC(C)(C)OC(=O)Nc1ccc(Br)cn1', 'C=CCc1ccc(Br)c(F)c1', 'N#CCCc1ccc(Br)cc1', 'Brc1ccc(C2OCCO2)cc1', 'O=C1CC(c2ccc(Br)cc2)N1', 'N#CC1(c2ccc(Br)cc2)CC1', 'C[Si](C)(C)C#Cc1cccc(Br)c1', 'Brc1cccc(-n2cncn2)c1', 'Brc1cccc(-c2nnc(C3CC3)o2)c1', 'O=C1CCC(c2cccc(Br)c2)CN1', 'NS(=O)(=O)Cc1cccc(Br)c1']"
2,"[15.4, 15.7]",1.9549058068852274,"['FC(F)(F)c1nc2ccc(Br)cn2n1', 'Brc1cnc2nncn2c1']","['OCc1ccc(Br)c(F)c1', 'CC(C)(C)c1cc(Br)c2ncccc2c1', 'OC1CCOc2c(Br)cccc21', 'COc1ccc2[nH]cc(Br)c2n1', 'FC(F)(F)c1cc(Br)c2nc[nH]c2c1', 'Brc1cccc2nccn12', 'Brc1ccc2ncnn2c1', 'Brc1cccc2ccoc12', 'CC(=O)Nc1ncc(F)cc1Br', 'Brc1csc2cnccc12', 'CC(=O)c1cc(Br)cs1', 'Brc1cc2ncccc2[nH]1', 'CCc1cccn2c(Br)cnc12']"
3,"[1.5, 0.3]",2.149377809697869,"['Nc1c(F)cncc1Br', 'Brc1cnn2ccccc12']","['Brc1cnc2ncccc2c1', 'Brc1cnc2ncoc2c1', 'Brc1cccc2cncnc12', 'Brc1cccc(-c2nnn[nH]2)c1', 'COc1ccc2cc(Br)cnc2n1', 'Brc1ccn2nnnc2c1', 'CC(C)(C#N)c1ccc(Br)cn1', 'Cc1cn2cc(F)cc(Br)c2n1', 'Brc1cnc2nccn2c1', 'Brc1cnc(Oc2cccnc2)nc1', 'OC(c1ccc(Br)cn1)C(F)(F)F', 'Brc1ccc2cnnn2c1']"
4,"[17.3, 28.5]",2.5474133910597003,"['COc1ccc2cc(Br)ncc2n1', 'CC(C)(C)OC(=O)N1CCCCC1c1ccc(Br)cc1']","['Brc1cnc2cncn2c1', 'Brc1cccc2[nH]cnc12', 'Fc1ccccc1Br', 'Brc1cccc2[nH]ncc12', 'Brc1cncc2ccccc12', 'COc1ccccc1Br', 'Brc1cnc2[nH]ccc2c1', 'CSc1ncc(Br)cn1', 'Brc1cnn(-c2ncccn2)c1', 'Brc1cncc2[nH]ccc12', 'FCCOc1cncc(Br)c1']"
5,"[0.3, 30.6]",2.675970140373392,"['Cc1ccc(S(=O)(=O)n2cc(Br)c3ccccc32)cc1', 'N#Cc1cc(Br)cs1']","['O=C1CCc2ncc(Br)cc2N1', 'O=C1CCCc2ccc(Br)cc2N1', 'Oc1ccnc2ccc(Br)cc12', 'Brc1cccc2cnccc12', 'CC(C)(CO)c1ccc(Br)cn1', 'Brc1cnc2cc[nH]c2c1', 'CC(C)(C)Oc1ccc(Br)cc1', 'Fc1cc(Br)ccc1-c1ccccc1', 'O=C1CCCN1c1ccc(Br)cc1F', 'O=C1CCc2cccc(Br)c2N1']"
6,"[63.4, 27.0]",2.719438892402294,"['Fc1ccc(Br)nc1', 'N#Cc1cccc(Br)c1']","['Cn1cnc2ccc(Br)cc21', 'Brc1ccc2nn[nH]c2c1', 'FC(F)(F)c1cc2ccc(Br)cc2cn1', 'Brc1ccc([C@@H]2CNCCO2)cc1', 'CC(=O)Nc1ccc(Br)cc1', 'N#Cc1cc2cc(Br)ccc2s1', 'CC1(C)C(=O)Nc2ccc(Br)cc21', 'Cn1nnc(-c2ccc(Br)cn2)n1', 'FC(F)(F)c1ccc(Br)c2[nH]ccc12', 'Brc1cccc(-c2cc[nH]n2)c1']"
7,"[20.4, 0.3]",2.9284948136623683,"['Brc1ncccn1', 'Oc1ccnc(Br)c1']","['OCC(O)c1cccc(Br)c1', 'OC1Cc2ccc(Br)cc2C1', 'CS(=O)(=O)c1ccc(Br)cc1', 'Cc1ccc(Br)cn1', 'Brc1cnc2[nH]ncc2c1', 'O=c1cc(O)c2ccc(Br)cc2o1', 'Oc1ncnc2ccc(Br)cc12', 'Brc1ccc2[nH]cnc2c1', 'Oc1cnc2cc(Br)ccc2n1']"
8,"[53.3, 43.5]",2.9459882063504685,"['COc1ccc2nc(Br)ccc2n1', 'Brc1ccc2[nH]ccc2n1']","['COc1ncc(Br)nc1OC', 'CNC(=O)c1cccc(Br)c1', 'CC(O)c1ccc(Br)cc1', 'Brc1cn2ccnc2cn1', 'Cn1ccc(-c2cccc(Br)c2)n1', 'Oc1ccc(Br)nc1', 'Cc1cc(Br)cnc1C', 'COc1cccnc1Br', 'NCCc1ccc(Br)cc1']"
9,"[1.8, 0.0]",2.9298227884016725,"['Brc1cnc2ccccc2n1', 'COc1cc2ccc(Br)nc2cn1']","['Brc1ccc(C2CCCN2)cc1', 'Oc1cccc(Br)n1', 'Cn1cnc2cc(Br)ccc21', 'COc1ccc2cc(Br)ccc2n1', 'Nc1nc2ccc(Br)cc2o1', 'CC(C)c1ccc(Br)cc1', 'Brc1ccc(-c2ncco2)cc1', 'O=C1CCc2ccc(Br)cc2N1']"
