,obj_values ['yield'],Vendi_score,eval_samples,cut_samples
0,"[80.4, 0.3]",1.1929517478471303,"['CC(C)(CO)c1ccc(Br)cn1', 'Brc1cccc2ncncc12']",[]
1,"[34.1, 77.6]",1.2007696924542703,"['Cc1cc(Br)cnc1C', 'Cc1ccc(Br)cn1']","['Cn1nnc(-c2ccc(Br)cn2)n1', 'CC(C)(C#N)c1ccc(Br)cn1', 'O=C1CCc2ncc(Br)cc2N1', 'FCCOc1cncc(Br)c1', 'Brc1cnc2ncccc2c1', 'Brc1cnc2cccnc2c1', 'Brc1cnc2ncoc2c1', 'CC(=O)Cc1cccc(Br)c1', 'O=C1CCCc2ccc(Br)cc2N1', 'CC(=O)c1cccc(Br)c1', 'Brc1cccc2cnccc12', 'CNC(=O)c1cccc(Br)c1', 'Brc1cccc2[nH]ncc12']"
2,"[1.6, 11.4]",1.3801323782819523,"['CCOP(=O)(Cc1ccc(Br)cn1)OCC', 'CC(C)(C)OC(=O)Nc1ccc(Br)cn1']","['Brc1cccc(-n2ccnc2)c1', 'O=C1COc2cc(Br)ccc2N1', 'O=C1CCc2ccc(Br)cc2N1', 'O=C1NCc2cc(Br)ccc21', 'Brc1cccnc1', 'Brc1ccc(-c2ncco2)cc1', 'NCCc1ccc(Br)cc1', 'O=C1CC(c2ccc(Br)cc2)N1', 'OCC(O)c1cccc(Br)c1', 'Brc1cnc2[nH]ccc2c1', 'Cc1cncc(Br)c1', 'COc1cccc(Br)c1', 'C#Cc1ccc(Br)cc1']"
3,"[24.4, 66.7]",1.441730056601609,"['OCc1ccc(Br)cc1', 'Fc1ccc(Br)cc1']","['N#CCCc1ccc(Br)cc1', 'Brc1ccc(C2OCCO2)cc1', 'O=C1CCC(c2cccc(Br)c2)CN1', 'CC1(C)C(=O)Nc2ccc(Br)cc21', 'Oc1ccnc2ccc(Br)cc12', 'Brc1ccc2c(c1)oc1ccccc12', 'Brc1ccc2oc3ccccc3c2c1', 'Brc1ccc([C@@H]2CNCCO2)cc1', 'CC(C)(C)Oc1ccc(Br)cc1', 'O=C1CCCN1c1ccc(Br)cc1F', 'Brc1cccc(-n2cncn2)c1', 'Fc1cc(Br)ccc1-c1ccccc1']"
4,"[22.5, 0.3]",1.474411862833039,"['Oc1ccc(Br)cn1', 'Oc1ncc(Br)cn1']","['Cc1ccc(Br)cc1', 'OC1Cc2ccc(Br)cc2C1', 'N#CC1(c2ccc(Br)cc2)CC1', 'CC(C)c1ccc(Br)cc1', 'Brc1cccc(Cn2cccn2)c1', 'O=C1CN(Cc2cccc(Br)c2)C(=O)N1', 'Brc1ccc(C2CCCN2)cc1', 'CC(C)(C)c1cccc(Br)c1', 'NC1(c2ccc(Br)cc2)CC1', 'CC(C)(N)c1ccc(Br)cc1', 'CC(O)c1ccc(Br)cc1']"
5,"[37.7, 0.0]",1.5712458664899367,"['CC(=O)Nc1ccc(Br)cc1', 'Brc1ccc(CN2CCOCC2)cc1']","['COc1ccc2cc(Br)cnc2n1', 'Oc1ccc(Br)cc1', 'Brc1cccc2ccoc12', 'Brc1ccc2ncnn2c1', 'OCc1ccc(Br)c(F)c1', 'Brc1cnc2[nH]ncc2c1', 'Cc1cn[nH]c1-c1ccc(Br)cc1', 'Oc1cccc(Br)c1', 'Brc1ccc2nn[nH]c2c1', 'Oc1ncnc2ccc(Br)cc12']"
6,"[27.0, 35.4]",1.6348152588233693,"['N#Cc1cccc(Br)c1', 'Brc1ccc2[nH]cnc2c1']","['Brc1cnc2cc[nH]c2c1', 'COc1ccc2cc(Br)ccc2n1', 'Brc1cccc(-c2cc[nH]n2)c1', 'Nc1nc2ccc(Br)cc2o1', 'Cn1ccc(-c2cccc(Br)c2)n1', 'O=C(c1ccc(Br)cc1)N1CCOCC1', 'Cc1n[nH]c2cc(Br)ccc12', 'Cn1cnc2ccc(Br)cc21', 'OC1CCOc2c(Br)cccc21', 'O=C1c2ccc(Br)cc2CN1C1CC1']"
7,"[0.0, 85.9]",1.7024934092388468,"['CN1CCOc2cc(Br)ccc21', 'Cc1cc(Br)ccn1']","['Cn1cnc2cc(Br)ccc21', 'Brc1cccc(-c2nnc(C3CC3)o2)c1', 'FC(F)(F)c1cncc(Br)c1', 'Nc1ncc(Br)cn1', 'Brc1cncc2[nH]ccc12', 'CC(=O)N1CCc2cc(Br)ccc21', 'C=CCc1ccc(Br)c(F)c1', 'Brc1cncc2ccccc12', 'Nc1nc2cc(Br)ccc2o1']"
8,"[0.3, 44.1]",1.8686741155246231,"['Oc1ccnc(Br)c1', 'Nc1cc(Br)ncn1']","['COc1cc(Br)cc(OC)c1', 'CSc1ncc(Br)cn1', 'CC(C)Sc1ccc(Br)cc1', 'CC(C)(CO)c1cc(Br)ccn1', 'Brc1ccc(N2CCOCC2)nc1', 'Brc1ccc2cnccc2c1', 'FC(F)C(F)(F)Oc1cccc(Br)c1', 'O=C1CC(c2cccc(Br)c2)CC(=O)N1', 'O=C1Nc2ccc(Br)cc2C12OCCO2']"
9,"[28.3, 60.9]",1.872994898054155,"['Fc1ccccc1Br', 'Brc1cncnc1']","['COc1ncc2cc(Br)ccc2n1', 'C[Si](C)(C)C#Cc1cccc(Br)c1', 'NS(=O)(=O)Cc1cccc(Br)c1', 'Brc1ccc2ncncc2c1', 'Brc1ccc(-c2cccs2)cc1', 'Oc1cnc2cc(Br)ccc2n1', 'COc1ccccc1Br', 'Nc1cc(Br)ccn1']"
