,obj_values ['yield'],Vendi_score,eval_samples,cut_samples
0,"[0.6, 9.6]",1.2734377918899507,"['Oc1cnc2cc(Br)ccc2n1', 'O=C1CCc2cccc(Br)c2N1']",[]
1,"[80.4, 16.3]",1.3075995992671905,"['CC(C)(CO)c1ccc(Br)cn1', 'OC1CCOc2c(Br)cccc21']","['Brc1cccc2[nH]ncc12', 'FCCOc1cncc(Br)c1', 'Brc1cncc2ccccc12', 'Brc1ccc(-c2ncco2)cc1', 'Brc1ccc2oc3ccccc3c2c1', 'Brc1cnc2cc[nH]c2c1', 'COc1ccc2cc(Br)cnc2n1', 'Brc1cnc2[nH]ccc2c1', 'COc1ccc2cc(Br)ccc2n1', 'Oc1ncnc2ccc(Br)cc12', 'Oc1ccnc2ccc(Br)cc12', 'Brc1cccc2cnccc12', 'Brc1cncc2[nH]ccc12']"
2,"[0.0, 41.0]",1.3799401324376934,"['CC(C)NC(=O)c1ccc(Br)cn1', 'Cc1cn[nH]c1-c1ccc(Br)cc1']","['COc1ccccc1Br', 'O=C1CCc2ccc(Br)cc2N1', 'CC(C)(C#N)c1ccc(Br)cn1', 'O=C1CCCc2ccc(Br)cc2N1', 'C=CCc1ccc(Br)c(F)c1', 'O=C1COc2cc(Br)ccc2N1', 'O=C1CCCN1c1ccc(Br)cc1F', 'Brc1cccc2ccoc12', 'CC1(C)C(=O)Nc2ccc(Br)cc21', 'Cc1cc(Br)cnc1C', 'O=C1CC(c2ccc(Br)cc2)N1', 'Fc1cc(Br)ccc1-c1ccccc1', 'O=C1CCc2ncc(Br)cc2N1']"
3,"[0.0, 0.0]",1.3861132470213093,"['NC1(c2ccc(Br)cc2)CC1', 'Brc1ccc(C2CCCN2)cc1']","['O=C1c2ccc(Br)cc2CN1C1CC1', 'CNC(=O)c1cccc(Br)c1', 'CC(=O)Cc1cccc(Br)c1', 'Brc1ccc2c(c1)oc1ccccc12', 'CC(C)(C)Oc1ccc(Br)cc1', 'O=C(c1ccc(Br)cc1)N1CCOCC1', 'Brc1cccc(-n2cncn2)c1', 'Brc1cccc(-n2ccnc2)c1', 'Brc1ccc([C@@H]2CNCCO2)cc1', 'Cn1nnc(-c2ccc(Br)cn2)n1', 'COc1ncc2cc(Br)ccc2n1', 'Cn1cnc2ccc(Br)cc21']"
4,"[17.2, 4.8]",1.4535106734990801,"['CC(=O)c1cc(Br)cs1', 'FC(F)(F)c1ccc(Br)c2[nH]ccc12']","['O=C1CCC(c2cccc(Br)c2)CN1', 'CC(O)c1ccc(Br)cc1', 'CC(C)(C)c1cccc(Br)c1', 'OCC(O)c1cccc(Br)c1', 'CC(C)(N)c1ccc(Br)cc1', 'CC(C)c1ccc(Br)cc1', 'Brc1ccc(C2OCCO2)cc1', 'N#CCCc1ccc(Br)cc1', 'NCCc1ccc(Br)cc1', 'OC1Cc2ccc(Br)cc2C1', 'Brc1cccc(-c2cc[nH]n2)c1']"
5,"[11.4, 51.1]",1.4702018539982302,"['CC(C)(C)OC(=O)Nc1ccc(Br)cn1', 'Brc1cnc(Oc2cccnc2)nc1']","['CC(=O)N1CCc2cc(Br)ccc21', 'Brc1ccc(-c2cccs2)cc1', 'Brc1cccc(Cn2cccn2)c1', 'C#Cc1ccc(Br)cc1', 'Nc1nc2cc(Br)ccc2o1', 'Cn1ccc(-c2cccc(Br)c2)n1', 'Nc1nc2ccc(Br)cc2o1', 'N#CC1(c2ccc(Br)cc2)CC1', 'Cc1ccc(Br)cn1', 'CC(=O)Nc1ccc(Br)cc1']"
6,"[60.9, 0.3]",1.5406332701449998,"['Brc1cncnc1', 'Oc1ncc(Br)cn1']","['O=C1Nc2ccc(Br)cc2C12OCCO2', 'Brc1cnc2ncccc2c1', 'O=C1NCc2cc(Br)ccc21', 'O=C1CN(Cc2cccc(Br)c2)C(=O)N1', 'Brc1ccc(N2CCOCC2)nc1', 'Brc1cnc2ncoc2c1', 'C[Si](C)(C)C#Cc1cccc(Br)c1', 'CSc1ncc(Br)cn1', 'Brc1cccc(-c2nnc(C3CC3)o2)c1', 'CC(C)Sc1ccc(Br)cc1']"
7,"[47.7, 11.0]",1.5715752009826531,"['FC(F)(F)c1cncc(Br)c1', 'O=C(NCc1ccccc1)c1ccc(Br)cn1']","['Cc1cncc(Br)c1', 'Brc1cnc2cccnc2c1', 'Brc1ccc2ncnn2c1', 'Brc1cnc2[nH]ncc2c1', 'OCc1ccc(Br)cc1', 'OCc1ccc(Br)c(F)c1', 'CC(=O)c1cccc(Br)c1', 'Brc1ccc2nn[nH]c2c1', 'Brc1ccc2cnccc2c1']"
8,"[85.9, 17.2]",1.6336788241853004,"['Cc1cc(Br)ccn1', 'FC(F)(F)c1ncc(Br)cn1']","['CC(=O)CC(=O)c1ccc(Br)cc1', 'COc1ccc2nccc(Br)c2c1', 'COc1cccc(Br)c1', 'O=C1CC(c2cccc(Br)c2)CC(=O)N1', 'Oc1nccc2cc(Br)cnc12', 'Brc1ccc2ncncc2c1', 'Brc1cccnc1', 'Cc1n[nH]c2cc(Br)ccc12', 'Nc1ncc(Br)cn1']"
9,"[0.0, 0.3]",1.6709732987428125,"['FC(F)(F)Sc1ccc(Br)cc1', 'Nc1cc(Br)ccn1']","['Brc1ccc2cnnn2c1', 'CC(C)(CO)c1cc(Br)ccn1', 'O=c1cc(O)c2ccc(Br)cc2o1', 'Brc1cccc2ncncc12', 'CC(=O)/C=C/c1ccc(Br)cc1', 'Brc1cccc2nccnc12', 'FC(F)C(F)(F)Oc1cccc(Br)c1', 'Brc1ccc2cncnc2c1']"
