,obj_values ['yield'],Vendi_score,eval_samples,cut_samples
0,"[37.2, 11.3]",1.2779053269036862,"['Oc1ncnc2ccc(Br)cc12', 'Cc1cncc(Br)n1']",[]
1,"[16.7, 8.1]",1.3548322475168875,"['COc1ncc2cc(Br)ccc2n1', 'COc1ccc2cc(Br)cnc2n1']","['Brc1ccc(-c2ncco2)cc1', 'Brc1cnc2ccccc2n1', 'Brc1cn2ccnc2cn1', 'Brc1cccc(-n2cncn2)c1', 'Brc1ccc2ncncc2c1', 'CC(=O)c1cccc(Br)c1', 'Brc1ccc2cnccc2c1', 'Brc1cnc2[nH]ncc2c1', 'C#Cc1ccc(Br)cc1', 'Oc1cnc2cc(Br)ccc2n1', 'Brc1ccc2nn[nH]c2c1', 'Oc1ccnc2ccc(Br)cc12', 'Oc1cccc(Br)n1']"
2,"[27.0, 66.7]",1.5075028999205247,"['N#Cc1cccc(Br)c1', 'Fc1ccc(Br)cc1']","['O=C1COc2cc(Br)ccc2N1', 'CC(=O)/C=C/c1ccc(Br)cc1', 'CC(=O)CC(=O)c1ccc(Br)cc1', 'Oc1nccc2cc(Br)cnc12', 'Brc1ccc2cncnc2c1', 'O=C1CCc2ncc(Br)cc2N1', 'Brc1cccc2cnccc12', 'Brc1ccc2c(c1)oc1ccccc12', 'Brc1cnc2cccnc2c1', 'COc1ccc2cc(Br)ccc2n1', 'Fc1cc(Br)ccc1-c1ccccc1', 'Brc1ccc2oc3ccccc3c2c1', 'Cn1nnc(-c2ccc(Br)cn2)n1']"
3,"[36.8, 72.1]",1.5274042424370569,"['Oc1ccc(Br)cc1', 'Cc1ccc(Br)cc1']","['N#CC1(c2ccc(Br)cc2)CC1', 'Brc1cnc2ncoc2c1', 'Brc1ccc2ncnn2c1', 'CC(O)c1ccc(Br)cc1', 'CNC(=O)c1cccc(Br)c1', 'OCc1ccc(Br)cc1', 'CC(C)(C#N)c1ccc(Br)cn1', 'O=C1CC(c2ccc(Br)cc2)N1', 'Brc1cnc2[nH]ccc2c1', 'Cc1ccc(Br)cn1', 'Oc1ccc(Br)cn1', 'Cc1cncc(Br)c1']"
4,"[49.8, 67.2]",1.5355851387369903,"['COc1cccc(Br)c1', 'CC(C)(C)c1cccc(Br)c1']","['Cn1cnc2ccc(Br)cc21', 'OCC(O)c1cccc(Br)c1', 'NCCc1ccc(Br)cc1', 'Brc1cccc2[nH]ncc12', 'N#CCCc1ccc(Br)cc1', 'O=C1CCc2ccc(Br)cc2N1', 'CC(C)(N)c1ccc(Br)cc1', 'Oc1cccc(Br)c1', 'Brc1cccnc1', 'Cc1cc(Br)cnc1C', 'CC1(C)C(=O)Nc2ccc(Br)cc21']"
5,"[85.9, 0.0]",1.5903362047139071,"['Cc1cc(Br)ccn1', 'FC(F)C(F)(F)Oc1cccc(Br)c1']","['Brc1ccc(C2OCCO2)cc1', 'CC(=O)Cc1cccc(Br)c1', 'CC(C)(CO)c1ccc(Br)cn1', 'Brc1cccc(-c2cc[nH]n2)c1', 'Brc1cccc(Cn2cccn2)c1', 'NC1(c2ccc(Br)cc2)CC1', 'OC1Cc2ccc(Br)cc2C1', 'CC(C)c1ccc(Br)cc1', 'FCCOc1cncc(Br)c1', 'O=C1CCCc2ccc(Br)cc2N1']"
6,"[60.9, 0.3]",1.6234869885716068,"['Brc1cncnc1', 'Nc1cc(Br)ccn1']","['CC(C)(C)Oc1ccc(Br)cc1', 'Nc1nc2ccc(Br)cc2o1', 'O=C1NCc2cc(Br)ccc21', 'O=C1CCC(c2cccc(Br)c2)CN1', 'Brc1ccc([C@@H]2CNCCO2)cc1', 'Cc1n[nH]c2cc(Br)ccc12', 'Brc1ccc(C2CCCN2)cc1', 'Cc1cn[nH]c1-c1ccc(Br)cc1', 'O=C1CN(Cc2cccc(Br)c2)C(=O)N1', 'Brc1cccc(-n2ccnc2)c1']"
7,"[17.7, 28.3]",1.6880971274282772,"['Nc1ncncc1Br', 'Fc1ccccc1Br']","['Brc1ccc(-c2cccs2)cc1', 'O=C1CCCN1c1ccc(Br)cc1F', 'Brc1ccc2[nH]cnc2c1', 'O=C1Nc2ccc(Br)cc2C12OCCO2', 'Brc1cnc2cc[nH]c2c1', 'FC(F)(F)c1cncc(Br)c1', 'CC(C)(CO)c1cc(Br)ccn1', 'CC(=O)Nc1ccc(Br)cc1', 'COc1cc(Br)cc(OC)c1']"
8,"[0.3, 85.7]",1.7903359990057846,"['Oc1ccnc(Br)c1', 'Cc1ccnc(Br)c1']","['OC1CCOc2c(Br)cccc21', 'Brc1cccc2ccoc12', 'Oc1ncc(Br)cn1', 'CSc1ncc(Br)cn1', 'Nc1ncc(Br)cn1', 'OCc1ccc(Br)c(F)c1', 'Brc1cnc2ncccc2c1', 'C=CCc1ccc(Br)c(F)c1', 'COc1ccccc1Br']"
9,"[0.0, 55.5]",2.0476866132183362,"['Brc1ncn[nH]1', 'Cc1ccc(Br)nc1']","['Nc1nc2cc(Br)ccc2o1', 'Cn1ccc(-c2cccc(Br)c2)n1', 'Brc1cccc(-c2nnc(C3CC3)o2)c1', 'Cn1cnc2cc(Br)ccc21', 'Brc1cncc2ccccc12', 'Brc1ccnc2ccccc12', 'Brc1cccc2ncncc12', 'Brc1cncc2[nH]ccc12']"
