,obj_values ['yield'],Vendi_score,eval_samples,cut_samples
0,"[21.7, 15.5]",1.5656603950383812,"['Brc1ccc2c(c1)oc1ccccc12', 'Cn1cc(Br)nn1']",[]
1,"[19.0, 0.0]",1.5988014795290701,"['CC(=O)c1ccc(Oc2cccc(Br)c2)cc1', 'Nc1cnc(-c2cccc(Br)c2)nc1']","['Cn1cnc2ccc(Br)cc21', 'Fc1cc(Br)ccc1-c1ccccc1', 'O=C1CCc2ccc(Br)cc2N1', 'O=C1CCCc2ccc(Br)cc2N1', 'O=C1COc2cc(Br)ccc2N1', 'Brc1cccc(-n2ccnc2)c1', 'O=C1CC(c2ccc(Br)cc2)N1', 'FCCOc1cncc(Br)c1', 'O=C1CCCN1c1ccc(Br)cc1F', 'Brc1ccc(-c2ncco2)cc1', 'O=C1CCc2ncc(Br)cc2N1', 'Brc1cccc2[nH]ncc12', 'CNC(=O)c1cccc(Br)c1']"
2,"[0.0, 9.2]",1.686034054360771,"['FC(F)C(F)(F)Oc1cccc(Br)c1', 'Brc1ccc2ncncc2c1']","['Brc1ccc(-c2nc3ccccc3[nH]2)cc1', 'Brc1cccc(-c2cc[nH]n2)c1', 'CC(=O)N1CCc2cc(Br)ccc21', 'O=C1CCCCC1Oc1ccc(Br)cc1', 'O=C(c1cccc(Br)c1)c1ccccn1', 'Brc1ccc(-c2nc3cnccc3[nH]2)cc1', 'Brc1ccc(-c2nnc[nH]2)cc1', 'Nc1nc2cc(Br)ccc2o1', 'Brc1ccc2oc3ccccc3c2c1', 'Cn1ccc(-c2cccc(Br)c2)n1', 'O=C1c2ccc(Br)cc2CN1C1CC1', 'O=C1CC(c2cccc(Br)c2)CC(=O)N1', 'O=C(c1ccc(Br)cc1)N1CCOCC1']"
3,"[20.6, 22.0]",1.8480648813429281,"['Brc1cccc2nccn12', 'Brc1cc2ncccc2[nH]1']","['Brc1ccc(-c2cccs2)cc1', 'CC(=O)Cc1cccc(Br)c1', 'Cc1cn[nH]c1-c1ccc(Br)cc1', 'CC(C)(C#N)c1ccc(Br)cn1', 'CC(=O)c1cccc(Br)c1', 'CC(C)(CO)c1ccc(Br)cn1', 'Brc1cccc(-n2cncn2)c1', 'Brc1cccc(-c2nnc(C3CC3)o2)c1', 'Oc1ccnc2ccc(Br)cc12', 'Brc1ccc2cnccc2c1', 'COc1ncc2cc(Br)ccc2n1', 'Cn1nnc(-c2ccc(Br)cn2)n1']"
4,"[0.0, 0.6]",2.0125692875961803,"['Cc1nc2cccc(Br)n2n1', 'Nc1ncnn2c(Br)ccc12']","['O=C1CCC(c2cccc(Br)c2)CN1', 'COc1ccc2cc(Br)cnc2n1', 'COc1ccc2cc(Br)ccc2n1', 'CC1(C)C(=O)Nc2ccc(Br)cc21', 'Oc1nccc2cc(Br)cnc12', 'O=c1cc(O)c2ccc(Br)cc2o1', 'CC(=O)/C=C/c1ccc(Br)cc1', 'C#Cc1ccc(Br)cc1', 'O=C1NCc2cc(Br)ccc21', 'Brc1cnc2ncoc2c1', 'N#CC1(c2ccc(Br)cc2)CC1']"
5,"[52.4, 0.3]",2.346888132536778,"['Nc1nccc(Br)n1', 'COc1ccc(COc2cccc(Br)n2)cc1']","['Brc1ccc2cnnn2c1', 'Brc1cccc(Cn2cccn2)c1', 'CCC(=O)c1ccc(Br)cc1O', 'Brc1cnc2[nH]ccc2c1', 'Brc1ccc(C2OCCO2)cc1', 'C[Si](C)(C)C#Cc1cccc(Br)c1', 'Nc1nc2ccc(Br)cc2o1', 'O=C1CN(Cc2cccc(Br)c2)C(=O)N1', 'Brc1ccc2ncnn2c1', 'CC(=O)Nc1ccc(Br)cc1']"
6,"[44.1, 20.4]",2.53885496036627,"['Nc1cc(Br)ncn1', 'Brc1ncccn1']","['Brc1ccc([C@@H]2CNCCO2)cc1', 'CC(=O)CC(=O)c1ccc(Br)cc1', 'Brc1cn2ccnc2cn1', 'OCC(O)c1cccc(Br)c1', 'Cc1n[nH]c2cc(Br)ccc12', 'Brc1ccc2cncnc2c1', 'O=C1Nc2ccc(Br)cc2C12OCCO2', 'Brc1ccc2nn[nH]c2c1', 'N#CCCc1ccc(Br)cc1', 'CC(C)Sc1ccc(Br)cc1']"
7,"[0.3, 85.7]",2.5139333268372672,"['Nc1cc(Br)ccn1', 'Cc1ccnc(Br)c1']","['Cc1cncc(Br)n1', 'Brc1ccn2nccc2n1', 'OC1Cc2ccc(Br)cc2C1', 'Oc1cccc(Br)n1', 'CNC(=O)c1ccnc(Br)c1', 'Cc1cc(Br)cnc1C', 'Cc1ccc(Br)nc1', 'COc1ncc(Br)nc1OC', 'COc1cccc(Br)c1']"
8,"[43.5, 0.3]",2.5238189879062687,"['Brc1ccc2[nH]ccc2n1', 'Oc1ccnc(Br)c1']","['Cc1ccc(Br)cn1', 'COc1cccnc1Br', 'CC(C)(CO)c1cc(Br)ccn1', 'COc1cc(Br)cc(OC)c1', 'NCCc1ccc(Br)cc1', 'Cc1cncc(Br)c1', 'Oc1cccc(Br)c1', 'NC1(c2ccc(Br)cc2)CC1', 'Brc1ccc(C2CCCN2)cc1']"
9,"[58.4, 0.3]",2.5090404373805333,"['Brc1ccc2cccnc2n1', 'Brc1ccc2ccncc2n1']","['Oc1ccc(Br)nc1', 'Brc1cnc2cc[nH]c2c1', 'CC(C)(C)c1cccc(Br)c1', 'Brc1ccc2ncccc2n1', 'COc1ccc2nccc(Br)c2c1', 'CC(O)c1ccc(Br)cc1', 'Brc1ccc2[nH]cnc2c1', 'Brc1cnc2ccccc2n1']"
