,obj_values ['yield'],Vendi_score,eval_samples,cut_samples
0,"[53.1, 0.0]",1.467237540129286,"['CC(C)c1ccc(Br)cc1', 'O=C(Nc1ccc(Br)c(F)c1)c1ccccn1']",[]
1,"[0.0, 0.4]",1.4054035867226975,"['NC1(c2ccc(Br)cc2)CC1', 'NCCc1ccc(Br)cc1']","['Cn1ccc(-c2cccc(Br)c2)n1', 'CC(C)(C)Oc1ccc(Br)cc1', 'OC1Cc2ccc(Br)cc2C1', 'O=C1CCCc2ccc(Br)cc2N1', 'Brc1cccc(Cn2cccn2)c1', 'O=C1CCC(c2cccc(Br)c2)CN1', 'O=C1CC(c2ccc(Br)cc2)N1', 'Brc1ccc(C2CCCN2)cc1', 'Brc1ccc(C2OCCO2)cc1', 'N#CCCc1ccc(Br)cc1', 'Brc1ccc([C@@H]2CNCCO2)cc1', 'O=C1CCCN1c1ccc(Br)cc1F', 'Brc1cccc(-c2cc[nH]n2)c1']"
2,"[0.0, 0.0]",1.423012019055254,"['N#CC1(c2ccc(Br)cc2)CC1', 'C[Si](C)(C)C#Cc1cccc(Br)c1']","['CC(C)(N)c1ccc(Br)cc1', 'OCC(O)c1cccc(Br)c1', 'CC(C)(C)c1cccc(Br)c1', 'Brc1ccc2oc3ccccc3c2c1', 'O=C1COc2cc(Br)ccc2N1', 'CC(=O)N1CCc2cc(Br)ccc21', 'CC(=O)Nc1ccc(Br)cc1', 'O=C1CCc2ccc(Br)cc2N1', 'OCc1ccc(Br)cc1', 'Cn1cnc2ccc(Br)cc21', 'CC(C)(CO)c1ccc(Br)cn1', 'CC1(C)C(=O)Nc2ccc(Br)cc21', 'CC(O)c1ccc(Br)cc1']"
3,"[72.1, 35.4]",1.4292071759166505,"['Cc1ccc(Br)cc1', 'Brc1ccc2[nH]cnc2c1']","['O=C1CN(Cc2cccc(Br)c2)C(=O)N1', 'CC(C)(C)OC(=O)Nc1ccc(Br)cn1', 'Fc1cc(Br)ccc1-c1ccccc1', 'FCCOc1cncc(Br)c1', 'O=C1CCc2ncc(Br)cc2N1', 'COc1ccc2cc(Br)ccc2n1', 'Nc1nc2cc(Br)ccc2o1', 'Brc1cccc(-c2nnc(C3CC3)o2)c1', 'Oc1ccnc2ccc(Br)cc12', 'Cc1cn[nH]c1-c1ccc(Br)cc1', 'Nc1nc2ccc(Br)cc2o1', 'Brc1cccc(-n2cncn2)c1']"
4,"[66.7, 22.5]",1.484388949597812,"['Fc1ccc(Br)cc1', 'Oc1ccc(Br)cn1']","['Cn1cnc2cc(Br)ccc21', 'Cc1cc(Br)cnc1C', 'Brc1ccc(-c2ncco2)cc1', 'COc1cccc(Br)c1', 'Brc1cccc2[nH]ncc12', 'Brc1cnc2cc[nH]c2c1', 'Brc1cnc2[nH]ccc2c1', 'CC(=O)Cc1cccc(Br)c1', 'C#Cc1ccc(Br)cc1', 'CNC(=O)c1cccc(Br)c1', 'Oc1ccc(Br)cc1']"
5,"[63.4, 27.0]",1.641530387597593,"['Fc1ccc(Br)nc1', 'N#Cc1cccc(Br)c1']","['Oc1ncnc2ccc(Br)cc12', 'Brc1ccc2nn[nH]c2c1', 'Oc1cccc(Br)c1', 'COc1ccc2cc(Br)cnc2n1', 'NS(=O)(=O)Cc1cccc(Br)c1', 'O=C1Nc2ccc(Br)cc2C12OCCO2', 'Cc1ccc(Br)cn1', 'CC(C)(C#N)c1ccc(Br)cn1', 'Cc1cncc(Br)c1', 'Brc1cnc2[nH]ncc2c1']"
6,"[0.3, 28.9]",1.7363867638468038,"['Oc1ccnc(Br)c1', 'Oc1ccc(Br)nc1']","['Brc1cncc2[nH]ccc12', 'C=CCc1ccc(Br)c(F)c1', 'Brc1cccc(-c2nnn[nH]2)c1', 'Oc1cnc2cc(Br)ccc2n1', 'Brc1ccc2c(c1)oc1ccccc12', 'Brc1cccc2ccoc12', 'Brc1cccc2cnccc12', 'Brc1ccc2ncnn2c1', 'Brc1cccnc1', 'Brc1cccc2[nH]cnc12']"
7,"[28.3, 16.2]",1.8066082231268765,"['Fc1ccccc1Br', 'Oc1ccccc1Br']","['OC1CCOc2c(Br)cccc21', 'Brc1cccc(-n2ccnc2)c1', 'OCc1ccc(Br)c(F)c1', 'Brc1cnc2ncoc2c1', 'Oc1cccc(Br)n1', 'Cn1nnc(-c2ccc(Br)cn2)n1', 'FC(F)C(F)(F)Oc1cccc(Br)c1', 'COc1cc(Br)cc(OC)c1', 'COc1ccccc1Br']"
8,"[0.0, 43.5]",2.1183488215106814,"['Brc1ncn[nH]1', 'Brc1ccc2[nH]ccc2n1']","['Brc1ccc(N2CCOCC2)nc1', 'Brc1cncc2ccccc12', 'O=C1NCc2cc(Br)ccc21', 'Brc1ccc(-c2cccs2)cc1', 'Cc1n[nH]c2cc(Br)ccc12', 'Nc1ncc(Br)cn1', 'Nc1c(F)cncc1Br', 'CC(=O)c1cccc(Br)c1', 'O=C1CCc2cccc(Br)c2N1']"
9,"[30.6, 55.5]",2.1959514907388122,"['N#Cc1cc(Br)cs1', 'Cc1ccc(Br)nc1']","['N#Cc1cc2cc(Br)ccc2s1', 'OC(c1ccc(Br)cn1)C(F)(F)F', 'FC(F)(F)c1cncc(Br)c1', 'CSc1ncc(Br)cn1', 'COc1cccnc1Br', 'CS(=O)(=O)c1ccc(Br)cc1', 'COc1ncc(Br)nc1OC', 'Brc1cn2ccnc2cn1']"
