,obj_values ['yield'],Vendi_score,eval_samples,cut_samples
0,"[22.5, 24.2]",1.34349379306511,"['Oc1ccc(Br)cn1', 'Brc1cn2ccnc2cn1']",[]
1,"[8.9, 5.9]",1.5692700976442155,"['Oc1nccc2cc(Br)cnc12', 'Brc1ccn2nccc2n1']","['Cc1ccc(Br)cn1', 'C#Cc1ccc(Br)cc1', 'Brc1cccc(-n2cncn2)c1', 'Oc1ncnc2ccc(Br)cc12', 'Oc1ccnc2ccc(Br)cc12', 'Brc1ccc2nn[nH]c2c1', 'Oc1cnc2cc(Br)ccc2n1', 'Brc1ccc2ncnn2c1', 'Brc1cnc2[nH]ncc2c1', 'Oc1ccc(Br)cc1', 'Fc1ccc(Br)cc1', 'Cc1cncc(Br)c1', 'Brc1cnc2[nH]ccc2c1']"
2,"[34.1, 0.3]",1.6049075468565888,"['Cc1cc(Br)cnc1C', 'Oc1ncc(Br)cn1']","['COc1ccc2cc(Br)cnc2n1', 'CC(=O)c1cccc(Br)c1', 'COc1ncc2cc(Br)ccc2n1', 'Brc1cnc2cccnc2c1', 'Brc1ccc(-c2ncco2)cc1', 'Brc1ccc2cnnn2c1', 'Brc1ccc2cncnc2c1', 'Brc1ccc2cnccc2c1', 'O=C1CCc2ncc(Br)cc2N1', 'Brc1cccc2cnccc12', 'Brc1ccc2ncncc2c1', 'Brc1cnc2ncoc2c1', 'Brc1cccc2[nH]ncc12']"
3,"[53.1, 0.4]",1.6179105795765079,"['CC(C)c1ccc(Br)cc1', 'NCCc1ccc(Br)cc1']","['Brc1cccc(-n2ccnc2)c1', 'Nc1ncc(Br)cn1', 'Brc1cnc2ncccc2c1', 'O=C1CCc2ccc(Br)cc2N1', 'CNC(=O)c1cccc(Br)c1', 'O=C1NCc2cc(Br)ccc21', 'CC(C)(C#N)c1ccc(Br)cn1', 'Brc1cccnc1', 'O=C1CC(c2ccc(Br)cc2)N1', 'CSc1ncc(Br)cn1', 'FCCOc1cncc(Br)c1', 'O=C1COc2cc(Br)ccc2N1']"
4,"[22.0, 67.2]",1.5934739608987292,"['CC(C)(C)Oc1ccc(Br)cc1', 'CC(C)(C)c1cccc(Br)c1']","['N#CCCc1ccc(Br)cc1', 'O=C1CCCc2ccc(Br)cc2N1', 'CC(C)(N)c1ccc(Br)cc1', 'CC(=O)Cc1cccc(Br)c1', 'Cc1ccc(Br)cc1', 'OCc1ccc(Br)cc1', 'OCC(O)c1cccc(Br)c1', 'COc1cccc(Br)c1', 'CC(O)c1ccc(Br)cc1', 'Cn1cnc2ccc(Br)cc21', 'OC1Cc2ccc(Br)cc2C1']"
5,"[85.7, 41.5]",1.6450172492694395,"['Cc1ccnc(Br)c1', 'Brc1cccc(Cn2cccn2)c1']","['NC1(c2ccc(Br)cc2)CC1', 'Brc1ccc(C2OCCO2)cc1', 'Brc1ccc(C2CCCN2)cc1', 'N#CC1(c2ccc(Br)cc2)CC1', 'Brc1cccc(-c2cc[nH]n2)c1', 'Fc1cc(Br)ccc1-c1ccccc1', 'CC(C)(CO)c1ccc(Br)cn1', 'Brc1ccc2oc3ccccc3c2c1', 'CC1(C)C(=O)Nc2ccc(Br)cc21', 'Brc1ccc([C@@H]2CNCCO2)cc1']"
6,"[55.5, 58.4]",1.729288950270091,"['Cc1ccc(Br)nc1', 'Brc1ccc2cccnc2n1']","['COc1ccc2cc(Br)ccc2n1', 'Nc1nc2cc(Br)ccc2o1', 'Brc1ccc2c(c1)oc1ccccc12', 'CC(=O)Nc1ccc(Br)cc1', 'Nc1nc2ccc(Br)cc2o1', 'Oc1cccc(Br)c1', 'Cn1ccc(-c2cccc(Br)c2)n1', 'Cc1cn[nH]c1-c1ccc(Br)cc1', 'O=C1CCC(c2cccc(Br)c2)CN1', 'O=C1CCCN1c1ccc(Br)cc1F']"
7,"[18.3, 0.3]",1.782046122359674,"['Cc1ccc2ccc(Br)nc2n1', 'Oc1ccnc(Br)c1']","['Cc1n[nH]c2cc(Br)ccc12', 'Cc1cncc(Br)n1', 'Brc1ccc2[nH]cnc2c1', 'Brc1cnc2cc[nH]c2c1', 'Oc1cccc(Br)n1', 'Cn1cnc2cc(Br)ccc21', 'Cn1nnc(-c2ccc(Br)cn2)n1', 'COc1cc(Br)cc(OC)c1', 'O=C1CN(Cc2cccc(Br)c2)C(=O)N1']"
8,"[0.0, 0.0]",1.8557068897258144,"['FC(F)(F)c1cnc2nc(Br)ccc2c1', 'C[Si](C)(C)C#Cc1cccc(Br)c1']","['Brc1cnc2ccccc2n1', 'CC(=O)N1CCc2cc(Br)ccc21', 'Brc1ccc2ccncc2n1', 'CNC(=O)c1ccnc(Br)c1', 'CCC(=O)c1ccc(Br)cc1O', 'O=c1cc(O)c2ccc(Br)cc2o1', 'Brc1cccc(-c2nnc(C3CC3)o2)c1', 'Nc1cc(Br)ncn1', 'O=C1c2ccc(Br)cc2CN1C1CC1']"
9,"[43.5, 16.2]",1.9407963819623049,"['Brc1ccc2[nH]ccc2n1', 'Oc1ccccc1Br']","['Brc1ccc(-c2cccs2)cc1', 'NS(=O)(=O)Cc1cccc(Br)c1', 'O=C1CC(c2cccc(Br)c2)CC(=O)N1', 'O=C(c1ccc(Br)cc1)N1CCOCC1', 'CC1(C)OB(c2ccc(Br)cc2)OC1(C)C', 'FC(F)C(F)(F)Oc1cccc(Br)c1', 'Brc1ccc2ncccc2n1', 'COc1ncc(Br)nc1OC']"
