,obj_values ['yield'],Vendi_score,eval_samples,cut_samples
0,"[1.4, 51.7]",1.172792104370083,"['Brc1cnc2cncn2c1', 'Brc1cncc2[nH]ccc12']",[]
1,"[28.7, 36.8]",1.2997653974100645,"['COc1ccccc1Br', 'Oc1ccc(Br)cc1']","['Brc1ccc2cnnn2c1', 'O=C1CCc2cccc(Br)c2N1', 'Brc1cccc2[nH]cnc12', 'Brc1cnc2ncoc2c1', 'Brc1cnc2cc[nH]c2c1', 'Brc1cnc2[nH]ccc2c1', 'FCCOc1cncc(Br)c1', 'Brc1cncc2ccccc12', 'Oc1nccc2cc(Br)cnc12', 'Brc1cnc2nccn2c1', 'Brc1cccc2cncnc12', 'Brc1cccc2[nH]ncc12', 'Brc1cccc2ccoc12']"
2,"[0.3, 0.3]",1.4426467315009641,"['COc1ccc2nccc(Br)c2c1', 'Nc1cc(Br)ccn1']","['Nc1c(F)cncc1Br', 'Cc1cncc(Br)c1', 'C=CCc1ccc(Br)c(F)c1', 'Nc1nc2ccc(Br)cc2o1', 'Brc1ccc2[nH]cnc2c1', 'NCCc1ccc(Br)cc1', 'CC(=O)Nc1ccc(Br)cc1', 'Cc1cc(Br)cnc1C', 'OC1CCOc2c(Br)cccc21', 'Cc1ccc(Br)cc1', 'Cc1ccc(Br)cn1', 'Nc1ncc(Br)cn1', 'Cn1cnc2ccc(Br)cc21']"
3,"[0.0, 0.3]",1.6873550270190598,"['COc1nccc(N)c1Br', 'COc1ccc2[nH]cc(Br)c2n1']","['Brc1cccc(-n2ccnc2)c1', 'O=C1COc2cc(Br)ccc2N1', 'Brc1ccc(-c2ncco2)cc1', 'C#Cc1ccc(Br)cc1', 'Brc1cccc(-c2cc[nH]n2)c1', 'COc1cccc(Br)c1', 'O=C1CCc2ncc(Br)cc2N1', 'Oc1cccc(Br)c1', 'Cc1n[nH]c2cc(Br)ccc12', 'O=C1CCc2ccc(Br)cc2N1', 'Oc1cc2cccc(Br)c2cn1', 'Brc1cccc2cnccc12']"
4,"[66.7, 67.8]",1.7301338697217714,"['Fc1ccc(Br)cc1', 'Cn1cnc2cc(Br)ccc21']","['Brc1ccc2ncnn2c1', 'OCc1ccc(Br)c(F)c1', 'Nc1nc2cc(Br)ccc2o1', 'FC(F)(F)c1ccc(Br)c2[nH]ccc12', 'CC1(C)C(=O)Nc2ccc(Br)cc21', 'O=C1CC(c2ccc(Br)cc2)N1', 'Oc1ccccc1Br', 'Brc1cccc2[nH]c3ccccc3c12', 'Nc1ncncc1Br', 'CSc1ncc(Br)cn1', 'Fc1ccccc1Br']"
5,"[7.5, 27.0]",1.8199053949348962,"['Brc1cccc(-c2nnn[nH]2)c1', 'N#Cc1cccc(Br)c1']","['CC(C)(N)c1ccc(Br)cc1', 'Brc1ccc2nn[nH]c2c1', 'O=C1CCCc2ccc(Br)cc2N1', 'OCc1ccc(Br)cc1', 'Oc1ccc(Br)cn1', 'OCC(O)c1cccc(Br)c1', 'N#CCCc1ccc(Br)cc1', 'OC1Cc2ccc(Br)cc2C1', 'Oc1ccnc2ccc(Br)cc12', 'CC(O)c1ccc(Br)cc1']"
6,"[67.2, 53.1]",1.8034402191879129,"['CC(C)(C)c1cccc(Br)c1', 'CC(C)c1ccc(Br)cc1']","['CC(C)(C#N)c1ccc(Br)cn1', 'O=C1CCCN1c1ccc(Br)cc1F', 'CNC(=O)c1cccc(Br)c1', 'N#CC1(c2ccc(Br)cc2)CC1', 'Brc1cccnc1', 'Brc1cccc(-n2cncn2)c1', 'Brc1ccc2oc3ccccc3c2c1', 'Brc1ccc(C2OCCO2)cc1', 'Brc1cnc2[nH]ncc2c1', 'COc1ccc2cc(Br)cnc2n1']"
7,"[0.1, 0.0]",1.8140741183540654,"['CC(=O)N1CCc2cc(Br)ccc21', 'CN1CCOc2cc(Br)ccc21']","['CC(C)(CO)c1ccc(Br)cn1', 'Brc1ccc([C@@H]2CNCCO2)cc1', 'Brc1ccc(C2CCCN2)cc1', 'NC1(c2ccc(Br)cc2)CC1', 'CC(C)(C)Oc1ccc(Br)cc1', 'Cn1ccc(-c2cccc(Br)c2)n1', 'CC(=O)Cc1cccc(Br)c1', 'Brc1cccc(Cn2cccn2)c1', 'Fc1cc(Br)ccc1-c1ccccc1']"
8,"[0.6, 37.2]",1.812017255365518,"['Oc1cnc2cc(Br)ccc2n1', 'Oc1ncnc2ccc(Br)cc12']","['Cc1cn[nH]c1-c1ccc(Br)cc1', 'Brc1cccc(-c2nnc(C3CC3)o2)c1', 'COc1ccc2cc(Br)ccc2n1', 'O=C1CCC(c2cccc(Br)c2)CN1', 'Brc1ccc(N2CCOCC2)nc1', 'COc1cc(Br)cc(OC)c1', 'O=C1NCc2cc(Br)ccc21', 'Brc1ccc(N2CCNCC2)cc1', 'Brc1ccc2c(c1)oc1ccccc12']"
9,"[60.9, 85.9]",1.8589882240881963,"['Brc1cncnc1', 'Cc1cc(Br)ccn1']","['COc1ncc2cc(Br)ccc2n1', 'Brc1ccc(-c2cccs2)cc1', 'Cn1nnc(-c2ccc(Br)cn2)n1', 'CC(=O)c1cccc(Br)c1', 'Brc1cnc2ncccc2c1', 'Brc1ccc2cnccc2c1', 'O=C1CN(Cc2cccc(Br)c2)C(=O)N1', 'Brc1ccnc2ccccc12']"
