,obj_values ['yield'],Vendi_score,eval_samples,cut_samples
0,"[28.5, 1.3]",1.2839163774040054,"['CC(C)(C)OC(=O)N1CCCCC1c1ccc(Br)cc1', 'Brc1ccc(-c2nc3cnccc3[nH]2)cc1']",[]
1,"[0.0, 27.9]",1.4414570872010364,"['Brc1ccc([C@@H]2CNCCO2)cc1', 'CCCc1cc(NC(=O)OC(C)(C)C)c2cc(Br)ccc2n1']","['O=C1CCC(Oc2cccc(Br)c2)CC1', 'Cc1cc(Br)cc(Nc2nccc(C3CC3)n2)c1', 'C[C@@H](NC(=O)OC(C)(C)C)c1ccc(Br)cc1', 'CC(C)(C)OC(=O)NC1(c2ccc(Br)cc2)CC(=O)C1', 'CC(C)(C)OC(=O)N1CCOc2ccc(Br)cc2C1', 'CC(=O)c1ccc(Oc2cccc(Br)c2)cc1', 'CC1(C)OB(c2ccc(Br)cc2)OC1(C)C', 'COc1ccc(Cn2cnc3cc(Br)ccc32)cc1', 'CCOP(=O)(Cc1ccc(Br)cn1)OCC', 'Brc1ccc(-c2nnc(-c3ccccc3)o2)cc1', 'Brc1ccc(-c2nc3ccccc3[nH]2)cc1', 'O=S(=O)(Cc1ccc(Br)cc1)N1CCCC1', 'Brc1cccc(-c2nnc(C3CC3)o2)c1']"
2,"[0.0, 0.0]",1.6963542022391733,"['CC(C)(C)OC(=O)N1CCC(Nc2ccc(Br)cc2)CC1', 'FC(F)(F)c1cc(Br)c2nc[nH]c2c1']","['O=C1CCC(c2cccc(Br)c2)CN1', 'Fc1cc(Br)ccc1-c1ccccc1', 'O=C1CCCN1c1ccc(Br)cc1F', 'O=C(c1ccc(Br)cc1)N1CCOCC1', 'C[Si](C)(C)C#Cc1cccc(Br)c1', 'Brc1ccc(C2CCCN2)cc1', 'CC(=O)N1CCc2cc(Br)ccc21', 'Brc1ccc2c(c1)oc1ccccc12', 'CC(C)(C)Oc1ccc(Br)cc1', 'CC(C)(C)OC(=O)Nc1ccc(Br)cn1', 'O=C1CCCc2ccc(Br)cc2N1', 'Cn1ccc(-c2cccc(Br)c2)n1', 'O=C1CCCCC1Oc1ccc(Br)cc1']"
3,"[0.0, 47.7]",1.7818062841011544,"['FC(F)C(F)(F)Oc1cccc(Br)c1', 'O=S(=O)(CCO)c1ccc(Br)cc1']","['O=C1CC(c2cccc(Br)c2)CC(=O)N1', 'Brc1ccc2oc3ccccc3c2c1', 'Brc1ccc(C2OCCO2)cc1', 'Nc1cnc(-c2cccc(Br)c2)nc1', 'CC(C)(C)OC(=O)n1cc(CO)c2c(Br)cccc21', 'O=C1CC(c2ccc(Br)cc2)N1', 'O=C1c2ccc(Br)cc2CN1C1CC1', 'NS(=O)(=O)Cc1cccc(Br)c1', 'Brc1cccc(Cn2cccn2)c1', 'O=C(NCc1ccccc1)c1ccc(Br)cn1', 'Brc1cccc(-c2cc[nH]n2)c1', 'O=C1CN(Cc2cccc(Br)c2)C(=O)N1']"
4,"[7.1, 2.9]",1.8365300297200873,"['N#Cc1cc2cc(Br)ccc2s1', 'O=C(c1cc2cc(Br)cnc2s1)N1CCOCC1']","['FCCOc1cncc(Br)c1', 'CS(=O)(=O)c1ccc(Br)cc1', 'N#CCCc1ccc(Br)cc1', 'O=C1CCc2ccc(Br)cc2N1', 'N#CC1(c2ccc(Br)cc2)CC1', 'Brc1cccc(-n2cncn2)c1', 'CC(C)(CO)c1ccc(Br)cn1', 'FC(F)(F)c1cc2ccc(Br)cc2cn1', 'O=c1cc(O)c2ccc(Br)cc2o1', 'Cn1nnc(-c2ccc(Br)cn2)n1', 'O=C1Nc2ccc(Br)cc2C12OCCO2']"
5,"[5.0, 0.0]",2.055828227790633,"['FC(F)(F)c1ccc2cc(Br)ncc2n1', 'FC(F)(F)c1cnc2cc(Br)ncc2n1']","['COc1ccc2cc(Br)ccc2n1', 'Cc1cn[nH]c1-c1ccc(Br)cc1', 'O=C(c1cccc(Br)c1)c1ccccn1', 'FC(F)(F)c1ccnc(Nc2cccc(Br)c2)n1', 'Brc1ccc(-c2cccs2)cc1', 'Oc1ccnc2ccc(Br)cc12', 'COc1ccc2cc(Br)cnc2n1', 'CC(C)(C#N)c1ccc(Br)cn1', 'CC(C)NC(=O)c1ccc(Br)cn1', 'CN(C)S(=O)(=O)c1ccc(Br)cc1']"
6,"[7.5, 25.7]",2.05259775459905,"['Brc1cccc(-c2nnn[nH]2)c1', 'OC(c1ccc(Br)cn1)C(F)(F)F']","['O=C(c1cccc(Br)c1)C(F)(F)F', 'CC(=O)CC(=O)c1ccc(Br)cc1', 'CNC(=O)c1cccc(Br)c1', 'CC(=O)/C=C/c1ccc(Br)cc1', 'CCC(=O)c1ccc(Br)cc1O', 'CC1(C)C(=O)Nc2ccc(Br)cc21', 'O=C1CCc2ncc(Br)cc2N1', 'COc1ncc2cc(Br)ccc2n1', 'CC(C)Sc1ccc(Br)cc1', 'Brc1ccc(-c2ncco2)cc1']"
7,"[69.7, 17.2]",2.1078650098569818,"['CC(C)(CO)c1cc(Br)ccn1', 'FC(F)(F)c1ncc(Br)cn1']","['Brc1ccc2nn[nH]c2c1', 'FC(F)(F)c1nc2ccc(Br)cn2n1', 'OC1Cc2ccc(Br)cc2C1', 'Cn1cnc2ccc(Br)cc21', 'CC(C)(C)c1cc(Br)c2ncccc2c1', 'O=C1COc2cc(Br)ccc2N1', 'O=S(=O)(O)c1cncc(Br)c1', 'OCC(O)c1cccc(Br)c1', 'Oc1cnc2cc(Br)ccc2n1']"
8,"[85.9, 0.3]",2.1843063804073535,"['Cc1cc(Br)ccn1', 'Nc1cc(Br)ccn1']","['Oc1nccc2cc(Br)cnc12', 'FC(F)(F)c1cncc(Br)c1', 'Brc1cccc(-n2ccnc2)c1', 'O=C1NCc2cc(Br)ccc21', 'Brc1cnc(Oc2cccnc2)nc1', 'FC(F)(F)Sc1ccc(Br)cc1', 'Brc1ccc2cncnc2c1', 'Brc1cnc2ncoc2c1', 'Brc1cnc2ncccc2c1']"
9,"[1.7, 0.0]",2.200202413039107,"['Brc1ccnc2cccnc12', 'Brc1ccn2nnnc2c1']","['Brc1ccc2cnccc2c1', 'Brc1cnc2cccnc2c1', 'Brc1ccc2ncncc2c1', 'CC(=O)Cc1cccc(Br)c1', 'NCCc1ccc(Br)cc1', 'CC(=O)c1cccc(Br)c1', 'CC(C)(C)c1cccc(Br)c1', 'Brc1ccc(-c2nnc[nH]2)cc1']"
