,obj_values ['yield'],Vendi_score,eval_samples,cut_samples
0,"[0.0, 48.1]",1.40128902840096,"['CC(C)(C)OC(=O)N1CCN(Cc2ccc(Br)cc2)CC1', 'O=C1c2ccc(Br)cc2CN1C1CC1']",[]
1,"[0.0, 30.3]",1.586918540444725,"['Brc1ccc2nn[nH]c2c1', 'Cn1nnc(-c2ccc(Br)cn2)n1']","['O=C1CCC(Oc2cccc(Br)c2)CC1', 'Cc1cc(Br)cc(Nc2nccc(C3CC3)n2)c1', 'O=C1CC(c2cccc(Br)c2)CC(=O)N1', 'CC(C)(C)OC(=O)NC1(c2ccc(Br)cc2)CC(=O)C1', 'CC(=O)c1ccc(Oc2cccc(Br)c2)cc1', 'CC1(C)OB(c2ccc(Br)cc2)OC1(C)C', 'CN(C)S(=O)(=O)c1ccc(Br)cc1', 'CC(C)Sc1ccc(Br)cc1', 'CC(C)NC(=O)c1ccc(Br)cn1', 'O=C(NCc1ccccc1)c1ccc(Br)cn1', 'Brc1ccc(CN2CCNCC2)cc1', 'O=C(c1ccc(Br)cc1)N1CCOCC1', 'Brc1ccc(CN2CCOCC2)cc1']"
2,"[24.7, 8.9]",1.5665415328178525,"['Brc1cccc(-c2nnc(C3CC3)o2)c1', 'Oc1nccc2cc(Br)cnc12']","['O=C1CCc2ncc(Br)cc2N1', 'CC(C)(CO)c1ccc(Br)cn1', 'CC(C)(C#N)c1ccc(Br)cn1', 'Brc1ccc2c(c1)oc1ccccc12', 'Fc1cc(Br)ccc1-c1ccccc1', 'CNC(=O)c1cccc(Br)c1', 'O=C1CCCc2ccc(Br)cc2N1', 'O=C1CCc2ccc(Br)cc2N1', 'O=C1NCc2cc(Br)ccc21', 'FCCOc1cncc(Br)c1', 'O=C1CCCN1c1ccc(Br)cc1F', 'Brc1cccc(-n2cncn2)c1', 'Brc1cccc(-n2ccnc2)c1']"
3,"[0.0, 0.3]",1.5347985385861762,"['CC(=O)CC(=O)c1ccc(Br)cc1', 'Brc1ccc2cncnc2c1']","['Brc1ccc(-c2nnc[nH]2)cc1', 'COc1ccc2cc(Br)cnc2n1', 'CC(=O)/C=C/c1ccc(Br)cc1', 'O=C(c1cccc(Br)c1)c1ccccn1', 'COc1ncc2cc(Br)ccc2n1', 'Brc1ccc(-c2ncco2)cc1', 'Brc1cnc2cccnc2c1', 'CCC(=O)c1ccc(Br)cc1O', 'Oc1ccnc2ccc(Br)cc12', 'O=c1cc(O)c2ccc(Br)cc2o1', 'Brc1ccc(-c2nc3cnccc3[nH]2)cc1', 'Brc1cnc2ncccc2c1']"
4,"[34.1, 0.0]",1.5735667575482428,"['Cc1cc(Br)cnc1C', 'Brc1ccc(C2CCCN2)cc1']","['Brc1cnc2ncoc2c1', 'Cc1cn[nH]c1-c1ccc(Br)cc1', 'CC(=O)c1cccc(Br)c1', 'Brc1ccc2cnccc2c1', 'Brc1ccc(-c2nc3ccccc3[nH]2)cc1', 'O=C1CC(c2ccc(Br)cc2)N1', 'O=C(c1cccc(Br)c1)C(F)(F)F', 'Brc1ccc2ncncc2c1', 'Brc1ccc2oc3ccccc3c2c1', 'O=C1CCC(c2cccc(Br)c2)CN1', 'Oc1cnc2cc(Br)ccc2n1']"
5,"[67.6, 3.2]",1.6052921534672504,"['Cc1cncc(Br)c1', 'Brc1cnc2nccn2c1']","['C#Cc1ccc(Br)cc1', 'CC(=O)Cc1cccc(Br)c1', 'N#CCCc1ccc(Br)cc1', 'N#CC1(c2ccc(Br)cc2)CC1', 'Cc1ccc(Br)cn1', 'Brc1cccc(-c2cc[nH]n2)c1', 'O=C1COc2cc(Br)ccc2N1', 'Cn1ccc(-c2cccc(Br)c2)n1', 'Brc1ccc(C2OCCO2)cc1', 'Brc1ccc([C@@H]2CNCCO2)cc1']"
6,"[0.0, 67.2]",1.627758008188947,"['FC(F)C(F)(F)Oc1cccc(Br)c1', 'CC(C)(C)c1cccc(Br)c1']","['Cn1cnc2ccc(Br)cc21', 'CC(C)(CO)c1cc(Br)ccn1', 'COc1ccc2cc(Br)ccc2n1', 'Brc1cccc2[nH]ncc12', 'Brc1ccc2cnnn2c1', 'OC1Cc2ccc(Br)cc2C1', 'Brc1cnc2[nH]ccc2c1', 'OCC(O)c1cccc(Br)c1', 'Brc1cccc(Cn2cccn2)c1', 'NCCc1ccc(Br)cc1']"
7,"[75.3, 12.1]",1.6363327283535962,"['Brc1cccnc1', 'Oc1cccc(Br)c1']","['O=C1CN(Cc2cccc(Br)c2)C(=O)N1', 'COc1cccc(Br)c1', 'C[Si](C)(C)C#Cc1cccc(Br)c1', 'NC1(c2ccc(Br)cc2)CC1', 'CC(C)c1ccc(Br)cc1', 'CC(C)(C)Oc1ccc(Br)cc1', 'CC(C)(N)c1ccc(Br)cc1', 'CC(O)c1ccc(Br)cc1', 'CC1(C)C(=O)Nc2ccc(Br)cc21']"
8,"[22.5, 60.9]",1.6687668807284426,"['Oc1ccc(Br)cn1', 'Brc1cncnc1']","['Cc1n[nH]c2cc(Br)ccc12', 'Cc1ccc(Br)cc1', 'Brc1ccc2ncnn2c1', 'COc1cc(Br)cc(OC)c1', 'OCc1ccc(Br)cc1', 'Brc1ccc(-c2cccs2)cc1', 'Nc1nc2cc(Br)ccc2o1', 'CC(=O)Nc1ccc(Br)cc1', 'Brc1cnc2cc[nH]c2c1']"
9,"[17.2, 85.9]",1.7058000997803036,"['FC(F)(F)c1ncc(Br)cn1', 'Cc1cc(Br)ccn1']","['Oc1ncc(Br)cn1', 'Oc1ncnc2ccc(Br)cc12', 'Nc1nc2ccc(Br)cc2o1', 'FC(F)(F)c1cncc(Br)c1', 'Fc1ccc(Br)cc1', 'Brc1cnc(Oc2cccnc2)nc1', 'Brc1cnc2[nH]ncc2c1', 'Oc1ccc(Br)cc1']"
