,obj_values ['yield'],Vendi_score,eval_samples,cut_samples
0,"[60.2, 20.3]",1.1623726414901974,"['O=C1CC(c2cccc(Br)c2)CC(=O)N1', 'Oc1ccnc2ccc(Br)cc12']",[]
1,"[24.7, 19.0]",1.2036718607019399,"['Brc1cccc(-c2nnc(C3CC3)o2)c1', 'CC(=O)c1ccc(Oc2cccc(Br)c2)cc1']","['Cn1nnc(-c2ccc(Br)cn2)n1', 'Fc1cc(Br)ccc1-c1ccccc1', 'Cc1cn[nH]c1-c1ccc(Br)cc1', 'O=C1c2ccc(Br)cc2CN1C1CC1', 'O=C1CCc2ccc(Br)cc2N1', 'O=C1CCCc2ccc(Br)cc2N1', 'O=C(c1ccc(Br)cc1)N1CCOCC1', 'Brc1ccc2oc3ccccc3c2c1', 'Brc1ccc2c(c1)oc1ccccc12', 'O=C1CCc2ncc(Br)cc2N1', 'CC(C)(CO)c1ccc(Br)cn1', 'COc1ccc2cc(Br)ccc2n1', 'CNC(=O)c1cccc(Br)c1']"
2,"[59.0, 31.2]",1.287659182565699,"['NS(=O)(=O)Cc1cccc(Br)c1', 'CC(=O)Cc1cccc(Br)c1']","['O=C1CN(Cc2cccc(Br)c2)C(=O)N1', 'O=C1CCC(Oc2cccc(Br)c2)CC1', 'O=C(c1cccc(Br)c1)c1ccccn1', 'CC1(C)OB(c2ccc(Br)cc2)OC1(C)C', 'O=c1cc(O)c2ccc(Br)cc2o1', 'O=C1CCCN1c1ccc(Br)cc1F', 'Brc1ccc(-c2nc3cnccc3[nH]2)cc1', 'COc1ncc2cc(Br)ccc2n1', 'O=C1CC(c2ccc(Br)cc2)N1', 'Cn1ccc(-c2cccc(Br)c2)n1', 'O=C1CCC(c2cccc(Br)c2)CN1', 'C[Si](C)(C)C#Cc1cccc(Br)c1', 'Brc1cccc(-n2cncn2)c1']"
3,"[0.0, 7.5]",1.3715822821671049,"['FC(F)C(F)(F)Oc1cccc(Br)c1', 'Brc1cccc(-c2nnn[nH]2)c1']","['Brc1ccc([C@@H]2CNCCO2)cc1', 'Brc1cccc(-c2cc[nH]n2)c1', 'Brc1cccc(Cn2cccn2)c1', 'FCCOc1cncc(Br)c1', 'Brc1ccc(C2OCCO2)cc1', 'Brc1cccc(-n2ccnc2)c1', 'O=C1COc2cc(Br)ccc2N1', 'Brc1ccc(-c2ncco2)cc1', 'CC(C)(C#N)c1ccc(Br)cn1', 'OCC(O)c1cccc(Br)c1', 'N#CC1(c2ccc(Br)cc2)CC1', 'N#CCCc1ccc(Br)cc1']"
4,"[21.9, 27.8]",1.479374728018896,"['CC(C)(C)OC(=O)NC1(c2ccc(Br)cc2)CC(=O)C1', 'C[C@@H](NC(=O)OC(C)(C)C)c1ccc(Br)cc1']","['O=C1NCc2cc(Br)ccc21', 'NC1(c2ccc(Br)cc2)CC1', 'CC1(C)C(=O)Nc2ccc(Br)cc21', 'COc1ccc2cc(Br)cnc2n1', 'CS(=O)(=O)c1ccc(Br)cc1', 'Brc1ccc2nn[nH]c2c1', 'O=C1Nc2ccc(Br)cc2C12OCCO2', 'CC(C)(C)Oc1ccc(Br)cc1', 'Brc1ccc(-c2cccs2)cc1', 'FC(F)(F)c1cc2ccc(Br)cc2cn1', 'OC1Cc2ccc(Br)cc2C1']"
5,"[27.1, 0.0]",1.513545283694663,"['CC(=O)c1cccc(Br)c1', 'Nc1cnc(-c2cccc(Br)c2)nc1']","['CC(C)(C)OC(=O)Nc1ccc(Br)cn1', 'CC(O)c1ccc(Br)cc1', 'CC(C)c1ccc(Br)cc1', 'CC(C)Sc1ccc(Br)cc1', 'CC(C)NC(=O)c1ccc(Br)cn1', 'CCOP(=O)(Cc1ccc(Br)cn1)OCC', 'Brc1ccc(C2CCCN2)cc1', 'O=S(=O)(Cc1ccc(Br)cc1)N1CCCC1', 'CC(C)(C)OC(=O)N1CCOc2ccc(Br)cc2C1', 'CC(C)(C)c1cccc(Br)c1']"
6,"[85.9, 24.4]",1.5891457507809679,"['Cc1cc(Br)ccn1', 'OCc1ccc(Br)cc1']","['Brc1ccc(-c2nnc[nH]2)cc1', 'O=C1CCCCC1Oc1ccc(Br)cc1', 'Brc1ccc(-c2nc3ccccc3[nH]2)cc1', 'Nc1nc2cc(Br)ccc2o1', 'NCCc1ccc(Br)cc1', 'Cn1cnc2ccc(Br)cc21', 'CC(C)(CO)c1cc(Br)ccn1', 'Brc1ccc2cnccc2c1', 'CC(=O)Nc1ccc(Br)cc1', 'CC(=O)N1CCc2cc(Br)ccc21']"
7,"[0.3, 17.2]",1.660148778640107,"['Nc1cc(Br)ccn1', 'CC(=O)c1cc(Br)cs1']","['Brc1ccc2ncncc2c1', 'Oc1ncnc2ccc(Br)cc12', 'Cc1n[nH]c2cc(Br)ccc12', 'Cc1cc(Br)cnc1C', 'CC(C)(N)c1ccc(Br)cc1', 'Brc1cccc2[nH]ncc12', 'C#Cc1ccc(Br)cc1', 'COc1cccc(Br)c1', 'CC(=O)CC(=O)c1ccc(Br)cc1']"
8,"[0.0, 47.7]",1.679341749017019,"['FC(F)(F)Sc1ccc(Br)cc1', 'O=S(=O)(CCO)c1ccc(Br)cc1']","['Brc1cnc2ncccc2c1', 'CCC(=O)c1ccc(Br)cc1O', 'COc1cc(Br)cc(OC)c1', 'Cc1cncc(Br)c1', 'Brc1ccc2cncnc2c1', 'Brc1cnc2[nH]ccc2c1', 'Cc1ccc(Br)cn1', 'Brc1cnc2ncoc2c1', 'Brc1cnc2cccnc2c1']"
9,"[11.3, 0.0]",1.7640648711230222,"['Cc1cncc(Br)n1', 'O=S(=O)(O)c1cncc(Br)c1']","['O=C(c1cccc(Br)c1)C(F)(F)F', 'FC(F)(F)c1cncc(Br)c1', 'Oc1cccc(Br)c1', 'CC(=O)/C=C/c1ccc(Br)cc1', 'CN(C)S(=O)(=O)c1ccc(Br)cc1', 'Oc1nccc2cc(Br)cnc12', 'Oc1cnc2cc(Br)ccc2n1', 'N#Cc1cc2cc(Br)ccc2s1']"
