,obj_values ['yield'],Vendi_score,eval_samples,cut_samples
0,"[60.9, 15.4]",1.3029547028255937,"['Brc1cncnc1', 'FC(F)(F)c1nc2ccc(Br)cn2n1']",[]
1,"[77.6, 19.7]",1.3597655354701113,"['Cc1ccc(Br)cn1', 'Brc1cnc2[nH]ncc2c1']","['Brc1cccnc1', 'Brc1cccc(-n2cncn2)c1', 'CC(C)(C#N)c1ccc(Br)cn1', 'OC(c1ccc(Br)cn1)C(F)(F)F', 'Brc1cnc2ncoc2c1', 'FC(F)(F)c1cncc(Br)c1', 'Brc1ccc2ncnn2c1', 'Brc1cnc2ncccc2c1', 'Brc1ccc2nn[nH]c2c1', 'O=S(=O)(O)c1cncc(Br)c1', 'FC(F)(F)c1ncc(Br)cn1', 'Brc1ccn2nnnc2c1', 'Oc1ncc(Br)cn1']"
2,"[12.1, 49.8]",1.4351324773737189,"['Oc1cccc(Br)c1', 'COc1cccc(Br)c1']","['Brc1cnc2cccnc2c1', 'Brc1cnc2[nH]ccc2c1', 'OCc1ccc(Br)c(F)c1', 'C#Cc1ccc(Br)cc1', 'Cc1cncc(Br)c1', 'O=C1CCc2ncc(Br)cc2N1', 'Cc1cc(Br)cnc1C', 'FCCOc1cncc(Br)c1', 'Oc1cnc2cc(Br)ccc2n1', 'CSc1ncc(Br)cn1', 'Oc1ccc(Br)cn1', 'Oc1ncnc2ccc(Br)cc12', 'COc1ccc2cc(Br)cnc2n1']"
3,"[80.4, 21.9]",1.4624218842659393,"['CC(C)(CO)c1ccc(Br)cn1', 'Nc1ncc(Br)cn1']","['CC(O)c1ccc(Br)cc1', 'O=C1CC(c2ccc(Br)cc2)N1', 'NCCc1ccc(Br)cc1', 'OCc1ccc(Br)cc1', 'Fc1ccc(Br)cc1', 'O=C1CCc2ccc(Br)cc2N1', 'O=C1COc2cc(Br)ccc2N1', 'Brc1cccc2[nH]ncc12', 'CNC(=O)c1cccc(Br)c1', 'CC(=O)Cc1cccc(Br)c1', 'OCC(O)c1cccc(Br)c1', 'Cc1ccc(Br)cc1']"
4,"[1.6, 21.9]",1.694067912377968,"['CCOP(=O)(Cc1ccc(Br)cn1)OCC', 'CC(C)(C)OC(=O)NC1(c2ccc(Br)cc2)CC(=O)C1']","['NC1(c2ccc(Br)cc2)CC1', 'CC(=O)c1cccc(Br)c1', 'CC(C)(N)c1ccc(Br)cc1', 'Cn1cnc2ccc(Br)cc21', 'Brc1cccc2ccoc12', 'O=C1CCCc2ccc(Br)cc2N1', 'N#CC1(c2ccc(Br)cc2)CC1', 'N#CCCc1ccc(Br)cc1', 'Oc1ccc(Br)cc1', 'OC1Cc2ccc(Br)cc2C1', 'Oc1ccnc2ccc(Br)cc12']"
5,"[0.0, 85.9]",1.7024733894715374,"['Brc1ccc(C2CCCN2)cc1', 'Cc1cc(Br)ccn1']","['CC1(C)C(=O)Nc2ccc(Br)cc21', 'O=C1CC(c2cccc(Br)c2)CC(=O)N1', 'Fc1cc(Br)ccc1-c1ccccc1', 'Brc1ccc2oc3ccccc3c2c1', 'Brc1ccc([C@@H]2CNCCO2)cc1', 'O=C1CCC(c2cccc(Br)c2)CN1', 'Cn1nnc(-c2ccc(Br)cn2)n1', 'O=C1CN(Cc2cccc(Br)c2)C(=O)N1', 'Brc1ccc(C2OCCO2)cc1', 'O=C1CCCN1c1ccc(Br)cc1F']"
6,"[17.2, 28.4]",1.7481603804101458,"['CC(=O)c1cc(Br)cs1', 'Brc1ccc(-n2cnnc2)nc1']","['O=C1NCc2cc(Br)ccc21', 'Brc1ccc2c(c1)oc1ccccc12', 'Brc1cccc(Cn2cccn2)c1', 'CC(C)(CO)c1cc(Br)ccn1', 'CC(C)(C)c1cccc(Br)c1', 'Cc1cn[nH]c1-c1ccc(Br)cc1', 'CC(C)(C)Oc1ccc(Br)cc1', 'Brc1cccc(-n2ccnc2)c1', 'Brc1cccc(-c2cc[nH]n2)c1', 'CC(C)c1ccc(Br)cc1']"
7,"[0.3, 0.3]",1.7549898218557565,"['Nc1cc(Br)ccn1', 'Brc1ccc2cncnc2c1']","['Brc1ccc2cnnn2c1', 'CC(C)NC(=O)c1ccc(Br)cn1', 'Cc1n[nH]c2cc(Br)ccc12', 'O=C1c2ccc(Br)cc2CN1C1CC1', 'Brc1cnc(Oc2cccnc2)nc1', 'O=C(c1ccc(Br)cc1)N1CCOCC1', 'Brc1ccc(-c2ncco2)cc1', 'Brc1cnc2cc[nH]c2c1', 'CC(=O)Nc1ccc(Br)cc1']"
8,"[0.0, 28.3]",1.8251407623550546,"['Fc1ncc(Br)c(F)n1', 'Fc1ccccc1Br']","['Cn1ccc(-c2cccc(Br)c2)n1', 'Oc1nccc2cc(Br)cnc12', 'COc1ccc2cc(Br)ccc2n1', 'COc1cc(Br)cc(OC)c1', 'Brc1cccc(-c2nnc(C3CC3)o2)c1', 'COc1ncc2cc(Br)ccc2n1', 'Brc1ccc2ncncc2c1', 'O=c1cc(O)c2ccc(Br)cc2o1', 'Brc1ccc2cnccc2c1']"
9,"[27.0, 15.5]",1.9601953450223248,"['N#Cc1cccc(Br)c1', 'Cn1cc(Br)nn1']","['Nc1nc2cc(Br)ccc2o1', 'COc1ccccc1Br', 'CC(=O)CC(=O)c1ccc(Br)cc1', 'C=CCc1ccc(Br)c(F)c1', 'Nc1nc2ccc(Br)cc2o1', 'FC(F)C(F)(F)Oc1cccc(Br)c1', 'Brc1cccc2cnccc12', 'OC1CCOc2c(Br)cccc21']"
