,obj_values ['yield'],Vendi_score,eval_samples,cut_samples
0,"[28.9, 75.2]",1.2081162535425995,"['Oc1ccc(Br)nc1', 'CNC(=O)c1ccnc(Br)c1']",[]
1,"[5.9, 14.2]",1.2771041067932276,"['Brc1ccn2nccc2n1', 'Brc1ccc2ncccc2n1']","['Brc1ccc2ccncc2n1', 'Brc1ccc2[nH]ccc2n1', 'Cc1ccc2ccc(Br)nc2n1', 'Brc1cn2ccnc2cn1', 'Cc1cncc(Br)n1', 'Cc1ccnc(Br)c1', 'COc1cccnc1Br', 'Cc1ccc(Br)nc1', 'Brc1ccc2cccnc2n1', 'COc1ccc2nc(Br)ccc2n1', 'Oc1ccnc(Br)c1', 'COc1ccc2cc(Br)ncc2n1', 'Oc1cccc(Br)n1']"
2,"[20.4, 0.3]",1.7088375252838128,"['Brc1ncccn1', 'COc1ccc(COc2cccc(Br)n2)cc1']","['Nc1cc(Br)ncn1', 'COc1cc2ccc(Br)nc2cn1', 'FC(F)(F)c1cnc2cc(Br)ncc2n1', 'COc1ncc(Br)nc1OC', 'Brc1ncnc2ccccc12', 'Fc1ccc(Br)nc1', 'Brc1nncc2ccccc12', 'Brc1cnc2ccccc2n1', 'CC(=O)c1cccc(Br)c1', 'Nc1nccc(Br)n1', 'FC(F)(F)c1ccc2cc(Br)ncc2n1', 'FC(F)(F)c1cnc2nc(Br)ccc2c1', 'CC(C)(C)OC(=O)NCc1cccc(Br)n1']"
3,"[27.0, 7.5]",1.975821665453011,"['N#Cc1cccc(Br)c1', 'Brc1cccc(-c2nnn[nH]2)c1']","['CC(C)(C)OC(=O)N1CCCc2ccc(Br)nc21', 'CC(=O)/C=C/c1ccc(Br)cc1', 'C#Cc1ccc(Br)cc1', 'Brc1cccc(-n2ccnc2)c1', 'Brc1ccc2c(c1)oc1ccccc12', 'CNC(=O)c1cccc(Br)c1', 'Oc1ccnc2ccc(Br)cc12', 'CCC(=O)c1ccc(Br)cc1O', 'Brc1ccc2cnccc2c1', 'Brc1cccc(-c2cc[nH]n2)c1', 'Brc1ccc2cncnc2c1', 'Brc1ccc(-c2ncco2)cc1']"
4,"[0.0, 21.0]",2.6480018963622722,"['Brc1ncn[nH]1', 'Cn1cnc(Br)c1']","['O=C1CC(c2ccc(Br)cc2)N1', 'FC(F)(F)c1cc2ccc(Br)cc2cn1', 'O=c1cc(O)c2ccc(Br)cc2o1', 'Brc1cccc(-n2cncn2)c1', 'N#CC1(c2ccc(Br)cc2)CC1', 'N#CCCc1ccc(Br)cc1', 'Brc1cccc(-c2nnc(C3CC3)o2)c1', 'Brc1ccc2nn[nH]c2c1', 'N#Cc1cc2cc(Br)ccc2s1', 'Oc1cnc2cc(Br)ccc2n1', 'Brc1ccn2nnnc2c1']"
5,"[28.4, 67.8]",2.7266909059183346,"['Brc1ccc(-n2cnnc2)nc1', 'Cn1cnc2cc(Br)ccc21']","['O=C1CCCc2ccc(Br)cc2N1', 'O=C1CCCN1c1ccc(Br)cc1F', 'FCCOc1cncc(Br)c1', 'CC(=O)Nc1ccc(Br)cc1', 'Cn1cnc2ccc(Br)cc21', 'Oc1ncnc2ccc(Br)cc12', 'Brc1ccc2[nH]cnc2c1', 'Brc1cccc(Cn2cccn2)c1', 'CS(=O)(=O)c1ccc(Br)cc1', 'O=C1NCc2cc(Br)ccc21']"
6,"[0.0, 0.0]",2.748884629039004,"['CN1CCOc2cc(Br)ccc21', 'Nc1cnc(-c2cccc(Br)c2)nc1']","['CC(C)(C#N)c1ccc(Br)cn1', 'Brc1cnc2ncccc2c1', 'Nc1nc2ccc(Br)cc2o1', 'Nc1nc2cc(Br)ccc2o1', 'Brc1ccc(-c2nnc[nH]2)cc1', 'O=C1c2ccc(Br)cc2CN1C1CC1', 'Brc1cnc2cc[nH]c2c1', 'Brc1cnc2ncoc2c1', 'Cn1ccc(-c2cccc(Br)c2)n1', 'Brc1cnc2[nH]ccc2c1']"
7,"[36.8, 67.6]",2.701158605802556,"['Oc1ccc(Br)cc1', 'Cc1cncc(Br)c1']","['O=C1CCc2ccc(Br)cc2N1', 'Brc1ccc(C2CCCN2)cc1', 'NCCc1ccc(Br)cc1', 'OC1Cc2ccc(Br)cc2C1', 'Brc1ccc(C2OCCO2)cc1', 'Brc1cccc2[nH]ncc12', 'Fc1cc(Br)ccc1-c1ccccc1', 'CC(=O)N1CCc2cc(Br)ccc21', 'O=C1CCC(c2cccc(Br)c2)CN1']"
8,"[66.7, 12.1]",2.6607672851926587,"['Fc1ccc(Br)cc1', 'Oc1cccc(Br)c1']","['COc1cccc(Br)c1', 'OCC(O)c1cccc(Br)c1', 'CC(=O)Cc1cccc(Br)c1', 'Cc1ccc(Br)cn1', 'Brc1ccc([C@@H]2CNCCO2)cc1', 'Cc1ccc(Br)cc1', 'Cc1cc(Br)cnc1C', 'O=C1COc2cc(Br)ccc2N1', 'Brc1ccc2oc3ccccc3c2c1']"
9,"[0.3, 22.5]",2.6367498548634853,"['Oc1ncc(Br)cn1', 'Oc1ccc(Br)cn1']","['COc1cc(Br)cc(OC)c1', 'NC1(c2ccc(Br)cc2)CC1', 'CC1(C)C(=O)Nc2ccc(Br)cc21', 'CC(C)c1ccc(Br)cc1', 'CC(O)c1ccc(Br)cc1', 'CC(C)(N)c1ccc(Br)cc1', 'OCc1ccc(Br)cc1', 'Brc1cccnc1']"
