,obj_values ['yield'],Vendi_score,eval_samples,cut_samples
0,"[0.3, 16.3]",1.4609726918974224,"['Cc1ccc(S(=O)(=O)n2cc(Br)c3ccccc32)cc1', 'OC1CCOc2c(Br)cccc21']",[]
1,"[53.0, 1.4]",1.6323381141865705,"['Brc1cnc2cc[nH]c2c1', 'Brc1cnc2cncn2c1']","['O=C1CCC(Oc2ccccc2Br)CC1', 'Brc1ccc(N2CCOCC2)nc1', 'CC(C)(C)OC(=O)Nc1ccc(Br)cn1', 'O=C1CCc2cccc(Br)c2N1', 'Brc1cccc2ccoc12', 'CC(C)(C)OC(=O)n1cc(Br)c2cccnc21', 'COc1ccccc1Br', 'C=CCc1ccc(Br)c(F)c1', 'FC(F)(F)c1ccc(Br)c2[nH]ccc12', 'OCc1ccc(Br)c(F)c1', 'CC(C)(C)c1cc(Br)c2ncccc2c1', 'O=C(Nc1ccc(Br)c(F)c1)c1ccccn1', 'Brc1cccc2[nH]c3ccccc3c12']"
2,"[37.7, 36.8]",1.6263003165340335,"['CC(=O)Nc1ccc(Br)cc1', 'Oc1ccc(Br)cc1']","['Brc1cccc2[nH]ncc12', 'Brc1cnc2[nH]ccc2c1', 'Brc1cncc2[nH]ccc12', 'Brc1ccc2cnnn2c1', 'Brc1cnc2nccn2c1', 'Brc1cncc2ccccc12', 'FCCOc1cncc(Br)c1', 'O=C1CCCN1c1ccc(Br)cc1F', 'CSc1ncc(Br)cn1', 'Brc1cccc2[nH]cnc12', 'Cn1cnc2ccc(Br)cc21', 'Nc1nc2ccc(Br)cc2o1', 'COc1ccc2cc(Br)cnc2n1']"
3,"[34.9, 4.0]",1.6316352894704553,"['Cn1ccc(-c2cccc(Br)c2)n1', 'Brc1ccc(-c2cccs2)cc1']","['O=C1CC(c2ccc(Br)cc2)N1', 'O=C1CCc2ccc(Br)cc2N1', 'Brc1cccc(-c2cc[nH]n2)c1', 'Nc1nc2cc(Br)ccc2o1', 'CC1(C)C(=O)Nc2ccc(Br)cc21', 'O=C1COc2cc(Br)ccc2N1', 'Brc1ccc2[nH]cnc2c1', 'CC(=O)N1CCc2cc(Br)ccc21', 'NCCc1ccc(Br)cc1', 'Cc1cc(Br)cnc1C', 'Cc1ccc(Br)cn1', 'Cn1cnc2cc(Br)ccc21']"
4,"[53.1, 72.1]",1.6163580965402378,"['CC(C)c1ccc(Br)cc1', 'Cc1ccc(Br)cc1']","['Brc1ccc(-c2ncco2)cc1', 'CC(C)(C)Oc1ccc(Br)cc1', 'Fc1cc(Br)ccc1-c1ccccc1', 'Brc1ccc(C2CCCN2)cc1', 'Brc1ccc([C@@H]2CNCCO2)cc1', 'O=C1CCCc2ccc(Br)cc2N1', 'OC1Cc2ccc(Br)cc2C1', 'Oc1ccnc2ccc(Br)cc12', 'O=C1CCc2ncc(Br)cc2N1', 'Brc1ccc2oc3ccccc3c2c1', 'Brc1ccc2c(c1)oc1ccccc12']"
5,"[0.0, 66.7]",1.6271674249556891,"['N#CC1(c2ccc(Br)cc2)CC1', 'Fc1ccc(Br)cc1']","['N#CCCc1ccc(Br)cc1', 'Brc1ccc(C2OCCO2)cc1', 'CC(C)(C)c1cccc(Br)c1', 'COc1cccc(Br)c1', 'CC(C)(CO)c1ccc(Br)cn1', 'CC(O)c1ccc(Br)cc1', 'CC(C)(N)c1ccc(Br)cc1', 'Brc1cccc(Cn2cccn2)c1', 'OCC(O)c1cccc(Br)c1', 'NC1(c2ccc(Br)cc2)CC1']"
6,"[0.0, 22.5]",1.6549458006819715,"['CN1CCOc2cc(Br)ccc21', 'Oc1ccc(Br)cn1']","['OCc1ccc(Br)cc1', 'O=C1CCC(c2cccc(Br)c2)CN1', 'CNC(=O)c1cccc(Br)c1', 'C#Cc1ccc(Br)cc1', 'CC(=O)Cc1cccc(Br)c1', 'Brc1cccc(-n2cncn2)c1', 'Brc1ccc2nn[nH]c2c1', 'Cc1cncc(Br)c1', 'Cc1cn[nH]c1-c1ccc(Br)cc1', 'COc1ccc2cc(Br)ccc2n1']"
7,"[27.0, 75.3]",1.7025669132196275,"['N#Cc1cccc(Br)c1', 'Brc1cccnc1']","['Brc1ccc2ncnn2c1', 'Brc1ccc(N2CCNCC2)cc1', 'Brc1cccc2cnccc12', 'Brc1cnc2[nH]ncc2c1', 'Brc1cccc(-n2ccnc2)c1', 'Oc1cccc(Br)c1', 'Brc1cccc(-c2nnc(C3CC3)o2)c1', 'CC(C)(C#N)c1ccc(Br)cn1', 'COc1cc(Br)cc(OC)c1']"
8,"[85.9, 60.9]",1.7526432815363522,"['Cc1cc(Br)ccn1', 'Brc1cncnc1']","['Nc1ncc(Br)cn1', 'Brc1cnc2ncoc2c1', 'Oc1ncnc2ccc(Br)cc12', 'O=C1CN(Cc2cccc(Br)c2)C(=O)N1', 'Fc1ccccc1Br', 'Oc1cnc2cc(Br)ccc2n1', 'CC(=O)c1cccc(Br)c1', 'Cn1nnc(-c2ccc(Br)cn2)n1', 'O=C1NCc2cc(Br)ccc21']"
9,"[44.1, 0.3]",1.844524201385711,"['Nc1cc(Br)ncn1', 'Nc1cc(Br)ccn1']","['Cc1n[nH]c2cc(Br)ccc12', 'Oc1ncc(Br)cn1', 'COc1ncc2cc(Br)ccc2n1', 'Brc1cnc2ncccc2c1', 'Brc1ccc2cnccc2c1', 'FC(F)(F)c1cncc(Br)c1', 'Brc1cnc2cccnc2c1', 'NS(=O)(=O)Cc1cccc(Br)c1']"
