,obj_values ['yield'],Vendi_score,eval_samples,cut_samples
0,"[0.0, 1.5]",1.4662329104229246,"['O=S(=O)(Nc1ccccc1Br)C(F)(F)F', 'CC(C)(C)OC(=O)N1CCN(c2ncc(Br)cn2)CC1']",[]
1,"[43.8, 0.0]",1.6773968615267165,"['CC(C)(C#N)c1ccc(Br)cn1', 'Brc1ccc(N2CCOCC2)nc1']","['O=C(OCc1ccccc1)N1CCc2ncc(Br)cc2C1', 'C[Si](C)(C)C#Cc1cccc(Br)c1', 'NS(=O)(=O)Cc1cccc(Br)c1', 'O=S(=O)(Cc1ccc(Br)cc1)N1CCCC1', 'O=C(c1cc2cc(Br)cnc2s1)N1CCOCC1', 'C[C@@H](NC(=O)OC(C)(C)C)c1ccc(Br)cc1', 'O=C(NCc1ccccc1)c1ccc(Br)cn1', 'CC(C)(C)OC(=O)n1cc(CO)c2c(Br)cccc21', 'CC(C)(C)OC(=O)Nc1ccc(Br)cn1', 'CC(C)(C)OC(=O)N1CCOc2ccc(Br)cc2C1', 'CCOP(=O)(Cc1ccc(Br)cn1)OCC', 'CCCc1cc(NC(=O)OC(C)(C)C)c2cc(Br)ccc2n1', 'O=C1CCC(Oc2ccccc2Br)CC1']"
2,"[9.0, 0.0]",1.7434035198751217,"['Brc1cnc2ncccc2c1', 'O=S(=O)(O)c1cncc(Br)c1']","['Brc1ccc2oc3ccccc3c2c1', 'Cn1nnc(-c2ccc(Br)cn2)n1', 'CC(C)(CO)c1ccc(Br)cn1', 'O=C1CCc2ncc(Br)cc2N1', 'Fc1cc(Br)ccc1-c1ccccc1', 'O=C1CCCc2ccc(Br)cc2N1', 'COc1ccc2cc(Br)cnc2n1', 'FC(F)(F)c1ccc(Br)c2[nH]ccc12', 'Brc1cnc(Oc2cccnc2)nc1', 'CC1(C)C(=O)Nc2ccc(Br)cc21', 'O=C1Nc2ccc(Br)cc2C12OCCO2', 'Brc1cccc(-c2nnc(C3CC3)o2)c1', 'O=C1CCCN1c1ccc(Br)cc1F']"
3,"[69.7, 67.6]",1.7788264760908836,"['CC(C)(CO)c1cc(Br)ccn1', 'Cc1cncc(Br)c1']","['Oc1nccc2cc(Br)cnc12', 'CSc1ncc(Br)cn1', 'FCCOc1cncc(Br)c1', 'Brc1cccc(-n2cncn2)c1', 'Brc1cnc2ncoc2c1', 'CNC(=O)c1cccc(Br)c1', 'FC(F)(F)c1cncc(Br)c1', 'CC(C)NC(=O)c1ccc(Br)cn1', 'Brc1cnc2cccnc2c1', 'Oc1ccnc2ccc(Br)cc12', 'O=C1CC(c2ccc(Br)cc2)N1', 'COc1ncc2cc(Br)ccc2n1']"
4,"[75.3, 85.9]",1.78119321993032,"['Brc1cccnc1', 'Cc1cc(Br)ccn1']","['Brc1ccc2c(c1)oc1ccccc12', 'CC(=O)Cc1cccc(Br)c1', 'O=C1CCc2ccc(Br)cc2N1', 'Cc1ccc(Br)cn1', 'O=C1c2ccc(Br)cc2CN1C1CC1', 'O=C1NCc2cc(Br)ccc21', 'O=C1COc2cc(Br)ccc2N1', 'CC(=O)c1cccc(Br)c1', 'O=C(c1ccc(Br)cc1)N1CCOCC1', 'O=C1CC(c2cccc(Br)c2)CC(=O)N1', 'Cc1cc(Br)cnc1C']"
5,"[72.1, 67.2]",1.775761466602237,"['Cc1ccc(Br)cc1', 'CC(C)(C)c1cccc(Br)c1']","['C#Cc1ccc(Br)cc1', 'Brc1cccc(-n2ccnc2)c1', 'Brc1cnc2[nH]ccc2c1', 'Brc1ccc(-c2ncco2)cc1', 'Brc1ccc2cncnc2c1', 'N#CCCc1ccc(Br)cc1', 'Brc1ccc2nn[nH]c2c1', 'OCC(O)c1cccc(Br)c1', 'N#CC1(c2ccc(Br)cc2)CC1', 'Cc1cn[nH]c1-c1ccc(Br)cc1']"
6,"[49.8, 12.1]",1.7429682324241667,"['COc1cccc(Br)c1', 'Oc1cccc(Br)c1']","['CC(C)(C)Oc1ccc(Br)cc1', 'Brc1cccc(Cn2cccn2)c1', 'NCCc1ccc(Br)cc1', 'NC1(c2ccc(Br)cc2)CC1', 'CC(C)(N)c1ccc(Br)cc1', 'CC(O)c1ccc(Br)cc1', 'CC(C)c1ccc(Br)cc1', 'O=C1CCC(c2cccc(Br)c2)CN1', 'Brc1ccc(C2OCCO2)cc1', 'OC1Cc2ccc(Br)cc2C1']"
7,"[0.0, 17.7]",1.8342977293711424,"['Brc1ccc(CN2CCOCC2)cc1', 'Nc1ncncc1Br']","['Brc1ccc([C@@H]2CNCCO2)cc1', 'Brc1cccc2[nH]ncc12', 'O=C1CN(Cc2cccc(Br)c2)C(=O)N1', 'Cc1n[nH]c2cc(Br)ccc12', 'Cn1cnc2ccc(Br)cc21', 'Brc1cccc(-c2cc[nH]n2)c1', 'FC(F)C(F)(F)Oc1cccc(Br)c1', 'OCc1ccc(Br)cc1', 'Brc1ccc(C2CCCN2)cc1']"
8,"[0.3, 15.5]",2.0707506376161118,"['Oc1ccnc(Br)c1', 'Cn1cc(Br)nn1']","['COc1ccc2cc(Br)ccc2n1', 'Brc1ccc2cnccc2c1', 'Cn1ccc(-c2cccc(Br)c2)n1', 'COc1cc(Br)cc(OC)c1', 'CC(=O)Nc1ccc(Br)cc1', 'CC(C)Sc1ccc(Br)cc1', 'Oc1ccc(Br)cc1', 'Nc1nc2ccc(Br)cc2o1', 'OC1CCOc2c(Br)cccc21']"
9,"[66.7, 28.3]",2.0492577698188046,"['Fc1ccc(Br)cc1', 'Fc1ccccc1Br']","['Nc1nc2cc(Br)ccc2o1', 'OCc1ccc(Br)c(F)c1', 'Brc1ccc2ncnn2c1', 'Brc1cnc2cc[nH]c2c1', 'COc1ccccc1Br', 'C=CCc1ccc(Br)c(F)c1', 'Brc1cccc2ccoc12', 'Nc1cc(Br)ccn1']"
