,obj_values ['yield'],Vendi_score,eval_samples,cut_samples
0,"[0.0, 4.2]",1.3544455522056937,"['COc1nccc(N)c1Br', 'Brc1cccc2cnccc12']",[]
1,"[37.2, 0.3]",1.4716849878993932,"['Oc1ncnc2ccc(Br)cc12', 'Brc1cccc2ncncc12']","['Brc1cncc2[nH]ccc12', 'COc1ccccc1Br', 'Brc1cncc2ccccc12', 'Nc1ncncc1Br', 'Oc1ccccc1Br', 'Nc1c(F)cncc1Br', 'C=CCc1ccc(Br)c(F)c1', 'Brc1cccc2[nH]ncc12', 'O=C1CCc2cccc(Br)c2N1', 'OC1CCOc2c(Br)cccc21', 'OCc1ccc(Br)c(F)c1', 'Brc1cnc2[nH]ccc2c1', 'Brc1cccc2ccoc12']"
2,"[0.0, 7.1]",1.5643323110034444,"['N#CC1(c2ccc(Br)cc2)CC1', 'N#Cc1cc2cc(Br)ccc2s1']","['Oc1ccnc2ccc(Br)cc12', 'Brc1ccc2ncnn2c1', 'Oc1cc2cccc(Br)c2cn1', 'Oc1cnc2cc(Br)ccc2n1', 'Brc1ccnc2ccccc12', 'O=C1CCc2ncc(Br)cc2N1', 'COc1ccc2nccc(Br)c2c1', 'Brc1cnc2cccnc2c1', 'COc1ccc2cc(Br)cnc2n1', 'Brc1cccc2nccnc12', 'Brc1ccc2ncncc2c1', 'Brc1cnc2[nH]ncc2c1', 'Brc1cnc2ncoc2c1']"
3,"[66.7, 24.4]",1.5972773818725354,"['Fc1ccc(Br)cc1', 'OCc1ccc(Br)cc1']","['O=C1CC(c2ccc(Br)cc2)N1', 'Brc1cccc(-n2cncn2)c1', 'Brc1ccc2nn[nH]c2c1', 'CC(C)(C#N)c1ccc(Br)cn1', 'C#Cc1ccc(Br)cc1', 'CC(=O)c1cccc(Br)c1', 'Brc1ccc2oc3ccccc3c2c1', 'COc1ncc2cc(Br)ccc2n1', 'N#CCCc1ccc(Br)cc1', 'FCCOc1cncc(Br)c1', 'Cc1ccc(Br)cn1', 'Brc1ccc(-c2ncco2)cc1']"
4,"[0.3, 36.8]",1.6077696687211018,"['Oc1ncc(Br)cn1', 'Oc1ccc(Br)cc1']","['NCCc1ccc(Br)cc1', 'OCC(O)c1cccc(Br)c1', 'CC(C)(N)c1ccc(Br)cc1', 'Cc1ccc(Br)cc1', 'Cc1cc(Br)cnc1C', 'Cc1cncc(Br)c1', 'CC(O)c1ccc(Br)cc1', 'NC1(c2ccc(Br)cc2)CC1', 'Brc1ccc(C2OCCO2)cc1', 'Oc1ccc(Br)cn1', 'O=C1COc2cc(Br)ccc2N1']"
5,"[63.4, 12.1]",1.7203142043714788,"['Fc1ccc(Br)nc1', 'Oc1cccc(Br)c1']","['Brc1cccnc1', 'O=C1CCc2ccc(Br)cc2N1', 'CC1(C)C(=O)Nc2ccc(Br)cc21', 'CNC(=O)c1cccc(Br)c1', 'CC(C)(CO)c1ccc(Br)cn1', 'CSc1ncc(Br)cn1', 'Brc1cnc2cc[nH]c2c1', 'Cn1cnc2ccc(Br)cc21', 'OC1Cc2ccc(Br)cc2C1', 'Nc1ncc(Br)cn1']"
6,"[28.9, 27.0]",1.7924822022357971,"['Oc1ccc(Br)nc1', 'N#Cc1cccc(Br)c1']","['Fc1ccccc1Br', 'COc1ccc2cc(Br)ccc2n1', 'CC(=O)Cc1cccc(Br)c1', 'COc1cccc(Br)c1', 'O=C1CCCc2ccc(Br)cc2N1', 'Fc1cc(Br)ccc1-c1ccccc1', 'Nc1nc2ccc(Br)cc2o1', 'CC(C)(C)c1cccc(Br)c1', 'Brc1cccc(-c2cc[nH]n2)c1', 'CC(C)c1ccc(Br)cc1']"
7,"[0.3, 30.6]",1.9073249275355142,"['Oc1ccnc(Br)c1', 'N#Cc1cc(Br)cs1']","['Brc1cccc(-c2nnn[nH]2)c1', 'Cn1cnc2cc(Br)ccc21', 'Brc1ccc2cnccc2c1', 'Brc1cnc2ncccc2c1', 'FC(F)(F)c1cncc(Br)c1', 'O=C1NCc2cc(Br)ccc21', 'Brc1cccc(Cn2cccn2)c1', 'Brc1ccc2[nH]cnc2c1', 'CC(=O)Nc1ccc(Br)cc1']"
8,"[0.0, 0.3]",2.283992128460179,"['Brc1ncn[nH]1', 'Brc1cnn2ccccc12']","['Brc1ccc2cnnn2c1', 'Brc1cccc2[nH]cnc12', 'Brc1ccc2cncnc2c1', 'O=C1CCCN1c1ccc(Br)cc1F', 'Brc1ccc(C2CCCN2)cc1', 'Brc1cccc(-n2ccnc2)c1', 'CC(C)(C)Oc1ccc(Br)cc1', 'Cc1n[nH]c2cc(Br)ccc12', 'Cn1nnc(-c2ccc(Br)cn2)n1']"
9,"[3.0, 11.3]",2.398118483420956,"['OB(O)c1ccc(Br)s1', 'Cc1cncc(Br)n1']","['O=C1CCC(c2cccc(Br)c2)CN1', 'Nc1nc2cc(Br)ccc2o1', 'CC(=O)c1cc(Br)cs1', 'Brc1cn2ccnc2cn1', 'Brc1cccc2cncnc12', 'Brc1cncnc1', 'Brc1csc2cnccc12', 'Brc1cccc(-c2nnc(C3CC3)o2)c1']"
