,obj_values ['yield'],Vendi_score,eval_samples,cut_samples
0,"[0.0, 0.0]",1.3029928490360987,"['CC(C)(N)c1ccc(Br)cc1', 'O=C(c1cccc(Br)c1)c1ccccn1']",[]
1,"[16.3, 43.5]",1.6788828435062806,"['OC1CCOc2c(Br)cccc21', 'Brc1ccc2[nH]ccc2n1']","['Fc1cc(Br)ccc1-c1ccccc1', 'O=C1CCc2ccc(Br)cc2N1', 'O=C1CCCc2ccc(Br)cc2N1', 'O=C1COc2cc(Br)ccc2N1', 'Oc1ccnc2ccc(Br)cc12', 'O=C1CC(c2ccc(Br)cc2)N1', 'OCC(O)c1cccc(Br)c1', 'Brc1ccc2oc3ccccc3c2c1', 'Brc1ccc2c(c1)oc1ccccc12', 'CC(=O)Cc1cccc(Br)c1', 'CC(C)(CO)c1ccc(Br)cn1', 'COc1ccc2cc(Br)ccc2n1', 'CC1(C)C(=O)Nc2ccc(Br)cc21']"
2,"[42.4, 28.9]",1.6873808939187371,"['COc1cccnc1Br', 'Oc1ccc(Br)nc1']","['NCCc1ccc(Br)cc1', 'NC1(c2ccc(Br)cc2)CC1', 'OC1Cc2ccc(Br)cc2C1', 'Brc1ccc(C2CCCN2)cc1', 'Brc1ccc(C2OCCO2)cc1', 'Brc1ccc([C@@H]2CNCCO2)cc1', 'Cn1cnc2ccc(Br)cc21', 'Cn1ccc(-c2cccc(Br)c2)n1', 'Brc1cccc(-c2cc[nH]n2)c1', 'O=C1CCCN1c1ccc(Br)cc1F', 'CC(O)c1ccc(Br)cc1', 'CC(C)(C)Oc1ccc(Br)cc1', 'CC(C)(C)c1cccc(Br)c1']"
3,"[0.0, 20.4]",1.9846208170616855,"['COc1cc2ccc(Br)nc2cn1', 'Brc1ncccn1']","['CC(C)c1ccc(Br)cc1', 'N#CCCc1ccc(Br)cc1', 'Brc1cccc(-n2cncn2)c1', 'Brc1cccc(Cn2cccn2)c1', 'Brc1ccc(-c2ncco2)cc1', 'Nc1nc2ccc(Br)cc2o1', 'N#CC1(c2ccc(Br)cc2)CC1', 'Brc1cccc2[nH]ncc12', 'O=C1CCC(c2cccc(Br)c2)CN1', 'CNC(=O)c1cccc(Br)c1', 'CC(=O)Nc1ccc(Br)cc1', 'FCCOc1cncc(Br)c1']"
4,"[28.3, 15.5]",2.1758188676337418,"['Brc1cccc2[nH]cnc12', 'Cn1cc(Br)nn1']","['COc1ncc(Br)nc1OC', 'COc1ccc2nc(Br)ccc2n1', 'COc1ccc2cc(Br)ncc2n1', 'Oc1cccc(Br)n1', 'Cc1cncc(Br)n1', 'Cc1ccnc(Br)c1', 'Brc1cnc2ccccc2n1', 'Oc1ccnc(Br)c1', 'Cc1ccc(Br)nc1', 'Brc1cn2ccnc2cn1', 'CNC(=O)c1ccnc(Br)c1']"
5,"[0.0, 44.7]",2.2634069064187723,"['Brc1nncc2ccccc12', 'Brc1ncccc1OC1CCCCO1']","['Brc1ccc2nn[nH]c2c1', 'Brc1cncc2[nH]ccc12', 'C#Cc1ccc(Br)cc1', 'Brc1cnc2cc[nH]c2c1', 'Cn1cnc2cc(Br)ccc21', 'Brc1ccc2[nH]cnc2c1', 'Cc1cc(Br)cnc1C', 'Cc1ccc(Br)cc1', 'Brc1cnc2[nH]ccc2c1', 'Nc1nc2cc(Br)ccc2o1']"
6,"[33.5, 0.6]",2.436389158989551,"['CC(C)(C)c1cc(Br)c2ncccc2c1', 'Nc1ncnn2c(Br)ccc12']","['Brc1cccc(-n2ccnc2)c1', 'Brc1cccc2ccoc12', 'Brc1ccc2ccncc2n1', 'Brc1cccc2cnccc12', 'Brc1ccn2nccc2n1', 'Brc1cccc(-c2nnc(C3CC3)o2)c1', 'O=c1cc(O)c2ccc(Br)cc2o1', 'O=C1CCc2ncc(Br)cc2N1', 'CC(=O)N1CCc2cc(Br)ccc21', 'CC(=O)c1cccc(Br)c1']"
7,"[0.0, 0.0]",2.565856888392356,"['Brc1ccccc1-c1nnn[nH]1', 'CC(C)(C)OC(=O)NCCc1c[nH]c2ccc(Br)cc12']","['Brc1cncc2ccccc12', 'Oc1ccc(Br)cc1', 'Brc1cccc2nccn12', 'O=C1CCc2cccc(Br)c2N1', 'COc1ncc2cc(Br)ccc2n1', 'COc1ccccc1Br', 'C=CCc1ccc(Br)c(F)c1', 'COc1ccc2cc(Br)cnc2n1', 'CC(C)(C#N)c1ccc(Br)cn1']"
8,"[63.4, 3.0]",2.7045258577196924,"['Fc1ccc(Br)nc1', 'OB(O)c1ccc(Br)s1']","['O=C1CN(Cc2cccc(Br)c2)C(=O)N1', 'NS(=O)(=O)Cc1cccc(Br)c1', 'Nc1cnc(-c2cccc(Br)c2)nc1', 'FC(F)(F)c1cc(Br)c2nc[nH]c2c1', 'CC(C)(C)OC(=O)Nc1ccc(Br)cn1', 'Brc1cccc(-c2nnn[nH]2)c1', 'C[Si](C)(C)C#Cc1cccc(Br)c1', 'Cc1cn[nH]c1-c1ccc(Br)cc1', 'Brc1cccc2[nH]c3ccccc3c12']"
9,"[30.6, 27.0]",2.7233092939997317,"['N#Cc1cc(Br)cs1', 'N#Cc1cccc(Br)c1']","['N#Cc1cc2cc(Br)ccc2s1', 'Cc1ccc(Br)cn1', 'Brc1ccc2cnnn2c1', 'OCc1ccc(Br)c(F)c1', 'Brc1cnc2ncoc2c1', 'Oc1ncnc2ccc(Br)cc12', 'Oc1cnc2cc(Br)ccc2n1', 'Brc1ccc2ncnn2c1']"
