,obj_values ['yield'],Vendi_score,eval_samples,cut_samples
0,"[43.8, 0.0]",1.3604143961919284,"['CC(C)(C#N)c1ccc(Br)cn1', 'Brc1cccc(N2CCCC2)c1']",[]
1,"[39.0, 42.2]",1.352416485665061,"['O=C1CCc2ncc(Br)cc2N1', 'Brc1cccc(-n2cncn2)c1']","['Cn1cnc2ccc(Br)cc21', 'Cn1ccc(-c2cccc(Br)c2)n1', 'Brc1cccc(-c2cc[nH]n2)c1', 'O=C1CCCN1c1ccc(Br)cc1F', 'FCCOc1cncc(Br)c1', 'COc1cc(Br)cc(OC)c1', 'CC(C)(CO)c1ccc(Br)cn1', 'CNC(=O)c1cccc(Br)c1', 'Brc1ccc(C2CCCN2)cc1', 'Brc1cccc(-n2ccnc2)c1', 'O=C1CCCc2ccc(Br)cc2N1', 'O=C1CCc2ccc(Br)cc2N1', 'O=C1c2ccc(Br)cc2CN1C1CC1']"
2,"[17.2, 47.7]",1.4386218007230642,"['FC(F)(F)c1ncc(Br)cn1', 'FC(F)(F)c1cncc(Br)c1']","['Oc1ccnc2ccc(Br)cc12', 'O=C1COc2cc(Br)ccc2N1', 'Brc1ccc(-c2ncco2)cc1', 'Cn1nnc(-c2ccc(Br)cn2)n1', 'Fc1cc(Br)ccc1-c1ccccc1', 'N#CC1(c2ccc(Br)cc2)CC1', 'O=C1CC(c2ccc(Br)cc2)N1', 'CC(=O)Cc1cccc(Br)c1', 'Brc1ccc(C2OCCO2)cc1', 'Brc1ccc2c(c1)oc1ccccc12', 'N#CCCc1ccc(Br)cc1', 'NCCc1ccc(Br)cc1', 'Cc1cn[nH]c1-c1ccc(Br)cc1']"
3,"[37.2, 0.0]",1.4661300360828295,"['Oc1ncnc2ccc(Br)cc12', 'CC(C)(N)c1ccc(Br)cc1']","['C#Cc1ccc(Br)cc1', 'Brc1cnc2cccnc2c1', 'Brc1cnc2ncoc2c1', 'O=C1NCc2cc(Br)ccc21', 'Brc1ccc2oc3ccccc3c2c1', 'Cc1cncc(Br)c1', 'Cc1cc(Br)cnc1C', 'CC(=O)c1cccc(Br)c1', 'Cc1ccc(Br)cn1', 'Brc1ccc2nn[nH]c2c1', 'Brc1ccc2ncnn2c1', 'OCC(O)c1cccc(Br)c1']"
4,"[25.7, 0.0]",1.526246528802823,"['OC(c1ccc(Br)cn1)C(F)(F)F', 'O=C(c1cccc(Br)c1)C(F)(F)F']","['O=C1CCC(c2cccc(Br)c2)CN1', 'Brc1cccc2[nH]ncc12', 'OCc1ccc(Br)cc1', 'Brc1cccc(Cn2cccn2)c1', 'CC(C)(C)c1cccc(Br)c1', 'CC(O)c1ccc(Br)cc1', 'COc1ccc2cc(Br)cnc2n1', 'COc1ccc2cc(Br)ccc2n1', 'NC1(c2ccc(Br)cc2)CC1', 'CC1(C)C(=O)Nc2ccc(Br)cc21', 'OC1Cc2ccc(Br)cc2C1']"
5,"[60.9, 27.0]",1.5741788775886696,"['Brc1cncnc1', 'N#Cc1cccc(Br)c1']","['Brc1ccc([C@@H]2CNCCO2)cc1', 'Brc1cnc2ncccc2c1', 'Brc1ccc2ncncc2c1', 'COc1ncc2cc(Br)ccc2n1', 'Brc1cccc(-c2nnc(C3CC3)o2)c1', 'Brc1ccc2cncnc2c1', 'O=S(=O)(O)c1cncc(Br)c1', 'Brc1ccc2cnccc2c1', 'Oc1cnc2cc(Br)ccc2n1', 'O=C1CN(Cc2cccc(Br)c2)C(=O)N1']"
6,"[21.9, 0.3]",1.6032483113469165,"['Nc1ncc(Br)cn1', 'Oc1ncc(Br)cn1']","['O=c1cc(O)c2ccc(Br)cc2o1', 'Brc1cccnc1', 'Brc1cnc2[nH]ncc2c1', 'Oc1nccc2cc(Br)cnc12', 'Brc1cccc(-c2nnn[nH]2)c1', 'CS(=O)(=O)c1ccc(Br)cc1', 'Brc1cnc2[nH]ccc2c1', 'Brc1cnc(Oc2cccnc2)nc1', 'CC(=O)CC(=O)c1ccc(Br)cc1', 'FC(F)C(F)(F)Oc1cccc(Br)c1']"
7,"[69.7, 85.9]",1.6338571466586556,"['CC(C)(CO)c1cc(Br)ccn1', 'Cc1cc(Br)ccn1']","['CC(C)c1ccc(Br)cc1', 'Cc1n[nH]c2cc(Br)ccc12', 'COc1cccc(Br)c1', 'CSc1ncc(Br)cn1', 'OCc1ccc(Br)c(F)c1', 'Brc1cnc2cc[nH]c2c1', 'Brc1cccc2cnccc12', 'Brc1ccc2cnnn2c1', 'Oc1ccc(Br)cn1']"
8,"[0.3, 1.7]",1.667956978058567,"['Nc1cc(Br)ccn1', 'Brc1ccnc2cccnc12']","['Cc1ccc(Br)cc1', 'Brc1ccnc2ccccc12', 'Oc1cccc(Br)c1', 'C=CCc1ccc(Br)c(F)c1', 'O=C(c1ccc(Br)cc1)N1CCOCC1', 'O=C1CC(c2cccc(Br)c2)CC(=O)N1', 'Brc1cccc2ccoc12', 'Fc1ccc(Br)cc1', 'CC(C)(C)Oc1ccc(Br)cc1']"
9,"[0.0, 0.0]",1.7390495464868705,"['FC(F)(F)Sc1ccc(Br)cc1', 'Brc1ccc(CN2CCOCC2)cc1']","['Brc1cccc2nccnc12', 'Brc1ccc(-c2cccs2)cc1', 'Brc1cccc2cncnc12', 'CCC(=O)c1ccc(Br)cc1O', 'COc1ccc2nccc(Br)c2c1', 'N#Cc1cc2cc(Br)ccc2s1', 'Brc1cncc2ccccc12', 'Brc1cccc2ncncc12']"
