,obj_values ['rate'],Vendi_score,eval_samples,cut_samples
0,"[0.6817367677979181, 0.31563497070335167]",1.2530062630670502,"['CCC1=CC=C(I)C=C1', 'ClC1=CC(Cl)=C(COC2=CC=C(I)C=C2)C=C1']",[]
1,"[0.11991373139531292, 0.9788797935769392]",1.3173229057819464,"['CC1(C)COB(OC1)C1=CC=C(I)C=C1', 'CC1=CC=CC(I)=C1']","['CCOC(=O)CC1=CC(I)=CC=C1', 'OCC1=C(Cl)C=CC(I)=C1', 'CS(=O)(=O)NC1=CC=C(I)C=C1', 'OB(O)C1=CC(I)=CC=C1', 'IC1=CC=C(OC2=CC=CC=C2)C=C1', 'CC(=O)NC(CC1=CC=C(I)C=C1)C(O)=O', 'OC1=CC=C(OC2=CC=C(I)C=C2)C=C1', 'IC1=CC=C(OCC2CC2)C=C1', 'NCCC1=CC=C(I)C=C1', 'NC(CC1=CC=C(I)C=C1)C(O)=O', 'COC(=O)C1(CC1)C1=CC=C(I)C=C1', 'CC1=CC=C(I)C=C1', 'IC1=CC=C(OCC2=CC=CN=C2)C=C1', 'IC1=CC=C(OCC2=CC=NC=C2)C=C1', 'IC1=CC=C(NC(=O)OCC2=CC=CC=C2)C=C1', 'CC(=O)NC1=C(F)C=C(I)C=C1', 'CC(=O)OC1=CC=C(I)C=C1', 'NCC1=CC(I)=CC=C1', 'CC(=O)NC1=C(OC(F)(F)F)C=C(I)C=C1', 'OC(=O)CCCCC1=CC=C(I)C=C1', 'CC(C)(C)C1=CC(I)=CC=C1O', 'CC1=CC(I)=CC(C)=C1F', 'ClC1=CC=C(OC2=CC=C(I)C=C2)C=C1', 'CC(=O)NC1=C(C=C(I)C=C1)C(F)(F)F', 'IC1=CC=C(OCCN2CCCC2=O)C=C1', 'IC1=CC=CC(=C1)C1=CC=CC=C1', 'IC1=CC=C(CC#C)C=C1', 'OC1=CC=C(I)C=C1C(F)(F)F', 'NC1(CC1)C1=CC=C(I)C=C1', 'IC1=CC=C(OCC#N)C=C1', 'ClC1=CC=C(C=C1)C1=CC=C(I)C=C1']"
2,"[1.112863536234718, 0.41060517290180687]",1.4754880214949633,"['NNC1=CC=C(I)C=C1', 'NC1=CC=C(I)C=C1']","['IC1=CC=C(C=C1)C(=O)N1CCOCC1', 'CSC1=CC=C(I)C=C1', 'CC(C)OC1=CC=C(I)C=C1Br', 'FC(F)C1=CC=C(I)C=C1', 'ClC1=CC=C(I)C=C1', 'COC1=C(C)C=CC(I)=C1', 'NC(=O)C1=CN=C(OC2=CC=C(I)C=C2)C=C1', 'COC1=C(Cl)C=CC(I)=C1', 'IC1=CC(CC#N)=CC=C1', 'CON(C)C(=O)C1=CC=C(I)C=C1', 'IC1=CC(=CC=C1)N1C=CN=N1', 'CC1=CC=C(C=C1I)C(N)=N', 'OC1=C(F)C=C(I)C=C1', 'ClCC1=CC=C(I)C=C1', 'NNC(=O)C1=CC=C(I)C=C1', 'OB(O)C1=CC=C(I)C=C1', 'BrCC1=CC(I)=CC=C1', 'CCOP(=O)(CC1=CC=C(I)C=C1)OCC', 'IC1=CC=CC(CN2CCCC2)=C1', 'CC1=C(O)C=CC(I)=C1', 'FC1=CC(I)=CC=C1NC(=O)NC1CC1', 'CC1=CC(I)=CC(F)=C1', 'CC1=C(Cl)C=C(I)C=C1', 'FC1=C(Cl)C=C(I)C=C1', 'IC1=CC=C(OCCN2CCCC2)C=C1', 'CCC1=C(Br)C=CC(I)=C1', 'CC1=C(I)C=C(CO)C=C1', 'CC(C)(C)OC(=O)NCC1=CC=CC(I)=C1', 'CC1=CC=C(I)C=C1Br', 'COC1=C(OC)C=C(I)C=C1']"
3,"[0.6761852166379486, -0.612250732515574]",1.6008252582311462,"['CC1=C(I)C=CC=C1', 'CC1=C(N)C(I)=CC=C1']","['IC1=C(C=CC=C1)C1=CC=CC=C1', 'IC1=CC=C(C=C1)N1CCCCC1', 'CC1=C(I)C=CC(O)=C1', 'CNC1=CC=C(I)C=C1C', 'CC1=CC(I)=C(CO)C=C1C', 'CCC1=C(N)C=CC(I)=C1', 'CC1=C(I)C=CC=C1CC#N', 'COC1=CC=C(I)C(C)=C1', 'CC1=CC=CC(I)=C1CO', 'CC1=C(I)C=C(O)C=C1', 'COC1=C(I)C=CC=C1', 'COC1=C(C)C(I)=CC=C1C', 'COC1=CC(CO)=CC=C1I', 'NNC(=O)CNC1=CC=C(I)C=C1', 'CNC1=CC=C(I)C=C1', 'COC1=C(N)C=CC(I)=C1', 'CC1=CC(O)=C(C)C=C1I', 'CC1=CC(I)=C(CO)C=C1', 'COC1=CC(Cl)=CC(I)=C1', 'COC1=CC(B(O)O)=C(I)C=C1', 'COC1=CC=C(C)C=C1I', 'IC1=C(OC2CC2)C=CC=C1', 'CC1=CC(I)=C(C)C=C1', 'OCC1=C(I)C=C(F)C=C1', 'CN(C)C1=CC=C(I)C=C1', 'NC1=C(Cl)C=C(I)C=C1', 'CC(C)(C)C1=C(N)C=CC(I)=C1', 'NC1=CC(I)=CC=C1O']"
4,"[-0.2601182993381869, 0.20266708901872987]",1.8820983821543877,"['CC(C)(C)C1=C(I)C=CC=C1', 'CC1=CC(I)=CC(C(O)=O)=C1N']","['NCC1=CC=CC=C1I', 'CC(=O)NC1=CC=CC=C1I', 'OCC1=C(I)C=C(Cl)C=C1', 'NC1=CC(Cl)=CC=C1I', 'CC1=CC=C(N)C(I)=C1', 'OC(=O)CCC1=CC=CC=C1I', 'NC1=CC=C(O)C=C1I', 'CN(C)C1=C(I)C=CC=C1', 'C[C@H](O)C1=C(I)C=CC(F)=C1', 'CC(C)(C)C1=CC=C(N)C(I)=C1', 'CC1=CC(I)=C(N)C(C)=C1', 'CC1=CC(N)=C(I)C=C1F', 'NNC1=C(I)C=CC=C1', 'CC(C)C1=CC=C(N)C(I)=C1', 'OC(=O)CC1=CC=CC=C1I', 'COC1=C(N)C(I)=CC=C1', 'CNCC1=C(I)C=CC=C1', 'CCOC(=O)CC1=CC=C(N)C(I)=C1', 'OC1=CC=C(I)C2=CC=CC=C12', 'NC1=C(I)C=C(OC(F)(F)F)C=C1', 'COC(OC)C1=C(I)C=CC=C1', 'CC1=CC(N)=C(I)C=C1', 'CCCC1=C(I)C=CC=C1', 'CC1=CC(N)=C(I)C=C1C', 'OCC1=C(I)C=CC(F)=C1', 'CC1=CC(Cl)=CC(I)=C1N']"
5,"[0.610371127314533, 1.1588827819281953]",1.9828304451619763,"['NC1=CC(I)=CC(CO)=C1', 'IC1=CC(I)=CC=C1']","['ClCC1=C(I)C=CC=C1', 'ClCC(=O)NC1=CC=CC=C1I', 'COC1=CC=CC(I)=C1C', 'CCNC(=O)C1=CC=CC=C1I', 'CCOC(=O)C1=CC(I)=C(N)C=C1', 'OC1=C(I)C=CC=C1Cl', 'COC(=O)C1=C(C)C(I)=CC=C1', 'NC1=C(Cl)C=C(Cl)C=C1I', 'CCCNC(=O)C1=CC=CC=C1I', 'IC1=C(OCC2=CC=CC=C2)C=CC=C1', 'CC(C)(O)C1=C(I)C=CC=C1', 'FC(F)C1=C(I)C=CC=C1', 'CC(Cl)C(=O)NC1=CC=CC=C1I', 'COC1=CC(I)=C(N)C=C1', 'NC(=O)CC1=C(I)C=CC=C1', 'CCOC(=O)CC1=C(I)C=CC=C1', 'NC1=C(I)C=C(F)C(=C1)C(F)(F)F', 'OCC1=C(Cl)C=CC=C1I', 'COC1=C(F)C=CC=C1I', 'IC1=C(C=CC=C1)C(=O)NC1CCCC1', 'COC(=O)CC1=C(I)C=CC=C1', 'CNC(=O)C1=CC=CC=C1I', 'OCC1=CC(I)=C(O)C=C1', 'CC1(C)OB(OC1(C)C)C1=CC(O)=CC=C1I', 'NC(=O)C1=C(I)C=CC=C1']"
6,"[0.9057282466323808, 0.4963810077188251]",2.102610631102112,"['OC(=O)C1=CC=C(I)C=C1', 'IC1=CC=C(C#N)C(I)=C1']","['NC1=C(Cl)C=C(C=C1I)C(F)(F)F', 'NC1=C(I)C=C(C=C1)C1=CC=CC=C1', 'NC(=O)C1=CC(O)=C(I)C=C1', 'OC(=O)CC1=CC=C(O)C(I)=C1', 'CC1=CC(C)=C(I)C=C1I', 'CC1=CC=C(I)C(C(O)=O)=C1F', 'COC1=CC=C(C(N)=O)C(I)=C1', 'FC(F)(F)C(=O)NC1=CC=CC=C1I', 'COC(=O)C1=CC=C(I)C=C1', 'CC1=C(O)C(I)=CC(Cl)=C1', 'COC(=O)C1=C(I)C=C(OC)C(OC)=C1', 'COC(=O)C1=C(I)C=CC=C1OC', 'COC1=CC=C(I)C(C(O)=O)=C1F', 'CC1=CC(I)=CC(I)=C1N', 'COC1=C(I)C=CC(=C1)C(F)(F)F', 'COC1=CC(I)=CC=C1I', 'COC1=CC=C(OC)C(I)=C1', 'FC1=C(C=C(I)C=C1)C(F)(F)F', 'CC1=CC(Br)=CC=C1I', 'OC(=O)CC1=C(I)C=C(Cl)C=C1', 'CC1=CC(I)=C(O)C=C1Cl', 'CC1=C(F)C=C(F)C=C1I', 'NC1=C(I)C=C(Cl)C(=C1)C(F)(F)F', 'CC1=CC(Br)=CC(I)=C1']"
7,"[-0.8418970574556375, 0.7152369130646198]",2.1738107319514883,"['ClC1=CC=CC=C1I', 'FC1=CC(I)=C(Cl)C=C1']","['ClCC1=CC(I)=C(CCl)C=C1', 'NS(=O)(=O)C1=CC=C(I)C=C1', 'NS(=O)(=O)C1=CC=CC(I)=C1', 'COC1=C(C(O)=O)C(I)=CC=C1', 'FC1=CC(I)=CC=C1C(F)(F)F', 'CCOC(=O)COC1=CC=CC=C1I', 'NC(=O)C1=C(Cl)C=CC=C1I', 'CS(=O)(=O)C1=CC=CC(I)=C1', 'FC(F)(F)C1=C(Cl)C=CC(I)=C1', 'CC1=C(Cl)C=C(I)C=C1Cl', 'CNS(=O)(=O)C1=CC=C(I)C=C1', 'IC1=CC=CC=C1CN1C=NC=N1', 'CC1=CC(Br)=C(C)C=C1I', 'CC1=C(Br)C(F)=CC(I)=C1', 'FC(F)(F)C(F)(C1=CC=C(I)C=C1)C(F)(F)F', 'OC(=O)C1(CC1)C1=C(I)C=CC=C1', 'CC(C)(C)OC(=O)C1=C(I)C=CC=C1', 'FC1=C(Cl)C=C(I)C=C1Cl', 'OS(=O)(=O)C1=CC=C(I)C=C1', 'OC1=C(F)C=C(I)C=C1I', 'OS(=O)(=O)C1=CC=CC(I)=C1', 'OCC1=C(Cl)C=C(I)C=C1Cl']"
8,"[1.1885934889560894, 0.501388129731924]",2.2459883714496667,"['CCOC(=O)C1=CC=C(I)C=C1F', 'ClC1=CC2=C(C=C1)C=C(I)C=C2']","['CC1=CC=CC(I)=C1Cl', 'CC1=CC(Cl)=C(I)C=C1C', 'FC1=CC(Cl)=C(I)C=C1', 'COC1=CC(OC)=C(I)C=C1Cl', 'FC(F)(F)OC1=CC=CC=C1I', 'OC1=C(I)C=C(Cl)C=C1', 'IC1=C(C=CC=C1)C(=O)N1CCCC1', 'COC1=CC(Cl)=C(I)C=C1', 'OC1=C(F)C=CC=C1I', 'ClC1=CC(Cl)=C(I)C=C1', 'OCC1=CC(I)=C(CO)C=C1I', 'OC1=CC(Cl)=C(I)C=C1', 'OC1=C(I)C=CC=C1', 'OC1=CC(Cl)=C(F)C=C1I', 'OC1=C(Cl)C(I)=CC=C1', 'COC1=CC(Br)=CC(I)=C1', 'OC(=O)CNC(=O)C1=C(I)C=CC=C1', 'OC1=CC(I)=C(Cl)C=C1', 'COC1=CC(=C(I)C=C1)C(F)(F)F', 'COC1=CC(I)=C(Cl)C=C1', 'COC1=C(I)C=C(C=C1)C(O)=O']"
9,"[0.6865288086662411, 0.5880674878982872]",2.297036017959791,"['CC1=CC(=CC(I)=C1)C(O)=O', 'OC(=O)C1=CC=CC(I)=C1']","['OC1=C(I)C=C(C=C1)C1=CC=CC=C1', 'FC(F)(F)C(=O)CC1=CC=C(I)C=C1', 'OC(=O)C1=CC=C(O)C(I)=C1', 'CON(C)C(=O)C1=C(I)C=C(Cl)C=C1', 'CC(C)(C)C1=C(I)C=CC(O)=C1', 'IC1=C(C=CC=C1)C(=O)NCC1=CC=CC=C1', 'CC(=O)NC1=CC(F)=CC=C1I', 'COC(=O)C1=CC(I)=C(Cl)C=C1', 'CC(=O)C1=CC(I)=CC=C1', 'CC1=CC(I)=C(N)C(I)=C1', 'COC(=O)C1=CC(I)=C(N)C=C1Cl', 'CC(=O)CCC1=CC=C(I)C=C1', 'COC(=O)C1=C(I)C=CC(OC)=C1', 'OC(=O)C1=CC=CC(I)=C1Cl', 'FC(F)(F)C1=CC(I)=C(Cl)C=C1', 'CC1=CC=C(I)C=C1C1=CC(I)=CC=C1C', 'CCC1=CC=C(I)C=C1C(O)=O', 'ClC1=CC(CBr)=C(I)C=C1', 'IC1=CC=C(C=C1)C1=NC=CO1', 'CC1=C(C=C(I)C=C1Cl)C(O)=O']"
