,obj_values ['rate'],Vendi_score,eval_samples,cut_samples
0,"[-0.6587593883398806, 1.1947599937596796]",1.36749057431847,"['NCCC1=CC=C(I)C=C1', 'OC1=CC(I)=C(Br)C=C1']",[]
1,"[1.137606952026521, 0.9442648742000126]",1.391489967497226,"['COC1=CC(=C(I)C=C1)C(F)(F)F', 'COC1=CC=C(I)C(C(O)=O)=C1F']","['OB(O)C1=CC(I)=CC=C1', 'NC(CC1=CC=C(I)C=C1)C(O)=O', 'CS(=O)(=O)NC1=CC=C(I)C=C1', 'IC1=CC=C(OC2=CC=CC=C2)C=C1', 'CC1=C(O)C=CC(I)=C1', 'OCC1=C(Cl)C=CC(I)=C1', 'COC1=C(Cl)C=CC(I)=C1', 'IC1=CC=C(OCC2CC2)C=C1', 'CC1=CC(Cl)=C(I)C=C1C', 'IC1=CC=CC(=C1)C1=CC=CC=C1', 'CC1=CC=C(I)C=C1', 'CCC1=CC=C(I)C=C1', 'OC1=C(Br)C(I)=CC=C1', 'CC(=O)NC1=C(F)C=C(I)C=C1', 'CC1=CC=C(I)C=C1Br', 'CC(=O)OC1=CC=C(I)C=C1', 'NCC1=CC(I)=CC=C1', 'CC1=CC=CC(I)=C1', 'CC1=C(Cl)C=C(I)C=C1', 'COC1=CC(I)=C(Cl)C=C1', 'CSC1=CC=C(I)C=C1', 'CC(C)(C)C1=CC(I)=CC=C1O', 'CC1=CC(I)=CC(C)=C1F', 'OC1=C(Cl)C(I)=CC=C1', 'OC1=CC=C(I)C=C1C(F)(F)F', 'COC1=C(C)C=CC(I)=C1', 'OC1=C(F)C=C(I)C=C1', 'NC1(CC1)C1=CC=C(I)C=C1', 'OC1=CC(I)=C(Cl)C=C1', 'IC1=CC=C(CC#C)C=C1', 'IC1=CC=C(OCC#N)C=C1']"
2,"[0.23565320968722425, -0.3341217343172275]",1.562603125800472,"['OC1=CC=C(I)C(Br)=C1', 'COC1=C(I)C(Cl)=C(Cl)C=C1']","['COC1=CC=C(C(N)=O)C(I)=C1', 'IC1=CC=C(OCC2=CC=NC=C2)C=C1', 'CC(C)OC1=CC=C(I)C=C1Br', 'OC(=O)CCCCC1=CC=C(I)C=C1', 'CC1=CC=CC(I)=C1Cl', 'IC1=CC(CC#N)=CC=C1', 'NC1=C(Cl)C=C(I)C=C1', 'NC1=C(I)C=C(F)C(=C1)C(F)(F)F', 'NC(=O)C1=C(Cl)C=CC=C1I', 'CC(=O)NC1=C(C=C(I)C=C1)C(F)(F)F', 'CC1=CC=C(C=C1I)C(N)=N', 'COC1=CC(Cl)=C(I)C=C1', 'OCC1=C(I)C=C(F)C=C1', 'NC(=O)C1=C(I)C=CC=C1', 'COC1=CC(B(O)O)=C(I)C=C1', 'CNC(=O)C1=CC=CC=C1I', 'OC1=CC=C(OC2=CC=C(I)C=C2)C=C1', 'COC(=O)C1=C(I)C=CC=C1OC', 'CCNC(=O)C1=CC=CC=C1I', 'NC1=C(I)C=C(Cl)C(=C1)C(F)(F)F', 'IC1=CC=C(OCC2=CC=CN=C2)C=C1', 'COC1=C(C(O)=O)C(I)=CC=C1', 'CC1=CC=C(I)C(C(O)=O)=C1F', 'COC1=C(F)C=CC=C1I', 'COC1=CC(OC)=C(I)C=C1Cl', 'OC1=C(I)C=CC=C1Cl', 'CC(=O)NC1=C(OC(F)(F)F)C=C(I)C=C1', 'CCOC(=O)CC1=CC(I)=CC=C1', 'COC1=C(OC)C=C(I)C=C1', 'CCCNC(=O)C1=CC=CC=C1I']"
3,"[0.41568187933801615, 0.294538036319858]",1.7357425315371138,"['COC1=CC(=C(I)C=C1)S(F)(=O)=O', 'COC1=CC(I)=C(I)C=C1OC']","['COC1=CC=C(C=C1I)C#N', 'COC1=C(I)C=C(Br)C=C1', 'CC1=CC(Br)=C(I)C=C1', 'CC1=CC(Br)=C(I)C=C1Cl', 'OC1=CC(Cl)=C(I)C=C1', 'COC(=O)C1=CC(I)=C(Cl)C=C1C', 'COC1=C(I)C=CC=C1', 'ClC1=CC(Cl)=C(I)C=C1', 'COC1=C(I)C=C(C=C1)C(O)=O', 'NC1=CC(I)=C(Br)C=C1', 'FC(F)(F)OC1=CC=CC=C1I', 'ClC1=CC=CC=C1I', 'NC(=O)C1=CC(O)=C(I)C=C1', 'CCC1=CC(Br)=C(I)C=C1', 'CCOC(=O)C1=CC(I)=C(OC)C=C1', 'COC1=C(NCC(O)=O)C=C(I)C(Cl)=C1', 'OC1=CC(Cl)=C(F)C=C1I', 'CC(C)(C)C1=CC=C(I)C(Br)=C1', 'COC1=CC(Br)=C(I)C=C1', 'BrC1=CC=CC=C1I', 'FC1=CC(Cl)=C(I)C=C1', 'FC1=CC(I)=C(Cl)C=C1', 'COC1=C(I)C=CC(=C1)C(F)(F)F', 'CC(C)C1=CC=C(I)C(Br)=C1', 'COC1=C(I)C=C(C(O)=O)C(F)=C1', 'FC(F)(F)C(=O)NC1=CC=CC=C1I', 'NC1=C(Cl)C=C(C=C1I)C(F)(F)F', 'IC1=C(OC2CC2)C=CC=C1']"
4,"[0.9223415498440514, 0.19409458209736646]",1.8709107853261027,"['FC(F)(F)C1=C(I)C=CC(Br)=C1', 'NC1=CC=C(Cl)C(I)=C1Cl']","['FC1=C(C=C(I)C=C1)C(F)(F)F', 'COC1=CC=CC(Br)=C1I', 'CCOC(=O)COC1=CC=CC=C1I', 'COC1=CC=C(C)C=C1I', 'CON(C)C(=O)C1=C(I)C=C(Cl)C=C1', 'COC(=O)C1=CC(I)=C(Cl)C=C1', 'FC(F)C1=C(I)C=CC=C1', 'FC1=CC=CC(I)=C1Br', 'ClC1=CC=C(Br)C=C1I', 'FC(F)(F)C1=C(Br)C(I)=CC=C1', 'NC1=C(I)C(Cl)=C(Cl)C=C1', 'FC1=C(Cl)C=C(I)C=C1', 'CC(C)(C)C1=CC(I)=C(Br)C=C1', 'NC1=CC=C(I)C(Cl)=C1', 'FC1=CC(I)=CC=C1NC(=O)NC1CC1', 'COC(=O)C1=C(I)C=C(OC)C(OC)=C1', 'IC1=C(OCC2=CC=CC=C2)C=CC=C1', 'OC(=O)CNC(=O)C1=C(I)C=CC=C1', 'NC(=O)C1=C(I)C=CC(Br)=C1F', 'CC1=C(O)C(I)=CC(Cl)=C1', 'OC(=O)C1=CC=CC(I)=C1Cl', 'OC(=O)C1=C(Br)C(I)=CC=C1', 'NC1=C(Cl)C=C(Cl)C=C1I', 'CC1=C(Br)C=CC(I)=C1Cl', 'OC(=O)C1=CC=C(O)C(I)=C1', 'NC1=C(F)C=C(C=C1I)C#N']"
5,"[1.198684809188364, 0.6865694361113097]",2.0258897354003023,"['FC1=CC(I)=C(C=C1)C#N', 'OC(=O)CC1=CC=CC=C1I']","['IC1=C(C=CC=C1)C(=O)N1CCCC1', 'BrCC1=CC(I)=CC=C1', 'CC1=C(Br)C(F)=CC(I)=C1', 'CC1=CC(Br)=CC(I)=C1', 'FC1=CC(Br)=C(I)C=C1F', 'FC(F)(F)C1=CC(I)=C(Cl)C=C1', 'OC(=O)CC1=C(I)C=C(Cl)C=C1', 'IC1=C(C=CC=C1)C1=CC=CC=C1', 'OCC1=C(Cl)C=CC=C1I', 'COS(=O)(=O)C1=CC=CC=C1I', 'NC1=C(N)C=C(I)C(Cl)=C1', 'NC(=O)C1=CN=C(OC2=CC=C(I)C=C2)C=C1', 'IC1=CC(=CC=C1)N1C=CN=N1', 'ClCC1=CC(I)=C(CCl)C=C1', 'FC(F)(F)C1=C(Cl)C=CC(I)=C1', 'IC1=CC=CC=C1CN1C=NC=N1', 'ClCC1=C(I)C=CC=C1', 'OC(=O)C1=C(I)C(Br)=CC=C1', 'ClC1=CC=C(CBr)C(I)=C1', 'OCC1=C(I)C=CC(F)=C1', 'ClCC1=CC=C(I)C=C1', 'IC1=C(C=CC=C1)C(=O)NC1CCCC1', 'ClC1=CC(CBr)=C(I)C=C1', 'FC(F)(F)OC1=C(I)C=C(Br)C=C1', 'NS(=O)(=O)C1=CC=CC(I)=C1']"
6,"[0.8676464788775915, 0.4138290743721783]",2.203130779322894,"['NC1=C(C(O)=O)C(I)=CC=C1', 'COC(=O)C1=C(N)C=CC=C1I']","['CC1=CC(I)=C(CO)C=C1', 'OCC1=C(I)C=C(Cl)C=C1', 'FC(F)(F)C1=CC(=C(I)C=C1)C(F)(F)F', 'CCOC(=O)CC1=C(I)C=CC=C1', 'CC1=CC(I)=CC(F)=C1', 'OC(=O)CCC1=CC=CC=C1I', 'CC1=C(I)C=C(CO)C=C1', 'OB(O)C1=CC=C(I)C=C1', 'OS(=O)(=O)C1=CC=CC(I)=C1', 'OC(=O)C1(CC1)C1=C(I)C=CC=C1', 'CON(C)C(=O)C1=CC=C(I)C=C1', 'CC1=CC(Br)=CC=C1I', 'NNC(=O)C1=CC=C(I)C=C1', 'CC1=CC(Cl)=CC(Cl)=C1I', 'COC(OC)C1=C(I)C=CC=C1', 'COC(=O)CC1=C(I)C=CC=C1', 'CC1=C(I)C=CC=C1CC#N', 'C[C@H](O)C1=C(I)C=CC(F)=C1', 'NC(=O)CC1=C(I)C=CC=C1', 'NS(=O)(=O)C1=CC=C(I)C=C1', 'CC1=CC=CC(Cl)=C1I', 'ClC1=C(I)C=C(C=C1)C#N', 'CC(C)(C)OC(=O)C1=C(I)C=CC=C1', 'CS(=O)(=O)C1=CC=CC(I)=C1']"
7,"[0.06991425479088953, 0.5626618144033346]",2.42669779337531,"['OC(=O)C1=C(I)C=C(F)C(F)=C1', 'FC1=CC=CC(I)=C1C#N']","['COC1=C(I)C=C(N)C=C1I', 'CNCC1=C(I)C=CC=C1', 'CC1=C(F)C=C(F)C=C1I', 'FC(F)C1=CC=C(I)C=C1', 'FC1=C(Cl)C=C(I)C=C1Cl', 'IC1=CC(I)=CC=C1', 'OCC1=C(Cl)C=C(I)C=C1Cl', 'CC1=CC=CC(I)=C1CO', 'COC1=CC(Cl)=CC(I)=C1', 'IC1=CC=C(C=C1)C(=O)N1CCOCC1', 'IC1=C(C=CC=C1)C(=O)NCC1=CC=CC=C1', 'CC1=CC(C)=C(I)C=C1I', 'OC1=C(F)C=C(I)C=C1I', 'CC1=CC(I)=C(CO)C=C1C', 'CN(C)C1=C(I)C=CC=C1', 'CC1=C(Cl)C=C(I)C=C1Cl', 'NCC1=CC=CC=C1I', 'COC(=O)C1=C(C)C(I)=CC=C1', 'CC1=C(I)C=C(O)C=C1', 'COC(=O)C1=C(I)C=CC(OC)=C1', 'CC1=CC(I)=C(C)C=C1', 'COC1=C(C)C(I)=CC=C1C']"
8,"[0.33201464200603964, 1.1169494519707404]",2.4865977241078876,"['COC1=CC=CC(I)=C1C', 'COC(=O)C1=CC=CC(C)=C1I']","['CC(=O)NC(CC1=CC=C(I)C=C1)C(O)=O', 'COC(=O)C1=CC=C(I)C=C1', 'CC1=C(C=C(I)C=C1Cl)C(O)=O', 'CC(=O)C1=CC(I)=CC=C1', 'CCOC(=O)C1=CC=C(I)C=C1F', 'CC1=CC=C(C(O)=O)C(I)=C1', 'CC1=C(I)C=CC=C1', 'COC(=O)C1=C(I)C=CC=C1O', 'COC(=O)C1=CC=CC=C1I', 'OS(=O)(=O)C1=CC=C(I)C=C1', 'FC1=CC(I)=CC=C1C(F)(F)F', 'COC1=CC(Br)=CC(I)=C1', 'IC1=CC=C(C=C1)C1=NC=CO1', 'CNS(=O)(=O)C1=CC=C(I)C=C1', 'OC(=O)CCC1=NN=C(O1)C1=CC=CC=C1I', 'COC(=O)C1=C(O)C=C(I)C(Cl)=C1', 'CC1=CC(C(O)=O)=C(I)C=C1', 'CC(Cl)C(=O)NC1=CC=CC=C1I', 'CC(C)(O)C1=C(I)C=CC=C1', 'CCCC1=C(I)C=CC=C1', 'COC1=CC(I)=CC=C1I']"
9,"[-0.7526410024451837, 0.5108685380226708]",2.5823653616217417,"['COC1=CC=CC(C)=C1I', 'CC1=C(C)C(I)=C(C=C1)C(O)=O']","['ClCC(=O)NC1=CC=CC=C1I', 'CN(C(=O)C1=C(I)C=CC=C1)C1=CC=C(C)C=C1', 'IC1=CC=CC=C1C1=CC=CC=C1I', 'CC(=O)NC1=CC=CC=C1I', 'OCC1=CC(I)=C(CO)C=C1I', 'OC(=O)C1=CC=CC2=CC=CC(I)=C12', 'CC(C)C1=C(I)C=CC(Br)=C1', 'NC1=C(I)C=C(OC(F)(F)F)C=C1', 'CC(C)(C)C1=C(I)C=CC=C1', 'CC1=CC(Br)=C(C)C=C1I', 'CC1=CC(O)=C(C)C=C1I', 'CC1=C(I)C=CC(O)=C1', 'COC1=CC(I)=C(NC(=O)OC(C)(C)C)C=C1', 'IC1=CC=CC(CN2CCCC2)=C1', 'COC1=CC=C(I)C(C)=C1', 'OCC1=CC=CC(Br)=C1I', 'CCC1=C(Br)C=CC(I)=C1', 'OC1=C(F)C=CC=C1I', 'COC(=O)C1(CC1)C1=CC=C(I)C=C1', 'ClC1=CC=C(I)C=C1']"
