,obj_values ['rate'],Vendi_score,eval_samples,cut_samples
0,"[0.21158794185282548, 1.1145274373327607]",1.6075531521532325,"['NC1=C(Cl)C=C(I)C=C1', 'OC(=O)CCCCC(=O)C1=CC=C(I)C=C1']",[]
1,"[1.2082787049052461, 0.8010411997243925]",1.6114535167472124,"['IC1=CC=C(C=C1)C(=O)N1CCOCC1', 'CON(C)C(=O)C1=CC=C(I)C=C1']","['IC1=CC=C(OCC2=CC=CN=C2)C=C1', 'IC1=CC=C(C=C1)C1=NC=CO1', 'IC1=CC=C(OCC#N)C=C1', 'IC1=CC=C(OC2=CC=CC=C2)C=C1', 'CS(=O)(=O)NC1=CC=C(I)C=C1', 'IC1=CC=C(C=C1)C(=O)NCC1=CC=CC=C1', 'CSC1=CC=C(I)C=C1', 'CC(C)(C)C1=CC(I)=CC=C1O', 'NC(CC1=CC=C(I)C=C1)C(O)=O', 'NNC1=CC=C(I)C=C1', 'COC1=C(OC)C=C(I)C=C1', 'IC1=CC(I)=CC=C1', 'CC1=CC(I)=CC(I)=C1N', 'CC(=O)C1=CC(I)=CC=C1', 'COC1=CC=C(I)C(C(O)=O)=C1F', 'FC(F)(F)C(=O)CC1=CC=C(I)C=C1', 'OC1=CC=C(I)C=C1C(F)(F)F', 'IC1=CC=CC(=C1)C(=O)C1=CC=CC=C1', 'OC1=CC=C(OC2=CC=C(I)C=C2)C=C1', 'CC1=C(O)C=CC(I)=C1', 'CC(=O)NC1=C(F)C=C(I)C=C1', 'NC1=CC(I)=CC=C1O', 'NCCC1=CC=C(I)C=C1', 'IC1=CC=C(OCC2CC2)C=C1', 'NC1=CC=C(I)C=C1', 'CC(=O)NC1=C(OC(F)(F)F)C=C(I)C=C1', 'CC(=O)CCC1=CC=C(I)C=C1', 'IC1=CC=C(OCC2=CC=NC=C2)C=C1', 'IC1=CC=CC(=C1)C1=CC=CC=C1', 'OC1=C(F)C=C(I)C=C1', 'OC1=C(F)C=C(I)C=C1I']"
2,"[1.1885934889560894, 0.4888971701553504]",1.666515303530909,"['CCOC(=O)C1=CC=C(I)C=C1F', 'FC(F)(F)C(F)(C1=CC=C(I)C=C1)C(F)(F)F']","['COC(=O)C1(CC1)C1=CC=C(I)C=C1', 'IC1=CC=CC(CN2CCCC2)=C1', 'CNS(=O)(=O)C1=CC=C(I)C=C1', 'COC1=C(C)C=CC(I)=C1', 'CC(=O)NC1=C(C=C(I)C=C1)C(F)(F)F', 'NNC(=O)C1=CC=C(I)C=C1', 'CC(=O)OC1=CC=C(I)C=C1', 'OB(O)C1=CC(I)=CC=C1', 'COC1=C(Cl)C=CC(I)=C1', 'CC(=O)NC(CC1=CC=C(I)C=C1)C(O)=O', 'OC(=O)CCCCC1=CC=C(I)C=C1', 'NC(=O)C1=CN=C(OC2=CC=C(I)C=C2)C=C1', 'IC1=CC(CC#N)=CC=C1', 'CC1(C)COB(OC1)C1=CC=C(I)C=C1', 'IC1=CC(=CC=C1)N1C=CN=N1', 'OCC1=C(Cl)C=CC(I)=C1', 'OB(O)C1=CC=C(I)C=C1', 'CC1=CC(I)=CC(C)=C1F', 'CC1=C(Cl)C=C(I)C=C1', 'CC(C)(C)OC(=O)NCC1=CC=CC(I)=C1', 'IC1=CC=C(CC#C)C=C1', 'ClC1=CC=C(OC2=CC=C(I)C=C2)C=C1', 'CC1=CC=C(I)C=C1', 'ClCC1=CC=C(I)C=C1', 'CCC1=CC=C(I)C=C1', 'ClC1=CC=C(C=C1)C1=CC=C(I)C=C1', 'NCC1=CC(I)=CC=C1', 'CCOC(=O)CC1=CC(I)=CC=C1', 'NC1(CC1)C1=CC=C(I)C=C1', 'CCOP(=O)(CC1=CC=C(I)C=C1)OCC']"
3,"[0.7906260268900357, 0.890544908179314]",2.0301648693634218,"['CCCCCC1=CC=C(C=C1)C1=CC=C(I)C=C1', 'CN(C)C1=CC=C(C=C1)\\N=N\\C1=CC=C(I)C=C1']","['CCC1=C(Br)C=CC(I)=C1', 'COC1=CC(Cl)=CC(I)=C1', 'FC(F)(F)C1=C(Cl)C=CC(I)=C1', 'CC1=C(Br)C(F)=CC(I)=C1', 'ClC1=CC=C(I)C=C1', 'FC1=C(Cl)C=C(I)C=C1', 'FC1=C(Cl)C=C(I)C=C1Cl', 'CS(=O)(=O)C1=CC=CC(I)=C1', 'OCC1=C(Cl)C=C(I)C=C1Cl', 'BrCC1=CC(I)=CC=C1', 'OCC1=C(Cl)C=CC=C1I', 'CC(Br)C(=O)N(C)C1=CC=C(I)C=C1', 'OS(=O)(=O)C1=CC=CC(I)=C1', 'CC1=CC(Br)=CC(I)=C1', 'CC(C)(C)OC(=O)C1=C(I)C=CC=C1', 'CC1=C(Cl)C=C(I)C=C1Cl', 'FC1=C(C=C(I)C=C1)C(F)(F)F', 'COC1=CC(I)=CC=C1I', 'CC1=CC=C(I)C=C1Br', 'NS(=O)(=O)C1=CC=C(I)C=C1', 'NS(=O)(=O)C1=CC=CC(I)=C1', 'OC(=O)C1=CC=C(I)C=C1', 'CC1=CC=C(I)C(C(O)=O)=C1F', 'COC(=O)C1=CC=C(I)C=C1', 'FC1=CC(I)=CC=C1C(F)(F)F', 'FC(F)C1=CC=C(I)C=C1', 'OS(=O)(=O)C1=CC=C(I)C=C1', 'CC1=CC(I)=CC(F)=C1']"
4,"[1.1851596614284747, 0.4963810077188251]",2.2085706600974544,"['CC1=CC=C(C)N1C1=C(F)C=C(I)C=C1', 'IC1=CC=C(C#N)C(I)=C1']","['CC(C)(C)OC(=O)C1=C(Br)C=C(I)C=C1', 'NC1=CC=C(C=C1)S(=O)(=O)NC1=CC=C(I)C=C1', 'IC1=CC=C(NC(=O)OCC2=CC=CC=C2)C=C1', 'CC(C)(C)OC(=O)NC(CC1=CC(I)=CC=C1F)C(O)=O', 'IC1=CC=C(OCCN2CCCC2=O)C=C1', 'CC(C)OC1=CC=C(I)C=C1Br', 'COC(=O)C1=C(I)C=C(OC)C(OC)=C1', 'CCOC1=CC=C(C=C1)C(O)C1=CC(I)=CC=C1Cl', 'NC(=O)C1=C(Cl)C=CC=C1I', 'CC1=CC=CC(I)=C1', 'CC(C)S(=O)(=O)N[C@@H]1CCOC[C@H]1C1=CC=C(I)C=C1', 'CCCNC(=O)C1=CC=CC=C1I', 'FC1=CC(I)=CC=C1NC(=O)NC1CC1', 'OC(=O)C1=C(NC2=CC=C(I)C=C2F)C=NC=C1', 'ClC1=CC(Cl)=C(COC2=CC=C(I)C=C2)C=C1', 'IC1=C(C=CC=C1)C(=O)NC1CCCC1', 'CC1=CC=C(I)C=C1C1=CC(I)=CC=C1C', 'CC1=CC=C(C=C1I)C(N)=N', 'IC1=C(C=CC=C1)C(=O)NCC1=CC=CC=C1', 'COC1=C(C(O)=O)C(I)=CC=C1', 'CC1(C)OB(OC1(C)C)C1=CC(O)=CC=C1I', 'CCNC(=O)C1=CC=CC=C1I', 'IC1=CC=C(OCCN2CCCC2)C=C1', 'OC(=O)CNC(=O)C1=C(I)C=CC=C1', 'COC(=O)C1=C(I)C=CC=C1OC', 'ClCC1=CC(I)=C(CCl)C=C1']"
5,"[-0.5459529163336929, 0.6238545681118839]",2.729156544511209,"['COC1=CC=C(OC)C(=C1I)C1=C(C=C(C=C1C(C)C)C(C)C)C(C)C', 'COC(=O)C1=CC=C(I)C=C1N(=O)=O']","['CNC(=O)C1=CC=CC=C1I', 'CC(C)(C)OC(=O)C1=CC(I)=CC=C1', 'OC(=O)C1=C(NC2=CC=C(I)C=C2Cl)C(F)=C(F)C=C1', 'OC(=O)CCC1=NN=C(O1)C1=CC=CC=C1I', 'COC1=C(I)C=C(N)C=C1I', 'OCC1=C(I)C=C(F)C=C1', 'COC1=CC=C(C(N)=O)C(I)=C1', 'IC1=C(C=CC=C1)C1=CC=CC=C1', 'NNC(=O)CNC1=CC=C(I)C=C1', 'NC(=O)C1=C(I)C=CC=C1', 'CC1=CC(C)=C(I)C=C1I', 'OC(=O)CC1=C(I)C=C(Cl)C=C1', 'CC1=C(I)C=CC=C1CC#N', 'COC1=CC(Br)=CC(I)=C1', 'COC(=O)C1=C(C)C(I)=CC=C1', 'CC(C)S(=O)(=O)N[C@H]1CCOC[C@@H]1C1=CC=C(I)C=C1', 'COC(=O)C1=C(N)C=CC=C1I', 'ClC1=CC2=C(C=C1)C=C(I)C=C2', 'COC1=CC(I)=C(NC(=O)OC(C)(C)C)C=C1', 'OB(O)C1=C(I)C=CC(OCC2=CC=CC=C2)=C1', 'CCC1=CC=C(I)C=C1C(O)=O', 'FC(F)C1=C(I)C=CC=C1', 'COC(=O)C1=C(I)C=CC=C1O', 'OCC1=C(I)C=C(Cl)C=C1', 'CC1=C(C=C(I)C=C1Cl)C(O)=O']"
6,"[0.610371127314533, 1.2242285798605221]",2.8476738280936473,"['NC1=CC(I)=CC(CO)=C1', 'OC(=O)C1=C(O)C=CC=C1I']","['CON(C)C(=O)C1=C(I)C=C(Cl)C=C1', 'CCOC1=C(I)C=CC(=C1)C(=O)N1CCOCC1', 'IC1=C(C=CC=C1)C(=O)N1CCCC1', 'COC1=CC=CC(I)=C1NC(=O)OC(C)(C)C', 'OC(=O)C1=C(NC(=O)C2=C(I)C=CC=C2)C=CC=C1', 'COC1=CC(=C(I)C=C1)C(F)(F)F', 'CCOC(=O)CC1=C(I)C=CC=C1', 'CCOC(=O)C1=CC2=CC=CC=C2C=C1I', 'OC(=O)CCC1=CC(I)=C(O)C(I)=C1', 'IC1=CC=C(NC2=CC=C(I)C=C2)C=C1', 'COC(=O)C1=CC(NC(=O)C2=CC=CC=C2I)=CC=C1', 'CC(Cl)C(=O)NC1=CC=CC=C1I', 'IC1=C(OCC2=CC=CC=C2)C=CC=C1', 'NC1=C(I)C=C(Cl)C(=C1)C(F)(F)F', 'CCNC(=O)C1=CC(OCC)=C(I)C=C1', 'CC1=CC(=CC(I)=C1)C(O)=O', 'OCC1=CC(I)=C(CO)C=C1I', 'COC(=O)C1=C(I)C=CC(OC)=C1', 'COC1=C(I)C=CC(=C1)C(F)(F)F', 'FC(F)(F)COC1=CC(=CC=C1I)C(=O)N1CCOCC1', 'IC1=CC=CC=C1CN1C=NC=N1', 'COC1=CC=C(COC2=C(I)C=CC=C2)C=C1', 'CC(C)(C)C(=O)NC1=CC=C(Cl)C=C1I', 'CN(C(=O)C1=C(I)C=CC=C1)C1=CC=C(C)C=C1']"
7,"[-0.2601182993381869, 0.7197935221360662]",2.961489997171059,"['CC(C)(C)C1=C(I)C=CC=C1', 'CC1=CC=CC(I)=C1C=O']","['FC(F)(F)C(=O)NC1=CC=CC=C1I', 'OC(=O)C1=CC=CC(I)=C1', 'CC1=CC(I)=C(CO)C=C1', 'COC(OC)C1=C(I)C=CC=C1', 'BrC1=CN=C(OC2=CC=C(I)C=C2)N=C1', 'COC1=C(C)C(I)=CC=C1C', 'CN(C)C1=C(I)C=CC=C1', 'CC1=C(F)C=C(F)C=C1I', 'NC1=C(C(O)=O)C(I)=CC=C1', 'COC(=O)CC1=C(I)C=CC=C1', 'CC1=CC=C(C(O)=O)C(I)=C1', 'COC1=CC(B(O)O)=C(I)C=C1', 'CC1=CC(I)=C(CO)C=C1C', 'OC(=O)C1=CC=CC2=CC=CC(I)=C12', 'ClCC1=C(I)C=CC=C1', 'ClCC(=O)NC1=CC=CC=C1I', 'COC(=O)C1=CC=CC=C1I', 'NC1=C(Cl)C=C(C=C1I)C(F)(F)F', 'CNCC1=C(I)C=CC=C1', 'CC1=C(I)C=C(O)C=C1', 'IC1=CC=C(NC(=O)NCC2=CC=CC=C2)C=C1', 'NC1=C(Cl)C=C(Cl)C=C1I']"
8,"[-0.3282427545852178, 0.26888320368432606]",3.1721229447108494,"['COC(=O)C1=C(N)C(I)=CC(F)=C1', 'C[C@@H]1CN(CCN1S(=O)(=O)C1=CC=C(I)C=C1)C(=O)C1=CC=CC=C1']","['CC1=C(I)C=C(C=C1F)C(O)=O', 'CC1=CC(I)=C(C)C=C1', 'OC(=O)CCC1=CC=CC=C1I', 'COC1=CC=CC(I)=C1C', 'CCCC1=C(I)C=CC=C1', 'CC1=C(I)C=C(CO)C=C1', 'OC(=O)C1(CC1)C1=C(I)C=CC=C1', 'OC1=CC=C(Cl)C=C1\\C=C\\C1=C(I)C=CC=C1', 'CC1=CC(C(O)=O)=C(I)C=C1', 'OC(=O)CC1=CC=CC=C1I', 'IC1=CC=CC=C1C(=O)C1=CC=CC=C1', 'CC(C)(O)C1=C(I)C=CC=C1', 'C[C@H](O)C1=C(I)C=CC(F)=C1', 'IC1=CC=CC=C1C1=CC=CC=C1I', 'OCC1=C(I)C=CC(F)=C1', 'CC1=CC=CC(I)=C1CO', 'COC(=O)C1=C(Cl)C=C(C)C(I)=C1', 'NC(=O)CC1=C(I)C=CC=C1', 'OC1=C(C=O)C(I)=CC=C1', 'NCC1=CC=CC=C1I', 'FC1=C(Cl)C=CC(I)=C1C=O']"
9,"[0.16333255109768174, 0.8392322980736077]",3.244771653136181,"['OC(=O)C1=C(I)C=C(C=C1)C#N', 'OC(=O)C1=CC=CC(C(O)=O)=C1I']","['CCOC(=O)C1=CC(I)=CC(Br)=C1', 'COC(=O)C1=C(I)C=C(Br)C=C1', 'COC(=O)CCC1=CC(I)=C(O)C(I)=C1', 'NC1=C(I)C=C(F)C(=C1)C(F)(F)F', 'OC(=O)C1=CC(Cl)=CC=C1I', 'NC1=C(I)C=CC(=C1)C(O)=O', 'COC(=O)C1=C(Cl)C(O)=C(I)C=C1', 'CC1=CC(I)=C(N)C(I)=C1', 'CC(C)(C)C(=O)NC1=CC=CC=C1I', 'CC(=O)NC1=CC=CC=C1I', 'OC1=CC=CC2=C1C=CC=C2I', 'COC1=C(OC)C(I)=CC(C=O)=C1', 'COC1=CC(I)=C(C=O)C=C1OC', 'CCOC(=O)C1=CC(OCC)=C(I)C=C1', 'CCOC(=O)COC1=CC=CC=C1I', 'CCOC(=O)CC(=O)C1=C(I)C=CC=C1', 'COC(=O)C1=CC(N)=C(I)C=C1C', 'OC(=O)C1=C(I)C=C(F)C(F)=C1', 'COC(=O)C1=CC=C(I)C(N)=C1', 'CCOC(=O)C(=CNC1=C(I)C=CC=C1)C(=O)OCC']"
