,obj_values ['rate'],Vendi_score,eval_samples,cut_samples
0,"[0.6673072583661991, 0.9598920574896976]",1.648464300560905,"['CC1=CC(I)=C(F)C=C1', 'BrC1=CC(I)=C(I)C=C1']",[]
1,"[0.8637035693631561, 0.9801262800495434]",1.7868841590170406,"['COP(=S)(OC)OC1=CC(Cl)=C(I)C=C1Cl', 'BrCC1=C(Br)C(I)=CC=C1']","['CC1=CC(Cl)=C(I)C=C1C', 'OC(=O)C1=CC=CC(I)=C1Cl', 'FC(F)(F)C1=CC(I)=C(Br)C=C1', 'CCC1=CC(Br)=C(I)C=C1', 'CC1=CC(F)=C(I)C=C1', 'ClC1=CC=C(Br)C=C1I', 'CC1=C(F)C=C(F)C(I)=C1', 'CC(C)C1=CC=C(I)C(Br)=C1', 'OC1=C(Br)C(I)=CC=C1', 'ClC1=CC(Br)=C(I)C=C1Cl', 'COC(=O)C1=CC(I)=C(Cl)C=C1', 'CC1=C(Br)C=CC(I)=C1Cl', 'FC1=CC(Br)=C(I)C=C1F', 'FC(F)(F)C1=CC(I)=C(Cl)C=C1', 'FC1=CC(Cl)=C(I)C=C1', 'FC1=CC(I)=C(Cl)C=C1', 'OC1=C(I)C=CC=C1Cl', 'FC(F)(F)OC1=CC=CC=C1I', 'ClC1=CC(Cl)=C(I)C=C1', 'COC1=CC(I)=C(F)C=C1Cl', 'ClC1=CC=CC=C1I', 'COC(=O)C1=CC(I)=C(Cl)C=C1C', 'OC1=CC(I)=C(Br)C=C1', 'FC1=CC(I)=C(F)C=C1', 'CC1=CC=CC(I)=C1Cl', 'BrC1=CC=CC=C1I', 'OC(=O)C1=C(Br)C(I)=CC=C1', 'FC1=CC=CC(I)=C1Br', 'CC1=CC(Br)=C(I)C=C1', 'OC1=C(Cl)C(I)=CC=C1', 'CC1=CC(Br)=C(I)C=C1Cl']"
2,"[-0.4571776059528941, 1.0953815197423356]",1.9664521396337862,"['BrCC1=C(I)C(Br)=CC=C1', 'BrC1=C(I)C=C(C=O)C=C1']","['BrC1=C(OC2=C(I)C=CC=C2)C=CC(=C1)C#N', 'COC1=C(I)C=C(Br)C=C1', 'COC1=C(I)C=C(C(O)=O)C(F)=C1', 'FC(F)(F)C1=C(Cl)C=CC(I)=C1', 'CC(C)(C)C1=CC=C(I)C(Br)=C1', 'ClC1=C(I)C=C(C=C1)C#N', 'OC1=CC=C(I)C(Br)=C1', 'FC1=C(I)C=CC(Br)=C1Cl', 'COC1=CC(Br)=C(I)C=C1', 'COC1=CC(Cl)=C(I)C=C1', 'FC(F)(F)C1=C(Br)C(I)=CC=C1', 'OC(C1=CC=C(I)C(F)=C1)(C(F)(F)F)C(F)(F)F', 'FC1=C(Br)C=CC(I)=C1F', 'OC1=CC(I)=C(Cl)C=C1', 'COC1=C(I)C=CC(=C1)C(F)(F)F', 'CC(=O)C1=CC(I)=C(Br)C=C1', 'BrC1=CC(Br)=C(I)C=C1', 'ClC1=CC(CBr)=C(I)C=C1', 'FC(F)(F)C1=C(I)C=CC(Br)=C1', 'NC(=O)C1=C(I)C=CC(Br)=C1F', 'CC(C)(C)C1=CC(I)=C(Br)C=C1', 'FC(F)(F)C1=C(I)C(Br)=CC=C1', 'FC(F)(F)OC1=C(I)C=C(Br)C=C1', 'OC(=O)C1=C(I)C(Br)=CC=C1', 'COC1=C(I)C=C(C=C1)C(O)=O', 'FC1=C(I)C=C(CBr)C=C1', 'COC1=CC(I)=C(Cl)C=C1', 'OC1=CC(Cl)=C(I)C=C1', 'ClC1=CC=C(CBr)C(I)=C1', 'BrC1=C(C=CC=C1I)C#N']"
3,"[1.1647000271577503, 0.33335719444877276]",2.1480664286650786,"['CCOC(=O)C1=CC(I)=CC(Br)=C1', 'CC1=C(C=C(I)C=C1Cl)C(O)=O']","['FC(F)(F)C1=CC(Cl)=C(I)C(Cl)=C1', 'OC(=O)C1=CC(I)=C(O)C(I)=C1', 'CC1=CC(Cl)=CC(Cl)=C1I', 'COC1=C(I)C(Cl)=C(Cl)C=C1', 'FC1=CC=CC(CBr)=C1I', 'COC1=CC=CC(Br)=C1I', 'ClC1=CC(Br)=C(I)C(Cl)=C1', 'COC1=C(I)C=C(C=C1I)C#N', 'CCOC1=CC(Br)=CC=C1I', 'BrC(C1=CC=CC=C1)C1=C(I)C=CC=C1', 'NC(=O)C1=C(Cl)C=CC=C1I', 'OC(=O)C1=CC=C(O)C(I)=C1', 'COC(=O)C1=C(O)C=C(I)C(Cl)=C1', 'BrCC1=C(I)C=CC(Br)=C1', 'ClC1=CC=CC(Br)=C1I', 'CON(C)C(=O)C1=C(I)C=C(Cl)C=C1', 'FC1=C(I)C=CC(Cl)=C1', 'CC1=CC=C(I)C=C1Br', 'OCC1=CC=CC(Br)=C1I', 'COC1=CC(I)=C(I)C=C1OC', 'COC(=O)C1=CC(I)=C(F)C=C1', 'OC(=O)C1=CC(Cl)=C(I)C(Cl)=C1', 'ClCC1=CC(I)=C(CCl)C=C1', 'OC(=O)C1=C(F)C=C(Cl)C(I)=C1', 'CC1=CC=CC(Cl)=C1I', 'OC1=C(I)C(Br)=CC=C1', 'ClC1=C(I)C=C(C=O)C=C1', 'ClC1=CC(Br)=CC(Cl)=C1I']"
4,"[0.9656292524742955, 0.6238545681118839]",2.329659181115892,"['ClC1=CC(I)=CC(=C1)N(=O)=O', 'COC(=O)C1=CC=C(I)C=C1N(=O)=O']","['OC1=C(I)C=C(C=C1I)C(F)(F)F', 'FC1=C(Cl)C=C(I)C=C1Cl', 'CCOC(=O)C1=C(I)C=CC(Br)=C1', 'OCC1=C(Cl)C=C(I)C=C1Cl', 'CCC1=CC=C(I)C=C1C(O)=O', 'IC1=CC(I)=CC=C1', 'COC1=C(OC)C(I)=CC(C=O)=C1', 'COC(=O)C1=C(CBr)C(I)=CC=C1', 'COC(=O)C1=C(I)C=C(Br)C=C1', 'CC1=CC(Br)=CC(I)=C1', 'OC(=O)CC1=C(I)C=C(Cl)C=C1', 'CC1=CC(=CC(I)=C1)C(O)=O', 'BrC1=C(C=C(I)C=C1)C#N', 'IC1=CC=CC(=C1)C(=O)C1=CC=CC=C1', 'COC(=O)C1=C(Cl)C=C(C)C(I)=C1', 'CC(C)(C)OC(=O)C1=CC(I)=CC=C1', 'OC1=C(F)C=C(I)C=C1I', 'CCOC(=O)C1=CC=C(I)C=C1F', 'BrC1=CN=C(OC2=CC=C(I)C=C2)N=C1', 'CC1=C(Cl)C=C(I)C=C1Cl', 'CC(=O)C1=CC(I)=CC=C1', 'OC(=O)C1=CC=CC(I)=C1', 'COC(=O)C1=C(Cl)C(O)=C(I)C=C1', 'FC(F)(F)C(=O)CC1=CC=C(I)C=C1', 'OC(=O)C1=C(I)C=CC(Br)=C1', 'CC(C)(C)OC(=O)C1=C(Br)C=C(I)C=C1']"
5,"[0.7779474447258767, 1.0708146217817276]",2.5863343839335236,"['OS(=O)(=O)C1=CC=CC(I)=C1', 'FC1=C(F)C(=CC(I)=C1F)N(=O)=O']","['OC1=CC(I)=C(C=C1)N(=O)=O', 'CCOC(=O)C1=CC(I)=C(C=C1)C#N', 'CC1=CC(C)=C(I)C=C1I', 'BrC1=CC2=CC=C(I)C=C2C=C1', 'CC1=CC=C(I)C(C(O)=O)=C1F', 'COC(=O)C1=C(I)C=CC=C1O', 'COC(=O)C1=CC=CC=C1I', 'IC1=CC=C(C=C1)C1=NC=CO1', 'OC(=O)CCC1=NN=C(O1)C1=CC=CC=C1I', 'OC(=O)C1=C(I)C=C(C=C1)C#N', 'CC1=C(C(I)=CC=C1)N(=O)=O', 'OC(=O)C1=CC(Cl)=CC=C1I', 'CC1=C(C(F)=CC=C1I)N(=O)=O', 'OC(=O)C1=CC(I)=C(C=C1)C(F)(F)F', 'IC1=CC=C(C=C1)N1C(=O)C=CC1=O', 'CC1=C(I)C=C(C=C1F)C(O)=O', 'OC(=O)C1=C(I)C=C(F)C(F)=C1', 'ClC1=CC(=CC=C1I)N(=O)=O', 'CC1=C(I)C=C(Cl)C(=C1)N(=O)=O', 'CC1=C(I)C=CC=C1N(=O)=O', 'OC(=O)CCCCC(=O)C1=CC=C(I)C=C1', 'COC(=O)C1=C(I)C=CC(OC)=C1', 'ClC1=CC2=C(C=C1)C=C(I)C=C2', 'FC1=C(Cl)C=CC(I)=C1C=O', 'IC1=CC=C(C#N)C(I)=C1']"
6,"[0.4257549960654081, 0.6668851700437686]",2.7544856331783287,"['FC1=CC(F)=C(I)C=C1N(=O)=O', 'NC1=C(C=C(I)C(Cl)=C1)N(=O)=O']","['FC(F)(F)C1=CC(=C(I)C=C1)C(F)(F)F', 'CNS(=O)(=O)C1=CC=C(I)C=C1', 'NNC(=O)C1=CC=C(I)C=C1', 'OC1=C(I)C=C(C=C1N(=O)=O)C#N', 'FC1=C(C=C(Br)C=C1I)C#N', 'NS(=O)(=O)C1=CC=C(I)C=C1', 'OCC1=C(Cl)C=CC=C1I', 'IC1=CC(=CC=C1)N1C=CN=N1', 'OS(=O)(=O)C1=CC=C(I)C=C1', 'OC(=O)CNC(=O)C1=C(I)C=CC=C1', 'FC1=C(C=C(I)C=C1)C(F)(F)F', 'COC1=CC=C(I)C(C(O)=O)=C1F', 'CC(C)C1=CC=C(I)C(=C1)N(=O)=O', 'NS(=O)(=O)C1=CC=CC(I)=C1', 'CC1=C(Cl)C=C(I)C=C1', 'OC(=O)C1=CC(OC(F)(F)F)=C(I)C=C1', 'FC1=C(Cl)C=C(I)C=C1', 'CC(=O)NC1=C(C=C(I)C=C1)C(F)(F)F', 'CS(=O)(=O)C1=CC=CC(I)=C1', 'OCC1=CC(=C(I)C=C1)N(=O)=O', 'OCC1=C(Cl)C=CC(I)=C1', 'CC1=C(Br)C(F)=CC(I)=C1', 'FC1=C(I)C=CC(I)=C1', 'BrCC1=CC(I)=CC=C1']"
7,"[0.9266807106460363, 1.20915723585692]",2.8190536272511992,"['BrC1=C(Br)C=C(I)C=C1', 'BrCC1=CC=C(I)C=C1Br']","['CC1=CC(C(O)=O)=C(I)C=C1', 'COC(=O)C1=CC(I)=C(N)C(=C1)N(=O)=O', 'CC1=CC=C(C(O)=O)C(I)=C1', 'CCOC(=O)C1=CC(F)=C(I)C=C1', 'OC1=C(I)C=C(C=O)C=C1I', 'CC1=CC(O)=C(I)C=C1N(=O)=O', 'CCOC(=O)C1=CC2=CC=CC=C2C=C1I', 'OC1=C(I)C=CC=C1N(=O)=O', 'COC1=CC(C=O)=CC(I)=C1O', 'FC1=C(F)C(=CC=C1I)C(F)(F)F', 'OC(=O)C(=O)CC1=CC(I)=C(O)C(I)=C1', 'NC(=O)C1=C(O)C=CC(I)=C1', 'COC1=CC=C(I)C=C1C(O)=O', 'OC(=O)C1=CC=C(I)C(=C1)C(F)(F)F', 'FC1=C(I)C=CC(Br)=C1C#N', 'CC1=C(C=CC=C1I)C#N', 'NC1=CC=C(I)C=C1N(=O)=O', 'CCOC(=O)C1=CC(I)=C(O)C(I)=C1', 'OC1=C(I)C=C(F)C(F)=C1I', 'CCOC1=C(O)C(I)=CC(C=O)=C1', 'OC1=CC=C(I)C=C1C(F)(F)F', 'FC1=C(I)C=CC(=C1)C(F)(F)F']"
8,"[-0.24448008121560494, 0.33149269980612495]",3.087338580318007,"['COC1=CC(Cl)=CC(I)=C1', 'BrC1=CC=C(I)C=C1CC1=CC=C2OCCOC2=C1']","['ClCC1=CC=C(I)C=C1', 'CCC1=C(Br)C=CC(I)=C1', 'COC(=O)C1=CC=C(I)C=C1', 'CC(Br)C(=O)N(C)C1=CC=C(I)C=C1', 'CCOC(=O)CC1=CC(I)=CC=C1', 'CS(=O)(=O)NC1=CC=C(I)C=C1', 'CC(=O)OC1=CC=C(I)C=C1', 'IC1=CC=CC(=C1)C1=CC=CC=C1', 'CCNC(=O)C1=CC=CC=C1I', 'IC1=CC(CC#N)=CC=C1', 'FC(F)(F)C(F)(C1=CC=C(I)C=C1)C(F)(F)F', 'FC1=CC(I)=CC=C1C(F)(F)F', 'CC1=CC(Br)=CC=C1I', 'COC(=O)C1=C(C)C(I)=CC=C1', 'CON(C)C(=O)C1=CC=C(I)C=C1', 'CC(=O)NC1=C(OC(F)(F)F)C=C(I)C=C1', 'COC1=CC(I)=CC=C1I', 'CC(C)OC1=CC=C(I)C=C1Br', 'FC(F)C1=C(I)C=CC=C1', 'OCC1=C(I)C=C(Cl)C=C1', 'COC1=CC(Br)=CC(I)=C1']"
9,"[0.5111620607467443, -0.030410175615268827]",3.249581359473649,"['CC1=CC(=C(I)C(Br)=C1)N(=O)=O', 'OC1=CC(Br)=C(I)C(Br)=C1']","['FC(F)C1=CC=C(I)C=C1', 'CC(=O)NC(CC1=CC=C(I)C=C1)C(O)=O', 'NC(=O)C1=CN=C(OC2=CC=C(I)C=C2)C=C1', 'FC(F)(F)C(=O)NC1=CC=CC=C1I', 'OC(=O)C1=CC=C(I)C=C1', 'IC1=CC=C(C=C1)C(=O)N1CCOCC1', 'CC(=O)NC1=C(F)C=C(I)C=C1', 'OB(O)C1=CC(I)=CC=C1', 'COC1=C(Cl)C=CC(I)=C1', 'COC1=CC(=C(I)C=C1)C(F)(F)F', 'NC(CC1=CC=C(I)C=C1)C(O)=O', 'CCCNC(=O)C1=CC=CC=C1I', 'IC1=CC=C(OCC#N)C=C1', 'CC1=CC(I)=CC(F)=C1', 'COC(=O)C1=C(I)C=CC=C1OC', 'COC1=C(F)C=CC=C1I', 'COC(=O)C1(CC1)C1=CC=C(I)C=C1', 'OB(O)C1=CC=C(I)C=C1', 'COC1=C(C(O)=O)C(I)=CC=C1', 'ClC1=CC=C(I)C=C1']"
