,obj_values ['rate'],Vendi_score,eval_samples,cut_samples
0,"[-0.5586187117515704, 0.2531088644583653]",1.1783379796546156,"['CC(Cl)C(=O)NC1=CC=CC=C1I', 'CC1=CC(N)=C(I)C=C1F']",[]
1,"[0.08986486434496531, -0.11688248588650157]",1.2143162747009972,"['CC1=CC(N)=C(I)C=C1', 'CC1=CC(I)=C(N)C(C)=C1']","['OC1=C(I)C=C(C=C1)C1=CC=CC=C1', 'COC(=O)C1=C(C)C=C(N)C(I)=C1', 'OC(=O)CC1=CC=C(O)C(I)=C1', 'NC1=C(I)C=C(OC(F)(F)F)C=C1', 'ClCC(=O)NC1=CC=CC=C1I', 'CC1=CC=C(N)C(I)=C1', 'NC1=C(Cl)C=C(C=C1I)C(F)(F)F', 'NC1=C(I)C=C(Cl)C(=C1)C(F)(F)F', 'COC1=CC(CO)=CC=C1I', 'OCC1=CC(I)=C(O)C=C1', 'CC(C)(C)C1=CC=C(N)C(I)=C1', 'CC1=C(N)C(I)=CC=C1', 'CC(=O)NC1=CC(F)=CC=C1I', 'IC1=C(OC2CC2)C=CC=C1', 'CC(C)C1=CC=C(N)C(I)=C1', 'CCOC(=O)CC1=CC=C(N)C(I)=C1', 'COC(=O)C1=CC(I)=C(N)C(OC)=C1', 'OC(=O)CCC1=CC=C(O)C(I)=C1', 'NC1=CC(Cl)=CC=C1I', 'CC1=CC(Cl)=CC(I)=C1N', 'NC1=C(I)C=C(F)C(=C1)C(F)(F)F', 'CC1=CC(I)=C(O)C=C1Cl', 'NC1=C(Cl)C=C(Cl)C=C1I', 'NNC1=C(I)C=CC=C1', 'CC1=CC(N)=C(I)C=C1C', 'COC(=O)C1=CC(I)=C(N)C=C1Cl', 'COC1=C(N)C(I)=CC=C1', 'CC(=O)NC1=CC=CC=C1I', 'CCOC(=O)C1=CC(I)=C(N)C=C1', 'CC1=C(O)C(I)=CC(Cl)=C1', 'CC(C)(C)C(=O)NC1=CC=CC=C1I']"
2,"[0.6173119251417611, -0.738476941804438]",1.3489448710712209,"['COC1=CC=C(N)C=C1I', 'COC1=C(I)C=CC(N)=C1']","['COC1=CC=C(OC)C(I)=C1', 'NC(=O)C1=CC(O)=C(I)C=C1', 'CCOC(=O)COC1=CC=CC=C1I', '[H][C@](N)(CC1=CC(I)=C(O)C=C1)C(=O)OC', 'NC1=C(I)C=C(C=C1)C1=CC=CC=C1', 'NC1=C(N)C(I)=CC=C1', 'NC1=C(I)C=C(Br)C=C1', 'COC1=CC(C)=C(OC)C=C1I', 'CN(C)C1=C(I)C=CC=C1', 'COC1=CC=C(C)C=C1I', 'COC1=CC=C(I)C(O)=C1', 'NC1=CC=C(N)C(I)=C1', 'COC1=CC(I)=C(N)C=C1', 'CC1=CC(O)=C(C)C=C1I', 'IC1=C(OCC2=CC=CC=C2)C=CC=C1', 'CC1=CC(I)=C(N)C=C1O', 'OC1=CC=C(I)C2=CC=CC=C12', 'NC1=CC=C(O)C=C1I', 'NC1=CC(I)=C(O)C=C1', 'OC1=C(I)C=CC=C1', 'OC1=C(I)C=C(Cl)C=C1', 'NC1=C(I)C=CC(Br)=C1', 'COC1=CC=C(I)C(C)=C1', 'OC1=C(I)C=CC(Cl)=C1', 'COC1=CC=C(I)C(OC)=C1', 'COC1=C(I)C=CC=C1', 'CC1=C(I)C=CC(O)=C1', 'COC1=CC=C(I)C(N)=C1', 'OC1=C(O)C(I)=CC=C1', 'COC1=CC(OC)=C(I)C=C1Cl']"
3,"[0.33201464200603964, 1.0558560625499234]",1.5536216644333372,"['COC1=CC=CC(I)=C1C', 'OC1=CC=CC(I)=C1F']","['OC1=CC(Cl)=C(F)C=C1I', 'COC1=CC=CC(C)=C1I', 'NC1=CC=C(I)C=C1', 'NC1=C(Cl)C=C(I)C=C1', 'COC1=CC=CC(CNC2=C(I)C=CC=C2)=C1', 'CNC1=CC=C(I)C=C1', '[H][C@@](N)(CC1=CC=C(O)C(I)=C1)C(O)=O', 'NNC1=CC=C(I)C=C1', 'NNC(=O)CNC1=CC=C(I)C=C1', 'CC1=CC(Cl)=CC(N)=C1I', 'NC1=CC(I)=CC=C1O', 'CNC1=CC=C(I)C=C1C', 'COC(=O)C1=CC(I)=C(N)C=C1OC', 'OC1=C(F)C=CC=C1I', 'COC1=CC(B(O)O)=C(I)C=C1', 'NC1=C(Br)C=CC=C1I', 'CC1=C(C=C(I)C(N)=C1)C#N', 'NC1=C(I)C=C(C=C1)C#N', 'OC(=O)C1=CC=C(O)C(I)=C1', 'COC1=CC=CC(CO)=C1I', 'OC1=C(I)C=CC=C1Cl', 'CC1=C(O)C=CC(I)=C1', 'COC1=C(N)C=CC(I)=C1', 'CC(C)(C)C1=C(N)C=CC(I)=C1', 'COC1=CC(Cl)=C(OC)C=C1I', 'CCC1=C(N)C=CC(I)=C1', 'CN(C)C1=CC=C(I)C=C1', 'NC1=C(F)C=C(C=C1I)C#N']"
4,"[0.3605637792644092, 0.610371127314533]",1.9136834225501091,"['FC1=CC(F)=C(F)C(I)=C1F', 'NC1=CC(I)=CC(CO)=C1']","['COC1=CC(I)=C(F)C=C1', 'COC1=CC(F)=C(I)C=C1', 'NC1=C(F)C(F)=C(I)C=C1', 'IC1=CC=C(OCC2CC2)C=C1', 'OCC1=C(I)C=CC(F)=C1', 'CC(C)(C)C1=CC(I)=CC=C1O', 'CC1=CC(I)=C(F)C=C1', 'FC(F)(F)C(=O)NC1=CC=CC=C1I', 'NC1=CC(I)=C(F)C=C1Cl', 'COC1=C(I)C=CC(=C1)C(F)(F)F', 'CCOC1=CC=C(I)C(F)=C1F', 'FC1=C(I)C=CC(=C1)C1CC1', 'COC1=C(I)C(C)=CC(Cl)=C1', 'COC1=C(C)C(I)=CC=C1C', 'COC1=C(I)C=C(C=C1)C(O)=O', 'CC1=CC(I)=C(CO)C=C1C', 'COC1=C(I)C=C(Br)C=C1', 'CNCC1=C(I)C=CC=C1', 'CCOC(=O)C1=CC(I)=C(OC)C=C1', 'CC1=CC(F)=C(I)C=C1O', 'COC1=C(OC)C=C(I)C=C1', 'COC1=C(F)C=CC=C1I', 'CC1=C(I)C=C(O)C=C1', 'CSC1=CC=C(I)C=C1', 'COC1=CC(I)=C(F)C=C1Cl', 'NC1=CC(F)=C(I)C=C1']"
5,"[-0.6836597041070778, -0.24448008121560494]",2.0502935559307813,"['OC1=CC(I)=C(Cl)C=C1', 'COC1=CC(Cl)=CC(I)=C1']","['CC1=CC(I)=C(C)C=C1', 'FC1=CC(I)=C(F)C=C1', 'CC1=CC(F)=C(I)C=C1', 'NCC1=CC=CC=C1I', 'IC1=CC=C(OC2=CC=CC=C2)C=C1', 'COC1=CC=C(COC2=C(I)C=CC=C2)C=C1', 'IC1=CC=C(C=C1)N1CCCCC1', 'OC1=CC=C(OC2=CC=C(I)C=C2)C=C1', 'CC1=CC=C(C=C1I)C(N)=N', 'CC1=C(F)C=C(F)C(I)=C1', 'CC1=CC(I)=C(CO)C=C1', 'IC1=CC=C(OCC2=CC=NC=C2)C=C1', 'CC1=C(I)C=C(CO)C=C1', 'NCCC1=CC=C(I)C=C1', 'OC1=C(F)C=C(I)C=C1', 'IC1=CC=C(OCC#N)C=C1', 'IC1=CC=CC(CN2CCCC2)=C1', 'COC1=C(I)C=C(C(O)=O)C(F)=C1', 'COC1=C(C)C=CC(I)=C1', 'CCOC1=CC(Br)=CC=C1I', 'IC1=CC=C(OCC2=CC=CN=C2)C=C1', 'CCNC(=O)C1=CC(OCC)=C(I)C=C1', 'OC1=CC=C(I)C=C1C(F)(F)F', 'COC(=O)C1=C(I)C=CC=C1OC', 'CC1=C(I)C(O)=CC=C1']"
6,"[-0.5879529326977142, 1.0449734826020352]",2.222220271161383,"['OC1=CC=CC(O)=C1I', 'NC1=C(I)C(F)=C(F)C=C1F']","['NC1(CC1)C1=CC=C(I)C=C1', 'COC1=CC=C(I)C(C(O)=O)=C1F', 'CC(=O)OC1=CC=C(I)C=C1', 'CC(=O)NC1=C(OC(F)(F)F)C=C(I)C=C1', 'COC1=CC(=C(I)C=C1)C(F)(F)F', 'CC(=O)NC1=C(F)C=C(I)C=C1', 'IC1=CC=C(CC#C)C=C1', 'CC1=CC(I)=CC(C)=C1F', 'CS(=O)(=O)NC1=CC=C(I)C=C1', 'COC1=C(Cl)C=CC(I)=C1', 'CC1=CC=C(I)C=C1', 'OC1=C(Cl)C(I)=CC=C1', 'COC1=CC=C(C(N)=O)C(I)=C1', 'COC1=C(C(O)=O)C(I)=CC=C1', 'OCC1=C(I)C=C(F)C=C1', 'NC(CC1=CC=C(I)C=C1)C(O)=O', 'IC1=C(C=CC=C1)C1=CC=CC=C1', 'IC1=CC=CC(=C1)C1=CC=CC=C1', 'C[C@H](O)C1=C(I)C=CC(F)=C1', 'COC1=CC=C(C=C1I)C#N', 'NCC1=CC(I)=CC=C1', 'COC1=CC(I)=C(Cl)C=C1', 'CC1=C(Cl)C=C(I)C=C1', 'CCC1=CC=C(I)C=C1']"
7,"[0.6716172916248979, 0.9788797935769392]",2.2933898974318003,"['FC1=C(F)C(I)=CC=C1', 'CC1=CC=CC(I)=C1']","['FC1=CC=C(I)C(F)=C1F', 'IC1=CC=C(OCCN2CCCC2=O)C=C1', 'CC1=CC=CC(I)=C1CO', 'CC(=O)NC1=C(C=C(I)C=C1)C(F)(F)F', 'OCC1=C(Cl)C=CC(I)=C1', 'COC1=C(I)C(N)=CC=C1', 'COC1=CC(N)=C(I)C=C1C(O)=O', 'OCC1=C(I)C=C(Cl)C=C1', 'FC1=C(I)C=CC(Cl)=C1', 'NC1=C(I)C=C(Br)C(=C1)C(F)(F)F', 'COC(=O)C1=CC(I)=C(N)C(Br)=C1', 'IC1=CC=C(OCCN2CCCC2)C=C1', 'COC1=C(I)C(F)=CC=C1', 'COC1=CC=CC(OC)=C1I', 'NC1=C(I)C(Cl)=CC=C1', 'CC(C)(C)C(=O)NC1=CC=C(Cl)C=C1I', 'COC1=CC(Br)=C(OC)C=C1I', 'COC1=C(I)C(F)=C(F)C=C1', 'COC1=CC(I)=C(NC(=O)OC(C)(C)C)C=C1', 'FC1=CC(I)=CC=C1NC(=O)NC1CC1', 'FC1=CC=C(I)C(F)=C1', 'OC1=CC(I)=C(O)C=C1I']"
8,"[1.1588827819281953, 0.785502126719669]",2.425410355900147,"['IC1=CC(I)=CC=C1', 'NC1=C(I)C=CC(=C1)C(O)=O']","['CCCC1=C(I)C=CC=C1', 'OCC1=C(Cl)C=CC=C1I', 'IC1=CC(CC#N)=CC=C1', 'FC(F)C1=C(I)C=CC=C1', 'CC1=C(I)C=CC=C1', 'OC(=O)CCC1=CC=CC=C1I', 'OB(O)C1=CC(I)=CC=C1', 'NC(=O)C1=C(I)C=CC=C1', 'OB(O)C1=CC=C(I)C=C1', 'FC1=C(C=C(I)C=C1)C(F)(F)F', 'ClC1=CC=C(I)C=C1', 'CCOC(=O)CC1=CC(I)=CC=C1', 'FC1=C(Cl)C=C(I)C=C1', 'FC(F)(F)OC1=CC=CC=C1I', 'CNC(=O)C1=CC=CC=C1I', 'CC1=CC(I)=CC(F)=C1', 'ClCC1=C(I)C=CC=C1', 'CC1=CC=C(I)C(C(O)=O)=C1F', 'ClCC1=CC=C(I)C=C1', 'FC1=CC(F)=C(Cl)C=C1I', 'CC1=C(I)C=CC=C1CC#N']"
9,"[0.21191890538070868, 0.5353127546122671]",2.4728626169834262,"['OC1=C(F)C=C(I)C=C1I', 'OC1=C(I)C=C(F)C(F)=C1I']","['CCNC(=O)C1=CC=CC=C1I', 'FC1=C(I)C=CC(I)=C1', 'COC(=O)CC1=C(I)C=CC=C1', 'CC1=CC(Cl)=C(I)C=C1C', 'FC1=C(I)C=CC(=C1)C(F)(F)F', 'NNC(=O)C1=CC=C(I)C=C1', 'COC1=CC(I)=CC=C1I', 'COC(=O)C1=C(C)C(I)=CC=C1', 'FC(F)C1=CC=C(I)C=C1', 'CC1=CC(I)=C(N)C(I)=C1', 'OC(=O)CCCCC1=CC=C(I)C=C1', 'COC1=C(I)C=C(N)C=C1I', 'CC1=CC(C)=C(I)C=C1I', 'CC1=C(F)C=C(F)C=C1I', 'COC(=O)C1=CC(I)=C(F)C=C1', 'COC(=O)C1=CC=C(I)C(N)=C1', 'OC(=O)CC1=CC=CC=C1I', 'CC1=CC=C(I)C=C1Br', 'IC1=CC(=CC=C1)N1C=CN=N1', 'COC(OC)C1=C(I)C=CC=C1']"
