,obj_values ['rate'],Vendi_score,eval_samples,cut_samples
0,"[0.36145892525470175, 0.015498971644916981]",1.2451575720942107,"['OC1=C(I)C=CC=C1Cl', 'CCOC(=O)CC1=C(I)C=CC=C1']",[]
1,"[-0.20499917180997007, 1.1220661458699746]",1.3495509643678574,"['CC1=C(F)C=C(F)C(I)=C1', 'OC1=C(I)C=CC(Cl)=C1']","['IC1=C(C=CC=C1)C1=CC=CC=C1', 'COC1=C(I)C=CC(=C1)C(F)(F)F', 'ClCC(=O)NC1=CC=CC=C1I', 'COC(OC)C1=C(I)C=CC=C1', 'CC1=CC=C(C=C1I)C(N)=N', 'NCC1=CC=CC=C1I', 'OC(=O)CC1=C(I)C=C(Cl)C=C1', 'OC1=CC(Cl)=C(F)C=C1I', 'ClCC1=C(I)C=CC=C1', 'NC(=O)C1=CC(O)=C(I)C=C1', 'FC(F)(F)C(=O)NC1=CC=CC=C1I', 'C[C@H](O)C1=C(I)C=CC(F)=C1', 'IC1=CC=CC=C1CN1C=NC=N1', 'OCC1=C(I)C=C(F)C=C1', 'NC(=O)CC1=C(I)C=CC=C1', 'CCNC(=O)C1=CC=CC=C1I', 'COC1=C(F)C=CC=C1I', 'OCC1=C(I)C=C(Cl)C=C1', 'COC(=O)CC1=C(I)C=CC=C1', 'OC(=O)CCC1=CC=CC=C1I', 'CC(Cl)C(=O)NC1=CC=CC=C1I', 'COC1=C(C)C(I)=CC=C1C', 'OC(=O)CC1=CC=CC=C1I', 'OC(=O)C1(CC1)C1=C(I)C=CC=C1', 'CC1=C(I)C=C(CO)C=C1', 'OCC1=C(I)C=CC(F)=C1', 'CC1=CC(I)=C(CO)C=C1', 'CC1=C(I)C=CC=C1CC#N', 'CC1=CC=CC(I)=C1CO', 'CCCC1=C(I)C=CC=C1', 'CNC(=O)C1=CC=CC=C1I']"
2,"[0.019539844641912052, 0.7967855548660591]",1.5660464591951277,"['COC(=O)C1=C(OC)C=C(NC(C)=O)C(I)=C1', 'COC(=O)C1=CC(I)=C(N)C(I)=C1']","['FC1=C(I)C=CC(=C1)C1CC1', 'CC1=CC(I)=C(F)C=C1', 'CCOC(=O)COC1=CC=CC=C1I', 'CC1=CC(F)=C(I)C=C1', 'OC1=C(F)C=CC=C1I', 'OC(=O)C1=CC=C(O)C(I)=C1', 'FC1=CC=C(I)C(F)=C1', 'CC1=CC(I)=C(O)C=C1Cl', 'IC1=C(OCC2=CC=CC=C2)C=CC=C1', 'CC(=O)NC1=CC=CC=C1I', 'IC1=C(OC2CC2)C=CC=C1', 'OCC1=CC(I)=C(O)C=C1', 'NC1=C(Cl)C=C(C=C1I)C(F)(F)F', 'FC1=CC(I)=C(F)C=C1', 'COC1=CC(CO)=CC=C1I', 'COC1=CC(OC)=C(I)C=C1Cl', 'FC(F)(F)OC1=CC=CC=C1I', 'CCOC(=O)C1=CC(I)=C(OC)C=C1', 'CC(=O)NC1=CC(F)=CC=C1I', 'COC1=CC(I)=C(F)C=C1Cl', 'CC1=C(O)C(I)=CC(Cl)=C1', 'COC1=CC=C(C)C=C1I', 'OC1=C(I)C=CC=C1', 'COC1=C(I)C=C(C=C1)C(O)=O', 'FC1=C(I)C=CC(Cl)=C1', 'COC1=C(I)C=CC=C1', 'COC1=C(I)C=C(C(O)=O)C(F)=C1', 'OC(=O)CC1=CC=C(O)C(I)=C1', 'OC1=C(I)C=C(Cl)C=C1', 'COC(=O)C1=CC(I)=C(N)C=C1Cl']"
3,"[-0.5879529326977142, 1.0566346824218116]",1.8368182712678345,"['OC1=CC=CC(O)=C1I', 'CC1=CC(I)=C(N)C(I)=C1']","['CCNC(=O)C1=CC(OCC)=C(I)C=C1', 'CCOC1=CC(Br)=CC=C1I', 'NC1=C(F)C=C(C=C1I)C#N', 'CC(C)(C)C1=CC(I)=C(O)C(I)=C1', 'CC(C)(C)C(=O)NC1=CC=C(Cl)C=C1I', 'COC1=C(I)C=C(Br)C=C1', 'COC1=CC(Cl)=C(OC)C=C1I', 'COC1=CC(F)=C(I)C=C1', 'CCOC(=O)C1=CC(I)=C(N)C=C1', 'OC1=C(I)C=C(F)C(F)=C1I', '[H][C@](N)(CC1=CC(I)=C(O)C=C1)C(=O)OC', 'NC1=CC(Cl)=CC=C1I', 'COC(=O)C1=CC(I)=C(N)C(Br)=C1', 'NC1=C(Cl)C=C(Cl)C=C1I', 'OC(=O)CCC1=CC=C(O)C(I)=C1', 'NC1=C(I)C=C(Cl)C(=C1)C(F)(F)F', 'OC1=C(I)C=C(C=C1)C1=CC=CC=C1', 'COC(=O)C1=CC(I)=C(N)C(OC)=C1', 'COC1=C(I)C(C)=CC(Cl)=C1', 'COC(=O)C1=C(C)C=C(N)C(I)=C1', 'COC1=CC=C(I)C(O)=C1', 'CCOC1=CC=C(I)C(F)=C1F', 'OC1=CC(I)=C(O)C=C1I', 'CC1=CC(F)=C(I)C=C1O', 'NC1=C(I)C=C(OC(F)(F)F)C=C1', 'COC(=O)C1=CC(I)=C(OC2=CC=CC=C2)C=C1', 'NC1=C(I)C=C(F)C(=C1)C(F)(F)F', 'CC(C)(C)C(=O)NC1=CC=CC=C1I']"
4,"[1.1130292470850984, 0.44157236468896177]",1.9560994825740343,"['FC1=C(Cl)C=C(I)C=C1', 'FC1=C(Cl)C=C(I)C=C1Cl']","['NC1=C(I)C=C(C=C1)C1=CC=CC=C1', 'CC1=C(I)C=CC(O)=C1', 'COC1=CC=CC(C)=C1I', 'COC1=CC=C(I)C(C)=C1', 'CC1=C(I)C(O)=CC=C1', 'NC1=C(I)C=CC(Br)=C1', 'COC(=O)C1=CC(I)=C(N)C=C1OC', 'NC1=C(Br)C=CC=C1I', 'OC1=CC=C(I)C=C1C(F)(F)F', 'OC1=C(O)C(I)=CC=C1', 'COC(=O)CCC1=CC(I)=C(O)C(I)=C1', 'OC(=O)C1=CC(I)=C(O)C(I)=C1', 'COC1=CC=C(I)C(OC)=C1', 'OC1=CC=C(I)C2=CC=CC=C12', 'NC1=C(I)C=C(Br)C=C1', 'CCOC(=O)C1=CC(Br)=C(N)C(I)=C1', 'COC1=CC=C(COC2=C(I)C=CC=C2)C=C1', 'NNC1=C(I)C=CC=C1', 'OC(=O)CCC1=CC(I)=C(O)C(I)=C1', 'COC1=CC=CC(CO)=C1I', '[H][C@@](N)(CC1=CC=C(O)C(I)=C1)C(O)=O', 'CC1=CC(N)=C(I)C=C1F', 'CC1=CC(O)=C(C)C=C1I', 'CC1=CC(C)=C(I)C=C1I', 'CCOC(=O)CC1=CC=C(N)C(I)=C1', 'CC1=CC(Cl)=CC(I)=C1N']"
5,"[1.0860739974782967, 0.7282486191586071]",1.9783005397082019,"['FC(F)C1=CC=C(I)C=C1', 'CC1=C(F)C=C(F)C=C1I']","['CC1=CC=C(I)C(C(O)=O)=C1F', 'OC1=C(F)C=C(I)C=C1', 'OC1=C(F)C=C(I)C=C1I', 'CC1=CC(I)=CC(C)=C1F', 'COC(=O)C1=C(C)C(I)=CC=C1', 'ClCC1=CC(I)=C(CCl)C=C1', 'ClC1=CC=C(I)C=C1', 'FC1=CC=C(I)C(F)=C1F', 'FC1=C(F)C(I)=CC=C1', 'IC1=CC=C(CC#C)C=C1', 'FC(F)C1=C(I)C=CC=C1', 'FC1=C(I)C=CC(=C1)C(F)(F)F', 'CC1=C(Cl)C=C(I)C=C1Cl', 'FC1=CC(F)=C(Cl)C=C1I', 'COC1=CC=C(I)C(C(O)=O)=C1F', 'FC1=C(C=C(I)C=C1)C(F)(F)F', 'OC1=C(I)C=C(C=C1I)C(F)(F)F', 'CC1=C(Cl)C=C(I)C=C1', 'CC(=O)NC1=C(C=C(I)C=C1)C(F)(F)F', 'CS(=O)(=O)NC1=CC=C(I)C=C1', 'FC(F)(F)C1=C(Cl)C=CC(I)=C1', 'OCC1=C(Cl)C=CC=C1I', 'IC1=CC=C(OCC#N)C=C1', 'OCC1=C(Cl)C=CC(I)=C1', 'CC(=O)OC1=CC=C(I)C=C1']"
6,"[1.2167917129696504, 0.9057282466323808]",2.024909804169516,"['COC1=CC(I)=CC=C1I', 'OC(=O)C1=CC=C(I)C=C1']","['NNC(=O)C1=CC=C(I)C=C1', 'IC1=C(C=CC=C1)C(=O)NC1CCCC1', 'CC1=CC=CC(I)=C1', 'CC1=CC(Br)=CC=C1I', 'NC(CC1=CC=C(I)C=C1)C(O)=O', 'OB(O)C1=CC=C(I)C=C1', 'CCCNC(=O)C1=CC=CC=C1I', 'NC(=O)C1=C(I)C=CC=C1', 'CCOC(=O)CC1=CC(I)=CC=C1', 'ClCC1=CC=C(I)C=C1', 'CC1=CC(I)=C(CO)C=C1C', 'CC1=CC=C(I)C=C1Br', 'CC1=CC(I)=CC(F)=C1', 'CC1=C(I)C=CC=C1', 'CC1=CC=C(I)C=C1', 'CC1=CC(I)=C(C)C=C1', 'IC1=CC(CC#N)=CC=C1', 'OB(O)C1=CC(I)=CC=C1', 'NCC1=CC(I)=CC=C1', 'IC1=CC=CC(=C1)C1=CC=CC=C1', 'NC1(CC1)C1=CC=C(I)C=C1', 'COC1=C(Cl)C=CC(I)=C1', 'CCC1=CC=C(I)C=C1', 'IC1=CC(I)=CC=C1']"
7,"[1.0572712633118235, 0.8296221244604277]",2.079635575710877,"['CC1=C(Br)C(F)=CC(I)=C1', 'CC(Br)C(=O)N(C)C1=CC=C(I)C=C1']","['COC(=O)C1(CC1)C1=CC=C(I)C=C1', 'BrCC1=CC(I)=CC=C1', 'CON(C)C(=O)C1=CC=C(I)C=C1', 'CC(=O)NC1=C(F)C=C(I)C=C1', 'CC1=CC(Br)=CC(I)=C1', 'COC(=O)C1=CC=C(I)C=C1', 'NCCC1=CC=C(I)C=C1', 'OS(=O)(=O)C1=CC=CC(I)=C1', 'OS(=O)(=O)C1=CC=C(I)C=C1', 'OC(=O)CCCCC1=CC=C(I)C=C1', 'NS(=O)(=O)C1=CC=C(I)C=C1', 'NC(=O)C1=C(Cl)C=CC=C1I', 'CC(=O)NC1=C(OC(F)(F)F)C=C(I)C=C1', 'IC1=CC=C(OCC2=CC=NC=C2)C=C1', 'IC1=CC=C(C=C1)C(=O)N1CCOCC1', 'CC(=O)NC(CC1=CC=C(I)C=C1)C(O)=O', 'CC(C)(C)OC(=O)C1=C(I)C=CC=C1', 'IC1=CC(=CC=C1)N1C=CN=N1', 'FC1=CC(I)=CC=C1C(F)(F)F', 'IC1=CC=C(OC2=CC=CC=C2)C=C1', 'OCC1=C(Cl)C=C(I)C=C1Cl', 'FC(F)(F)C(F)(C1=CC=C(I)C=C1)C(F)(F)F']"
8,"[1.20915723585692, 0.9266807106460363]",2.1684281428498875,"['BrCC1=CC=C(I)C=C1Br', 'BrC1=C(Br)C=C(I)C=C1']","['ClC1=CC=C(CBr)C(I)=C1', 'ClC1=CC(CBr)=C(I)C=C1', 'OC1=CC=C(OC2=CC=C(I)C=C2)C=C1', 'CC1(C)COB(OC1)C1=CC=C(I)C=C1', 'ClC1=CC=C(C=C1)C1=CC=C(I)C=C1', 'CC(C)(C)OC(=O)NCC1=CC=CC(I)=C1', 'IC1=CC=C(OCC2CC2)C=C1', 'COC1=CC(Cl)=CC(I)=C1', 'IC1=CC=C(OCC2=CC=CN=C2)C=C1', 'ClC1=CC=C(OC2=CC=C(I)C=C2)C=C1', 'CS(=O)(=O)C1=CC=CC(I)=C1', 'NC(=O)C1=CN=C(OC2=CC=C(I)C=C2)C=C1', 'CC(C)(C)C1=CC(I)=CC=C1O', 'CCC1=C(Br)C=CC(I)=C1', 'CC1=CC(Br)=C(C)C=C1I', 'CNS(=O)(=O)C1=CC=C(I)C=C1', 'NS(=O)(=O)C1=CC=CC(I)=C1', 'CC(C)OC1=CC=C(I)C=C1Br', 'CC1=C(O)C=CC(I)=C1', 'OCC1=CC(I)=C(CO)C=C1I', 'CCOC1=C(I)C=CC(=C1)C(=O)N1CCOCC1']"
9,"[0.5141443970126118, 0.4963810077188251]",2.2775830043743635,"['CC(=O)CCC1=CC=C(I)C=C1', 'IC1=CC=C(C#N)C(I)=C1']","['NC1=C(I)C=C(Br)C(=C1)C(F)(F)F', 'IC1=C(C=CC=C1)C(=O)NCC1=CC=CC=C1', 'FC(F)(F)C1=C(I)C=CC(Br)=C1', 'CON(C)C(=O)C1=C(I)C=C(Cl)C=C1', 'COC1=CC(=C(I)C=C1)C(F)(F)F', 'FC1=C(I)C=C(CBr)C=C1', 'IC1=CC=C(OCCN2CCCC2=O)C=C1', 'FC1=C(Br)C=CC(I)=C1F', 'COC1=CC(B(O)O)=C(I)C=C1', 'FC(F)(F)OC1=C(I)C=C(Br)C=C1', 'COC(=O)C1=C(I)C=CC=C1OC', 'COC1=C(C)C=CC(I)=C1', 'COC1=CC(Br)=CC(I)=C1', 'OC(=O)CNC(=O)C1=C(I)C=CC=C1', 'CSC1=CC=C(I)C=C1', 'CCOP(=O)(CC1=CC=C(I)C=C1)OCC', 'COC1=C(C(O)=O)C(I)=CC=C1', 'CC1=CC=CC(I)=C1Cl', 'CNCC1=C(I)C=CC=C1', 'NC(=O)C1=C(I)C=CC(Br)=C1F']"
