,obj_values ['rate'],Vendi_score,eval_samples,cut_samples
0,"[0.7451447898874871, -0.14041151437469623]",1.5190009199701693,"['COC1=CC(Cl)=C(OC)C=C1I', 'FC(F)(F)C1=C(Br)C(I)=CC=C1']",[]
1,"[0.7293098125590863, -0.3030336006361951]",1.539760556729336,"['COC1=CC(C)=C(OC)C=C1I', 'COC1=CC=C(OC)C(I)=C1']","['COC1=C(I)C=CC(=C1)C(F)(F)F', 'OC1=C(Br)C(I)=CC=C1', 'CC1=CC(Br)=C(I)C=C1Cl', 'CC1=C(Br)C=CC(I)=C1Cl', 'ClC1=CC=C(Br)C=C1I', 'COC1=CC(OC)=C(I)C=C1Cl', 'COC1=CC(Br)=C(OC)C=C1I', 'COC1=C(I)C=C(Br)C=C1', 'FC(F)(F)C1=CC(I)=C(Br)C=C1', 'OC1=CC(I)=C(Br)C=C1', 'COC1=C(F)C=CC=C1I', 'FC(F)(F)OC1=C(I)C=C(Br)C=C1', 'COC1=CC(I)=C(F)C=C1Cl', 'ClC1=CC(Cl)=C(I)C=C1', 'CCC1=CC(Br)=C(I)C=C1', 'COC1=C(I)C=C(C=C1)C(O)=O', 'CCOC1=CC(Br)=CC=C1I', 'FC1=CC=CC(I)=C1Br', 'OC1=C(Cl)C(I)=CC=C1', 'OC(=O)C1=C(Br)C(I)=CC=C1', 'CC1=CC(Br)=C(I)C=C1', 'CC(C)(C)C1=CC(I)=C(Br)C=C1', 'CC1=CC(I)=C(O)C=C1Cl', 'FC(F)(F)C1=CC(I)=C(Cl)C=C1', 'CCOC(=O)COC1=CC=CC=C1I', 'CC(C)C1=CC=C(I)C(Br)=C1', 'FC1=CC(Br)=C(I)C=C1F', 'CC(C)(C)C1=CC=C(I)C(Br)=C1', 'OC1=CC(Cl)=C(F)C=C1I', 'OC1=C(I)C=CC=C1Cl', 'BrC1=CC=CC=C1I']"
2,"[0.5529276674636316, 0.05434938338106765]",1.5915301285304713,"['CCNC(=O)C1=CC(OCC)=C(I)C=C1', 'COC(=O)C1=CC(I)=C(OC2=CC=CC=C2)C=C1']","['CC1=CC(Cl)=CC(I)=C1N', 'COC(=O)C1=CC(I)=C(N)C(OC)=C1', 'OC(=O)CCC1=CC=C(O)C(I)=C1', 'OC(=O)CC1=CC=C(O)C(I)=C1', 'NC1=C(Cl)C=C(Cl)C=C1I', 'CC1=C(O)C(I)=CC(Cl)=C1', 'COC1=CC=C(N)C=C1I', 'OCC1=CC(I)=C(O)C=C1', 'COC(=O)C1=C(C)C=C(N)C(I)=C1', 'CCOC(=O)C1=CC(I)=C(N)C=C1', 'NC1=C(I)C=C(C=C1)C1=CC=CC=C1', 'IC1=C(OC2CC2)C=CC=C1', 'CC1=CC(F)=C(I)C=C1O', 'NC1=C(Cl)C=C(C=C1I)C(F)(F)F', 'CC1=CC(N)=C(I)C=C1F', 'NC1=C(I)C=C(OC(F)(F)F)C=C1', 'COC1=CC(CO)=CC=C1I', 'COC1=C(I)C=CC=C1', 'OC1=C(O)C(I)=CC=C1', 'COC(=O)C1=CC(I)=C(N)C=C1Cl', 'COC1=CC=C(C)C=C1I', 'NC1=C(I)C=C(F)C(=C1)C(F)(F)F', 'IC1=C(OCC2=CC=CC=C2)C=CC=C1', 'NC(=O)C1=CC(O)=C(I)C=C1', 'NC1=C(I)C=C(Cl)C(=C1)C(F)(F)F', 'NC1=CC(I)=C(F)C=C1Cl', 'COC1=CC(I)=C(F)C=C1', 'OC1=C(I)C=C(C=C1)C1=CC=CC=C1', '[H][C@](N)(CC1=CC(I)=C(O)C=C1)C(=O)OC', 'CCOC(=O)C1=CC(I)=C(OC)C=C1']"
3,"[-0.738476941804438, 0.9116857127478704]",1.7669370654529382,"['COC1=C(I)C=CC(N)=C1', 'COC1=CC(I)=C(OC)C=C1I']","['OC(=O)C1=CC=C(O)C(I)=C1', 'COC(=O)C1=CC(I)=C(N)C(Br)=C1', 'CC(=O)NC1=CC=CC=C1I', 'COC1=CC=C(I)C(OC)=C1', 'CC(=O)NC1=C(OC(F)(F)F)C=C(I)C=C1', 'FC(F)(F)COC1=CC(=CC=C1I)C(=O)N1CCOCC1', 'COC1=CC=C(COC2=C(I)C=CC=C2)C=C1', 'COC1=CC=C(I)C(C(O)=O)=C1F', '[H][C@@](N)(CC1=CC=C(O)C(I)=C1)C(O)=O', 'CC(=O)NC1=C(C=C(I)C=C1)C(F)(F)F', 'OC1=CC=C(I)C=C1C(F)(F)F', 'COC1=C(I)C=C(C(O)=O)C(F)=C1', 'CCOC1=C(I)C=CC(=C1)C(=O)N1CCOCC1', 'IC1=CC=C(OCC2=CC=CN=C2)C=C1', 'CCOC(=O)CC1=CC=C(N)C(I)=C1', 'OC1=C(I)C=C(Cl)C=C1', 'CC(C)(C)C1=CC=C(N)C(I)=C1', 'IC1=CC=C(OCC2=CC=NC=C2)C=C1', 'CC(C)(C)C(=O)NC1=CC=C(Cl)C=C1I', 'CC(C)(C)C(=O)NC1=CC=CC=C1I', 'FC(F)(F)C(=O)NC1=CC=CC=C1I', 'CC(C)C1=CC=C(N)C(I)=C1', 'FC1=C(I)C=CC(=C1)C1CC1', 'COC1=CC=C(C=C1I)C#N', 'COC1=CC(I)=C(NC(=O)OC(C)(C)C)C=C1', 'ClCC(=O)NC1=CC=CC=C1I', 'CC(Cl)C(=O)NC1=CC=CC=C1I', 'NC1=CC(Cl)=CC=C1I']"
4,"[-0.12440394342818317, 1.1781535130182343]",2.174233724079016,"['CCOC(=O)C1=CC(OCC)=C(I)C=C1', 'OCCONC(=O)C1=C(NC2=CC=C(I)C=C2F)N2C=NC=C2C=C1']","['CN(C)C1=C(I)C=CC=C1', 'COC1=C(N)C(I)=CC=C1', 'CC1=C(C=C(I)C(N)=C1)C#N', 'NC1=C(F)C=C(C=C1I)C#N', 'NC1=C(I)C=C(C=C1)C#N', 'IC1=CC=C(OCC2CC2)C=C1', 'OC1=C(I)C=CC(Cl)=C1', 'COC(=O)C1=C(OC)C=C(NC(C)=O)C(I)=C1', 'CC1=CC(N)=C(I)C=C1C', 'COC1=CC=C(I)C(O)=C1', 'CCOC(=O)C1=CC(Br)=C(N)C(I)=C1', 'CC(=O)NC1=CC(F)=CC=C1I', 'CC1=CC(I)=C(F)C=C1', 'CC(C)(C)C1=CC(I)=CC=C1O', 'NC1=C(I)C=C(Br)C=C1', 'IC1=CC=C(OC2=CC=CC=C2)C=C1', 'COC1=CC(I)=C(N)C=C1', 'COC1=CC(=C(I)C=C1)C(F)(F)F', 'OC1=C(F)C=CC=C1I', 'COC(=O)C1=CC(I)=C(N)C=C1OC', 'CCOC1=CC=C(I)C(F)=C1F', 'NNC1=C(I)C=CC=C1', 'COC1=CC(F)=C(I)C=C1', 'CC1=CC(I)=C(N)C(C)=C1', 'OC1=CC(I)=C(O)C=C1I', 'NC1=CC=C(O)C=C1I']"
5,"[0.6461153948262166, 0.3216106384059126]",2.4834010967215727,"['IC1=CC=CC2=C(I)C=CC=C12', 'CCCCCCCCC(=O)NCC1=C(I)C=C(O)C(OC)=C1']","['NC1=C(I)C=C(C(Br)=C1)C(F)(F)F', 'OC1=CC=C(OC2=CC=C(I)C=C2)C=C1', 'OC1=C(I)C=C(C=C1I)C(F)(F)F', 'CCN(CC)C(=O)C1=CC(OCC(C)C)=C(I)C=C1', 'CC1=CC(I)=C(N)C(I)=C1', 'CC1(C)OB(OC1(C)C)C1=CC(O)=CC=C1I', 'OC(=O)CCC1=CC(I)=C(O)C(I)=C1', 'OC1=CC=C(I)C2=CC=CC=C12', 'CC1=C(F)C=C(F)C(I)=C1', 'OC(=O)C1=CC(I)=C(O)C(I)=C1', 'OC1=C(I)C=CC=C1', 'COC1=C(OC)C=C(I)C=C1', 'COC(=O)CCC1=CC(I)=C(O)C(I)=C1', 'COC(=O)C1=CC(I)=C(N)C(I)=C1', 'CCOC(=O)C1=CC(I)=C(O)C(I)=C1', 'COC1=C(I)C=C(N)C=C1I', 'CC1=CC=C(N)C(I)=C1', 'CCOC(=O)C(=CNC1=C(I)C=CC=C1)C(=O)OCC', 'CC(C)(C)C1=CC(I)=C(O)C(I)=C1', 'IC1=CC=C(OCCN2CCCC2)C=C1', 'COC1=CC=CC(CNC2=C(I)C=CC=C2)=C1', 'CC1=CC(O)=C(C)C=C1I', 'COC1=CC=CC(I)=C1NC(=O)OC(C)(C)C', 'COC(=O)C1=CC(I)=C(C=C1O)N(C)C', 'IC1=CC=C(OCCN2CCCC2=O)C=C1']"
6,"[0.4051164631533144, 1.0184095298961169]",2.6161449560740877,"['ClC1=CC=C(C=C1)C1=CC=C(I)C=C1', 'BrC1=CC2=CC=C(I)C=C2C=C1']","['COC1=CC=C(I)C(C)=C1', 'COC(=O)C1=C(Cl)C(O)=C(I)C=C1', 'ClC1=CC=C(OC2=CC=C(I)C=C2)C=C1', 'CC1=CC(I)=CC(I)=C1N', 'COC1=C(OC)C(I)=CC(C=O)=C1', 'FC1=C(I)C=CC(I)=C1', 'IC1=CC=C(NC(=O)OCC2=CC=CC=C2)C=C1', 'COC(=O)C1=CC(N)=C(I)C=C1C', 'NC1=C(I)C=CC(Br)=C1', 'COC(=O)C1=C(I)C=C(OC)C(OC)=C1', 'OC1=C(I)C=C(F)C(F)=C1I', 'OB(O)C1=C(I)C=CC(OCC2=CC=CC=C2)=C1', 'NNC(=O)CNC1=CC=C(I)C=C1', 'COC1=CC(B(O)O)=C(I)C=C1', 'NC1=C(I)C=C(Br)C(=C1)C(F)(F)F', 'COC1=CC(C(C)C)=C(OS(=O)(=O)C2=CC=C(C)C=C2)C=C1I', 'CC(C)OC1=CC=C(I)C=C1Br', '[H][C@](N)(CC1=CC=C(OC2=CC=C(O)C=C2)C(I)=C1)C(O)=O', 'COC(=O)C1=C(N)C(I)=CC(Cl)=C1', 'COC(=O)C1=CC=C(I)C(N)=C1', 'OCC1=CC(I)=C(CO)C=C1I', 'ClC1=CC(Cl)=C(COC2=CC=C(I)C=C2)C=C1', 'CC1=CC(C)=C(I)C=C1I', 'IC1=CC=C(NC2=CC=C(I)C=C2)C=C1']"
7,"[1.2242285798605221, 0.501388129731924]",2.718674765751685,"['OC(=O)C1=C(O)C=CC=C1I', 'ClC1=CC2=C(C=C1)C=C(I)C=C2']","['CC1=CC=C(I)C=C1C1=CC(I)=CC=C1C', 'CC1=CC(I)=CC(C)=C1F', 'COC1=C(C)C(I)=CC=C1C', 'CC1=C(O)C=CC(I)=C1', 'OC(=O)CCCCC1=CC=C(I)C=C1', 'IC1=CC=CC(CN2CCCC2)=C1', 'CS(=O)(=O)NC1=CC=C(I)C=C1', 'OC1=C(F)C=C(I)C=C1', 'IC1=CC=CC(=C1)C1=CC=CC=C1', 'CCOC1=CC=C(C=C1)C(O)C1=CC(I)=CC=C1Cl', 'CC1=CC=C(I)C=C1Br', 'COC(=O)C1=C(I)C=CC=C1OC', 'FC1=CC(I)=CC=C1NC(=O)NC1CC1', 'CSC1=CC=C(I)C=C1', 'NC1=C(Br)C=CC=C1I', 'NC(=O)C1=CN=C(OC2=CC=C(I)C=C2)C=C1', 'NC1(CC1)C1=CC=C(I)C=C1', 'COC1=C(C)C=CC(I)=C1', 'CC1=CC=C(C=C1I)C(N)=N', 'OC1=C(F)C=C(I)C=C1I', 'IC1=CC=C(OCC#N)C=C1', 'NC1=C(Cl)C=C(I)C=C1']"
8,"[1.1851596614284747, 0.8676464788775915]",2.797108671680805,"['CC1=CC=C(C)N1C1=C(F)C=C(I)C=C1', 'NC1=C(C(O)=O)C(I)=CC=C1']","['COC(=O)C1=C(I)C=CC(OC)=C1', 'OCC1=C(Cl)C=CC(I)=C1', 'ClCC1=CC(I)=C(CCl)C=C1', 'COC(=O)C1=C(N)C=CC=C1I', 'COC(=O)C1=C(N)C(I)=CC(F)=C1', 'FC(F)(F)C(=O)CC1=CC=C(I)C=C1', 'CC1=C(C=C(I)C=C1Cl)C(O)=O', 'IC1=C(C=CC=C1)C1=CC=CC=C1', 'COC(=O)C1=C(I)C=CC=C1O', 'OC(=O)C1=C(NC(=O)C2=C(I)C=CC=C2)C=CC=C1', 'OC(=O)C1=C(NC2=CC=C(I)C=C2F)C=NC=C1', 'COC1=C(Cl)C=CC(I)=C1', 'IC1=C(C=CC=C1)C(=O)NC1CCCC1', 'CCOC(=O)C1=CC2=CC=CC=C2C=C1I', 'IC1=CC(I)=CC=C1', 'CCC1=CC=C(I)C=C1C(O)=O', 'COC(=O)C1=C(C)C(I)=CC=C1', 'OCC1=C(I)C=C(Cl)C=C1', 'IC1=CC=C(C=C1)C1=NC=CO1', 'IC1=CC=C(C=C1)C(=O)N1CCOCC1', 'COC1=CC(I)=CC=C1I']"
9,"[0.26888320368432606, 0.33149269980612495]",3.03711307577233,"['C[C@@H]1CN(CCN1S(=O)(=O)C1=CC=C(I)C=C1)C(=O)C1=CC=CC=C1', 'BrC1=CC=C(I)C=C1CC1=CC=C2OCCOC2=C1']","['CC1=CC=C(I)C(C(O)=O)=C1F', 'CC(=O)CCC1=CC=C(I)C=C1', 'IC1=CC=CC(=C1)C(=O)C1=CC=CC=C1', 'OC(=O)C1=C(NC2=CC=C(I)C=C2Cl)C(F)=C(F)C=C1', 'COC(=O)C1=C(Cl)C=C(C)C(I)=C1', 'OC1=CC=CC2=C1C=CC=C2I', 'CCOC1=C(O)C(I)=CC(C=O)=C1', 'COC(=O)C1=CC(NC(=O)C2=CC=CC=C2I)=CC=C1', 'OCC1=C(Cl)C=CC=C1I', 'OC1=CC=C(Cl)C=C1\\C=C\\C1=C(I)C=CC=C1', 'CC(=O)NC1=C(F)C=C(I)C=C1', 'OC(=O)C1=CC=CC2=CC=CC(I)=C12', 'CNCC1=C(I)C=CC=C1', 'NCCC1=CC=C(I)C=C1', 'COC(=O)C1=CC(N)=CC=C1I', 'BrC1=CN=C(OC2=CC=C(I)C=C2)N=C1', 'CC1=C(Cl)C=C(I)C=C1', 'OC1=CC2=C(C=CC=C2I)C=C1', 'NC1=C(I)C=CC(=C1)C(O)=O', 'COC1=C(C(O)=O)C(I)=CC=C1']"
