,obj_values ['rate'],Vendi_score,eval_samples,cut_samples
0,"[0.7255363519020332, 0.9096455794283645]",1.5804234143786096,"['OC1=CC=C(I)C2=CC=CC=C12', 'COC(=O)C1=C(O)C=C(I)C(Cl)=C1']",[]
1,"[0.9400829562844111, 1.1539729119520985]",1.8283243742939417,"['OC1=CC(I)=C(C=C1)N(=O)=O', 'ClC1=CC(=CC=C1I)N(=O)=O']","['NC1=C(Cl)C=C(C=C1I)C(F)(F)F', 'NC1=C(I)C=C(OC(F)(F)F)C=C1', 'CCOC(=O)C1=CC(I)=C(N)C=C1', 'IC1=CC=C(C=C1)C1=NC=CO1', 'COC1=CC(I)=C(Cl)C=C1', 'NNC1=C(I)C=CC=C1', 'COC1=CC=C(I)C(C)=C1', 'COC(=O)C1=C(Cl)C(O)=C(I)C=C1', 'COC1=C(I)C=C(N)C=C1I', 'CC1=CC(C)=C(I)C=C1I', 'CC1=CC(O)=C(C)C=C1I', 'COC1=C(C(O)=O)C(I)=CC=C1', 'COC1=CC=C(I)C(C(O)=O)=C1F', 'NC1=C(I)C=C(F)C(=C1)C(F)(F)F', 'FC(F)(F)C(=O)NC1=CC=CC=C1I', 'CC1=CC(I)=C(N)C(I)=C1', 'CC(=O)NC1=CC=CC=C1I', 'NC(=O)C1=CC(O)=C(I)C=C1', 'COC1=CC(B(O)O)=C(I)C=C1', 'OC1=C(Cl)C(I)=CC=C1', 'CC1=C(I)C=CC(O)=C1', 'OC1=CC(I)=C(Cl)C=C1', 'NC1=C(I)C=C(Cl)C(=C1)C(F)(F)F', 'CC(Cl)C(=O)NC1=CC=CC=C1I', 'CN(C)C1=C(I)C=CC=C1', 'CC1=C(O)C(I)=CC(Cl)=C1', 'NC1=C(Cl)C=C(Cl)C=C1I', 'COC(=O)C1=C(I)C=CC(OC)=C1', 'OC1=C(I)C=CC=C1Cl', 'COC(=O)C1=CC(I)=C(N)C=C1Cl', 'CC1=CC(Cl)=CC(I)=C1N']"
2,"[0.3863027835248003, 0.6702486479290919]",2.0173110823832756,"['ClC1=C(I)C(=CC=C1)N(=O)=O', 'ClC1=CC(=CC(Cl)=C1I)N(=O)=O']","['CC(C)C1=CC=C(I)C(=C1)N(=O)=O', 'IC1=CC=CC(=C1)C(=O)C1=CC=CC=C1', 'CC1=C(I)C=C(Cl)C(=C1)N(=O)=O', 'OC(=O)C1=CC(Cl)=CC=C1I', 'OC(=O)C1=CC=CC2=CC=CC(I)=C12', 'OC(=O)C1=C(I)C=C(C=C1)C#N', 'ClC1=C(I)C=C(C=O)C=C1', 'OCC1=CC(=C(I)C=C1)N(=O)=O', 'FC1=C(Cl)C=CC(I)=C1C=O', 'CC1=C(I)C=CC=C1N(=O)=O', 'CC(=O)C1=CC(I)=CC=C1', 'CCOC(=O)C1=CC(I)=C(C=C1)C#N', 'OC(=O)C1=CC=CC(I)=C1Cl', 'IC1=CC=CC=C1C(=O)C1=CC=CC=C1', 'CC1=C(C(F)=CC=C1I)N(=O)=O', 'OC(=O)C1=CC(I)=C(C=C1)C(F)(F)F', 'COC(=O)C1=C(Cl)C=C(C)C(I)=C1', 'CC1=CC(C(O)=O)=C(I)C=C1', 'CC1=C(C=C(I)C=C1Cl)C(O)=O', 'COC(=O)C1=CC=CC=C1I', 'BrC1=C(I)C=C(C=O)C=C1', 'COC1=C(OC)C(I)=CC(C=O)=C1', 'COC(=O)C1=C(I)C=CC=C1O', 'CC1=C(C(I)=CC=C1)N(=O)=O', 'COC1=CC(I)=C(C=O)C=C1OC', 'COC(=O)C1=CC=C(I)C=C1N(=O)=O', 'FC1=CC=CC(I)=C1C#N', 'CCOC(=O)C1=CC2=CC=CC=C2C=C1I', 'OC(=O)C1=CC=CC(=C1I)N(=O)=O', 'CC1=CC=C(C(O)=O)C(I)=C1']"
3,"[0.4963810077188251, 0.8136930885597269]",2.240911565154845,"['IC1=CC=C(C#N)C(I)=C1', 'IC1=CC=C(C=C1)N1C(=O)C=CC1=O']","['OC(=O)C1=C(I)C(Br)=CC=C1', 'BrCC1=C(I)C(=CC=C1)N(=O)=O', 'OC(=O)C1=CC=CC(C(O)=O)=C1I', 'FC(F)(F)C1=C(I)C=CC(=C1)C#N', 'OC(=O)C1=CC(OC(F)(F)F)=C(I)C=C1', 'BrC1=C(C=C(I)C=C1)C#N', 'OC1=C(C=O)C(I)=CC=C1', 'COC(=O)C1=CC(I)=C(Cl)C=C1', 'CC1=CC(=CC(I)=C1)C(O)=O', 'CC(=O)C1=CC(I)=C(Br)C=C1', 'OC(=O)C1=C(F)C=C(Cl)C(I)=C1', 'CC1=C(I)C=C(C=C1F)C(O)=O', 'COC1=C(I)C=C(C=C1I)C#N', 'OC(=O)C1=C(Br)C(I)=CC=C1', 'OC(=O)C1=CC=CC(=C1I)C(F)(F)F', 'OC(=O)C1=C(I)C=C(F)C(F)=C1', 'CC1=CC(=C(I)C(Br)=C1)N(=O)=O', 'ClC1=C(I)C=C(C=C1)C#N', 'COC(=O)C1=CC(I)=C(Cl)C=C1C', 'OC(=O)CCC1=NN=C(O1)C1=CC=CC=C1I', 'OC(=O)C1=C(I)C=CC(Br)=C1', 'OC(=O)C1=CC=C(I)C(=C1)C(F)(F)F', 'CCC1=CC=C(I)C=C1C(O)=O', 'IC1=C(C=CC=C1N(=O)=O)N(=O)=O', 'FC(F)(F)C(=O)CC1=CC=C(I)C=C1', 'CCOC(=O)CC(=O)C1=C(I)C=CC=C1', 'ClC1=CC(I)=CC(=C1)N(=O)=O', 'CC1=C(C=CC=C1I)C#N']"
4,"[0.6407268000820044, 1.010508279826506]",2.450497216188082,"['CC1=CC(=CC=C1I)C(O)=O', 'OC1=CC=CC2=C1C=CC=C2I']","['OC1=C(I)C=CC=C1N(=O)=O', 'COC1=CC(I)=CC=C1I', 'OC(=O)C1=C(O)C=CC=C1I', 'CC(C)(C)OC(=O)C1=CC(I)=CC=C1', 'OC(=O)CCCCC(=O)C1=CC=C(I)C=C1', 'CCOC(=O)C1=CC(I)=CC(Br)=C1', 'COC(=O)C1=C(I)C=C(Br)C=C1', 'IC1=CC(I)=CC=C1', 'COC1=CC=C(I)C=C1C(O)=O', 'CCOC(=O)C1=CC=C(I)C=C1F', 'NC(=O)C1=C(Cl)C=CC=C1I', 'NC1=C(C(O)=O)C(I)=CC=C1', 'FC1=CC=CC(I)=C1Br', 'NC1=CC=C(I)C=C1N(=O)=O', 'OC(=O)C1=CC=CC(I)=C1', 'CC1=CC=CC(I)=C1C=O', 'FC1=CC(I)=C(Cl)C=C1', 'CC1=CC=C(I)C(C(O)=O)=C1F', 'ClC1=CC2=C(C=C1)C=C(I)C=C2', 'COC(=O)C1=C(N)C=CC=C1I', 'OC(=O)C1=C(NC2=CC=C(I)C=C2F)C=NC=C1', 'OC1=C(F)C=C(I)C=C1I', 'ClCC1=CC(I)=C(CCl)C=C1', 'OC(=O)C1=CC(I)=C(O)C(I)=C1', 'OC(=O)C1=C(NC(=O)C2=C(I)C=CC=C2)C=CC=C1', 'NC(=O)C1=C(O)C=CC(I)=C1']"
5,"[0.890544908179314, 1.0184095298961169]",2.7337890895926966,"['CN(C)C1=CC=C(C=C1)\\N=N\\C1=CC=C(I)C=C1', 'BrC1=CC2=CC=C(I)C=C2C=C1']","['COC(=O)C1=CC=C(I)C(N)=C1', 'OC1=CC2=C(C=CC=C2I)C=C1', 'COC(=O)C1=C(C)C(I)=CC=C1', 'CC(=O)C1=CC(I)=C(O)C=C1', 'COC(=O)C1=C(OC)C=C(C)C(I)=C1', 'OCC1=C(Cl)C=CC=C1I', 'COC(=O)C1=CC(I)=C(C)C=C1C', 'IC1=CC=C(C=C1)C(=O)NCC1=CC=CC=C1', 'CC(=O)CCC1=CC=C(I)C=C1', 'COC(=O)C1=CC(N)=C(I)C=C1C', 'CCOC(=O)C1=C(I)C=CC(Br)=C1', 'COC(=O)C1=C(CBr)C(I)=CC=C1', 'NC1=C(I)C=CC(=C1)C(O)=O', 'OC1=C(I)C=C(C=O)C=C1I', 'COC(=O)C1=CC(N)=CC=C1I', 'COC(=O)C1=C(N)C(I)=CC(Cl)=C1', 'CC1=C(C)C(I)=C(C=C1)C(O)=O', 'OC(=O)C(=O)CC1=CC(I)=C(O)C(I)=C1', 'CCOC1=C(O)C(I)=CC(C=O)=C1', 'COC(=O)C1=C(N)C(I)=CC(F)=C1', 'CCOC(=O)C1=CC(OCC)=C(I)C=C1', 'CC1=CC(C)=C(I)C=C1C(O)=O', 'CCOC(=O)C1=CC(I)=C(C)C=C1', 'COC1=CC(C=O)=CC(I)=C1O', 'IC1=CC=CC2=C(I)C=CC=C12']"
6,"[1.1851596614284747, 1.0496284562146503]",2.883941953614695,"['CC1=CC=C(C)N1C1=C(F)C=C(I)C=C1', 'CC(=O)C1=C(N)C(I)=CC(Br)=C1']","['COC(=O)C1=CC(I)=C(N)C(=C1)N(=O)=O', 'BrC1=CC=C(C=C1)C(=O)C1=C(I)C=CC=C1', 'OC1=C(Br)C(I)=CC=C1', 'OC1=CC=C(C=C1I)C1=CC=C(C=C1)C#N', 'CC1=CC(I)=CC(I)=C1N', 'COC(=O)C1=CC(NC(=O)C2=CC=CC=C2I)=CC=C1', 'COC(=O)C1=CC(I)=C(N)C(I)=C1', 'OC1=C(I)C=C(F)C(F)=C1I', 'CC(C)(C)OC(=O)C1=C(Br)C=C(I)C=C1', 'NC1=C(I)C=CC=C1C(O)=O', 'OC(=O)CCC1=CC(I)=C(O)C(I)=C1', 'IC1=CC=CC2=CC3=C(C=C12)C(I)=CC=C3', 'COC1=C(C=C(Cl)C(C)=C1I)C(C)=O', 'COC(=O)C1=CC=CC(I)=C1N', 'OCC1=CC(I)=C(CO)C=C1I', 'BrC1=CN=C(OC2=CC=C(I)C=C2)N=C1', 'OC1=C(I)C=C(C=C1I)C(F)(F)F', 'OC(=O)C1=C(NC2=CC=C(I)C=C2Cl)C(F)=C(F)C=C1', 'CC1=C(I)C(=CC(Br)=C1)C(O)=O', 'CC1=CC(I)=CC(C(O)=O)=C1N', 'OC(=O)CC1=C(I)C=C(Cl)C=C1', 'ClC1=CC(CBr)=C(I)C=C1', 'CC1=CC(O)=C(I)C=C1N(=O)=O', 'OC1=CC=C(Cl)C=C1\\C=C\\C1=C(I)C=CC=C1']"
7,"[0.26888320368432606, 1.1781535130182343]",3.2318762028459003,"['C[C@@H]1CN(CCN1S(=O)(=O)C1=CC=C(I)C=C1)C(=O)C1=CC=CC=C1', 'OCCONC(=O)C1=C(NC2=CC=C(I)C=C2F)N2C=NC=C2C=C1']","['IC1=CC=CC(=C1)C1=CC=CC=C1', 'CCOC(=O)C(=CNC1=C(I)C=CC=C1)C(=O)OCC', 'ClC1=CC=C(CBr)C(I)=C1', 'OC1=CC(I)=C(Br)C=C1', 'COC(=O)CCC1=CC(I)=C(O)C(I)=C1', 'CC(C)(C)C1=CC(I)=C(O)C(I)=C1', 'OCC1=C(Cl)C=C(I)C=C1Cl', 'CCOC(=O)C1=CC(I)=C(O)C(I)=C1', 'CCOC(=O)C1=CC(F)=C(I)C=C1', 'OCC1=C(I)C=C(Cl)C=C1', 'CC1=C(Cl)C=C(I)C=C1Cl', 'NC1=C(Br)C=CC=C1I', 'COC(=O)C1=CC(I)=C(C=C1O)N(C)C', 'COC(=O)C1=C(I)C=C(OC)C(OC)=C1', 'OC1=CC(I)=C(O)C=C1I', 'CC(=O)C1=CC(Cl)=C(C)C(I)=C1O', 'CC(=O)C1=CC(I)=CC=C1N', 'OCC1=C(I)C=C(F)C=C1', 'COC1=CC(O)=C(C=O)C=C1I', 'FC1=C(Cl)C=C(I)C=C1Cl', 'CC1=CC=C(C=C1I)C(N)=N', 'ClC1=CC(Cl)=C(I)C=C1']"
8,"[1.0931663001753178, 0.8218122568731453]",3.436172254118114,"['NC1=CC=C(N)C(I)=C1', 'NC1=CC=C(NC(=O)C2=CC=CC=C2I)C=C1']","['CC(C)OC1=CC=C(I)C=C1Br', 'NC1=C(C=C(I)C(Cl)=C1)N(=O)=O', 'CC(C)(C)C(=O)NC1=CC=C(Cl)C=C1I', 'CCOC(=O)C1=CC(Br)=C(N)C(I)=C1', 'COC1=CC(I)=C(I)C=C1OC', 'COC(=O)C1=CC(I)=C(N)C(Br)=C1', '[H][C@@](N)(CC1=CC(I)=C(O)C(I)=C1)C(O)=O', 'COC1=CC([C@@H](O)C(C)(C)C)=C(C=C1I)N(=O)=O', 'CNC(=O)C1=CC=CC=C1I', 'CC1=CC=C(I)C=C1Br', 'CC1=CC=C(I)C=C1C1=CC(I)=CC=C1C', 'COC(=O)C1=C(I)C=CC=C1OC', 'IC1=CC=C(NC2=CC=C(I)C=C2)C=C1', 'CC(C)(C)OC(=O)C1=C(I)C=CC=C1', 'CC(=O)NC1=C(OC(F)(F)F)C=C(I)C=C1', 'ClCC(=O)NC1=CC=CC=C1I', 'CON(C)C(=O)C1=C(I)C=C(Cl)C=C1', 'CC1=CC(Br)=C(I)C=C1Cl', 'COC1=CC=C(C(N)=O)C(I)=C1', 'IC1=CC=CC=C1C1=CC=CC=C1I', 'IC1=C(C=CC=C1)C(=O)NC1CCCC1']"
9,"[0.06826557673098121, 0.3648169791060167]",3.5901111097422724,"['OC1=CC=CC(C=O)=C1I', 'NC1=CC(I)=C(O)C=C1']","['COC1=C(I)C=C(Br)C=C1', 'CC1=CC(N)=C(I)C=C1F', 'COC1=CC(I)=C(N)C=C1', 'COC1=CC=C(OC)C(I)=C1', 'COC1=C(N)C(I)=CC=C1', 'IC1=C(C=CC=C1)C1=CC=CC=C1', 'CC1=C(I)C=C(O)C=C1', 'IC1=CC=CC(CN2CCCC2)=C1', 'COC1=C(C)C(I)=CC=C1C', 'NC1=C(I)C=C(Br)C=C1', 'NC1=CC=C(O)C=C1I', 'CNCC1=C(I)C=CC=C1', 'NC1=C(I)C=C(Br)C(=C1)C(F)(F)F', 'COC1=CC=CC(I)=C1C', 'COC(=O)C1=CC(I)=C(N)C(OC)=C1', 'CCOC(=O)CC1=CC=C(N)C(I)=C1', 'OC1=C(I)C=C(C=C1)C1=CC=CC=C1', 'COC1=CC(I)=C(NC(=O)OC(C)(C)C)C=C1', 'NC1=C(I)C=C(C=C1)C1=CC=CC=C1', 'CC1(C)OB(OC1(C)C)C1=CC(O)=CC=C1I']"
