,obj_values ['rate'],Vendi_score,eval_samples,cut_samples
0,"[0.5051233469833641, 0.432496949827881]",1.2409861870414252,"['OCC1=C(I)C=CC(F)=C1', 'ClC1=CC=C(CBr)C(I)=C1']",[]
1,"[0.8229057307012229, 0.2409710801029077]",1.283481928294387,"['CC1=CC=CC(I)=C1CO', 'CC1=CC(I)=C(C)C=C1']","['CC1=C(I)C=CC=C1', 'COC(=O)CC1=C(I)C=CC=C1', 'IC1=C(C=CC=C1)C1=CC=CC=C1', 'COC(OC)C1=C(I)C=CC=C1', 'CC1=C(I)C=C(CO)C=C1', 'COC(=O)C1=C(C)C(I)=CC=C1', 'FC(F)(F)C(=O)NC1=CC=CC=C1I', 'ClCC1=CC(I)=C(CCl)C=C1', 'CNC(=O)C1=CC=CC=C1I', 'ClC1=CC(CBr)=C(I)C=C1', 'OC(=O)CC1=C(I)C=C(Cl)C=C1', 'OCC1=C(I)C=C(Cl)C=C1', 'FC(F)C1=C(I)C=CC=C1', 'CC1=CC=C(I)C(C(O)=O)=C1F', 'CC1=CC(Br)=C(C)C=C1I', 'OC(=O)CC1=CC=CC=C1I', 'CC1=CC(Br)=CC=C1I', 'CCCC1=C(I)C=CC=C1', 'CCNC(=O)C1=CC=CC=C1I', 'OC(=O)CCC1=CC=CC=C1I', 'CCOC(=O)CC1=C(I)C=CC=C1', 'CC1=C(F)C=C(F)C=C1I', 'IC1=CC=CC=C1CN1C=NC=N1', 'OCC1=C(Cl)C=CC=C1I', 'CC1=CC(I)=C(CO)C=C1', 'ClCC1=C(I)C=CC=C1', 'NCC1=CC=CC=C1I', 'CC1=CC=C(C=C1I)C(N)=N', 'CC1=C(I)C=CC=C1CC#N', 'C[C@H](O)C1=C(I)C=CC(F)=C1', 'OCC1=C(I)C=C(F)C=C1']"
2,"[1.1924302837706924, 0.0787011763204678]",1.4124566402988272,"['IC1=C(C=CC=C1)C(=O)NCC1=CC=CC=C1', 'OC(=O)CNC(=O)C1=C(I)C=CC=C1']","['CCCNC(=O)C1=CC=CC=C1I', 'COC1=C(F)C=CC=C1I', 'COC(=O)C1=CC=CC(C)=C1I', 'NC(=O)C1=C(I)C=CC=C1', 'COC1=CC(B(O)O)=C(I)C=C1', 'IC1=CC=C(CC#C)C=C1', 'CC(C)(C)C1=C(I)C=CC=C1', 'OCC1=C(Cl)C=CC(I)=C1', 'OB(O)C1=CC=C(I)C=C1', 'CC(=O)NC1=CC=CC=C1I', 'CCC1=CC=C(I)C=C1', 'ClCC(=O)NC1=CC=CC=C1I', 'OC(=O)C1(CC1)C1=C(I)C=CC=C1', 'CC(=O)OC1=CC=C(I)C=C1', 'NC(=O)C1=C(Cl)C=CC=C1I', 'COC1=CC=C(I)C(C)=C1', 'CC1=C(Cl)C=C(I)C=C1', 'CC1=C(I)C=C(O)C=C1', 'CC1=CC=CC(I)=C1', 'OB(O)C1=CC(I)=CC=C1', 'CC1=C(I)C=CC(O)=C1', 'NC(=O)CC1=C(I)C=CC=C1', 'NCC1=CC(I)=CC=C1', 'COC1=C(C)C(I)=CC=C1C', 'CC1=CC=C(I)C=C1', 'IC1=C(C=CC=C1)C(=O)NC1CCCC1', 'CC(C)(C)OC(=O)C1=C(I)C=CC=C1', 'CC(C)(O)C1=C(I)C=CC=C1', 'CC1=CC(I)=C(CO)C=C1C', 'CNCC1=C(I)C=CC=C1']"
3,"[1.1134685538660583, 0.567640196496341]",1.6360014984681437,"['CC(C)(C)OC(=O)N(C(=O)OC(C)(C)C)C1=CC=CC=C1I', 'CC(=O)OC1=CC(C)=C(I)C(C)=C1']","['NCCC1=CC=C(I)C=C1', 'IC1=CC(CC#N)=CC=C1', 'ClCC1=CC=C(I)C=C1', 'IC1=CC=CC(=C1)C1=CC=CC=C1', 'COC1=C(C(O)=O)C(I)=CC=C1', 'NNC(=O)C1=CC=C(I)C=C1', 'COC1=CC=C(I)C(C(O)=O)=C1F', 'IC1=CC=C(OCC#N)C=C1', 'OCC1=CC(I)=C(CO)C=C1I', 'OC(=O)CCCCC1=CC=C(I)C=C1', 'CC(=O)NC(CC1=CC=C(I)C=C1)C(O)=O', 'CON(C)C(=O)C1=CC=C(I)C=C1', 'CS(=O)(=O)NC1=CC=C(I)C=C1', 'CC1=CC(I)=CC(C)=C1F', 'CC1=CC(C)=C(I)C=C1I', 'CC(C)C1=C(I)C=CC(Br)=C1', 'CON(C)C(=O)C1=C(I)C=C(Cl)C=C1', 'CC1=CC=C(I)C=C1Br', 'BrC(C1=CC=CC=C1)C1=C(I)C=CC=C1', 'COC(=O)C1(CC1)C1=CC=C(I)C=C1', 'IC1=C(C=CC=C1)C(=O)N1CCCC1', 'COC(=O)C1=C(I)C=CC=C1OC', 'CC(Cl)C(=O)NC1=CC=CC=C1I', 'NC1(CC1)C1=CC=C(I)C=C1', 'NC(=O)C1=C(I)C=CC(Br)=C1F', 'CCOC(=O)CC1=CC(I)=CC=C1', 'FC(F)(F)OC1=CC=CC=C1I', 'NC(CC1=CC=C(I)C=C1)C(O)=O']"
4,"[0.31584354983293583, 0.7520876450433205]",1.8665806104904987,"['CC(C)S(=O)(=O)N[C@H]1CCOC[C@@H]1C1=CC=C(I)C=C1', '[H][C@@](CC1=CC=C(I)C=C1)(NC(=O)OCC1=CC=CC=C1)C(O)=O']","['NC(=O)C1=CC(O)=C(I)C=C1', 'OC1=C(I)C=CC=C1Cl', 'CC1=CC(F)=CC(C)=C1I', 'CC1=CC(I)=CC(F)=C1', 'IC1=C(OCC2=CC=CC=C2)C=CC=C1', 'COC1=CC=C(C(N)=O)C(I)=C1', 'CCOC(=O)COC1=CC=CC=C1I', 'CC1=CC(Br)=CC(I)=C1', 'IC1=CC=C(C=C1)C(=O)N1CCOCC1', 'CC1(C)OB(OC1(C)C)C1=CC(O)=CC=C1I', 'CC1=CC=CC(C)=C1I', 'CC(C)(C)OC(=O)NCC1=CC=CC(I)=C1', 'CC1=CC(O)=C(C)C=C1I', 'BrCC1=CC(I)=CC=C1', 'CCOP(=O)(CC1=CC=C(I)C=C1)OCC', 'COC1=C(I)C=CC(=C1)C(F)(F)F', 'FC(F)C1=CC=C(I)C=C1', 'CC1=CC=CC(Cl)=C1I', 'IC1=CC=CC=C1C1=CC=CC=C1I', 'CC1(C)COB(OC1)C1=CC=C(I)C=C1', 'IC1=CC(=CC=C1)N1C=CN=N1', 'COC1=CC(=C(I)C=C1)C(F)(F)F', 'CN(C(=O)C1=C(I)C=CC=C1)C1=CC=C(C)C=C1', 'NC(=O)C1=CN=C(OC2=CC=C(I)C=C2)C=C1', 'CC1=CC=CC(I)=C1Cl', 'CC1=CC(C)=C(I)C(C)=C1']"
5,"[-0.18825939810120773, -0.5057879574331279]",2.214525700777894,"['OC(C1=CC=C(I)C(F)=C1)(C(F)(F)F)C(F)(F)F', 'FC(F)(F)C1=CC(Cl)=C(I)C(Cl)=C1']","['COC1=CC=C(COC2=C(I)C=CC=C2)C=C1', 'CC(=O)NC1=C(F)C=C(I)C=C1', 'CCOC1=CC=C(C=C1)C(O)C1=CC(I)=CC=C1Cl', 'CCNC(=O)C1=CC(OCC)=C(I)C=C1', 'FC(F)(F)C1=C(Cl)C=CC(I)=C1', 'CNS(=O)(=O)C1=CC=C(I)C=C1', 'FC(F)(F)C(F)(C1=CC=C(I)C=C1)C(F)(F)F', 'CC1=CC=C(I)C=C1C1=CC(I)=CC=C1C', 'IC1=CC=C(OCCN2CCCC2=O)C=C1', 'FC(F)(F)COC1=CC(=CC=C1I)C(=O)N1CCOCC1', 'CC(=O)NC1=C(OC(F)(F)F)C=C(I)C=C1', 'ClC1=CC=C(OC2=CC=C(I)C=C2)C=C1', 'CC(C)(C)C(=O)NC1=CC=CC=C1I', 'ClC1=CC(Cl)=C(COC2=CC=C(I)C=C2)C=C1', 'OC1=CC=C(OC2=CC=C(I)C=C2)C=C1', 'CC(Br)C(=O)N(C)C1=CC=C(I)C=C1', 'CC(C)(C)OC(=O)NC(CC1=CC(I)=CC=C1F)C(O)=O', 'OB(O)C1=C(I)C=CC(OCC2=CC=CC=C2)=C1', 'COC1=CC(I)=C(NC(=O)OC(C)(C)C)C=C1', 'IC1=CC=C(OCC2=CC=CN=C2)C=C1', 'CC(C)S(=O)(=O)N[C@@H]1CCOC[C@H]1C1=CC=C(I)C=C1', 'CC(=O)NC1=C(C=C(I)C=C1)C(F)(F)F', 'IC1=CC=C(OC2=CC=CC=C2)C=C1', 'IC1=CC=C(NC(=O)OCC2=CC=CC=C2)C=C1', 'IC1=CC=C(OCC2=CC=NC=C2)C=C1']"
6,"[-0.4219737684407845, -1.392481136628752]",2.3081602178973504,"['CC1=CC(C)=C(C)C(I)=C1C', 'CC(C)C1=CC=CC(C(C)C)=C1I']","['CCC1=CC(Br)=C(I)C=C1', 'CC1=CC(Cl)=CC(Cl)=C1I', 'ClC1=CC=CC=C1I', 'FC1=C(C=C(I)C=C1)C(F)(F)F', 'COC(=O)C1=CC(I)=C(OC2=CC=CC=C2)C=C1', 'CCOC(=O)C1=CC(I)=C(OC)C=C1', 'CCOC1=C(I)C=CC(=C1)C(=O)N1CCOCC1', 'ClC1=CC(Cl)=C(I)C=C1', 'BrC1=C(OC2=C(I)C=CC=C2)C=CC(=C1)C#N', 'COC(=O)C1=CC(I)=C(Cl)C=C1C', 'CC1=CC(Cl)=C(I)C=C1C', 'COC(=O)C1=CC(I)=C(Cl)C=C1', 'CCC1=C(Br)C=CC(I)=C1', 'FC1=CC(I)=C(Cl)C=C1', 'CS(=O)(=O)C1=CC=CC(I)=C1', 'FC1=C(Cl)C=C(I)C=C1', 'NS(=O)(=O)C1=CC=C(I)C=C1', 'OC1=CC=C(I)C=C1C(F)(F)F', 'FC1=CC(Cl)=C(I)C=C1', 'FC(F)(F)C1=C(I)C=CC(Br)=C1', 'CC(C)C1=CC=C(I)C(Br)=C1', 'OC(=O)C1=CC=CC(I)=C1Cl', 'FC(F)(F)OC1=C(I)C=C(Br)C=C1', 'FC(F)(F)C1=CC(I)=C(Cl)C=C1']"
7,"[0.04977968725233062, 0.8189484735322958]",2.4043559290287715,"['COS(=O)(=O)C1=CC=CC=C1I', 'NC1=CC=C(C=C1)S(=O)(=O)NC1=CC=C(I)C=C1']","['CC(C)(C)C(=O)NC1=CC=C(Cl)C=C1I', 'ClC1=CC=C(C=C1)C1=CC=C(I)C=C1', 'IC1=CC=C(OCC2CC2)C=C1', 'ClC1=CC=C(I)C=C1', 'OCC1=CC=CC(Br)=C1I', 'COC1=CC=CC(I)=C1NC(=O)OC(C)(C)C', 'OS(=O)(=O)C1=CC=CC(I)=C1', 'IC1=C(OC2CC2)C=CC=C1', 'OC(=O)C1=CC=C(O)C(I)=C1', 'COC1=C(Cl)C=CC(I)=C1', 'OCC1=C(Cl)C=C(I)C=C1Cl', 'NS(=O)(=O)C1=CC=CC(I)=C1', 'CC(C)(C)C1=CC=C(I)C(Br)=C1', 'CC1=CC(=CC(C)=C1I)C#N', '[H][C@](N)(CC1=CC(I)=C(O)C=C1)C(=O)OC', 'CCC1=CC(Br)=CC(CC)=C1I', 'CC(C)(C)C1=C(I)C=CC(O)=C1', 'COC1=C(I)C=C(C=C1)C(O)=O', 'CC1=CC(O)=CC(C)=C1I', 'COC1=C(I)C(C)=CC(Cl)=C1', 'CC1=C(C)C(C)=C(I)C(C)=C1C', 'CC(=O)NC1=CC(F)=CC=C1I']"
8,"[-1.0999812533898117, 1.20915723585692]",2.6544551351637153,"['COC1=CC=CC(OC)=C1I', 'BrCC1=CC=C(I)C=C1Br']","['FC1=CC=CC(I)=C1Br', 'IC1=CC=C(OCCN2CCCC2)C=C1', 'CC1=C(Br)C=CC(I)=C1Cl', 'CC(C)(C)C1=CC(I)=CC=C1O', 'OC1=C(Cl)C(I)=CC=C1', 'CN(C)C1=C(I)C=CC=C1', 'NC1=C(Cl)C=C(C=C1I)C(F)(F)F', 'CC1=C(Br)C(F)=CC(I)=C1', 'CC(C)(C)C1=CC(I)=C(Br)C=C1', 'COP(=S)(OC)OC1=CC(Cl)=C(I)C=C1Cl', 'CC(C)OC1=CC=C(I)C=C1Br', 'COC(=O)C1=CC=C(I)C=C1', 'IC1=CC=CC(CN2CCCC2)=C1', 'NC1=C(I)C=C(Cl)C(=C1)C(F)(F)F', 'CC1=C(Cl)C=C(I)C=C1Cl', 'FC1=CC(I)=CC=C1NC(=O)NC1CC1', 'CC1=CC(Br)=C(I)C=C1', 'CC1=CC(I)=C(O)C=C1Cl', 'COC(=O)C1=C(I)C=C(OC)C(OC)=C1', 'FC(F)(F)C1=CC(=C(I)C=C1)C(F)(F)F', 'COC1=CC=CC(I)=C1C']"
9,"[0.9057282466323808, 1.0802002409619185]",2.6953951040886825,"['OC(=O)C1=CC=C(I)C=C1', 'FC1=CC(I)=CC=C1C(F)(F)F']","['CC1=C(O)C(I)=CC(Cl)=C1', 'COC1=C(I)C=C(Br)C=C1', 'OC1=CC(Cl)=C(F)C=C1I', 'OC1=C(I)C=CC(Cl)=C1', 'COC1=CC=C(C)C=C1I', 'FC1=C(I)C=C(CBr)C=C1', 'COC1=C(I)C=C(C(O)=O)C(F)=C1', 'COC1=CC(OC)=C(I)C=C1Cl', 'COC1=CC=CC(C)=C1I', 'COC(=O)C1=CC(I)=C(N)C=C1Cl', 'CCOC1=CC(Br)=CC=C1I', 'COC1=CC=CC(CO)=C1I', 'CC1=CC(I)=C(F)C=C1', 'NC1=C(I)C=C(F)C(=C1)C(F)(F)F', 'OC(=O)CC1=CC=C(O)C(I)=C1', 'OC(=O)CCC1=CC=C(O)C(I)=C1', 'COC1=CC(CO)=CC=C1I', 'FC1=C(I)C=CC(=C1)C1CC1', 'COC1=C(I)C=CC=C1', 'NC1=C(I)C=C(OC(F)(F)F)C=C1']"
