,obj_values ['rate'],Vendi_score,eval_samples,cut_samples
0,"[0.42357830252081924, 0.6467210728685965]",1.6213696496925338,"['CC1=C(I)C=C(O)C=C1', 'BrC1=CC(Br)=C(I)C=C1']",[]
1,"[0.23491160486041096, 0.3786877062542173]",1.7052131869713854,"['OC(=O)C1=CC=CC(I)=C1Cl', 'ClC1=CC(Br)=C(I)C=C1Cl']","['CC1=C(I)C=C(CO)C=C1', 'OCC1=C(I)C=C(F)C=C1', 'ClC1=CC=C(CBr)C(I)=C1', 'OC1=CC(I)=C(Br)C=C1', 'CC1=CC(I)=C(C)C=C1', 'OC1=C(Br)C(I)=CC=C1', 'ClC1=CC=C(Br)C=C1I', 'CCC1=CC(Br)=C(I)C=C1', 'FC(F)(F)C1=CC(I)=C(Br)C=C1', 'ClC1=CC(CBr)=C(I)C=C1', 'IC1=C(C=CC=C1)C1=CC=CC=C1', 'CC1=CC(Br)=C(C)C=C1I', 'FC1=CC(Br)=C(I)C=C1F', 'CNCC1=C(I)C=CC=C1', 'CC1=C(Br)C=CC(I)=C1Cl', 'OCC1=C(I)C=C(Cl)C=C1', 'OC1=C(Cl)C(I)=CC=C1', 'OC(=O)C1=C(Br)C(I)=CC=C1', 'CC1=CC(Br)=CC=C1I', 'FC1=CC=CC(I)=C1Br', 'CC1=CC(I)=C(CO)C=C1', 'COC1=CC=CC(I)=C1C', 'CC1=CC(Br)=C(I)C=C1', 'CC1=CC(Br)=C(I)C=C1Cl', 'BrCC1=C(Br)C(I)=CC=C1', 'BrC1=CC=CC=C1I', 'CC(C)C1=CC=C(I)C(Br)=C1', 'CC1=CC=C(I)C=C1Br', 'OCC1=C(Cl)C=CC=C1I', 'NCC1=CC=CC=C1I', 'CC1=CC=C(C=C1I)C(N)=N']"
2,"[0.9266807106460363, 1.20915723585692]",1.814885082714845,"['BrC1=C(Br)C=C(I)C=C1', 'BrCC1=CC=C(I)C=C1Br']","['ClC1=CC(Cl)=C(I)C=C1', 'OC(=O)C1=C(I)C(Br)=CC=C1', 'COC(=O)C1=CC(I)=C(Cl)C=C1', 'COC(=O)C1=CC(I)=C(Cl)C=C1C', 'ClC1=CC=CC=C1I', 'OC1=CC(I)=C(Cl)C=C1', 'ClCC1=C(I)C=CC=C1', 'FC(F)(F)C1=C(Br)C(I)=CC=C1', 'COC1=CC(I)=C(Cl)C=C1', 'OC1=CC=C(I)C(Br)=C1', 'ClCC1=CC(I)=C(CCl)C=C1', 'BrC1=C(C=CC=C1I)C#N', 'FC(F)(F)OC1=CC=CC=C1I', 'FC(F)(F)OC1=C(I)C=C(Br)C=C1', 'ClC1=C(I)C=C(C=C1)C#N', 'COC1=CC(Br)=C(I)C=C1', 'FC(F)(F)C1=C(I)C=CC(Br)=C1', 'FC1=CC(I)=C(Cl)C=C1', 'FC1=CC(Cl)=C(I)C=C1', 'FC(F)(F)C1=CC(I)=C(Cl)C=C1', 'NC(=O)C1=C(I)C=CC(Br)=C1F', 'CC1=CC(Cl)=C(I)C=C1C', 'CC1=CC=CC(I)=C1Cl', 'CC(C)(C)C1=CC(I)=C(Br)C=C1', 'NC(=O)C1=C(Cl)C=CC=C1I', 'FC(F)(F)C1=C(I)C(Br)=CC=C1', 'BrC1=CC(I)=C(I)C=C1', 'OC(=O)CC1=C(I)C=C(Cl)C=C1', 'CC(C)(C)C1=CC=C(I)C(Br)=C1', 'CC1=CC=C(I)C(C(O)=O)=C1F']"
3,"[0.8010411997243925, 1.2082787049052461]",1.9015493113195696,"['CON(C)C(=O)C1=CC=C(I)C=C1', 'IC1=CC=C(C=C1)C(=O)N1CCOCC1']","['CC1=CC(Br)=CC(I)=C1', 'CC1=C(Cl)C=C(I)C=C1', 'OS(=O)(=O)C1=CC=CC(I)=C1', 'CC1=C(Cl)C=C(I)C=C1Cl', 'BrCC1=CC(I)=CC=C1', 'IC1=CC(I)=CC=C1', 'FC1=C(C=C(I)C=C1)C(F)(F)F', 'COC1=C(Cl)C=CC(I)=C1', 'NNC(=O)C1=CC=C(I)C=C1', 'ClCC1=CC=C(I)C=C1', 'FC(F)(F)C(F)(C1=CC=C(I)C=C1)C(F)(F)F', 'CC(C)(C)OC(=O)C1=C(Br)C=C(I)C=C1', 'IC1=CC=CC(=C1)C1=CC=CC=C1', 'CS(=O)(=O)NC1=CC=C(I)C=C1', 'CC(Br)C(=O)N(C)C1=CC=C(I)C=C1', 'CNC(=O)C1=CC=CC=C1I', 'FC(F)(F)C1=C(Cl)C=CC(I)=C1', 'CCC1=C(Br)C=CC(I)=C1', 'CC1=C(Br)C(F)=CC(I)=C1', 'FC(F)C1=C(I)C=CC=C1', 'COC1=CC(Br)=CC(I)=C1', 'CC(C)OC1=CC=C(I)C=C1Br', 'BrCC1=C(I)C=CC(Br)=C1', 'FC1=C(Cl)C=C(I)C=C1', 'OCC1=C(Cl)C=C(I)C=C1Cl', 'OCC1=C(Cl)C=CC(I)=C1', 'CC(=O)OC1=CC=C(I)C=C1', 'FC1=C(Cl)C=C(I)C=C1Cl']"
4,"[0.7520876450433205, 0.7906260268900357]",2.1787669481545353,"['[H][C@@](CC1=CC=C(I)C=C1)(NC(=O)OCC1=CC=CC=C1)C(O)=O', 'CCCCCC1=CC=C(C=C1)C1=CC=C(I)C=C1']","['OB(O)C1=CC(I)=CC=C1', 'CC(=O)NC1=C(OC(F)(F)F)C=C(I)C=C1', 'OC(=O)CCCCC1=CC=C(I)C=C1', 'ClC1=CC=C(C=C1)C1=CC=C(I)C=C1', 'CCCNC(=O)C1=CC=CC=C1I', 'CC1=CC(I)=CC(F)=C1', 'CC(=O)NC(CC1=CC=C(I)C=C1)C(O)=O', 'IC1=CC(=CC=C1)N1C=CN=N1', 'CCOC(=O)CC1=CC(I)=CC=C1', 'COC(=O)C1=CC=C(I)C=C1', 'CC(=O)NC1=C(C=C(I)C=C1)C(F)(F)F', 'NC(CC1=CC=C(I)C=C1)C(O)=O', 'COC(=O)C1(CC1)C1=CC=C(I)C=C1', 'CC(=O)NC1=C(F)C=C(I)C=C1', 'NC(=O)C1=CN=C(OC2=CC=C(I)C=C2)C=C1', 'CNS(=O)(=O)C1=CC=C(I)C=C1', 'CC1(C)COB(OC1)C1=CC=C(I)C=C1', 'IC1=CC(CC#N)=CC=C1', 'CCNC(=O)C1=CC=CC=C1I', 'NCC1=CC(I)=CC=C1', 'NC1(CC1)C1=CC=C(I)C=C1', 'CS(=O)(=O)C1=CC=CC(I)=C1', 'NS(=O)(=O)C1=CC=C(I)C=C1', 'OB(O)C1=CC=C(I)C=C1', 'NS(=O)(=O)C1=CC=CC(I)=C1', 'FC(F)C1=CC=C(I)C=C1']"
5,"[0.08490361229652965, 1.0802002409619185]",2.1742973014311873,"['OS(=O)(=O)C1=CC=C(I)C=C1', 'FC1=CC(I)=CC=C1C(F)(F)F']","['NCCC1=CC=C(I)C=C1', 'ClC1=CC=C(OC2=CC=C(I)C=C2)C=C1', 'CC(C)(C)OC(=O)NC(CC1=CC(I)=CC=C1F)C(O)=O', 'CC(C)(C)OC(=O)C1=C(I)C=CC=C1', 'CC(C)(C)OC(=O)NCC1=CC=CC(I)=C1', 'CCC1=CC=C(I)C=C1', 'IC1=CC=C(CC#C)C=C1', 'CCOC1=CC=C(C=C1)C(O)C1=CC(I)=CC=C1Cl', 'ClC1=CC(Cl)=C(COC2=CC=C(I)C=C2)C=C1', 'OC1=CC=C(I)C=C1C(F)(F)F', 'IC1=CC=CC(CN2CCCC2)=C1', 'IC1=CC=C(OCCN2CCCC2=O)C=C1', 'IC1=CC=C(OCC#N)C=C1', 'IC1=C(C=CC=C1)C(=O)NC1CCCC1', 'CC1=CC(I)=CC(C)=C1F', 'OC(=O)CNC(=O)C1=C(I)C=CC=C1', 'OC1=CC=C(OC2=CC=C(I)C=C2)C=C1', 'IC1=C(C=CC=C1)C(=O)NCC1=CC=CC=C1', 'IC1=CC=C(OCC2=CC=CN=C2)C=C1', 'CCOP(=O)(CC1=CC=C(I)C=C1)OCC', 'IC1=CC=C(OC2=CC=CC=C2)C=C1', 'IC1=CC=C(NC(=O)OCC2=CC=CC=C2)C=C1', 'IC1=CC=C(OCC2=CC=NC=C2)C=C1', 'COC(=O)C1=C(I)C=CC=C1OC', 'CON(C)C(=O)C1=C(I)C=C(Cl)C=C1']"
6,"[0.31584354983293583, 0.33149269980612495]",2.3311128521220823,"['CC(C)S(=O)(=O)N[C@H]1CCOC[C@@H]1C1=CC=C(I)C=C1', 'BrC1=CC=C(I)C=C1CC1=CC=C2OCCOC2=C1']","['COC1=C(C)C=CC(I)=C1', 'FC1=CC(I)=CC=C1NC(=O)NC1CC1', 'COC1=CC(I)=CC=C1I', 'CC1=CC=C(I)C=C1', 'COC1=CC=C(C(N)=O)C(I)=C1', 'COP(=S)(OC)OC1=CC(Cl)=C(I)C=C1Cl', 'CCOC(=O)CC1=C(I)C=CC=C1', 'COC1=C(C(O)=O)C(I)=CC=C1', 'ClC1=CC=C(I)C=C1', 'CC1=C(F)C=C(F)C=C1I', 'COC1=CC(Cl)=CC(I)=C1', 'NC(=O)C1=C(I)C=CC=C1', 'COC(=O)C1=C(I)C=C(OC)C(OC)=C1', 'NC1=CC=C(C=C1)S(=O)(=O)NC1=CC=C(I)C=C1', 'COC(OC)C1=C(I)C=CC=C1', 'CC1=CC=CC(I)=C1', 'COC1=CC=C(I)C(C(O)=O)=C1F', 'CC1=C(I)C=CC=C1CC#N', 'FC(F)(F)C1=CC(=C(I)C=C1)C(F)(F)F', 'CC(C)S(=O)(=O)N[C@@H]1CCOC[C@H]1C1=CC=C(I)C=C1', 'CC1=CC=C(I)C=C1C1=CC(I)=CC=C1C', 'COC(=O)CC1=C(I)C=CC=C1', 'OC(=O)C1=CC=C(I)C=C1', 'IC1=CC=CC=C1CN1C=NC=N1']"
7,"[0.21191890538070868, 0.1130116687758882]",2.383767743930297,"['OC1=C(F)C=C(I)C=C1I', 'OC1=C(F)C=C(I)C=C1']","['BrC(C1=CC=CC=C1)C1=C(I)C=CC=C1', 'COC1=CC(I)=C(NC(=O)OC(C)(C)C)C=C1', 'COC1=C(C)C(I)=CC=C1C', 'CSC1=CC=C(I)C=C1', 'CCNC(=O)C1=CC(OCC)=C(I)C=C1', 'OC(=O)CC1=CC=CC=C1I', 'IC1=CC=C(OCCN2CCCC2)C=C1', 'COC(=O)C1=C(C)C(I)=CC=C1', 'COC1=CC=CC(I)=C1NC(=O)OC(C)(C)C', 'IC1=C(C=CC=C1)C(=O)N1CCCC1', 'COC1=C(OC)C=C(I)C=C1', 'NC(=O)CC1=C(I)C=CC=C1', 'CC(C)(C)C1=CC(I)=CC=C1O', 'CN(C(=O)C1=C(I)C=CC=C1)C1=CC=C(C)C=C1', 'CC1=CC=CC(I)=C1CO', 'CC1(C)OB(OC1(C)C)C1=CC(O)=CC=C1I', 'OB(O)C1=C(I)C=CC(OCC2=CC=CC=C2)=C1', 'FC(F)(F)C(=O)NC1=CC=CC=C1I', 'OC(=O)CCC1=CC=CC=C1I', 'CC1=CC(I)=C(CO)C=C1C', 'IC1=CC=C(OCC2CC2)C=C1', 'COC1=C(I)C=CC(=C1)C(F)(F)F']"
8,"[0.41194118881371167, 1.198684809188364]",2.488368009863162,"['BrC1=CN=C(OC2=CC=C(I)C=C2)N=C1', 'FC1=CC(I)=C(C=C1)C#N']","['OCC1=CC(I)=C(CO)C=C1I', 'CC1=CC(C)=C(I)C=C1I', 'IC1=CC=C(NC(=O)NCC2=CC=CC=C2)C=C1', 'IC1=C(OCC2=CC=CC=C2)C=CC=C1', 'ClCC(=O)NC1=CC=CC=C1I', 'NC1=C(Cl)C=C(C=C1I)C(F)(F)F', 'COC1=CC(=C(I)C=C1)C(F)(F)F', 'OC1=C(I)C=CC=C1Cl', 'OCC1=C(I)C=CC(F)=C1', 'IC1=CC=C(C#N)C(I)=C1', 'FC(F)(F)COC1=CC(=CC=C1I)C(=O)N1CCOCC1', 'CC(Cl)C(=O)NC1=CC=CC=C1I', 'COC1=C(I)C=C(Br)C=C1', 'CCOC1=CC(Br)=CC=C1I', 'C[C@H](O)C1=C(I)C=CC(F)=C1', 'CCOC(=O)C1=CC=C(I)C=C1F', 'CC1=C(O)C=CC(I)=C1', 'CCOC(=O)COC1=CC=CC=C1I', 'COC1=CC(B(O)O)=C(I)C=C1', 'COC1=C(F)C=CC=C1I', 'CCOC1=C(I)C=CC(=C1)C(=O)N1CCOCC1']"
9,"[1.2310331342559602, 1.0899785972687763]",2.706879396524194,"['IC1=C(C=CC=C1C#N)C#N', 'COC(=O)C1=C(I)C=C(Br)C=C1']","['COS(=O)(=O)C1=CC=CC=C1I', 'OC1=CC(Cl)=C(F)C=C1I', 'NNC(=O)CNC1=CC=C(I)C=C1', 'FC(F)(F)C(=O)CC1=CC=C(I)C=C1', 'CC(C)(C)C(=O)NC1=CC=C(Cl)C=C1I', 'NC(=O)C1=CC(O)=C(I)C=C1', 'CC(C)(O)C1=C(I)C=CC=C1', 'CCOC(=O)C1=CC(I)=C(OC)C=C1', 'COC1=C(I)C=C(C=C1)C(O)=O', 'COC1=CC=C(COC2=C(I)C=CC=C2)C=C1', 'COC1=CC(OC)=C(I)C=C1Cl', 'CC(C)C1=C(I)C=CC(Br)=C1', 'CC1=C(C=C(I)C=C1Cl)C(O)=O', 'NC1=C(Cl)C=C(I)C=C1', 'NC1=C(Cl)C=C(Cl)C=C1I', 'OC(=O)C1(CC1)C1=C(I)C=CC=C1', 'NC1=C(I)C=C(Cl)C(=C1)C(F)(F)F', 'COC(=O)C1=CC(I)=C(OC2=CC=CC=C2)C=C1', 'CCCC1=C(I)C=CC=C1', 'CC1=C(I)C=CC=C1']"
