,obj_values ['rate'],Vendi_score,eval_samples,cut_samples
0,"[0.7372699867152058, -0.845921371266691]",1.69891492323941,"['CC1=C(C=CC=C1I)C#N', 'COC1=CC=C(I)C(N)=C1']",[]
1,"[0.7109772719020189, 0.27058854539290367]",1.815290593765222,"['NC(=O)C1=C(I)C=CC=C1', 'NCC1=CC=CC=C1I']","['CC(=O)NC1=CC=CC=C1I', 'COC1=CC=C(I)C(C)=C1', 'CC1=CC(N)=C(I)C=C1F', 'NC1=C(I)C=CC(=C1)C(O)=O', 'NC1=C(I)C=C(OC(F)(F)F)C=C1', 'CC1=CC(C)=C(I)C=C1C(O)=O', 'CCOC(=O)C1=CC(I)=C(N)C=C1', 'CC1=C(N)C(I)=CC=C1', 'CC1=CC(I)=C(N)C(C)=C1', 'CC(=O)NC1=CC(F)=CC=C1I', 'COC(=O)C1=C(C)C=C(N)C(I)=C1', 'OCC1=CC(I)=C(O)C=C1', 'CC1=CC(I)=C(N)C=C1O', 'CC1=CC(O)=C(C)C=C1I', 'CC1=C(O)C(I)=CC(Cl)=C1', 'OC1=C(I)C=CC=C1', 'COC1=CC=C(I)C(O)=C1', 'COC(=O)C1=C(I)C=CC(OC)=C1', 'NC1=CC(Cl)=CC=C1I', 'COC(=O)C1=CC=C(I)C(N)=C1', 'CC1=CC(Cl)=CC(I)=C1N', 'CC1=CC(N)=C(I)C=C1', 'CC1=C(I)C=CC(O)=C1', 'COC1=CC=C(I)C(OC)=C1', 'OC(=O)CC1=CC=C(O)C(I)=C1', 'OC1=CC=C(I)C2=CC=CC=C12', 'CC1=CC=C(N)C(I)=C1', 'CC1=CC(N)=C(I)C=C1C', 'COC1=C(N)C(I)=CC=C1', 'NNC1=C(I)C=CC=C1', 'COC(=O)C1=C(Cl)C=C(C)C(I)=C1']"
2,"[0.5626618144033346, 0.9400829562844111]",2.119322375070271,"['FC1=CC=CC(I)=C1C#N', 'OC1=CC(I)=C(C=C1)N(=O)=O']","['ClCC1=C(I)C=CC=C1', 'OC(=O)CC1=CC=CC=C1I', 'CC1=C(I)C=CC=C1CC#N', 'FC(F)C1=C(I)C=CC=C1', 'NC(=O)CC1=C(I)C=CC=C1', 'IC1=CC=CC=C1CN1C=NC=N1', 'IC1=C(C=CC=C1)C1=CC=CC=C1', 'OC(=O)CCC1=CC=CC=C1I', 'CC1=CC=C(C=C1I)C(N)=N', 'COC1=C(C)C(I)=CC=C1C', 'OCC1=C(I)C=C(F)C=C1', 'CC1=C(I)C=C(CO)C=C1', 'CC1=CC(I)=C(C)C=C1', 'COC(OC)C1=C(I)C=CC=C1', 'CC1=C(I)C=CC=C1', 'CCNC(=O)C1=CC=CC=C1I', 'CNCC1=C(I)C=CC=C1', 'C[C@H](O)C1=C(I)C=CC(F)=C1', 'CC1=CC(I)=C(CO)C=C1', 'CC1=CC=CC(I)=C1CO', 'COC(=O)C1=C(C)C(I)=CC=C1', 'OCC1=C(I)C=C(Cl)C=C1', 'CCCC1=C(I)C=CC=C1', 'CNC(=O)C1=CC=CC=C1I', 'OCC1=C(Cl)C=CC=C1I', 'CCCNC(=O)C1=CC=CC=C1I', 'COC1=CC(B(O)O)=C(I)C=C1', 'OCC1=C(I)C=CC(F)=C1', 'COC(=O)CC1=C(I)C=CC=C1', 'CC1=CC(I)=C(CO)C=C1C']"
3,"[1.205969972532665, 0.8392322980736077]",2.204134034469699,"['OC(=O)C1=CC=CC(=C1I)N(=O)=O', 'OC(=O)C1=CC=CC(C(O)=O)=C1I']","['COC(=O)C1=CC=CC=C1I', 'CC1=CC(C(O)=O)=C(I)C=C1', 'NC(=O)C1=CC(O)=C(I)C=C1', 'COC1=C(C(O)=O)C(I)=CC=C1', 'CC(=O)C1=CC(I)=CC=C1', 'OC(=O)C1=CC=CC2=CC=CC(I)=C12', 'OC1=C(I)C=CC=C1Cl', 'CC1=C(C(I)=CC=C1)N(=O)=O', 'OC(=O)C1=CC(Cl)=CC=C1I', 'OC(=O)C1=C(I)C=C(C=C1)C#N', 'OC(=O)C1(CC1)C1=C(I)C=CC=C1', 'COC1=C(F)C=CC=C1I', 'CCOC(=O)CC1=C(I)C=CC=C1', 'ClCC1=CC(I)=C(CCl)C=C1', 'CC1=CC=C(I)C(C(O)=O)=C1F', 'CC1=CC=C(C(O)=O)C(I)=C1', 'CC1=CC(C)=C(I)C=C1I', 'FC1=C(Cl)C=CC(I)=C1C=O', 'IC1=C(C=CC=C1)C(=O)NC1CCCC1', 'COC(=O)C1=C(I)C=CC=C1O', 'OC(=O)CNC(=O)C1=C(I)C=CC=C1', 'CC1=CC(=CC(I)=C1)C(O)=O', 'NC(=O)C1=C(Cl)C=CC=C1I', 'CC1=C(F)C=C(F)C=C1I', 'FC(F)(F)C(=O)NC1=CC=CC=C1I', 'COC1=CC=C(I)C(C(O)=O)=C1F', 'CC1=C(I)C=C(C=C1F)C(O)=O', 'OC(=O)CC1=C(I)C=C(Cl)C=C1']"
4,"[1.0883633455290571, 0.3863027835248003]",2.367596733322996,"['IC1=C(C=CC=C1N(=O)=O)N(=O)=O', 'ClC1=C(I)C(=CC=C1)N(=O)=O']","['CC1=C(I)C=C(Cl)C(=C1)N(=O)=O', 'CCOC(=O)C1=CC(I)=C(C)C=C1', 'COC1=C(OC)C(I)=CC(C=O)=C1', 'COC1=CC(I)=C(C=O)C=C1OC', 'COC(=O)C1=CC=CC(C)=C1I', 'OC1=C(C=O)C(I)=CC=C1', 'OCC1=CC(=C(I)C=C1)N(=O)=O', 'OC(=O)CCC1=NN=C(O1)C1=CC=CC=C1I', 'CCOC(=O)C1=CC(I)=C(C=C1)C#N', 'OC(=O)C1=CC=C(I)C(=C1)C(F)(F)F', 'OC(=O)C1=CC(I)=C(C=C1)C(F)(F)F', 'COC(=O)C1=C(Cl)C(O)=C(I)C=C1', 'FC(F)(F)C1=C(I)C=CC(=C1)C#N', 'IC1=CC=CC=C1C(=O)C1=CC=CC=C1', 'CC1=C(I)C=CC=C1N(=O)=O', 'CC1=CC=CC(I)=C1C=O', 'CC1=C(C(F)=CC=C1I)N(=O)=O', 'OC(=O)C1=CC=CC(I)=C1', 'CC1=CC(=CC=C1I)C(O)=O', 'OC(=O)C1=CC=CC(=C1I)C(F)(F)F', 'OC(=O)C1=C(I)C=C(F)C(F)=C1', 'CC1=C(C=C(I)C=C1Cl)C(O)=O', 'CCOC(=O)CC(=O)C1=C(I)C=CC=C1', 'CC1=C(C)C(I)=C(C=C1)C(O)=O', 'IC1=C(C=CC=C1C#N)C#N', 'CC(C)C1=CC=C(I)C(=C1)N(=O)=O']"
5,"[1.198684809188364, 0.6238545681118839]",2.5071307090240302,"['FC1=CC(I)=C(C=C1)C#N', 'COC(=O)C1=CC=C(I)C=C1N(=O)=O']","['CCOC(=O)C1=CC2=CC=CC=C2C=C1I', 'OC(=O)C1=C(F)C=C(Cl)C(I)=C1', 'OC(=O)C1=CC(OC(F)(F)F)=C(I)C=C1', 'OC(=O)C1=CC=CC(I)=C1Cl', 'CC(=O)C1=CC(I)=C(O)C=C1', 'ClC1=C(I)C=C(C=O)C=C1', 'OC(=O)C1=C(I)C=CC(Br)=C1', 'CC1=CC=CC(Cl)=C1I', 'CCC1=CC=C(I)C=C1C(O)=O', 'BrCC1=C(I)C(=CC=C1)N(=O)=O', 'COC(=O)C1=CC(I)=C(C)C=C1C', 'FC(F)(F)C(=O)CC1=CC=C(I)C=C1', 'FC(F)(F)OC1=CC=CC=C1I', 'ClC1=CC=CC=C1I', 'CC1=CC=CC(I)=C1Cl', 'CON(C)C(=O)C1=C(I)C=C(Cl)C=C1', 'IC1=CC=C(C=C1)C1=NC=CO1', 'COC1=CC=C(I)C=C1C(O)=O', 'COC(=O)C1=C(O)C=C(I)C(Cl)=C1', 'CC(C)(O)C1=C(I)C=CC=C1', 'COC1=C(I)C=C(C=C1I)C#N', 'ClC1=CC(=CC=C1I)N(=O)=O', 'COC(=O)C1=C(I)C=C(Br)C=C1', 'CCOC(=O)C1=CC=C(I)C=C1F', 'BrC1=C(C=C(I)C=C1)C#N']"
6,"[0.9057282466323808, 1.0802002409619185]",2.5941892308791075,"['OC(=O)C1=CC=C(I)C=C1', 'FC1=CC(I)=CC=C1C(F)(F)F']","['IC1=CC(CC#N)=CC=C1', 'FC(F)(F)C1=CC(=C(I)C=C1)C(F)(F)F', 'OC(=O)C1=C(O)C=CC=C1I', 'NS(=O)(=O)C1=CC=CC(I)=C1', 'IC1=CC=CC(=C1)C(=O)C1=CC=CC=C1', 'COC1=CC(=C(I)C=C1)C(F)(F)F', 'CC(C)(C)OC(=O)C1=CC(I)=CC=C1', 'COC(=O)C1=C(CBr)C(I)=CC=C1', 'CC(=O)OC1=CC=C(I)C=C1', 'COC(=O)C1=CC(I)=C(Cl)C=C1', 'CS(=O)(=O)C1=CC=CC(I)=C1', 'CC1=CC(Cl)=C(I)C=C1C', 'OS(=O)(=O)C1=CC=CC(I)=C1', 'FC1=CC(I)=C(Cl)C=C1', 'IC1=CC(=CC=C1)N1C=CN=N1', 'IC1=CC(I)=CC=C1', 'NNC(=O)C1=CC=C(I)C=C1', 'CC1=C(Cl)C=C(I)C=C1', 'IC1=CC=C(C#N)C(I)=C1', 'NS(=O)(=O)C1=CC=C(I)C=C1', 'CCOC(=O)C1=C(I)C=CC(Br)=C1', 'ClC1=C(I)C=C(C=C1)C#N', 'CC(C)(C)OC(=O)C1=C(I)C=CC=C1', 'ClC1=CC(I)=CC(=C1)N(=O)=O']"
7,"[0.04977968725233062, -0.24448008121560494]",2.675259548449661,"['COS(=O)(=O)C1=CC=CC=C1I', 'COC1=CC(Cl)=CC(I)=C1']","['FC(F)(F)C1=C(Cl)C=CC(I)=C1', 'CC1=C(Cl)C=C(I)C=C1Cl', 'FC1=C(Cl)C=C(I)C=C1Cl', 'CC1=CC(I)=CC(F)=C1', 'FC(F)C1=CC=C(I)C=C1', 'OCC1=C(Cl)C=CC(I)=C1', 'FC1=C(Cl)C=C(I)C=C1', 'FC1=C(C=C(I)C=C1)C(F)(F)F', 'CNS(=O)(=O)C1=CC=C(I)C=C1', 'CC1=CC=CC(I)=C1', 'IC1=CC=C(OCC#N)C=C1', 'COC(=O)C1=CC=C(I)C=C1', 'CCC1=CC=C(I)C=C1', 'IC1=CC=C(CC#C)C=C1', 'OS(=O)(=O)C1=CC=C(I)C=C1', 'CS(=O)(=O)NC1=CC=C(I)C=C1', 'CC1=CC=C(I)C=C1', 'OB(O)C1=CC(I)=CC=C1', 'ClCC1=CC=C(I)C=C1', 'NCC1=CC(I)=CC=C1', 'OCC1=C(Cl)C=C(I)C=C1Cl', 'OB(O)C1=CC=C(I)C=C1']"
8,"[0.9284140094383682, -0.09612092193324576]",2.895386092602053,"['CC1=CC(=CC(C)=C1I)C#N', 'OC(=O)C1=C(I)C(I)=CC(I)=C1']","['OC1=CC=C(I)C=C1C(F)(F)F', 'COC1=CC=C(C(N)=O)C(I)=C1', 'COC(=O)C1=C(I)C=CC=C1OC', 'CON(C)C(=O)C1=CC=C(I)C=C1', 'NCCC1=CC=C(I)C=C1', 'NC(=O)C1=C(I)C=CC(Br)=C1F', 'NC(CC1=CC=C(I)C=C1)C(O)=O', 'CC1=CC=C(I)C=C1Br', 'OC1=CC(I)=C(Cl)C=C1', 'ClC1=CC(Cl)=C(I)C=C1', 'CC1=CC(Br)=CC(I)=C1', 'BrCC1=CC(I)=CC=C1', 'COC1=C(Cl)C=CC(I)=C1', 'NC1(CC1)C1=CC=C(I)C=C1', 'CC(=O)NC1=C(F)C=C(I)C=C1', 'ClC1=CC=C(CBr)C(I)=C1', 'IC1=CC=CC(=C1)C1=CC=CC=C1', 'CCOC(=O)CC1=CC(I)=CC=C1', 'OC1=C(Cl)C(I)=CC=C1', 'CC1=CC(I)=CC(C)=C1F', 'ClC1=CC=C(I)C=C1']"
9,"[0.7024011751146415, 0.1562611462957939]",3.0055762275197972,"['OC(=O)C1=C(F)C(F)=C(F)C(F)=C1I', 'FC1=C(F)C(=CC=C1I)C(F)(F)F']","['CC1=C(I)C=C(O)C=C1', 'IC1=CC=C(C=C1)C(=O)N1CCOCC1', 'CC1=C(Br)C(F)=CC(I)=C1', 'OC(=O)C1=C(I)C(Br)=CC=C1', 'IC1=CC=CC=C1C1=CC=CC=C1I', 'FC(F)(F)C1=C(I)C=CC(Br)=C1', 'FC1=CC=CC(I)=C1Br', 'IC1=C(C=CC=C1)C(=O)N1CCCC1', 'OCC1=CC(I)=C(CO)C=C1I', 'CC(Cl)C(=O)NC1=CC=CC=C1I', 'COC1=C(I)C=CC(=C1)C(F)(F)F', 'COC(=O)C1=CC(I)=C(Cl)C=C1C', 'COC1=CC(I)=C(Cl)C=C1', 'FC1=CC(Cl)=C(I)C=C1', 'COC1=CC(I)=CC=C1I', 'FC(F)(F)C1=CC(I)=C(Cl)C=C1', 'OC1=C(F)C=C(I)C=C1I', 'ClC1=CC(CBr)=C(I)C=C1', 'OC1=C(F)C=C(I)C=C1', 'CC1=CC(Cl)=CC(Cl)=C1I']"
