,obj_values ['rate'],Vendi_score,eval_samples,cut_samples
0,"[0.21908456444587432, 0.14555274767533927]",1.1323085875511907,"['COC1=C(I)C=CC(=C1)C(F)(F)F', 'FC1=C(I)C=CC(=C1)C1CC1']",[]
1,"[0.006631926043140335, 0.4588133837041801]",1.2416645980811842,"['CCOC1=CC(Br)=CC=C1I', 'COC1=C(I)C=C(Br)C=C1']","['COC1=CC(CO)=CC=C1I', 'OC(=O)C1=CC=C(O)C(I)=C1', 'CC1=CC(F)=C(I)C=C1O', 'OC1=CC(Cl)=C(F)C=C1I', 'COC1=CC(Cl)=C(OC)C=C1I', 'CC1=CC(F)=C(I)C=C1', 'OC1=C(F)C=CC=C1I', 'CC1=C(F)C=C(F)C(I)=C1', 'OC1=C(I)C=CC(Cl)=C1', 'CC1=C(O)C(I)=CC(Cl)=C1', 'CC1=CC(I)=C(F)C=C1', 'IC1=C(OC2CC2)C=CC=C1', 'CCOC(=O)C1=CC(I)=C(OC)C=C1', 'FC1=C(I)C=CC(Cl)=C1', 'OC1=C(I)C=CC=C1Cl', 'CCOC(=O)COC1=CC=CC=C1I', 'COC1=CC(I)=C(F)C=C1Cl', 'COC1=C(I)C=C(C(O)=O)C(F)=C1', 'OC(=O)CC1=CC=C(O)C(I)=C1', 'COC1=C(F)C=CC=C1I', 'COC1=CC(I)=C(F)C=C1', 'COC1=CC(OC)=C(I)C=C1Cl', 'COC1=C(I)C=C(C=C1)C(O)=O', 'COC1=CC=C(C)C=C1I', 'FC1=CC(I)=C(F)C=C1', 'COC1=CC(F)=C(I)C=C1', 'CCOC1=CC=C(I)C(F)=C1F', 'CC1=CC(I)=C(O)C=C1Cl', 'IC1=C(OCC2=CC=CC=C2)C=CC=C1', 'COC1=C(I)C=CC=C1', 'NC(=O)C1=CC(O)=C(I)C=C1']"
2,"[0.4722461820336687, 0.9442648742000126]",1.3775719435726068,"['NC1=C(F)C=C(C=C1I)C#N', 'COC1=CC=C(I)C(C(O)=O)=C1F']","['COC(=O)C1=CC(I)=C(N)C=C1Cl', 'OC1=CC=C(I)C=C1C(F)(F)F', 'COC(=O)C1=CC(I)=C(OC2=CC=CC=C2)C=C1', 'OC1=C(I)C=C(C=C1)C1=CC=CC=C1', 'COC1=CC=C(OC)C(I)=C1', 'NC1=C(I)C=C(C(Br)=C1)C(F)(F)F', 'NC1=C(I)C=C(F)C(=C1)C(F)(F)F', 'CCOC(=O)C1=CC(I)=C(N)C=C1', 'COC1=CC=C(I)C(OC)=C1', 'NC1=C(Cl)C=C(C=C1I)C(F)(F)F', 'NC1=C(I)C=C(OC(F)(F)F)C=C1', 'CCOC(=O)C1=CC(Br)=C(N)C(I)=C1', 'COC(=O)C1=CC(I)=C(N)C(Br)=C1', 'ClCC(=O)NC1=CC=CC=C1I', 'OCC1=CC(I)=C(O)C=C1', 'COC1=CC=C(COC2=C(I)C=CC=C2)C=C1', 'NC1=C(I)C=C(Cl)C(=C1)C(F)(F)F', 'COC1=CC(Br)=C(OC)C=C1I', 'CC(=O)NC1=CC(F)=CC=C1I', 'CC(Cl)C(=O)NC1=CC=CC=C1I', 'COC1=CC=C(C=C1I)C#N', 'NC1=C(Cl)C=C(Cl)C=C1I', 'OC1=C(I)C=C(Cl)C=C1', 'FC1=C(I)C=C(CBr)C=C1', '[H][C@](N)(CC1=CC(I)=C(O)C=C1)C(=O)OC', 'CCOC1=C(I)C=CC(=C1)C(=O)N1CCOCC1', 'CCNC(=O)C1=CC(OCC)=C(I)C=C1', 'NC1=C(I)C=CC(Br)=C1', 'FC(F)(F)C(=O)NC1=CC=CC=C1I', 'OC(=O)CCC1=CC=C(O)C(I)=C1']"
3,"[-0.6836597041070778, 0.6772390144813087]",1.53001133252032,"['OC1=CC(I)=C(Cl)C=C1', 'COC1=C(C(O)=O)C(I)=CC=C1']","['NC1=CC(I)=C(F)C=C1Cl', 'NC1=C(I)C=C(Br)C(=C1)C(F)(F)F', 'OC1=C(O)C(I)=CC=C1', 'OC1=C(I)C=CC=C1', 'IC1=CC=C(OCC2=CC=NC=C2)C=C1', 'IC1=CC=C(OCC#N)C=C1', 'IC1=CC=C(OCC2=CC=CN=C2)C=C1', 'CC(=O)NC1=CC=CC=C1I', 'NC1=C(F)C(F)=C(I)C=C1', 'CC(C)OC1=CC=C(I)C=C1Br', 'OCC1=C(I)C=CC(F)=C1', 'IC1=CC=C(OCC2CC2)C=C1', 'NC1=CC(Cl)=CC=C1I', 'CC(=O)NC1=C(OC(F)(F)F)C=C(I)C=C1', 'CC1=CC=C(I)C(C(O)=O)=C1F', 'COC(=O)C1=CC(I)=C(N)C(OC)=C1', 'COC1=CC(=C(I)C=C1)C(F)(F)F', 'CC(=O)NC1=C(F)C=C(I)C=C1', 'COC(=O)C1=C(C)C=C(N)C(I)=C1', 'COC1=CC=C(I)C(O)=C1', 'COC1=CC(C)=C(OC)C=C1I', 'NC1=C(I)C=C(Br)C=C1', 'FC(F)(F)OC1=CC=CC=C1I', 'NC1=C(I)C=C(C=C1)C#N', 'CC1=CC(Cl)=CC(I)=C1N', 'CC1=C(C=C(I)C(N)=C1)C#N', '[H][C@@](N)(CC1=CC=C(O)C(I)=C1)C(O)=O', 'CC(=O)NC1=C(C=C(I)C=C1)C(F)(F)F']"
4,"[0.7967855548660591, 0.35627482734441457]",1.725376573007986,"['COC(=O)C1=CC(I)=C(N)C(I)=C1', '[H][C@@](N)(CC1=CC(I)=C(O)C(I)=C1)C(O)=O']","['COC1=CC=C(C(N)=O)C(I)=C1', 'CC1=CC(Cl)=C(I)C=C1C', 'COC1=C(Cl)C=CC(I)=C1', 'COC1=CC(B(O)O)=C(I)C=C1', 'CCNC(=O)C1=CC=CC=C1I', 'CC1=CC=C(C=C1I)C(N)=N', 'CN(C)C1=C(I)C=CC=C1', 'OC1=C(Cl)C(I)=CC=C1', 'CS(=O)(=O)NC1=CC=C(I)C=C1', 'OC1=CC(Cl)=C(I)C=C1', 'OCC1=C(I)C=C(F)C=C1', 'NC(=O)C1=C(Cl)C=CC=C1I', 'FC(F)C1=C(I)C=CC=C1', 'FC1=C(C=C(I)C=C1)C(F)(F)F', 'NC(=O)C1=C(I)C=CC=C1', 'CC1=C(Cl)C=C(I)C=C1', 'CCCNC(=O)C1=CC=CC=C1I', 'COC(=O)C1=C(I)C=CC=C1OC', 'IC1=CC=C(OC2=CC=CC=C2)C=C1', 'COC1=CC(I)=C(Cl)C=C1', 'CC(=O)OC1=CC=C(I)C=C1', 'OC1=C(F)C=C(I)C=C1', 'NC1=C(Cl)C=C(I)C=C1', 'OC1=CC=CC(I)=C1F', 'CNC(=O)C1=CC=CC=C1I', 'COC1=CC(Cl)=C(I)C=C1']"
5,"[-0.10320888239450454, 0.8676464788775915]",1.948387729687265,"['OC(=O)C1=CC=CC2=CC=CC(I)=C12', 'NC1=C(C(O)=O)C(I)=CC=C1']","['IC1=C(C=CC=C1)C1=CC=CC=C1', 'NC(CC1=CC=C(I)C=C1)C(O)=O', 'OC1=CC=C(OC2=CC=C(I)C=C2)C=C1', 'OC(=O)CCC1=CC(I)=C(O)C(I)=C1', 'OC1=CC(I)=C(O)C=C1I', 'CC1=CC(N)=C(I)C=C1F', 'CC1=CC(C)=C(I)C=C1I', 'COC1=C(I)C=C(N)C=C1I', 'OC(=O)CC1=C(I)C=C(Cl)C=C1', 'OC1=CC=C(I)C2=CC=CC=C12', 'CC(C)(C)C1=CC(I)=C(O)C(I)=C1', 'OC(=O)CNC(=O)C1=C(I)C=CC=C1', 'OC1=C(I)C=C(C=C1I)C(F)(F)F', 'NC1=C(Br)C=CC=C1I', 'COC(=O)CCC1=CC(I)=C(O)C(I)=C1', 'C[C@H](O)C1=C(I)C=CC(F)=C1', 'OC1=C(I)C=C(F)C(F)=C1I', 'CCOC(=O)C1=CC(I)=C(O)C(I)=C1', 'CC(C)(C)C1=CC(I)=CC=C1O', 'CC1=C(O)C=CC(I)=C1', 'OCC1=C(I)C=C(Cl)C=C1', 'OC(=O)C1=CC(I)=C(O)C(I)=C1', 'CC(C)(C)C(=O)NC1=CC=CC=C1I', 'CC(C)(C)C(=O)NC1=CC=C(Cl)C=C1I', 'COC(=O)C1=C(OC)C=C(NC(C)=O)C(I)=C1']"
6,"[-1.3477383748927532, 1.2122557834459378]",2.0117757167868158,"['NC1=CC(I)=CC=C1O', 'COC1=C(OC)C=C(I)C=C1']","['CC1=C(I)C=CC=C1CC#N', 'CC1=CC=CC(I)=C1Cl', 'OCC1=C(Cl)C=CC=C1I', 'CC1=C(I)C=CC(O)=C1', 'OCC1=C(Cl)C=CC(I)=C1', 'COC(=O)C1=C(I)C=C(OC)C(OC)=C1', 'IC1=C(C=CC=C1)C(=O)NC1CCCC1', 'CC1=C(I)C=C(O)C=C1', 'OC1=C(F)C=C(I)C=C1I', 'IC1=CC=CC(=C1)C1=CC=CC=C1', 'ClCC1=CC(I)=C(CCl)C=C1', 'COC(=O)C1=C(N)C=CC=C1I', 'ClCC1=C(I)C=CC=C1', 'CSC1=CC=C(I)C=C1', 'COC(=O)C1=C(C)C(I)=CC=C1', 'CC1=CC=C(I)C=C1Br', 'IC1=CC=CC=C1CN1C=NC=N1', 'COC1=CC=C(I)C(C)=C1', 'CC1=CC(I)=CC(C)=C1F', 'CNCC1=C(I)C=CC=C1', 'COC(=O)C1=C(I)C=CC(OC)=C1', 'NC(=O)C1=C(I)C=CC(Br)=C1F', 'CC1=CC(I)=C(N)C(I)=C1', 'COC1=CC(Cl)=CC(I)=C1']"
7,"[1.2082787049052461, -0.2651364717149125]",2.109380609566226,"['IC1=CC=C(C=C1)C(=O)N1CCOCC1', 'CC(C)(C)OC(=O)NC(CC1=CC(I)=CC=C1F)C(O)=O']","['CCOC(=O)CC1=CC=C(N)C(I)=C1', 'CC1=CC(O)=C(C)C=C1I', 'CC1=CC(I)=CC(I)=C1N', 'ClC1=CC=C(OC2=CC=C(I)C=C2)C=C1', 'NCCC1=CC=C(I)C=C1', 'CC1=CC(I)=C(CO)C=C1C', 'CCC1=C(N)C=CC(I)=C1', 'COC1=CC=CC(I)=C1C', 'NNC1=C(I)C=CC=C1', 'COC1=C(C)C=CC(I)=C1', 'CC1=CC=C(I)C=C1', 'NNC1=CC=C(I)C=C1', 'IC1=CC=CC(CN2CCCC2)=C1', 'NNC(=O)CNC1=CC=C(I)C=C1', 'IC1=CC=C(OCCN2CCCC2=O)C=C1', 'NC1(CC1)C1=CC=C(I)C=C1', 'FC1=CC(I)=CC=C1NC(=O)NC1CC1', 'COC1=C(C)C(I)=CC=C1C', 'NC1=CC=C(I)C=C1', 'IC1=CC=C(CC#C)C=C1', 'COC1=C(N)C=CC(I)=C1', 'CCC1=CC=C(I)C=C1']"
8,"[1.0802002409619185, 0.4963810077188251]",2.227600752926312,"['FC1=CC(I)=CC=C1C(F)(F)F', 'IC1=CC=C(C#N)C(I)=C1']","['NCC1=CC(I)=CC=C1', 'CON(C)C(=O)C1=CC=C(I)C=C1', 'IC1=CC(=CC=C1)N1C=CN=N1', 'CCOC(=O)CC1=CC(I)=CC=C1', 'COC1=CC(I)=C(NC(=O)OC(C)(C)C)C=C1', 'IC1=C(C=CC=C1)C(=O)N1CCCC1', 'ClC1=CC=C(C=C1)C1=CC=C(I)C=C1', 'COC(=O)C1(CC1)C1=CC=C(I)C=C1', 'COC1=CC(I)=CC=C1I', 'IC1=CC=C(NC(=O)OCC2=CC=CC=C2)C=C1', 'CC(C)(C)OC(=O)NCC1=CC=CC(I)=C1', 'OB(O)C1=CC(I)=CC=C1', 'CC(=O)NC(CC1=CC=C(I)C=C1)C(O)=O', 'CON(C)C(=O)C1=C(I)C=C(Cl)C=C1', 'OC(=O)CCCCC1=CC=C(I)C=C1', 'IC1=CC=C(OCCN2CCCC2)C=C1', 'ClC1=CC(Cl)=C(COC2=CC=C(I)C=C2)C=C1', 'CCOP(=O)(CC1=CC=C(I)C=C1)OCC', 'NC(=O)C1=CN=C(OC2=CC=C(I)C=C2)C=C1', 'CC1(C)OB(OC1(C)C)C1=CC(O)=CC=C1I', 'IC1=C(C=CC=C1)C(=O)NCC1=CC=CC=C1']"
9,"[0.08490361229652965, 0.44157236468896177]",2.238435973797442,"['OS(=O)(=O)C1=CC=C(I)C=C1', 'FC1=C(Cl)C=C(I)C=C1Cl']","['CC1=CC(Br)=CC(I)=C1', 'BrCC1=CC(I)=CC=C1', 'OS(=O)(=O)C1=CC=CC(I)=C1', 'CC(C)(C)OC(=O)C1=C(I)C=CC=C1', 'ClC1=CC=C(I)C=C1', 'ClCC1=CC=C(I)C=C1', 'CC1(C)COB(OC1)C1=CC=C(I)C=C1', 'OB(O)C1=CC=C(I)C=C1', 'CC1=CC(I)=CC(F)=C1', 'IC1=CC(CC#N)=CC=C1', 'NS(=O)(=O)C1=CC=CC(I)=C1', 'OCC1=C(Cl)C=C(I)C=C1Cl', 'NNC(=O)C1=CC=C(I)C=C1', 'CC1=C(Cl)C=C(I)C=C1Cl', 'FC(F)(F)C1=C(Cl)C=CC(I)=C1', 'FC1=C(Cl)C=C(I)C=C1', 'CS(=O)(=O)C1=CC=CC(I)=C1', 'FC(F)C1=CC=C(I)C=C1', 'NS(=O)(=O)C1=CC=C(I)C=C1', 'IC1=CC(I)=CC=C1']"
