,obj_values ['rate'],Vendi_score,eval_samples,cut_samples
0,"[-0.08043209346533231, 0.41523240182158205]",1.6536009567248484,"['FC1=CC(F)=C(I)C(F)=C1', 'NC1=C(Cl)C=C(Cl)C=C1I']",[]
1,"[-0.3445675919694101, -0.12668513739186027]",1.6438786182283072,"['NC1=C(I)C=C(Cl)C(=C1)C(F)(F)F', 'NC1=C(I)C=C(Br)C=C1']","['CC1=CC(F)=C(I)C=C1O', 'CC1=CC(F)=C(I)C=C1', 'NC1=C(Cl)C=C(C=C1I)C(F)(F)F', 'FC1=CC=C(I)C(F)=C1', 'OC1=C(I)C=CC(Cl)=C1', 'COC1=CC(OC)=C(I)C=C1Cl', 'CC1=CC(I)=C(F)C=C1', 'OC(=O)C1=CC=C(O)C(I)=C1', 'COC(=O)C1=C(OC)C=C(F)C(I)=C1', 'NC1=C(I)C=C(OC(F)(F)F)C=C1', 'FC1=CC=C(I)C(F)=C1F', 'CC1=C(O)C(I)=CC(Cl)=C1', 'OC1=CC(Cl)=C(F)C=C1I', 'FC1=CC(F)=C(Cl)C=C1I', 'OC1=C(I)C=C(Cl)C=C1', 'COC1=C(I)C=C(C(O)=O)C(F)=C1', 'COC1=C(I)C=C(C=C1)C(O)=O', 'COC(=O)C1=CC(I)=C(N)C=C1Cl', 'COC1=CC(I)=C(F)C=C1Cl', 'FC1=CC=CC(F)=C1I', 'COC1=CC(F)=C(I)C=C1', 'FC1=CC(I)=C(F)C=C1', 'CCOC1=CC=C(I)C(F)=C1F', 'FC1=C(I)C=CC(=C1)C1CC1', 'OC1=C(I)C=CC=C1Cl', 'FC1=C(I)C=CC(Cl)=C1', 'OC(=O)CC1=CC=C(O)C(I)=C1', 'OB(O)C1=CC(F)=C(I)C(F)=C1', 'CC1=CC(I)=C(O)C=C1Cl', 'CC1=C(F)C=C(F)C(I)=C1', 'OC1=C(F)C=CC=C1I']"
2,"[0.5353127546122671, 1.0566346824218116]",1.725977669258184,"['OC1=C(I)C=C(F)C(F)=C1I', 'CC1=CC(I)=C(N)C(I)=C1']","['CC(=O)NC1=CC(F)=CC=C1I', 'CC1=CC(Cl)=CC(I)=C1N', 'OC(=O)CCC1=CC=C(O)C(I)=C1', 'COC(=O)C1=CC(I)=C(N)C(OC)=C1', 'COC1=C(I)C=C(Br)C=C1', 'NC1=C(F)C=C(C=C1I)C#N', 'OCC1=CC(I)=C(O)C=C1', 'COC(=O)C1=CC(I)=C(N)C(Br)=C1', 'COC(=O)C1=C(C)C=C(N)C(I)=C1', 'IC1=C(OC2CC2)C=CC=C1', 'CCOC(=O)C1=CC(I)=C(N)C=C1', 'NC1=C(I)C=C(C(Br)=C1)C(F)(F)F', 'CC1=CC(N)=C(I)C=C1F', 'COC1=CC(Cl)=C(OC)C=C1I', 'COC1=C(I)C=CC(=C1)C(F)(F)F', 'COC1=CC(CO)=CC=C1I', 'NC1=C(I)C=C(Br)C(=C1)C(F)(F)F', 'COC1=C(I)C=CC=C1', 'CCOC1=CC(Br)=CC=C1I', 'COC1=CC=C(C)C=C1I', 'COC1=C(F)C=CC=C1I', 'NC1=C(Br)C=CC=C1I', 'NC(=O)C1=CC(O)=C(I)C=C1', 'CC(=O)NC1=CC=CC=C1I', 'NC1=C(I)C=C(F)C(=C1)C(F)(F)F', 'FC(F)(F)C(=O)NC1=CC=CC=C1I', 'CC(Cl)C(=O)NC1=CC=CC=C1I', 'NC1=CC(Cl)=CC=C1I', 'OC1=C(I)C=C(C=C1)C1=CC=CC=C1', 'NC1=C(I)C=CC(Br)=C1']"
3,"[0.6461153948262166, 0.4631778645981284]",1.982035077889123,"['IC1=CC=CC2=C(I)C=CC=C12', 'OC1=CC2=C(C=CC=C2I)C=C1']","['OC(=O)C1=CC(I)=C(O)C(I)=C1', 'NNC1=C(I)C=CC=C1', 'COC1=CC=C(OC)C(I)=C1', 'OC1=C(I)C=CC=C1', 'CCOC(=O)C1=CC(I)=C(O)C(I)=C1', 'COC1=CC=C(I)C(OC)=C1', 'OC1=C(O)C(I)=CC=C1', 'COC1=CC(N)=C(I)C=C1I', 'CC(C)(C)C(=O)NC1=CC=C(Cl)C=C1I', 'CCOC(=O)CC1=CC=C(N)C(I)=C1', 'COC(=O)CCC1=CC(I)=C(O)C(I)=C1', 'COC(=O)C1=C(OC)C=C(NC(C)=O)C(I)=C1', 'CC(C)(C)C1=CC(I)=C(O)C(I)=C1', 'NC1=C(I)C=C(C=C1)C1=CC=CC=C1', 'CCOC(=O)C1=CC(I)=C(OC)C=C1', 'OC1=CC=C(I)C2=CC=CC=C12', '[H][C@](N)(CC1=CC(I)=C(O)C=C1)C(=O)OC', 'COC1=CC=C(I)C(O)=C1', 'CCOC(=O)C1=CC(Br)=C(N)C(I)=C1', 'OC(=O)CCC1=CC(I)=C(O)C(I)=C1', 'OC1=CC(I)=C(O)C=C1I', 'CC1=C(C=C(I)C(N)=C1)C#N', 'OC1=C(I)C=C(C=C1I)C(F)(F)F', 'ClCC(=O)NC1=CC=CC=C1I', 'CCOC(=O)COC1=CC=CC=C1I', 'COC1=C(N)C(I)=CC=C1', 'COC(=O)C1=CC(I)=C(N)C(I)=C1', 'IC1=C(OCC2=CC=CC=C2)C=CC=C1']"
4,"[0.6785827796541858, 1.1588827819281953]",2.1531721448251973,"['CC(=O)C1=CC(I)=CC=C1N', 'IC1=CC(I)=CC=C1']","['NC1=C(I)C=CC=C1C(O)=O', 'COC(=O)C1=C(I)C=CC(OC)=C1', 'COC1=CC(C=O)=CC(I)=C1O', 'CCOC1=C(O)C(I)=CC(C=O)=C1', 'CC1=CC(I)=CC(I)=C1N', 'COC1=CC=C(I)C(C(O)=O)=C1F', 'COC1=C(OC)C(I)=CC(C=O)=C1', 'COC(=O)C1=CC(I)=C(C=C1O)N(C)C', 'CC1=CC(C)=C(I)C=C1I', 'COC(=O)C1=C(N)C(I)=CC(F)=C1', 'CN(C)C1=C(I)C=CC=C1', 'COC(=O)C1=CC=CC(I)=C1N', 'COC(=O)C1=C(N)C(I)=CC(Cl)=C1', 'NC1=CC=C(O)C=C1I', 'COC1=CC(I)=C(OC)C=C1I', 'OC1=CC=CC2=C1C=CC=C2I', 'FC1=C(I)C=CC(I)=C1', 'COC(=O)C1=CC=C(I)C(N)=C1', 'NC1=C(I)C=CC(=C1)C(O)=O', 'COC1=C(I)C=C(N)C=C1I', 'COC(=O)C1=CC(N)=C(I)C=C1C', 'CC(=O)C1=CC(I)=C(O)C=C1', 'COC(=O)C1=C(Cl)C(O)=C(I)C=C1', 'CC(C)(C)C(=O)NC1=CC=CC=C1I', 'OC1=C(F)C=C(I)C=C1I', 'CC(=O)C1=C(N)C(I)=CC(Br)=C1']"
5,"[0.3003282067106272, 0.9788797935769392]",2.280063589704379,"['CC1=CC(I)=CC(F)=C1', 'CC1=CC=CC(I)=C1']","['OCC1=CC(I)=C(CO)C=C1I', 'NC(=O)C1=C(O)C=CC(I)=C1', 'COC(=O)C1=C(C)C(I)=CC=C1', 'CC(=O)CCC1=CC=C(I)C=C1', 'COC1=CC(I)=C(N)C=C1', 'OC1=C(F)C=C(I)C=C1', 'CC1=CC(I)=CC(C(O)=O)=C1N', 'IC1=CC=C(OCC#N)C=C1', 'CC1=C(C=C(I)C=C1Cl)C(O)=O', 'CC1=C(I)C=CC(O)=C1', 'NC1=C(Cl)C=C(I)C=C1', 'CCOC(=O)C1=CC(OCC)=C(I)C=C1', 'COC1=CC(B(O)O)=C(I)C=C1', 'IC1=CC=C(C=C1)C1=NC=CO1', 'C[C@H](O)C1=C(I)C=CC(F)=C1', 'OCC1=C(I)C=C(Cl)C=C1', 'COC1=CC(I)=CC=C1I', 'OC1=C(I)C=C(C=O)C=C1I', 'FC(F)(F)C(=O)CC1=CC=C(I)C=C1', 'OC1=CC=C(I)C=C1C(F)(F)F', 'OCC1=C(I)C=CC(F)=C1', 'ClC1=CC2=C(C=C1)C=C(I)C=C2', 'CCC1=CC=C(I)C=C1C(O)=O', 'COC1=CC=C(I)C(C)=C1', 'COC(=O)C1=CC(N)=CC=C1I']"
6,"[0.6761852166379486, 0.41060517290180687]",2.341825752319911,"['CC1=C(I)C=CC=C1', 'NC1=CC=C(I)C=C1']","['CC1=C(O)C=CC(I)=C1', 'CC(=O)OC1=CC=C(I)C=C1', 'IC1=CC=CC(=C1)C1=CC=CC=C1', 'NC1(CC1)C1=CC=C(I)C=C1', 'CC(=O)NC1=C(F)C=C(I)C=C1', 'FC1=C(Cl)C=C(I)C=C1', 'NCCC1=CC=C(I)C=C1', 'OCC1=C(I)C=C(F)C=C1', 'OCC1=C(Cl)C=CC=C1I', 'OB(O)C1=CC(I)=CC=C1', 'COC1=C(Cl)C=CC(I)=C1', 'CC1=CC=C(I)C=C1', 'CC1=CC=C(C=C1I)C(N)=N', 'IC1=CC=C(CC#C)C=C1', 'ClCC1=CC=C(I)C=C1', 'CS(=O)(=O)NC1=CC=C(I)C=C1', 'NCC1=CC(I)=CC=C1', 'OB(O)C1=CC=C(I)C=C1', 'CC1=CC(I)=CC(C)=C1F', 'FC1=C(C=C(I)C=C1)C(F)(F)F', 'CCC1=CC=C(I)C=C1', 'OCC1=C(Cl)C=CC(I)=C1', 'CC1=CC=C(I)C(C(O)=O)=C1F', 'CC1=C(Cl)C=C(I)C=C1']"
7,"[0.4963810077188251, 0.9011189241452577]",2.5125351281043136,"['IC1=CC=C(C#N)C(I)=C1', 'OC1=C(C=O)C(I)=CC=C1']","['CC1=CC(I)=C(C)C=C1', 'CNCC1=C(I)C=CC=C1', 'CSC1=CC=C(I)C=C1', 'CC1=CC(I)=C(CO)C=C1C', 'NC(CC1=CC=C(I)C=C1)C(O)=O', 'CC1=C(I)C=C(CO)C=C1', 'CC1=C(I)C=CC=C1CC#N', 'CC1=CC(I)=C(CO)C=C1', 'CNC(=O)C1=CC=CC=C1I', 'IC1=C(C=CC=C1)C1=CC=CC=C1', 'NCC1=CC=CC=C1I', 'COC1=C(OC)C=C(I)C=C1', 'CC1=C(I)C=C(O)C=C1', 'CC1=C(F)C=C(F)C=C1I', 'FC(F)C1=C(I)C=CC=C1', 'CC1=CC=CC(I)=C1CO', 'IC1=CC=C(OC2=CC=CC=C2)C=C1', 'ClC1=CC=C(I)C=C1', 'CC1=CC(O)=C(C)C=C1I', 'IC1=CC=C(OCC2CC2)C=C1', 'COC1=C(C)C(I)=CC=C1C', 'CC(C)(C)C1=CC(I)=CC=C1O']"
8,"[1.2242285798605221, 0.7197935221360662]",2.5902954207408198,"['OC(=O)C1=C(O)C=CC=C1I', 'CC1=CC=CC(I)=C1C=O']","['OC(=O)CCC1=CC=CC=C1I', 'CCNC(=O)C1=CC=CC=C1I', 'NC(=O)C1=C(I)C=CC=C1', 'NNC(=O)C1=CC=C(I)C=C1', 'IC1=CC(CC#N)=CC=C1', 'COC1=C(C)C=CC(I)=C1', 'FC(F)(F)C1=C(Cl)C=CC(I)=C1', 'IC1=CC(=CC=C1)N1C=CN=N1', 'FC(F)C1=CC=C(I)C=C1', 'OC(=O)CC1=C(I)C=C(Cl)C=C1', 'CC(=O)C1=CC(I)=CC=C1', 'COC1=C(C(O)=O)C(I)=CC=C1', 'OC(=O)CC1=CC=CC=C1I', 'CC(=O)NC1=C(OC(F)(F)F)C=C(I)C=C1', 'CC1=CC=C(I)C=C1Br', 'ClCC1=C(I)C=CC=C1', 'CCCC1=C(I)C=CC=C1', 'IC1=CC=C(OCC2=CC=NC=C2)C=C1', 'ClCC1=CC(I)=C(CCl)C=C1', 'IC1=CC=C(OCC2=CC=CN=C2)C=C1', 'NC1=CC(I)=CC=C1O']"
9,"[0.5880674878982872, 0.06991425479088953]",2.619079722976513,"['OC(=O)C1=CC=CC(I)=C1', 'OC(=O)C1=C(I)C=C(F)C(F)=C1']","['NC1=C(C(O)=O)C(I)=CC=C1', 'CCOC(=O)C1=CC=C(I)C=C1F', 'COC(=O)C1=C(Cl)C=C(C)C(I)=C1', 'CCOC(=O)CC1=CC(I)=CC=C1', 'CC1=C(Cl)C=C(I)C=C1Cl', 'CC1=CC=C(C(O)=O)C(I)=C1', 'NC(=O)C1=C(Cl)C=CC=C1I', 'COC(OC)C1=C(I)C=CC=C1', 'OC(=O)C1=CC=CC2=CC=CC(I)=C12', 'CC1=C(I)C=C(C=C1F)C(O)=O', 'COC(=O)CC1=C(I)C=CC=C1', 'IC1=CC=CC(=C1)C(=O)C1=CC=CC=C1', 'COC(=O)C1=C(N)C=CC=C1I', 'CC(=O)NC1=C(C=C(I)C=C1)C(F)(F)F', 'COC(=O)C1=CC=C(I)C=C1', 'COC1=CC(Cl)=CC(I)=C1', 'CC1=CC(=CC(I)=C1)C(O)=O', 'COC(=O)C1=CC=CC=C1I', 'COC(=O)C1=C(I)C=CC=C1O', 'FC1=C(Cl)C=C(I)C=C1Cl']"
