,obj_values ['rate'],Vendi_score,eval_samples,cut_samples
0,"[1.021172826257526, 0.8184722840750208]",1.362563195170264,"['OC(=O)C1=C(NC2=CC=C(I)C=C2Cl)C(F)=C(F)C=C1', 'NC(=O)C1=CN=C(OC2=CC=C(I)C=C2)C=C1']",[]
1,"[0.41194118881371167, 0.8936812824664897]",1.5906574210492748,"['BrC1=CN=C(OC2=CC=C(I)C=C2)N=C1', 'ClC1=CC=C(OC2=CC=C(I)C=C2)C=C1']","['CC(=O)NC(CC1=CC=C(I)C=C1)C(O)=O', 'CS(=O)(=O)NC1=CC=C(I)C=C1', 'ClC1=CC(Cl)=C(COC2=CC=C(I)C=C2)C=C1', 'CCOP(=O)(CC1=CC=C(I)C=C1)OCC', 'IC1=CC=C(OC2=CC=CC=C2)C=C1', 'CON(C)C(=O)C1=CC=C(I)C=C1', 'OC1=CC=C(OC2=CC=C(I)C=C2)C=C1', 'OC(=O)C1=C(NC2=CC=C(I)C=C2F)C=NC=C1', 'IC1=CC=C(OCC2=CC=CN=C2)C=C1', 'FC1=CC(I)=CC=C1NC(=O)NC1CC1', 'NC(CC1=CC=C(I)C=C1)C(O)=O', 'CCOC(=O)CC1=CC(I)=CC=C1', 'CC1=CC(I)=CC(I)=C1N', 'CCOC1=CC=C(C=C1)C(O)C1=CC(I)=CC=C1Cl', 'CC(C)OC1=CC=C(I)C=C1Br', 'CC(C)(C)OC(=O)NCC1=CC=CC(I)=C1', 'CC(=O)NC1=C(OC(F)(F)F)C=C(I)C=C1', 'CC(=O)NC1=C(F)C=C(I)C=C1', 'IC1=CC=C(C=C1)C(=O)N1CCOCC1', 'IC1=CC=C(NC(=O)OCC2=CC=CC=C2)C=C1', 'IC1=CC=C(OCCN2CCCC2=O)C=C1', 'CC1=CC=C(I)C=C1C1=CC(I)=CC=C1C', 'IC1=CC=C(OCC2=CC=NC=C2)C=C1', 'OC(=O)CCCCC1=CC=C(I)C=C1', 'CC(=O)NC1=C(C=C(I)C=C1)C(F)(F)F', 'COC(=O)C1(CC1)C1=CC=C(I)C=C1', 'CC(C)(C)OC(=O)NC(CC1=CC(I)=CC=C1F)C(O)=O', 'IC1=CC=CC(=C1)C1=CC=CC=C1', 'NC1=CC=C(C=C1)S(=O)(=O)NC1=CC=C(I)C=C1', 'CC1(C)COB(OC1)C1=CC=C(I)C=C1', 'IC1=CC=C(NC2=CC=C(I)C=C2)C=C1']"
2,"[0.26889910387243154, 1.1462976559325169]",1.7338494317241058,"['IC1=CC=C(NC(=O)NCC2=CC=CC=C2)C=C1', 'NNC(=O)CNC1=CC=C(I)C=C1']","['CC1=CC=C(I)C=C1Br', 'IC1=CC=CC(=C1)C(=O)C1=CC=CC=C1', 'COC1=CC(I)=CC=C1I', 'NC1(CC1)C1=CC=C(I)C=C1', 'CC(C)(C)OC(=O)C1=C(Br)C=C(I)C=C1', 'COC(=O)C1=C(I)C=C(OC)C(OC)=C1', 'OC(=O)CCC1=CC(I)=C(O)C(I)=C1', 'OC1=C(F)C=C(I)C=C1I', 'IC1=CC=C(OCC#N)C=C1', 'CC1=CC(Br)=CC(I)=C1', 'ClC1=CC=C(C=C1)C1=CC=C(I)C=C1', 'IC1=CC=C(OCC2CC2)C=C1', 'IC1=CC=C(OCCN2CCCC2)C=C1', 'IC1=CC=CC(CN2CCCC2)=C1', 'CC1(C)OB(OC1(C)C)C1=CC(O)=CC=C1I', 'CC1=CC(C)=C(I)C=C1I', 'CC(C)(C)C1=CC(I)=CC=C1O', 'CC1=CC(I)=CC(C)=C1F', 'IC1=CC=C(C=C1)C(=O)NCC1=CC=CC=C1', 'CCCCCC1=CC=C(C=C1)C1=CC=C(I)C=C1', 'CC(Br)C(=O)N(C)C1=CC=C(I)C=C1', 'CCC1=C(Br)C=CC(I)=C1', 'OB(O)C1=C(I)C=CC(OCC2=CC=CC=C2)=C1', 'CC(=O)OC1=CC=C(I)C=C1', 'OCC1=C(Cl)C=CC(I)=C1', 'IC1=C(C=CC=C1)C(=O)NCC1=CC=CC=C1', 'BrC1=CC2=CC=C(I)C=C2C=C1', 'OC1=CC=C(I)C=C1C(F)(F)F', 'FC(F)(F)C(=O)CC1=CC=C(I)C=C1', 'CC(C)S(=O)(=O)N[C@@H]1CCOC[C@H]1C1=CC=C(I)C=C1']"
3,"[0.41060517290180687, 0.5865950456474196]",1.8302938353500753,"['NC1=CC=C(I)C=C1', 'CNC1=CC=C(I)C=C1']","['COC1=C(C)C=CC(I)=C1', 'NC1=C(Cl)C=C(C=C1I)C(F)(F)F', 'CCC1=CC=C(I)C=C1', 'NNC1=CC=C(I)C=C1', 'COC1=CC=C(I)C(C(O)=O)=C1F', 'CCC1=C(N)C=CC(I)=C1', 'COC1=CC=C(COC2=C(I)C=CC=C2)C=C1', 'COC1=C(N)C=CC(I)=C1', 'NC1=C(Cl)C=C(I)C=C1', 'CC(C)S(=O)(=O)N[C@H]1CCOC[C@@H]1C1=CC=C(I)C=C1', 'IC1=CC=C(C=C1)N1CCCCC1', 'CC1=C(O)C=CC(I)=C1', 'COC1=C(Cl)C=CC(I)=C1', 'CC(C)(C)C(=O)NC1=CC=C(Cl)C=C1I', 'CCNC(=O)C1=CC(OCC)=C(I)C=C1', 'CC1=C(Cl)C=C(I)C=C1', 'COC1=C(OC)C=C(I)C=C1', 'CCOC1=C(I)C=CC(=C1)C(=O)N1CCOCC1', 'IC1=C(OCC2=CC=CC=C2)C=CC=C1', 'CSC1=CC=C(I)C=C1', 'NC1=C(I)C=C(Cl)C(=C1)C(F)(F)F', 'NC1=CC(I)=CC=C1O', 'NCCC1=CC=C(I)C=C1', 'COC1=CC(I)=C(NC(=O)OC(C)(C)C)C=C1', 'CC(Cl)C(=O)NC1=CC=CC=C1I', 'OC1=C(F)C=C(I)C=C1', 'FC(F)(F)COC1=CC(=CC=C1I)C(=O)N1CCOCC1', 'CC(C)(C)C1=C(N)C=CC(I)=C1']"
4,"[1.1130292470850984, 1.2158896171906979]",1.9348808338831416,"['FC1=C(Cl)C=C(I)C=C1', 'FC1=C(C=C(I)C=C1)C(F)(F)F']","['CC1=CC(Cl)=CC(I)=C1N', 'COC(=O)C1=CC(I)=C(N)C(OC)=C1', 'CNC1=CC=C(I)C=C1C', 'NC1=C(I)C=C(C=C1)C1=CC=CC=C1', 'NC1=C(Cl)C=C(Cl)C=C1I', 'CC1=CC(N)=C(I)C=C1F', 'CC1=CC=C(I)C=C1', 'CC1=CC(O)=C(C)C=C1I', 'COC1=CC(CO)=CC=C1I', 'OB(O)C1=CC(I)=CC=C1', 'COC1=CC=C(I)C(C)=C1', 'COC1=CC=C(C)C=C1I', 'NC1=C(I)C=C(F)C(=C1)C(F)(F)F', 'NCC1=CC(I)=CC=C1', 'OC1=CC=C(I)C2=CC=CC=C12', 'IC1=C(OC2CC2)C=CC=C1', 'CCOC(=O)C1=CC(I)=C(N)C=C1', 'IC1=CC=C(CC#C)C=C1', 'CCOC(=O)CC1=CC=C(N)C(I)=C1', 'CC(C)C1=CC=C(N)C(I)=C1', 'CN(C)C1=CC=C(I)C=C1', 'CCOC(=O)COC1=CC=CC=C1I', 'COC1=CC(OC)=C(I)C=C1Cl', 'NC1=C(I)C=C(OC(F)(F)F)C=C1', 'COC1=CC(B(O)O)=C(I)C=C1', 'COC1=CC=C(OC)C(I)=C1']"
5,"[1.0802002409619185, -0.24448008121560494]",2.00462825573279,"['FC1=CC(I)=CC=C1C(F)(F)F', 'COC1=CC(Cl)=CC(I)=C1']","['COC1=CC(=C(I)C=C1)C(F)(F)F', 'OB(O)C1=CC=C(I)C=C1', 'FC(F)(F)C1=C(Cl)C=CC(I)=C1', 'CC1=CC=C(I)C(C(O)=O)=C1F', 'COC(=O)C1=C(I)C=CC=C1OC', 'FC1=C(Cl)C=C(I)C=C1Cl', 'COC1=C(I)C=CC(=C1)C(F)(F)F', 'FC(F)C1=CC=C(I)C=C1', 'NS(=O)(=O)C1=CC=CC(I)=C1', 'OCC1=C(Cl)C=C(I)C=C1Cl', 'FC(F)(F)C(F)(C1=CC=C(I)C=C1)C(F)(F)F', 'NNC(=O)C1=CC=C(I)C=C1', 'CC1=C(Br)C(F)=CC(I)=C1', 'CS(=O)(=O)C1=CC=CC(I)=C1', 'ClCC1=CC=C(I)C=C1', 'IC1=CC(=CC=C1)N1C=CN=N1', 'ClC1=CC=C(I)C=C1', 'OS(=O)(=O)C1=CC=CC(I)=C1', 'OC1=C(I)C=CC=C1Cl', 'IC1=CC(CC#N)=CC=C1', 'IC1=CC(I)=CC=C1', 'CC1=C(Cl)C=C(I)C=C1Cl', 'BrCC1=CC(I)=CC=C1', 'CC1=CC(I)=CC(F)=C1', 'CC1=CC=CC(I)=C1']"
6,"[0.20266708901872987, 0.6785827796541858]",2.1797110524666983,"['CC1=CC(I)=CC(C(O)=O)=C1N', 'CC(=O)C1=CC(I)=CC=C1N']","['OCC1=C(I)C=C(Cl)C=C1', 'FC(F)C1=C(I)C=CC=C1', 'OC(=O)CNC(=O)C1=C(I)C=CC=C1', 'CCNC(=O)C1=CC=CC=C1I', 'IC1=C(C=CC=C1)C(=O)NC1CCCC1', 'COC1=CC(Br)=CC(I)=C1', 'COC1=C(F)C=CC=C1I', 'OS(=O)(=O)C1=CC=C(I)C=C1', 'CC1=CC=C(C=C1I)C(N)=N', 'COC(=O)C1=CC=C(I)C=C1', 'NC(=O)C1=C(I)C=CC=C1', 'OCC1=C(Cl)C=CC=C1I', 'NC(=O)C1=C(Cl)C=CC=C1I', 'COC1=C(C(O)=O)C(I)=CC=C1', 'OCC1=C(I)C=C(F)C=C1', 'IC1=C(C=CC=C1)C1=CC=CC=C1', 'CNC(=O)C1=CC=CC=C1I', 'FC(F)(F)C(=O)NC1=CC=CC=C1I', 'COC1=CC=C(C(N)=O)C(I)=C1', 'CNS(=O)(=O)C1=CC=C(I)C=C1', 'CCCNC(=O)C1=CC=CC=C1I', 'COC1=C(I)C=CC=C1', 'OC(=O)C1=CC=C(I)C=C1', 'NS(=O)(=O)C1=CC=C(I)C=C1']"
7,"[0.9266807106460363, 0.9869241843207679]",2.377066651391097,"['BrC1=C(Br)C=C(I)C=C1', 'BrC1=C(C=C(I)C=C1)C#N']","['OC1=CC(Cl)=C(F)C=C1I', 'CN(C)C1=C(I)C=CC=C1', 'CC(=O)CCC1=CC=C(I)C=C1', 'IC1=CC=C(C=C1)C1=NC=CO1', 'CC1=C(I)C=CC(O)=C1', 'COC(=O)C1=CC(I)=C(N)C=C1Cl', 'ClC1=CC2=C(C=C1)C=C(I)C=C2', 'CCOC(=O)C1=CC(I)=C(OC)C=C1', 'CC1=C(C=C(I)C=C1Cl)C(O)=O', 'NC(=O)C1=C(O)C=CC(I)=C1', 'OCC1=C(I)C=CC(F)=C1', 'COC(=O)C1=C(I)C=CC(OC)=C1', 'COC1=C(C)C(I)=CC=C1C', 'CC(=O)NC1=CC=CC=C1I', 'CC1=CC(I)=C(O)C=C1Cl', 'ClCC(=O)NC1=CC=CC=C1I', 'CC1=CC(I)=C(CO)C=C1C', 'COC1=C(I)C=C(C=C1)C(O)=O', 'CC1=C(O)C(I)=CC(Cl)=C1', 'CC1=CC(I)=C(N)C(I)=C1', 'NC(=O)C1=CC(O)=C(I)C=C1', 'NC1=CC(I)=CC(CO)=C1']"
8,"[-0.18825939810120773, 1.155226758269966]",2.5018194183317943,"['OC(C1=CC=C(I)C(F)=C1)(C(F)(F)F)C(F)(F)F', 'FC1=C(I)C=CC(=C1)C(F)(F)F']","['CC1=CC(Cl)=C(I)C=C1C', 'NC(=O)C1=C(I)C=CC(Br)=C1F', 'CC1=C(I)C=CC=C1CC#N', 'NC1=C(I)C=C(Br)C=C1', 'CCOC(=O)C1=CC=C(I)C=C1F', 'CC1=CC(Br)=CC=C1I', 'ClCC1=CC(I)=C(CCl)C=C1', 'CC1=CC(=CC(I)=C1)C(O)=O', 'COC1=CC=C(I)C=C1C(O)=O', 'ClCC1=C(I)C=CC=C1', 'CC(C)(C)OC(=O)C1=C(I)C=CC=C1', 'CC1=CC(Br)=C(C)C=C1I', 'CC(=O)C1=CC(I)=CC=C1', 'COC1=C(I)C=C(Br)C=C1', 'CC1=C(F)C=C(F)C=C1I', 'BrCC1=CC=C(I)C=C1Br', 'CCOC(=O)C1=CC(I)=CC(Br)=C1', 'COC(=O)C1=CC(I)=C(N)C(Br)=C1', 'OC1=C(Cl)C(I)=CC=C1', 'OC(=O)CC1=C(I)C=C(Cl)C=C1', 'CCC1=CC=C(I)C=C1C(O)=O']"
9,"[1.198684809188364, 0.4963810077188251]",2.5702748570610314,"['FC1=CC(I)=C(C=C1)C#N', 'IC1=CC=C(C#N)C(I)=C1']","['OC(=O)C1=CC(I)=C(O)C(I)=C1', 'NC1=CC(Cl)=CC=C1I', 'FC(F)(F)C1=C(I)C=CC(Br)=C1', 'FC1=CC(I)=C(F)C=C1', 'COC1=CC(Cl)=C(OC)C=C1I', 'OC1=C(F)C=CC=C1I', 'OC(=O)C1=CC=C(O)C(I)=C1', 'COC1=C(I)C=C(C(O)=O)C(F)=C1', 'CCOC1=CC(Br)=CC=C1I', 'OC(=O)CC1=CC=C(O)C(I)=C1', 'FC1=C(I)C=CC(=C1)C1CC1', 'FC1=C(I)C=C(CBr)C=C1', 'COC(=O)C1=CC(I)=C(OC2=CC=CC=C2)C=C1', 'CC1=CC(I)=C(F)C=C1', 'FC1=C(I)C=CC(Cl)=C1', 'COC1=CC(I)=C(F)C=C1Cl', 'OC1=C(I)C=C(C=C1)C1=CC=CC=C1', 'OC1=C(I)C=C(Cl)C=C1', 'FC(F)(F)OC1=CC=CC=C1I', 'ClC1=CC(CBr)=C(I)C=C1']"
