,obj_values ['rate'],Vendi_score,eval_samples,cut_samples
0,"[1.198684809188364, -0.9010350738783719]",1.6768631367590916,"['FC1=CC(I)=C(C=C1)C#N', 'COC(=O)C1=CC=C(N)C(I)=C1Cl']",[]
1,"[0.9149103673334373, 0.0036768002666182076]",1.7559908199365346,"['FC1=CC=CC(I)=C1Br', 'OC1=CC(Cl)=C(I)C=C1']","['CC1=CC(Cl)=C(I)C=C1C', 'OC(=O)C1=CC=CC(I)=C1Cl', 'CNC(=O)C1=CC=CC=C1I', 'OS(=O)(=O)C1=CC=CC(I)=C1', 'COC1=CC(Cl)=C(I)C=C1', 'NC1=C(I)C(Cl)=C(Cl)C=C1', 'OC(=O)CNC(=O)C1=C(I)C=CC=C1', 'CC1=CC=CC(I)=C1Cl', 'OC(=O)CC1=C(I)C=C(Cl)C=C1', 'FC(F)(F)C(=O)NC1=CC=CC=C1I', 'OC(=O)C1=CC=C(O)C(I)=C1', 'CC1=CC=C(I)C(C(O)=O)=C1F', 'COC1=CC=C(I)C(C(O)=O)=C1F', 'NC(=O)C1=C(Cl)C=CC=C1I', 'COC1=CC=C(C=C1I)C#N', 'COC1=C(I)C=C(C=C1)C(O)=O', 'CCNC(=O)C1=CC=CC=C1I', 'NC(=O)C1=CC(O)=C(I)C=C1', 'ClC1=CC=CC=C1I', 'COC(=O)C1=CC(I)=C(Cl)C=C1', 'FC(F)C1=C(I)C=CC=C1', 'CON(C)C(=O)C1=C(I)C=C(Cl)C=C1', 'COC1=C(I)C(Cl)=C(Cl)C=C1', 'COC1=CC(=C(I)C=C1)C(F)(F)F', 'COC1=CC(OC)=C(I)C=C1Cl', 'FC1=CC(I)=C(Cl)C=C1', 'NC(=O)C1=C(I)C=CC=C1', 'OC1=C(I)C=CC=C1Cl', 'FC(F)(F)OC1=CC=CC=C1I', 'COC1=C(I)C=C(C(O)=O)C(F)=C1', 'ClCC1=CC(I)=C(CCl)C=C1']"
2,"[0.5626618144033346, 0.5072281306197666]",2.086452916020508,"['FC1=CC=CC(I)=C1C#N', 'BrC1=C(C=CC=C1I)C#N']","['CC1=C(Br)C=CC(I)=C1Cl', 'FC1=C(C=C(I)C=C1)C(F)(F)F', 'OC1=CC(I)=C(Br)C=C1', 'COC1=CC=CC(Br)=C1I', 'CC1=CC(Cl)=CC(Cl)=C1I', 'OC1=CC(I)=C(Cl)C=C1', 'FC(F)(F)C1=C(Br)C(I)=CC=C1', 'ClC1=CC=C(Br)C=C1I', 'OC1=C(Cl)C(I)=CC=C1', 'COC1=CC(I)=C(Cl)C=C1', 'OC(=O)C1=C(Br)C(I)=CC=C1', 'BrC1=CC=CC=C1I', 'CC1=CC=CC(Cl)=C1I', 'OC1=CC=C(I)C(Br)=C1', 'COC(=O)C1=CC(I)=C(Cl)C=C1C', 'OC1=C(I)C(Cl)=CC(Cl)=C1', 'ClC1=C(I)C=C(C=C1)C#N', 'ClC1=CC(Cl)=C(I)C=C1', 'FC1=CC(Cl)=C(I)C=C1', 'FC(F)(F)C1=CC(I)=C(Cl)C=C1', 'FC1=CC(Br)=C(I)C=C1F', 'CC1=CC(Br)=C(I)C=C1', 'NC(=O)C1=C(I)C=CC(Br)=C1F', 'CC1=CC(Br)=C(I)C=C1Cl', 'CC(C)C1=CC=C(I)C(Br)=C1', 'COC1=CC(Br)=C(I)C=C1', 'NC1=CC=C(I)C(Cl)=C1', 'FC(F)(F)C1=C(Cl)C=CC(I)=C1', 'CCC1=CC(Br)=C(I)C=C1', 'CC(C)(C)C1=CC=C(I)C(Br)=C1']"
3,"[1.2310331342559602, 1.0802002409619185]",2.331000015335307,"['IC1=C(C=CC=C1C#N)C#N', 'FC1=CC(I)=CC=C1C(F)(F)F']","['COS(=O)(=O)C1=CC=CC=C1I', 'FC(F)(F)C1=CC(I)=C(Br)C=C1', 'ClC1=C(I)C=C(C=O)C=C1', 'CC(C)(C)C1=CC(I)=C(Br)C=C1', 'OCC1=CC=CC(Br)=C1I', 'FC(F)(F)C1=C(I)C(Br)=CC=C1', 'ClCC1=C(I)C=CC=C1', 'FC1=C(Cl)C=C(I)C=C1', 'FC1=C(Cl)C=C(I)C=C1Cl', 'ClC1=CC=C(CBr)C(I)=C1', 'FC(F)(F)C1=CC(=C(I)C=C1)C(F)(F)F', 'COC1=C(I)C=C(C=C1I)C#N', 'ClC1=CC(Br)=C(I)C=C1Cl', 'COC1=CC(=C(I)C=C1)S(F)(=O)=O', 'OC1=C(Br)C(I)=CC=C1', 'COC1=C(C(O)=O)C(I)=CC=C1', 'FC(F)(F)C1=C(I)C=CC(Br)=C1', 'OC(=O)C1=C(I)C(Br)=CC=C1', 'CCCNC(=O)C1=CC=CC=C1I', 'FC(F)(F)OC1=C(I)C=C(Br)C=C1', 'OS(=O)(=O)C1=CC=C(I)C=C1', 'IC1=CC(=CC=C1)N1C=CN=N1', 'OC1=CC=C(I)C=C1C(F)(F)F', 'OCC1=C(Cl)C=C(I)C=C1Cl', 'NS(=O)(=O)C1=CC=CC(I)=C1', 'ClC1=CC(CBr)=C(I)C=C1', 'CS(=O)(=O)C1=CC=CC(I)=C1', 'OCC1=C(Cl)C=CC=C1I']"
4,"[0.7308245157199049, 1.0572712633118235]",2.366011812364213,"['ClC1=CC=C(I)C=C1', 'CC1=C(Br)C(F)=CC(I)=C1']","['CCOC(=O)C1=CC=C(I)C=C1F', 'CC1=C(Cl)C=C(I)C=C1Cl', 'IC1=CC(I)=CC=C1', 'CC1=CC(I)=CC(F)=C1', 'CC1=CC(Br)=CC(I)=C1', 'IC1=CC=C(OCC#N)C=C1', 'OCC1=C(Cl)C=CC(I)=C1', 'NS(=O)(=O)C1=CC=C(I)C=C1', 'COC(=O)C1=CC=CC=C1I', 'CNS(=O)(=O)C1=CC=C(I)C=C1', 'CC1=C(Cl)C=C(I)C=C1', 'IC1=CC(CC#N)=CC=C1', 'CC1=CC=C(I)C=C1Br', 'NNC(=O)C1=CC=C(I)C=C1', 'BrCC1=CC(I)=CC=C1', 'ClCC1=CC=C(I)C=C1', 'OCC1=C(I)C=C(Cl)C=C1', 'CS(=O)(=O)NC1=CC=C(I)C=C1', 'OCC1=C(I)C=C(F)C=C1', 'IC1=CC=C(C#N)C(I)=C1', 'IC1=CC=CC=C1CN1C=NC=N1', 'CC(=O)OC1=CC=C(I)C=C1', 'FC(F)C1=CC=C(I)C=C1', 'COC(=O)C1=CC=C(I)C=C1', 'OC(=O)C1=CC=C(I)C=C1', 'CC1=C(C(I)=CC=C1)N(=O)=O']"
5,"[1.20915723585692, 0.9266807106460363]",2.4285982195892064,"['BrCC1=CC=C(I)C=C1Br', 'BrC1=C(Br)C=C(I)C=C1']","['IC1=CC=CC(=C1)C1=CC=CC=C1', 'OC1=C(F)C=C(I)C=C1', 'IC1=CC=C(CC#C)C=C1', 'CON(C)C(=O)C1=CC=C(I)C=C1', 'CCC1=CC=C(I)C=C1', 'CC1=CC(I)=CC(C)=C1F', 'CC1=CC=CC(I)=C1', 'CC(C)(C)OC(=O)C1=C(I)C=CC=C1', 'NCC1=CC(I)=CC=C1', 'CCC1=C(Br)C=CC(I)=C1', 'NC(CC1=CC=C(I)C=C1)C(O)=O', 'CC(=O)NC1=C(OC(F)(F)F)C=C(I)C=C1', 'CC(=O)NC1=C(F)C=C(I)C=C1', 'COC1=C(F)C=CC=C1I', 'CC1=CC=C(I)C=C1', 'CC1=C(F)C=C(F)C=C1I', 'OB(O)C1=CC=C(I)C=C1', 'COC1=C(I)C=CC(=C1)C(F)(F)F', 'COC1=C(Cl)C=CC(I)=C1', 'OB(O)C1=CC(I)=CC=C1', 'CC1=CC=C(C=C1I)C(N)=N', 'CCOC(=O)CC1=CC(I)=CC=C1', 'OCC1=C(I)C=CC(F)=C1', 'FC(F)(F)C(F)(C1=CC=C(I)C=C1)C(F)(F)F', 'CC(=O)NC1=C(C=C(I)C=C1)C(F)(F)F']"
6,"[-0.09612092193324576, 0.9598920574896976]",2.6527362404025188,"['OC(=O)C1=C(I)C(I)=CC(I)=C1', 'BrC1=CC(I)=C(I)C=C1']","['COC1=CC(I)=CC=C1I', 'COC1=C(I)C=C(Br)C=C1', 'COC1=CC(Br)=CC(I)=C1', 'CC1=CC(Br)=C(C)C=C1I', 'IC1=CC=C(C=C1)C(=O)N1CCOCC1', 'IC1=C(C=CC=C1)C(=O)NC1CCCC1', 'CC(=O)NC(CC1=CC=C(I)C=C1)C(O)=O', 'OC1=C(F)C=C(I)C=C1I', 'CC(C)OC1=CC=C(I)C=C1Br', 'BrC1=CC(Br)=C(I)C=C1', 'CC1=CC(Br)=CC=C1I', 'BrCC1=C(Br)C(I)=CC=C1', 'NC1=C(Cl)C=C(C=C1I)C(F)(F)F', 'IC1=C(C=CC=C1)C1=CC=CC=C1', 'COC(=O)C1=C(C)C(I)=CC=C1', 'OC1=CC(Cl)=C(F)C=C1I', 'NC1(CC1)C1=CC=C(I)C=C1', 'COC(=O)C1=C(I)C=C(Br)C=C1', 'CC(C)(C)OC(=O)C1=C(Br)C=C(I)C=C1', 'CC(Br)C(=O)N(C)C1=CC=C(I)C=C1', 'CC1=C(I)C=CC=C1CC#N', 'NCCC1=CC=C(I)C=C1', 'CC1=C(C=C(I)C=C1Cl)C(O)=O', 'COC1=CC(Cl)=CC(I)=C1']"
7,"[1.0184095298961169, 1.1647000271577503]",2.7550792641478696,"['BrC1=CC2=CC=C(I)C=C2C=C1', 'CCOC(=O)C1=CC(I)=CC(Br)=C1']","['FC1=C(I)C=CC(Br)=C1Cl', 'CC1=CC(C)=C(I)C=C1I', 'COC(OC)C1=C(I)C=CC=C1', 'OC(=O)CCCCC1=CC=C(I)C=C1', 'FC1=C(I)C=C(CBr)C=C1', 'CCOC1=CC(Br)=CC=C1I', 'BrC1=C(I)C=C(C=O)C=C1', 'COC(=O)C1=C(I)C=CC(OC)=C1', 'COP(=S)(OC)OC1=CC(Cl)=C(I)C=C1Cl', 'OC(=O)C1=CC(I)=C(C=C1)C(F)(F)F', 'BrC1=C(C=C(I)C=C1)C#N', 'IC1=CC=C(OC2=CC=CC=C2)C=C1', 'BrCC1=C(I)C=CC(Br)=C1', 'OC(=O)CC1=CC=CC=C1I', 'OC(=O)CCC1=NN=C(O1)C1=CC=CC=C1I', 'C[C@H](O)C1=C(I)C=CC(F)=C1', 'CC(=O)C1=CC(I)=CC=C1', 'COC(=O)C1=C(O)C=C(I)C(Cl)=C1', 'COC(=O)C1(CC1)C1=CC=C(I)C=C1', 'COC(=O)C1=C(I)C=CC=C1OC', 'CC(=O)C1=CC(I)=C(Br)C=C1', 'ClC1=CC=C(C=C1)C1=CC=C(I)C=C1']"
8,"[1.2242285798605221, 0.6238545681118839]",2.8632884343010607,"['OC(=O)C1=C(O)C=CC=C1I', 'COC(=O)C1=CC=C(I)C=C1N(=O)=O']","['CCOC(=O)C1=C(I)C=CC(Br)=C1', 'OC(=O)C1=C(I)C=CC(Br)=C1', 'COC(=O)C1=C(Cl)C(O)=C(I)C=C1', 'CC1=CC=C(C(O)=O)C(I)=C1', 'COC(=O)C1=C(I)C=CC=C1O', 'CC1=CC(=CC(I)=C1)C(O)=O', 'OC(=O)C1=CC(Cl)=CC=C1I', 'COC(=O)C1=C(Cl)C=C(C)C(I)=C1', 'OC(=O)C1=CC(I)=C(O)C(I)=C1', 'FC(F)(F)C(=O)CC1=CC=C(I)C=C1', 'ClC1=CC2=C(C=C1)C=C(I)C=C2', 'IC1=CC=CC(=C1)C(=O)C1=CC=CC=C1', 'OC(=O)C1=CC=CC(I)=C1', 'OC(=O)C1=C(I)C=C(F)C(F)=C1', 'CC(C)(C)OC(=O)C1=CC(I)=CC=C1', 'NC1=C(Cl)C=C(Cl)C=C1I', 'BrC1=CN=C(OC2=CC=C(I)C=C2)N=C1', 'OC1=C(I)C=C(C=C1I)C(F)(F)F', 'CCC1=CC=C(I)C=C1C(O)=O', 'IC1=CC=C(C=C1)C1=NC=CO1', 'CC1=CC(C(O)=O)=C(I)C=C1']"
9,"[0.8676464788775915, 0.6489453837998297]",2.9566071402150595,"['NC1=C(C(O)=O)C(I)=CC=C1', 'CC(C)(C)OC(=O)NCC1=CC=CC(I)=C1']","['CCOC(=O)C1=CC(I)=C(C=C1)C#N', 'OC(=O)C1=CC=CC(C(O)=O)=C1I', 'OC(=O)C1=CC=C(I)C(=C1)C(F)(F)F', 'CC1=C(I)C=C(C=C1F)C(O)=O', 'OC1=CC(I)=C(C=C1)N(=O)=O', 'ClC1=CC(=CC=C1I)N(=O)=O', 'FC1=C(Cl)C=CC(I)=C1C=O', 'COC(=O)C1=C(CBr)C(I)=CC=C1', 'OC(=O)C1=CC=CC2=CC=CC(I)=C12', 'CCOC(=O)C1=CC2=CC=CC=C2C=C1I', 'CC1=C(I)C=C(Cl)C(=C1)N(=O)=O', 'CC1=C(C(F)=CC=C1I)N(=O)=O', 'COC1=CC=C(I)C=C1C(O)=O', 'COC1=C(OC)C(I)=CC(C=O)=C1', 'OC(=O)CCCCC(=O)C1=CC=C(I)C=C1', 'OCC1=CC(I)=C(CO)C=C1I', 'CC1=C(I)C=CC=C1N(=O)=O', 'OC(=O)C1=C(I)C=C(C=C1)C#N', 'OC(=O)C1=C(F)C=C(Cl)C(I)=C1', 'OC(=O)C1=C(NC(=O)C2=C(I)C=CC=C2)C=CC=C1']"
