,obj_values ['rate'],Vendi_score,eval_samples,cut_samples
0,"[-0.0960929227820917, 0.2513186195469217]",1.720581922778817,"['COC1=C(I)C(=CC=C1)C#N', 'CCOP(=O)(CC1=CC=C(I)C=C1)OCC']",[]
1,"[1.0956830183236261, 0.31584354983293583]",1.6733972941717417,"['CC(C)S(=O)(=O)N[C@@H]1CCOC[C@H]1C1=CC=C(I)C=C1', 'CC(C)S(=O)(=O)N[C@H]1CCOC[C@@H]1C1=CC=C(I)C=C1']","['NC(CC1=CC=C(I)C=C1)C(O)=O', 'CON(C)C(=O)C1=CC=C(I)C=C1', 'CS(=O)(=O)NC1=CC=C(I)C=C1', 'CC(=O)NC(CC1=CC=C(I)C=C1)C(O)=O', 'NC(=O)C1=CN=C(OC2=CC=C(I)C=C2)C=C1', 'CCOC(=O)CC1=CC(I)=CC=C1', 'COC1=C(C(O)=O)C(I)=CC=C1', 'CCNC(=O)C1=CC=CC=C1I', 'IC1=CC=CC(=C1)C1=CC=CC=C1', 'COC(=O)C1=C(I)C=CC=C1OC', 'IC1=CC=C(OCC2=CC=CN=C2)C=C1', 'IC1=C(C=CC=C1)C(=O)NCC1=CC=CC=C1', 'IC1=CC=C(OCC2=CC=NC=C2)C=C1', 'CC1=CC=C(I)C=C1C1=CC(I)=CC=C1C', 'ClCC1=CC(I)=C(CCl)C=C1', 'IC1=CC=C(NC(=O)OCC2=CC=CC=C2)C=C1', 'IC1=C(C=CC=C1)C(=O)NC1CCCC1', 'CCNC(=O)C1=CC(OCC)=C(I)C=C1', 'IC1=CC=C(C=C1)C(=O)N1CCOCC1', 'IC1=C(C=CC=C1)C(=O)N1CCCC1', 'CC(=O)NC1=C(OC(F)(F)F)C=C(I)C=C1', 'OC(=O)CCCCC1=CC=C(I)C=C1', 'CCCNC(=O)C1=CC=CC=C1I', 'CC(C)(C)OC(=O)NCC1=CC=CC(I)=C1', 'COC1=CC=C(I)C(C(O)=O)=C1F', 'OC(=O)CNC(=O)C1=C(I)C=CC=C1', 'CC(=O)NC1=C(C=C(I)C=C1)C(F)(F)F', 'COC(=O)C1(CC1)C1=CC=C(I)C=C1', 'CC(C)(C)OC(=O)NC(CC1=CC(I)=CC=C1F)C(O)=O', 'CC1(C)COB(OC1)C1=CC=C(I)C=C1', 'CCOC1=CC=C(C=C1)C(O)C1=CC(I)=CC=C1Cl']"
2,"[1.1169417455144508, -0.08111464596134699]",1.8681130819870824,"['CCC1=C(Br)C=CC(I)=C1', 'COC1=CC(Br)=CC(I)=C1']","['CCOC(=O)CC1=C(I)C=CC=C1', 'ClC1=CC=C(C=C1)C1=CC=C(I)C=C1', 'COC1=CC=CC(I)=C1NC(=O)OC(C)(C)C', 'CON(C)C(=O)C1=C(I)C=C(Cl)C=C1', 'OC1=CC=C(OC2=CC=C(I)C=C2)C=C1', 'OC(=O)CC1=C(I)C=C(Cl)C=C1', 'IC1=CC=C(OC2=CC=CC=C2)C=C1', 'OB(O)C1=C(I)C=CC(OCC2=CC=CC=C2)=C1', 'ClC1=CC(Cl)=C(COC2=CC=C(I)C=C2)C=C1', 'FC1=CC(I)=CC=C1NC(=O)NC1CC1', 'IC1=CC=CC=C1CN1C=NC=N1', 'CN(C(=O)C1=C(I)C=CC=C1)C1=CC=C(C)C=C1', 'COC1=CC=C(COC2=C(I)C=CC=C2)C=C1', 'COC1=CC(I)=C(NC(=O)OC(C)(C)C)C=C1', 'CC(C)OC1=CC=C(I)C=C1Br', 'FC(F)(F)COC1=CC(=CC=C1I)C(=O)N1CCOCC1', 'IC1=C(OCC2=CC=CC=C2)C=CC=C1', 'BrC(C1=CC=CC=C1)C1=C(I)C=CC=C1', 'CC(C)(C)C(=O)NC1=CC=C(Cl)C=C1I', 'CCCCCC1=CC=C(C=C1)C1=CC=C(I)C=C1', 'NC1=CC=C(C=C1)S(=O)(=O)NC1=CC=C(I)C=C1', 'IC1=CC=C(OCCN2CCCC2=O)C=C1', 'IC1=CC=C(OCCN2CCCC2)C=C1', 'CC(C)(C)OC(=O)C1=C(I)C=CC=C1', 'CCN(CC)C(=O)C1=CC(OCC(C)C)=C(I)C=C1', 'CC1(C)OB(OC1(C)C)C1=CC(O)=CC=C1I', 'COC(=O)C1=C(I)C=C(OC)C(OC)=C1', 'CCOC1=C(I)C=CC(=C1)C(=O)N1CCOCC1', 'ClC1=CC=C(OC2=CC=C(I)C=C2)C=C1', 'CC(Br)C(=O)N(C)C1=CC=C(I)C=C1']"
3,"[0.9266807106460363, 0.7308245157199049]",2.0005051952822726,"['BrC1=C(Br)C=C(I)C=C1', 'ClC1=CC=C(I)C=C1']","['NC1(CC1)C1=CC=C(I)C=C1', 'OCC1=C(Cl)C=C(I)C=C1Cl', 'NNC(=O)C1=CC=C(I)C=C1', 'CC(=O)OC1=CC=C(I)C=C1', 'ClCC1=CC=C(I)C=C1', 'CC1=CC=C(I)C(C(O)=O)=C1F', 'CC(C)(C)OC(=O)C1=C(Br)C=C(I)C=C1', 'CC(=O)NC1=C(F)C=C(I)C=C1', 'FC(F)(F)C1=C(Cl)C=CC(I)=C1', 'CC1=C(Cl)C=C(I)C=C1Cl', 'IC1=CC=CC(CN2CCCC2)=C1', 'OB(O)C1=CC=C(I)C=C1', 'CC1=CC(Br)=CC(I)=C1', 'COC1=C(Cl)C=CC(I)=C1', 'FC(F)(F)C(F)(C1=CC=C(I)C=C1)C(F)(F)F', 'NC(=O)C1=C(Cl)C=CC=C1I', 'OC1=CC=C(I)C=C1C(F)(F)F', 'COC1=CC(Cl)=CC(I)=C1', 'CC1=CC=C(I)C=C1Br', 'COC1=CC=C(C(N)=O)C(I)=C1', 'OCC1=C(Cl)C=CC(I)=C1', 'CC1=CC(I)=CC(C)=C1F', 'CC1=C(Br)C(F)=CC(I)=C1', 'CNS(=O)(=O)C1=CC=C(I)C=C1', 'NC(=O)C1=C(I)C=CC(Br)=C1F', 'CC1=C(Cl)C=C(I)C=C1', 'BrCC1=CC(I)=CC=C1', 'IC1=CC(=CC=C1)N1C=CN=N1']"
4,"[1.0802002409619185, 0.0329748918598739]",2.0767904204251155,"['FC1=CC(I)=CC=C1C(F)(F)F', 'OCC1=CC(I)=C(CO)C=C1I']","['ClC1=CC=C(CBr)C(I)=C1', 'COC1=CC(I)=CC=C1I', 'BrCC1=CC=C(I)C=C1Br', 'FC1=C(C=C(I)C=C1)C(F)(F)F', 'FC1=C(Cl)C=C(I)C=C1', 'FC(F)C1=CC=C(I)C=C1', 'OCC1=C(I)C=C(Cl)C=C1', 'FC1=C(Cl)C=C(I)C=C1Cl', 'CS(=O)(=O)C1=CC=CC(I)=C1', 'NCCC1=CC=C(I)C=C1', 'COC1=C(C)C=CC(I)=C1', 'OCC1=C(Cl)C=CC=C1I', 'CC1=CC(Br)=CC=C1I', 'OB(O)C1=CC(I)=CC=C1', 'IC1=CC(CC#N)=CC=C1', 'CC1=CC=C(C=C1I)C(N)=N', 'OS(=O)(=O)C1=CC=CC(I)=C1', 'CCC1=CC=C(I)C=C1', 'IC1=CC=C(CC#C)C=C1', 'FC(F)(F)C1=C(I)C=CC(Br)=C1', 'ClC1=CC(CBr)=C(I)C=C1', 'NS(=O)(=O)C1=CC=C(I)C=C1', 'NCC1=CC(I)=CC=C1', 'IC1=CC=C(OCC#N)C=C1', 'CC1=CC(I)=CC(F)=C1', 'CC1=CC=C(I)C=C1']"
5,"[0.4302581450357216, 0.7244871206288495]",2.1658018721156487,"['FC(F)(F)C1=CC(=C(I)C=C1)C(F)(F)F', 'FC(F)(F)C1=CC(I)=C(Cl)C=C1']","['COC(=O)CC1=C(I)C=CC=C1', 'OC1=C(F)C=C(I)C=C1', 'NC(=O)C1=C(I)C=CC=C1', 'OCC1=C(I)C=C(F)C=C1', 'FC(F)(F)C(=O)NC1=CC=CC=C1I', 'COC1=C(I)C=CC(=C1)C(F)(F)F', 'CC1=CC(Br)=C(C)C=C1I', 'COC(OC)C1=C(I)C=CC=C1', 'CC1=CC=CC(I)=C1', 'CC1=C(I)C=CC=C1CC#N', 'COC(=O)C1=CC=C(I)C=C1', 'COC1=C(C)C(I)=CC=C1C', 'IC1=CC(I)=CC=C1', 'CNC(=O)C1=CC=CC=C1I', 'FC(F)C1=C(I)C=CC=C1', 'CC1=CC(I)=C(CO)C=C1', 'COC(=O)C1=C(C)C(I)=CC=C1', 'OS(=O)(=O)C1=CC=C(I)C=C1', 'NS(=O)(=O)C1=CC=CC(I)=C1', 'OC(=O)CCC1=CC=CC=C1I', 'OC(=O)C1=CC=C(I)C=C1', 'IC1=C(C=CC=C1)C1=CC=CC=C1', 'ClCC1=C(I)C=CC=C1', 'CC1=CC(C)=C(I)C=C1I', 'CC1=C(F)C=C(F)C=C1I']"
6,"[1.155226758269966, -0.18834961706429176]",2.253579370070595,"['FC1=C(I)C=CC(=C1)C(F)(F)F', 'FC(F)(F)C1=CC(I)=C(Br)C=C1']","['COC1=C(F)C=CC=C1I', 'OC(=O)C1=CC=CC(I)=C1Cl', 'ClC1=CC=CC=C1I', 'CC(C)C1=CC=C(I)C(Br)=C1', 'CC(Cl)C(=O)NC1=CC=CC=C1I', 'COC(=O)C1=CC(I)=C(Cl)C=C1', 'OCC1=C(I)C=CC(F)=C1', 'OC1=C(F)C=C(I)C=C1I', 'FC(F)(F)OC1=CC=CC=C1I', 'FC1=CC(I)=C(Cl)C=C1', 'FC1=CC(Cl)=C(I)C=C1', 'OC1=C(Cl)C(I)=CC=C1', 'IC1=CC=CC=C1C1=CC=CC=C1I', 'CC1=CC=CC(I)=C1Cl', 'ClC1=CC=C(Br)C=C1I', 'OC(=O)CC1=CC=CC=C1I', 'OC(=O)C1(CC1)C1=C(I)C=CC=C1', 'CCOC(=O)C1=CC=C(I)C=C1F', 'ClC1=CC(Cl)=C(I)C=C1', 'FC(F)(F)OC1=C(I)C=C(Br)C=C1', 'COC1=CC(=C(I)C=C1)C(F)(F)F', 'FC1=CC=CC(I)=C1Br', 'CC1=C(Br)C=CC(I)=C1Cl', 'CCC1=CC(Br)=C(I)C=C1']"
7,"[0.6716172916248979, 0.6899886753628366]",2.2888103942061604,"['FC1=C(F)C(I)=CC=C1', 'FC1=C(I)C=CC(Cl)=C1']","['FC1=C(I)C=C(CBr)C=C1', 'COC(=O)C1=CC(I)=C(Cl)C=C1C', 'ClC1=C(I)C=C(C=C1)C#N', 'CC1=CC(Br)=C(I)C=C1', 'CCOC(=O)COC1=CC=CC=C1I', 'OC1=C(Br)C(I)=CC=C1', 'OC1=C(I)C=CC=C1Cl', 'CC1=CC(Br)=C(I)C=C1Cl', 'OC(=O)C1=C(Br)C(I)=CC=C1', 'ClCC(=O)NC1=CC=CC=C1I', 'CC(C)(C)C1=CC=C(I)C(Br)=C1', 'FC1=C(Br)C=CC(I)=C1F', 'BrC1=CC=CC=C1I', 'FC1=CC(Br)=C(I)C=C1F', 'FC1=C(I)C=CC(Br)=C1Cl', 'C[C@H](O)C1=C(I)C=CC(F)=C1', 'CCOC1=CC(Br)=CC=C1I', 'OC(C1=CC=C(I)C(F)=C1)(C(F)(F)F)C(F)(F)F', 'FC(F)(F)C1=C(Br)C(I)=CC=C1', 'CC1=CC(Cl)=C(I)C=C1C', 'FC1=C(F)C(=CC=C1I)C(F)(F)F', 'CC(C)(C)C1=CC(I)=C(Br)C=C1']"
8,"[-0.08043209346533231, -0.3272998766256883]",2.537924088038106,"['FC1=CC(F)=C(I)C(F)=C1', 'FC1=CC=CC(F)=C1I']","['NC(=O)C1=CC(O)=C(I)C=C1', 'COC(=O)C1=CC(I)=C(OC2=CC=CC=C2)C=C1', 'CC1=CC(I)=C(O)C=C1Cl', 'COC(=O)C1=CC(I)=C(F)C=C1', 'CC1=CC(I)=C(F)C=C1', 'FC1=CC=C(I)C(F)=C1F', 'OC1=C(F)C=CC=C1I', 'COC1=C(I)C=C(Br)C=C1', 'IC1=C(OC2CC2)C=CC=C1', 'COC1=CC(I)=C(F)C=C1Cl', 'OC1=CC(Cl)=C(F)C=C1I', 'FC1=CC(I)=C(F)C=C1', 'OC(=O)C1=CC=C(O)C(I)=C1', 'CC1=C(F)C=C(F)C(I)=C1', 'COC1=CC(OC)=C(I)C=C1Cl', 'CCOC(=O)C1=CC(I)=C(OC)C=C1', 'FC1=CC=C(I)C(F)=C1', 'CC1=CC(F)=C(I)C=C1', 'FC1=C(I)C=CC(I)=C1', 'FC1=CC(F)=C(Cl)C=C1I', 'COC1=C(I)C=C(C=C1)C(O)=O']"
9,"[0.5141443970126118, -0.8787979639249159]",2.6351492966384904,"['CC(=O)CCC1=CC=C(I)C=C1', 'CC(=O)NC1=CC(F)=CC=C1I']","['CC1=C(O)C(I)=CC(Cl)=C1', 'OC1=C(I)C=C(Cl)C=C1', 'COC1=CC=C(C=C1I)C#N', 'FC1=C(I)C=CC(=C1)C1CC1', 'CC1=C(I)C=C(CO)C=C1', 'COC1=CC(CO)=CC=C1I', 'FC1=CC(I)=C(C=C1)C#N', 'FC(F)C1=C(I)C(F)=C(Cl)C=C1', 'OC1=C(I)C=CC(Cl)=C1', 'OC1=C(I)C=C(C=C1I)C(F)(F)F', 'COC1=CC(I)=C(F)C=C1', 'OC(=O)C1=C(F)C(F)=C(F)C(F)=C1I', 'NC(=O)CC1=C(I)C=CC=C1', 'COC1=C(I)C=C(C(O)=O)C(F)=C1', 'OC1=CC=CC(I)=C1F', 'NC1=C(Cl)C=C(C=C1I)C(F)(F)F', 'CCOC1=CC=C(I)C(F)=C1F', 'OC(=O)C1=CC(I)=C(O)C(I)=C1', 'IC1=CC=C(OCC2CC2)C=C1', 'CC1=CC(F)=C(I)C=C1O']"
