,obj_values ['rate'],Vendi_score,eval_samples,cut_samples
0,"[0.6540978591499678, 0.7236120110091279]",1.148665002045864,"['CC1=C(Br)C=CC(I)=C1Cl', 'FC1=CC(Cl)=C(I)C=C1']",[]
1,"[0.0787011763204678, 1.0171434510244348]",1.3878896066799145,"['OC(=O)CNC(=O)C1=C(I)C=CC=C1', 'NC(=O)C1=C(Cl)C=CC=C1I']","['FC(F)(F)C1=CC(I)=C(Br)C=C1', 'OC1=CC(Cl)=C(I)C=C1', 'ClC1=C(I)C=C(C=C1)C#N', 'ClC1=CC=C(Br)C=C1I', 'CC1=CC(Cl)=CC(Cl)=C1I', 'OC(=O)C1=CC=CC(I)=C1Cl', 'OC1=CC=C(I)C(Br)=C1', 'FC(F)(F)C1=C(Br)C(I)=CC=C1', 'CC1=CC(Cl)=C(I)C=C1C', 'COC1=CC(Br)=C(I)C=C1', 'ClC1=CC=CC=C1I', 'OC(=O)C1=C(Br)C(I)=CC=C1', 'COC(=O)C1=CC(I)=C(Cl)C=C1C', 'FC1=CC=CC(I)=C1Br', 'OC1=C(Cl)C(I)=CC=C1', 'ClC1=CC(Br)=C(I)C=C1Cl', 'OC1=C(Br)C(I)=CC=C1', 'FC(F)(F)C1=CC(I)=C(Cl)C=C1', 'FC1=CC(I)=C(Cl)C=C1', 'CC(C)C1=CC=C(I)C(Br)=C1', 'CC(C)(C)C1=CC=C(I)C(Br)=C1', 'CC1=CC=CC(I)=C1Cl', 'COC(=O)C1=CC(I)=C(Cl)C=C1', 'BrC1=CC=CC=C1I', 'CC1=CC(Br)=C(I)C=C1', 'ClC1=CC(Cl)=C(I)C=C1', 'CC(C)(C)C1=CC(I)=C(Br)C=C1', 'FC1=CC(Br)=C(I)C=C1F', 'FC(F)(F)OC1=C(I)C=C(Br)C=C1', 'CCC1=CC(Br)=C(I)C=C1', 'CC1=CC(Br)=C(I)C=C1Cl']"
2,"[0.6467210728685965, 0.44157236468896177]",1.5887873458245805,"['BrC1=CC(Br)=C(I)C=C1', 'FC1=C(Cl)C=C(I)C=C1Cl']","['FC(F)(F)OC1=CC=CC=C1I', 'FC1=C(C=C(I)C=C1)C(F)(F)F', 'IC1=C(C=CC=C1)C(=O)NC1CCCC1', 'CCCNC(=O)C1=CC=CC=C1I', 'FC(F)C1=C(I)C=CC=C1', 'CCNC(=O)C1=CC=CC=C1I', 'ClCC1=C(I)C=CC=C1', 'CNC(=O)C1=CC=CC=C1I', 'IC1=C(C=CC=C1)C(=O)N1CCCC1', 'ClC1=CC=C(CBr)C(I)=C1', 'ClCC1=CC(I)=C(CCl)C=C1', 'CC(C)(C)OC(=O)C1=C(I)C=CC=C1', 'ClC1=CC(CBr)=C(I)C=C1', 'FC(F)(F)C1=C(I)C=CC(Br)=C1', 'NC(=O)C1=C(I)C=CC=C1', 'OS(=O)(=O)C1=CC=CC(I)=C1', 'NC(=O)C1=C(I)C=CC(Br)=C1F', 'IC1=CC(=CC=C1)N1C=CN=N1', 'OCC1=C(Cl)C=CC=C1I', 'CS(=O)(=O)C1=CC=CC(I)=C1', 'COC1=CC=C(I)C(C(O)=O)=C1F', 'IC1=C(C=CC=C1)C(=O)NCC1=CC=CC=C1', 'NC(=O)CC1=C(I)C=CC=C1', 'IC1=CC=CC=C1CN1C=NC=N1', 'FC(F)(F)C1=C(Cl)C=CC(I)=C1', 'NS(=O)(=O)C1=CC=CC(I)=C1', 'OC(=O)CC1=C(I)C=C(Cl)C=C1', 'CC1=CC=C(I)C(C(O)=O)=C1F', 'CON(C)C(=O)C1=C(I)C=C(Cl)C=C1', 'COC1=CC(=C(I)C=C1)C(F)(F)F']"
3,"[1.0375467736663309, 1.1278226185663462]",1.7945978175102708,"['ClC1=CC=CC(Br)=C1I', 'FC1=CC(Cl)=C(I)C(Cl)=C1']","['OC1=CC(I)=C(Br)C=C1', 'CC1=C(Cl)C=C(I)C=C1Cl', 'CC1=CC(Br)=CC(I)=C1', 'CNS(=O)(=O)C1=CC=C(I)C=C1', 'FC1=C(Cl)C=C(I)C=C1', 'OCC1=C(I)C=C(Cl)C=C1', 'FC1=CC(I)=CC=C1C(F)(F)F', 'BrCC1=CC(I)=CC=C1', 'OC1=CC=C(I)C=C1C(F)(F)F', 'OC(=O)C1=C(I)C(Br)=CC=C1', 'BrCC1=C(Br)C(I)=CC=C1', 'OCC1=C(Cl)C=C(I)C=C1Cl', 'OCC1=C(Cl)C=CC(I)=C1', 'FC(F)C1=CC=C(I)C=C1', 'CC1=C(Br)C(F)=CC(I)=C1', 'ClCC1=CC=C(I)C=C1', 'OCC1=C(I)C=C(F)C=C1', 'CC(=O)OC1=CC=C(I)C=C1', 'NNC(=O)C1=CC=C(I)C=C1', 'NS(=O)(=O)C1=CC=C(I)C=C1', 'FC(F)(F)C(F)(C1=CC=C(I)C=C1)C(F)(F)F', 'FC(F)(F)C1=CC(=C(I)C=C1)C(F)(F)F', 'CC1=CC=C(I)C=C1Br', 'CC1=C(Cl)C=C(I)C=C1', 'OS(=O)(=O)C1=CC=C(I)C=C1', 'IC1=CC(CC#N)=CC=C1', 'CS(=O)(=O)NC1=CC=C(I)C=C1', 'CON(C)C(=O)C1=CC=C(I)C=C1']"
4,"[0.3863027835248003, -0.09612092193324576]",2.177525342303526,"['ClC1=C(I)C(=CC=C1)N(=O)=O', 'OC(=O)C1=C(I)C(I)=CC(I)=C1']","['NC(CC1=CC=C(I)C=C1)C(O)=O', 'OB(O)C1=CC(I)=CC=C1', 'ClC1=CC(Br)=CC(Cl)=C1I', 'CC1=CC(I)=CC(F)=C1', 'CC1=CC(Br)=CC=C1I', 'CC1=CC=C(C=C1I)C(N)=N', 'CCOC(=O)CC1=CC(I)=CC=C1', 'ClC1=CC(Br)=C(I)C(Cl)=C1', 'CC1=C(I)C=CC=C1CC#N', 'ClC1=CC=C(I)C=C1', 'OCC1=CC=CC(Br)=C1I', 'FC(F)(F)C1=C(I)C(Br)=CC=C1', 'CC(=O)NC1=C(C=C(I)C=C1)C(F)(F)F', 'COC(=O)C1=CC=C(I)C=C1', 'BrC1=C(C=CC=C1I)C#N', 'COP(=S)(OC)OC1=CC(Cl)=C(I)C=C1Cl', 'FC(F)(F)C1=CC(Cl)=C(I)C(Cl)=C1', 'OC1=CC(I)=C(Cl)C=C1', 'OC(=O)C1=CC(Cl)=C(I)C(Cl)=C1', 'CCC1=C(Br)C=CC(I)=C1', 'COC1=C(C(O)=O)C(I)=CC=C1', 'COC(OC)C1=C(I)C=CC=C1', 'CC1=CC=CC(Cl)=C1I', 'COC1=CC(Cl)=C(I)C=C1', 'COS(=O)(=O)C1=CC=CC=C1I', 'COC1=CC(I)=C(Cl)C=C1']"
5,"[-0.46080032120369707, 0.3987701023420367]",2.4106614229507706,"['OC1=C(I)C(Cl)=CC=C1', 'OC1=C(I)C=CC=C1']","['OC1=C(F)C=C(I)C=C1I', 'ClC1=C(I)C=C(C=O)C=C1', 'OB(O)C1=CC=C(I)C=C1', 'CC(=O)NC(CC1=CC=C(I)C=C1)C(O)=O', 'IC1=CC=CC(=C1)C1=CC=CC=C1', 'COC(=O)C1=C(O)C=C(I)C(Cl)=C1', 'FC1=C(I)C=CC(Br)=C1Cl', 'COC1=C(I)C(Cl)=C(Cl)C=C1', 'CC(=O)C1=CC(I)=C(Br)C=C1', 'COC1=CC(=C(I)C=C1)S(F)(=O)=O', 'BrC1=C(I)C=C(C=O)C=C1', 'CC(=O)NC1=C(OC(F)(F)F)C=C(I)C=C1', 'COC(=O)CC1=C(I)C=CC=C1', 'COC1=C(I)C=C(C=C1I)C#N', 'IC1=CC(I)=CC=C1', 'IC1=CC=C(OCC#N)C=C1', 'IC1=C(C=CC=C1)C1=CC=CC=C1', 'IC1=CC=C(C=C1)C(=O)N1CCOCC1', 'FC1=CC(I)=C(C=C1)C#N', 'COC1=CC(I)=C(I)C=C1OC', 'OC(=O)C1=C(F)C=C(Cl)C(I)=C1', 'BrC1=CC(I)=C(I)C=C1', 'OC(=O)CC1=CC=CC=C1I', 'CC(Br)C(=O)N(C)C1=CC=C(I)C=C1', 'BrCC1=C(I)C(Br)=CC=C1']"
6,"[0.9057282466323808, 0.9788797935769392]",2.4892829583823937,"['OC(=O)C1=CC=C(I)C=C1', 'CC1=CC=CC(I)=C1']","['FC1=C(I)C(Cl)=CC=C1', 'OC1=CC(Cl)=C(F)C=C1I', 'COC1=CC=CC(Br)=C1I', 'FC1=C(I)C=C(CBr)C=C1', 'FC(F)(F)C(=O)NC1=CC=CC=C1I', 'OC1=C(I)C=CC(Cl)=C1', 'COC1=C(I)C=C(C=C1)C(O)=O', 'OC1=C(I)C=C(Cl)C=C1', 'CC1=C(O)C(I)=CC(Cl)=C1', 'NC(=O)C1=CC(O)=C(I)C=C1', 'COC1=CC(OC)=C(I)C=C1Cl', 'COC1=C(I)C=C(C(O)=O)C(F)=C1', 'OC1=C(I)C=CC=C1Cl', 'OC(=O)C1=CC=C(O)C(I)=C1', 'CC1=CC(I)=C(O)C=C1Cl', 'COC1=C(I)C=CC(=C1)C(F)(F)F', 'COC1=C(F)C=CC=C1I', 'OCC1=C(I)C=CC(F)=C1', 'OC1=C(I)C(Br)=CC=C1', 'CC1=CC(I)=C(F)C=C1', 'OC1=C(I)C(Cl)=CC(Cl)=C1', 'IC1=C(OC2CC2)C=CC=C1', 'OC1=C(F)C=CC=C1I', 'C[C@H](O)C1=C(I)C=CC(F)=C1']"
7,"[0.2409710801029077, -0.24448008121560494]",2.535182583193289,"['CC1=CC(I)=C(C)C=C1', 'COC1=CC(Cl)=CC(I)=C1']","['NCC1=CC=CC=C1I', 'FC1=CC(I)=C(F)C=C1', 'CC1=C(I)C=CC=C1', 'CC(=O)NC1=C(F)C=C(I)C=C1', 'CC1=CC(I)=C(CO)C=C1', 'CC1=CC=CC(I)=C1CO', 'COC(=O)C1(CC1)C1=CC=C(I)C=C1', 'NC1(CC1)C1=CC=C(I)C=C1', 'NCC1=CC(I)=CC=C1', 'OC(=O)CCC1=CC=CC=C1I', 'OC1=C(F)C=C(I)C=C1', 'CCOC(=O)CC1=C(I)C=CC=C1', 'CC1=CC(I)=CC(C)=C1F', 'CCC1=CC=C(I)C=C1', 'NCCC1=CC=C(I)C=C1', 'CC1=C(I)C=C(CO)C=C1', 'CC1=C(F)C=C(F)C=C1I', 'COC(=O)C1=C(C)C(I)=CC=C1', 'COC1=C(I)C=CC=C1', 'COC1=C(Cl)C=CC(I)=C1', 'CC1=CC=C(I)C=C1', 'IC1=CC=C(CC#C)C=C1']"
8,"[0.871674198085829, 0.6716172916248979]",2.5709822593896434,"['FC1=CC=C(I)C(F)=C1F', 'FC1=C(F)C(I)=CC=C1']","['CC1=CC(Br)=C(C)C=C1I', 'OC(=O)CCCCC1=CC=C(I)C=C1', 'IC1=CC=C(OC2=CC=CC=C2)C=C1', 'COC(=O)C1=C(I)C=CC=C1OC', 'CC(Cl)C(=O)NC1=CC=CC=C1I', 'CCCC1=C(I)C=CC=C1', 'CC1=C(O)C=CC(I)=C1', 'COC1=C(I)C=C(Br)C=C1', 'COC1=C(C)C(I)=CC=C1C', 'CC1=C(I)C=CC(O)=C1', 'CC1=C(I)C=C(O)C=C1', 'COC1=CC(I)=CC=C1I', 'OC(=O)CC1=CC=C(O)C(I)=C1', 'COC1=CC=C(C(N)=O)C(I)=C1', 'CNCC1=C(I)C=CC=C1', 'CCOC(=O)COC1=CC=CC=C1I', 'CC1=CC(I)=C(CO)C=C1C', 'COC1=C(C)C=CC(I)=C1', 'ClCC(=O)NC1=CC=CC=C1I', 'CC(=O)NC1=CC=CC=C1I', 'OC(=O)C1(CC1)C1=C(I)C=CC=C1']"
9,"[-0.03658781328811367, 0.9961696507927293]",2.658724685182692,"['FC1=CC(F)=C(I)C(Cl)=C1', 'CC(=O)C1=CC(I)=CC=C1']","['CC1=CC(F)=C(I)C=C1', 'COC1=CC=C(C=C1I)C#N', 'FC1=C(I)C=CC(I)=C1', 'COC1=CC(I)=C(F)C=C1Cl', 'FC1=CC=C(I)C(F)=C1', 'CCOC(=O)C1=CC(I)=C(OC)C=C1', 'FC1=C(I)C=CC(=C1)C(F)(F)F', 'FC1=C(I)C=CC(Cl)=C1', 'COC1=CC(CO)=CC=C1I', 'FC1=C(Br)C=CC(I)=C1F', 'CC1=C(F)C=C(F)C(I)=C1', 'IC1=C(OCC2=CC=CC=C2)C=CC=C1', 'FC1=CC(F)=C(Cl)C=C1I', 'NC1=C(Cl)C=C(Cl)C=C1I', 'NC1=C(Cl)C=C(C=C1I)C(F)(F)F', 'COC1=CC=C(C)C=C1I', 'OCC1=CC(I)=C(O)C=C1', 'COC(=O)C1=CC(I)=C(F)C=C1', 'FC1=C(F)C(=CC=C1I)C(F)(F)F', 'FC1=C(I)C=CC(=C1)C1CC1']"
