,obj_values ['rate'],Vendi_score,eval_samples,cut_samples
0,"[-0.5095995995480437, 0.8079068995209806]",1.84643741531119,"['OC1=C(NCC(=O)N2CCN(CC2)C(=O)C=C)C=C(I)C(Cl)=C1', 'BrCC1=C(I)C(=CC=C1)N(=O)=O']",[]
1,"[1.0883633455290571, 1.1183634735983665]",2.256081692063839,"['IC1=C(C=CC=C1N(=O)=O)N(=O)=O', 'COC1=CC(I)=C(C=O)C=C1OC']","['CC1=C(C(I)=CC=C1)N(=O)=O', 'ClC1=C(I)C(=CC=C1)N(=O)=O', 'OC(=O)C1=CC(I)=C(C=C1)C(F)(F)F', 'COP(=S)(OC)OC1=CC(Cl)=C(I)C=C1Cl', 'CC(=O)C1=CC(I)=C(Br)C=C1', 'FC(F)(F)COC1=CC(=CC=C1I)C(=O)N1CCOCC1', 'OCC1=CC(=C(I)C=C1)N(=O)=O', 'CCOC(=O)C(=CNC1=C(I)C=CC=C1)C(=O)OCC', '[H][C@](N)(CC1=CC=C(OC2=CC=C(O)C=C2)C(I)=C1)C(O)=O', 'COC(=O)C1=C(CBr)C(I)=CC=C1', 'OC(=O)C1=C(I)C(Br)=CC=C1', 'OC(=O)C1=C(NC(=O)C2=C(I)C=CC=C2)C=CC=C1', 'COC1=C(I)C=C(C=C1I)C#N', 'CC1=CC(=C(I)C(Br)=C1)N(=O)=O', 'COC1=C(NCC(O)=O)C=C(I)C(Cl)=C1', 'OC(=O)C1=CC=CC(=C1I)N(=O)=O', '[H][C@@](N)(CC1=CC(I)=C(O)C(I)=C1)C(O)=O', 'CC(C)(C)C1=CC(I)=C(Br)C=C1', 'BrC1=CC=C(C=C1)C(=O)C1=C(I)C=CC=C1', 'COC1=C(I)C(=CC=C1)N(=O)=O', 'CCOC(=O)CC(=O)C1=C(I)C=CC=C1', 'OC1=CC=C(C=C1I)C1=CC=C(C=C1)C#N', 'COC1=CC(C(C)C)=C(OS(=O)(=O)C2=CC=C(C)C=C2)C=C1I', 'OC(=O)CCC1=NN=C(O1)C1=CC=CC=C1I', 'COC(=O)C1=CC(NC(=O)C2=CC=CC=C2I)=CC=C1', 'CC1=C(I)C(=CC(Br)=C1)C(O)=O', 'BrC1=C(OC2=C(I)C=CC=C2)C=CC(=C1)C#N', 'CC(C)(C)C1=CC=C(I)C(Br)=C1', 'OC(=O)C1=CC=CC(=C1I)C(F)(F)F', 'IC1=CC=CC=C1C(=O)C1=CC=CC=C1', 'CC(C)C1=CC=C(I)C(=C1)N(=O)=O']"
2,"[0.9011189241452577, 0.9656292524742955]",2.5003463610250303,"['OC1=C(C=O)C(I)=CC=C1', 'ClC1=CC(I)=CC(=C1)N(=O)=O']","['COC(=O)C1=C(O)C=C(I)C(Cl)=C1', 'CCOC(=O)C1=CC2=CC=CC=C2C=C1I', 'CC1=CC(C(O)=O)=C(I)C=C1', 'FC1=C(Cl)C=CC(I)=C1C=O', 'IC1=C(C=CC=C1C#N)C#N', 'FC1=CC=CC(I)=C1C#N', 'COC(=O)C1=C(I)C=CC=C1O', 'COC(=O)C1=CC=CC=C1I', 'COC(=O)C1=C(I)C=CC(OC)=C1', 'OC(=O)C1=C(I)C=CC(Br)=C1', 'ClC1=C(I)C=C(C=O)C=C1', 'OC(=O)C1=C(I)C=C(C=C1)C#N', 'OC(=O)C1=CC(OC(F)(F)F)=C(I)C=C1', 'CC1=C(I)C=CC=C1N(=O)=O', 'CC1=C(C(F)=CC=C1I)N(=O)=O', 'FC(F)(F)C1=C(I)C=CC(=C1)C#N', 'OC(=O)C1=CC=CC(C(O)=O)=C1I', 'OC(=O)C1=CC=C(I)C(=C1)C(F)(F)F', 'COC(=O)C1=C(Cl)C(O)=C(I)C=C1', 'COC1=C(I)C(=CC=C1)C#N', 'OC1=CC(I)=C(C=C1)N(=O)=O', 'CCOC(=O)C1=CC(I)=C(C=C1)C#N', 'CCOC(=O)C1=C(I)C=CC(Br)=C1', 'COC(=O)C1=C(Cl)C=C(C)C(I)=C1', 'OC(=O)C1=CC=CC2=CC=CC(I)=C12', 'OC(=O)C1=CC(Cl)=CC=C1I', 'COC1=C(OC)C(I)=CC(C=O)=C1', 'CC1=CC=C(C(O)=O)C(I)=C1', 'CC1=C(I)C=C(Cl)C(=C1)N(=O)=O', 'ClC1=CC(=CC=C1I)N(=O)=O']"
3,"[0.4839376227244957, 1.0708146217817276]",2.6041887867481757,"['OC1=C(I)C=C(C=C1N(=O)=O)C#N', 'FC1=C(F)C(=CC(I)=C1F)N(=O)=O']","['CC(=O)C1=CC(I)=CC=C1', 'IC1=CC=C(C=C1)C1=NC=CO1', 'OC1=C(I)C=CC=C1N(=O)=O', 'CC1=CC(=CC=C1I)C(O)=O', 'COC(=O)C1=CC=C(I)C=C1N(=O)=O', 'OC(=O)C1=C(NC2=CC=C(I)C=C2F)C=NC=C1', 'OC(=O)C(=O)CC1=CC(I)=C(O)C(I)=C1', 'CC(C)(C)OC(=O)C1=CC(I)=CC=C1', 'COC1=CC=C(I)C=C1C(O)=O', 'OC(=O)C1=C(O)C=CC=C1I', 'CCOC(=O)C1=CC(I)=CC(Br)=C1', 'CC1=C(I)C=C(C=C1F)C(O)=O', 'OC(=O)CCCCC(=O)C1=CC=C(I)C=C1', 'FC(F)(F)C(=O)CC1=CC=C(I)C=C1', 'BrC1=C(C=C(I)C=C1)C#N', 'CCOC(=O)C1=CC(OCC)=C(I)C=C1', 'IC1=CC=CC(=C1)C(=O)C1=CC=CC=C1', 'COC(=O)C1=C(I)C=C(Br)C=C1', 'CCOC(=O)C1=CC(I)=C(C)C=C1', 'OC(=O)C1=CC=CC(I)=C1', 'CC1=C(C=C(I)C=C1Cl)C(O)=O', 'OC(=O)C1=C(I)C=C(F)C(F)=C1', 'IC1=CC=C(C=C1)N1C(=O)C=CC1=O', 'CC1=C(C=CC=C1I)C#N', 'CC1=CC(=CC(I)=C1)C(O)=O', 'CC1=CC=CC(I)=C1C=O', 'OC(=O)C1=C(F)C=C(Cl)C(I)=C1', 'CCC1=CC=C(I)C=C1C(O)=O']"
4,"[1.1851596614284747, 1.0587891606816187]",2.96380234661738,"['CC1=CC=C(C)N1C1=C(F)C=C(I)C=C1', 'CC1=C(I)C(F)=C(C=C1)C#N']","['COC1=CC([C@@H](O)C(C)(C)C)=C(C=C1I)N(=O)=O', 'COC(=O)C1=CC(I)=C(C)C=C1C', 'CCOC(=O)C1=CC(I)=C(O)C(I)=C1', 'OC(=O)C1=CC(I)=C(O)C(I)=C1', 'COC1=CC(C=O)=CC(I)=C1O', 'IC1=CC=C(C=C1)C(=O)NCC1=CC=CC=C1', 'NC1=CC=C(I)C=C1N(=O)=O', 'OC1=C(I)C=C(C=O)C=C1I', 'OC1=CC=C(Cl)C=C1\\C=C\\C1=C(I)C=CC=C1', 'COC1=C(C=C(Cl)C(C)=C1I)C(C)=O', 'BrC1=C(I)C=C(C=O)C=C1', 'FC1=CC(F)=C(I)C=C1N(=O)=O', 'CCOC(=O)C1=CC(F)=C(I)C=C1', 'CC1=C(C)C(I)=C(C=C1)C(O)=O', 'NC1=C(C(O)=O)C(I)=CC=C1', 'CC(=O)C1=CC(I)=C(O)C=C1', 'FC1=C(I)C=CC(Br)=C1C#N', 'CC1=CC(O)=C(I)C=C1N(=O)=O', 'COC1=C(I)C=C(N)C=C1I', 'OC1=C(I)C(=CC=C1)N(=O)=O', 'CCOC1=C(O)C(I)=CC(C=O)=C1', 'CCOC(=O)C1=CC=C(I)C=C1F', 'COC(=O)C1=CC(I)=C(N)C(=C1)N(=O)=O', 'FC1=C(C=C(Br)C=C1I)C#N', 'CC1=CC(C)=C(I)C=C1C(O)=O', 'CC(=O)C1=CC(Cl)=C(C)C(I)=C1O']"
5,"[0.26888320368432606, 0.30615730390630036]",3.4353976055113464,"['C[C@@H]1CN(CCN1S(=O)(=O)C1=CC=C(I)C=C1)C(=O)C1=CC=CC=C1', 'OC(=O)C1=CC(O)=C(I)C(O)=C1']","['IC1=CC=CC2=C(I)C=CC=C12', 'COC(=O)C1=CC(N)=C(I)C=C1C', 'NC1=C(I)C=CC(=C1)C(O)=O', 'CC1=C(I)C(F)=C(C=C1)C(O)=O', 'COC(=O)C1=CC(N)=CC=C1I', 'COC(=O)C1=CC=C(I)C(N)=C1', 'OC1=CC=CC(C=O)=C1I', 'OC(=O)CCC1=CC(I)=C(O)C(I)=C1', 'COC(=O)C1=C(N)C(I)=CC(F)=C1', 'COC(=O)C1=C(N)C(I)=CC(Cl)=C1', 'COC(=O)C1=C(N)C=CC=C1I', 'BrC1=CN=C(OC2=CC=C(I)C=C2)N=C1', 'CC(=O)CCC1=CC=C(I)C=C1', 'IC1=CC=CC2=CC3=C(C=C12)C(I)=CC=C3', 'CC1=CC(C)=C(I)C=C1I', 'ClC1=CC2=C(C=C1)C=C(I)C=C2', 'COC1=CC(OC)=C(I)C(C=O)=C1', 'OC(=O)C1=C(NC2=CC=C(I)C=C2Cl)C(F)=C(F)C=C1', 'COC(=O)C1=C(OC)C=C(C)C(I)=C1', 'NC(=O)C1=C(O)C=CC(I)=C1', 'OC1=CC=CC2=C1C=CC=C2I', 'OC1=C(I)C=C(C=C1I)C(F)(F)F', 'COC1=C(C=C(I)C(F)=C1)C(O)=O', 'OC1=CC2=C(C=CC=C2I)C=C1', 'COC1=CC(O)=C(C=O)C=C1I']"
6,"[0.20266708901872987, 1.1588827819281953]",3.6624395009104886,"['CC1=CC(I)=CC(C(O)=O)=C1N', 'IC1=CC(I)=CC=C1']","['OC1=C(I)C=C(F)C(F)=C1I', 'COC(=O)CCC1=CC(I)=C(O)C(I)=C1', 'OC(=O)C1=CC=CC(I)=C1Cl', 'CC(C)(C)C1=CC(I)=C(O)C(I)=C1', 'COC1=C(O)C(I)=CC(\\C=N\\NC(=O)C2=CC=CC(F)=C2)=C1', 'COC(=O)C1=CC(I)=C(C=C1O)N(C)C', 'NC1=CC=C(I)C(F)=C1C#N', 'COC(=O)C1=C(C)C(I)=CC=C1', 'COC(=O)C1=CC(I)=C(N)C(I)=C1', 'OC1=C(F)C=C(I)C=C1I', 'CC(=O)C1=C(N)C(I)=CC(Br)=C1', 'NC1=C(I)C=CC=C1C(O)=O', 'COC1=C(C(O)=O)C(I)=CC=C1', 'BrC1=CC2=CC=C(I)C=C2C=C1', 'CC(C)(C)OC(=O)C1=C(Br)C=C(I)C=C1', 'CC(C)(C)C(=O)NC1=CC=C(Cl)C=C1I', 'CCOC(=O)C1=CC(O)=C(I)C(O)=C1', 'FC1=C(I)C=CC(I)=C1', 'COC1=C(I)C(Cl)=C(Cl)C=C1', 'IC1=CC=C(C#N)C(I)=C1', 'COC(=O)C1=CC=CC(I)=C1N', 'NC1=C(C=C(I)C(Cl)=C1)N(=O)=O', 'ClCC1=CC(I)=C(CCl)C=C1', 'NC1=C(C(F)=C(I)C=C1)N(=O)=O']"
7,"[1.198684809188364, 1.0802002409619185]",3.8813772784037046,"['FC1=CC(I)=C(C=C1)C#N', 'FC1=CC(I)=CC=C1C(F)(F)F']","['FC(F)(F)C(=O)NC1=CC=CC=C1I', 'CC1=CC(I)=C(N)C(I)=C1', 'COC(=O)C1=CC(I)=C(Cl)C=C1N', 'NC1=C(Cl)C=C(C=C1I)C(F)(F)F', 'IC1=CC=C(NC2=CC=C(I)C=C2)C=C1', 'CC1=CC(I)=CC(I)=C1N', 'COC(=O)C1=C(I)C=C(OC)C(OC)=C1', 'COC1=CC(N)=C(C=C1I)C(O)=O', 'OC1=CC(I)=C(O)C=C1I', 'CC1=CC=C(I)C(C(O)=O)=C1F', 'OCC1=CC(I)=C(CO)C=C1I', 'CC(Cl)C(=O)NC1=CC=CC=C1I', 'COC1=CC(I)=CC=C1I', 'COC(=O)C1=CC(I)=C(Cl)C=C1C', 'NC1=C(Cl)C=C(Cl)C=C1I', 'CC(=O)C1=CC(I)=CC=C1N', 'ClC1=CC(CBr)=C(I)C=C1', 'COC1=CC=C(I)C(C(O)=O)=C1F', 'CC1=CC=C(I)C=C1C1=CC(I)=CC=C1C', 'OCC1=C(Cl)C=CC=C1I', 'NC1=CC(Cl)=C(I)C=C1C(O)=O', 'IC1=CC=CC=C1C1=CC=CC=C1I']"
8,"[0.6716172916248979, 1.0035480237751095]",3.8944232307314293,"['FC1=C(F)C(I)=CC=C1', 'FC1=CC(I)=C(F)C=C1']","['FC(F)(F)C1=C(Cl)C=CC(I)=C1', 'NNC(=O)C1=CC=C(I)C=C1', 'OC(=O)CNC(=O)C1=C(I)C=CC=C1', 'CC1=C(Cl)C=C(I)C=C1', 'IC1=CC(=CC=C1)N1C=CN=N1', 'NS(=O)(=O)C1=CC=C(I)C=C1', 'FC1=C(Cl)C=C(I)C=C1', 'CNS(=O)(=O)C1=CC=C(I)C=C1', 'NC(=O)C1=C(Cl)C=CC=C1I', 'FC(F)(F)C1=CC(=C(I)C=C1)C(F)(F)F', 'OS(=O)(=O)C1=CC=C(I)C=C1', 'OC(=O)CC1=C(I)C=C(Cl)C=C1', 'CCCNC(=O)C1=CC=CC=C1I', 'CCNC(=O)C1=CC=CC=C1I', 'FC(F)C1=C(I)C=CC=C1', 'FC1=C(C=C(I)C=C1)C(F)(F)F', 'OCC1=C(Cl)C=C(I)C=C1Cl', 'CC1=C(Cl)C=C(I)C=C1Cl', 'FC1=C(Cl)C=C(I)C=C1Cl', 'CON(C)C(=O)C1=C(I)C=C(Cl)C=C1', 'OS(=O)(=O)C1=CC=CC(I)=C1']"
9,"[0.04977968725233062, -0.24448008121560494]",3.919713637835422,"['COS(=O)(=O)C1=CC=CC=C1I', 'COC1=CC(Cl)=CC(I)=C1']","['COC1=CC(I)=C(F)C=C1Cl', 'FC1=C(I)C=CC(=C1)C(F)(F)F', 'OC1=CC=C(I)C=C1C(F)(F)F', 'FC1=CC=C(I)C(F)=C1F', 'CC1=C(F)C=C(F)C(I)=C1', 'OC1=CC(Cl)=C(F)C=C1I', 'COC1=C(F)C=CC=C1I', 'FC(F)C1=C(I)C(F)=C(Cl)C=C1', 'OC(=O)C1=CC=C(O)C(I)=C1', 'COC1=C(I)C=C(C=C1)C(O)=O', 'FC1=C(I)C=CC(Cl)=C1', 'OC1=C(I)C=CC=C1Cl', 'NC(=O)C1=CC(O)=C(I)C=C1', 'CNC(=O)C1=CC=CC=C1I', 'COC1=C(I)C=CC(=C1)C(F)(F)F', 'FC1=C(F)C(=CC=C1I)C(F)(F)F', 'COC(=O)C1=CC(I)=C(F)C=C1', 'CC1=CC(I)=C(F)C=C1', 'FC(F)(F)OC1=CC=CC=C1I', 'NC(=O)C1=C(I)C=CC=C1']"
