,obj_values ['rate'],Vendi_score,eval_samples,cut_samples
0,"[0.21158794185282548, 0.810825101947849]",1.1940911628857362,"['NC1=C(Cl)C=C(I)C=C1', 'COC1=C(Cl)C=CC(I)=C1']",[]
1,"[-0.24088254902246842, 1.0788219040194198]",1.2977348458970386,"['CC(=O)NC1=C(C=C(I)C=C1)C(F)(F)F', 'FC1=CC(I)=CC=C1NC(=O)NC1CC1']","['CC1=C(O)C=CC(I)=C1', 'NCCC1=CC=C(I)C=C1', 'IC1=CC=C(OCC2CC2)C=C1', 'IC1=CC=C(OC2=CC=CC=C2)C=C1', 'CS(=O)(=O)NC1=CC=C(I)C=C1', 'OCC1=C(Cl)C=CC(I)=C1', 'CC1=CC=C(I)C=C1', 'IC1=CC=CC(=C1)C1=CC=CC=C1', 'CCC1=CC=C(I)C=C1', 'NC1=CC=C(I)C=C1', 'IC1=CC=C(OCC2=CC=NC=C2)C=C1', 'COC1=C(OC)C=C(I)C=C1', 'CC(=O)NC1=C(F)C=C(I)C=C1', 'CC(=O)OC1=CC=C(I)C=C1', 'NCC1=CC(I)=CC=C1', 'NC1=CC(I)=CC=C1O', 'CC(=O)NC1=C(OC(F)(F)F)C=C(I)C=C1', 'NNC1=CC=C(I)C=C1', 'CC1=C(Cl)C=C(I)C=C1', 'CSC1=CC=C(I)C=C1', 'CC(C)(C)C1=CC(I)=CC=C1O', 'CC1=CC(I)=CC(C)=C1F', 'COC1=C(C)C=CC(I)=C1', 'COC1=CC(Cl)=CC(I)=C1', 'OC1=C(F)C=C(I)C=C1', 'NC1(CC1)C1=CC=C(I)C=C1', 'IC1=CC=C(CC#C)C=C1', 'OC1=CC=C(I)C=C1C(F)(F)F', 'IC1=CC=C(OCC#N)C=C1', 'COC1=C(N)C=CC(I)=C1', 'IC1=CC=C(OCC2=CC=CN=C2)C=C1']"
2,"[0.26889910387243154, 0.7906260268900357]",1.4503870952992295,"['IC1=CC=C(NC(=O)NCC2=CC=CC=C2)C=C1', 'CCCCCC1=CC=C(C=C1)C1=CC=C(I)C=C1']","['CCC1=C(N)C=CC(I)=C1', 'NC(CC1=CC=C(I)C=C1)C(O)=O', 'CC(C)OC1=CC=C(I)C=C1Br', 'OC(=O)CCCCC1=CC=C(I)C=C1', 'ClC1=CC=C(OC2=CC=C(I)C=C2)C=C1', 'COC(=O)C1(CC1)C1=CC=C(I)C=C1', 'ClCC1=CC=C(I)C=C1', 'NC(=O)C1=CN=C(OC2=CC=C(I)C=C2)C=C1', 'OB(O)C1=CC(I)=CC=C1', 'CC(=O)NC(CC1=CC=C(I)C=C1)C(O)=O', 'CON(C)C(=O)C1=CC=C(I)C=C1', 'CC1(C)COB(OC1)C1=CC=C(I)C=C1', 'CCOP(=O)(CC1=CC=C(I)C=C1)OCC', 'COC(=O)C1=C(I)C=CC=C1OC', 'OC1=CC=C(OC2=CC=C(I)C=C2)C=C1', 'CC1=CC(I)=CC(F)=C1', 'COC1=CC=C(I)C(C(O)=O)=C1F', 'OB(O)C1=CC=C(I)C=C1', 'ClC1=CC(Cl)=C(COC2=CC=C(I)C=C2)C=C1', 'CCOC(=O)CC1=CC(I)=CC=C1', 'IC1=CC=C(OCCN2CCCC2)C=C1', 'CC1=CC=C(I)C=C1Br', 'CC(C)(C)C1=C(N)C=CC(I)=C1', 'ClC1=CC=C(C=C1)C1=CC=C(I)C=C1', 'NNC(=O)CNC1=CC=C(I)C=C1', 'IC1=CC=C(OCCN2CCCC2=O)C=C1', 'FC1=C(Cl)C=C(I)C=C1', 'IC1=CC=C(NC(=O)OCC2=CC=CC=C2)C=C1', 'IC1=CC=C(C=C1)C(=O)N1CCOCC1', 'IC1=CC=CC(CN2CCCC2)=C1']"
3,"[0.610371127314533, 0.7608412413845975]",1.6263088033553459,"['NC1=CC(I)=CC(CO)=C1', 'COC(=O)C1=CC=C(I)C=C1']","['OB(O)C1=C(I)C=CC(OCC2=CC=CC=C2)=C1', 'CC(C)(C)OC(=O)NCC1=CC=CC(I)=C1', 'CC1(C)OB(OC1(C)C)C1=CC(O)=CC=C1I', 'CC(C)(C)OC(=O)NC(CC1=CC(I)=CC=C1F)C(O)=O', 'IC1=CC(CC#N)=CC=C1', 'COC1=CC=C(C(N)=O)C(I)=C1', 'COC1=CC(OC)=C(I)C=C1Cl', 'CNC1=CC=C(I)C=C1', 'NC1=C(I)C=C(F)C(=C1)C(F)(F)F', 'NC1=C(Cl)C=C(C=C1I)C(F)(F)F', 'NC1=CC=C(C=C1)S(=O)(=O)NC1=CC=C(I)C=C1', 'IC1=CC=C(C=C1)N1CCCCC1', 'COC1=CC(B(O)O)=C(I)C=C1', 'CCOC(=O)COC1=CC=CC=C1I', 'COC(=O)C1=C(I)C=C(OC)C(OC)=C1', 'CCOC1=C(I)C=CC(=C1)C(=O)N1CCOCC1', 'NNC(=O)C1=CC=C(I)C=C1', 'CCC1=C(Br)C=CC(I)=C1', 'CC1=CC=CC(I)=C1', 'IC1=C(OCC2=CC=CC=C2)C=CC=C1', 'COC1=CC(=C(I)C=C1)C(F)(F)F', 'CCOC1=CC=C(C=C1)C(O)C1=CC(I)=CC=C1Cl', 'COC1=C(I)C=CC(=C1)C(F)(F)F', 'CNC1=CC=C(I)C=C1C', 'CCNC(=O)C1=CC(OCC)=C(I)C=C1', 'COC1=CC(I)=C(NC(=O)OC(C)(C)C)C=C1', 'ClC1=CC=C(I)C=C1', 'NC1=C(I)C=C(Cl)C(=C1)C(F)(F)F']"
4,"[1.0802002409619185, 0.7520876450433205]",1.80519680790686,"['FC1=CC(I)=CC=C1C(F)(F)F', '[H][C@@](CC1=CC=C(I)C=C1)(NC(=O)OCC1=CC=CC=C1)C(O)=O']","['CC1=C(Br)C(F)=CC(I)=C1', 'FC1=C(C=C(I)C=C1)C(F)(F)F', 'COC1=CC(I)=CC=C1I', 'CCNC(=O)C1=CC=CC=C1I', 'CC1=C(Cl)C=C(I)C=C1Cl', 'OCC1=C(Cl)C=C(I)C=C1Cl', 'FC(F)(F)C1=C(Cl)C=CC(I)=C1', 'BrCC1=CC(I)=CC=C1', 'FC(F)C1=CC=C(I)C=C1', 'NS(=O)(=O)C1=CC=CC(I)=C1', 'CCCNC(=O)C1=CC=CC=C1I', 'CC1=CC=C(I)C(C(O)=O)=C1F', 'OC(=O)C1=CC=C(I)C=C1', 'CS(=O)(=O)C1=CC=CC(I)=C1', 'OCC1=C(I)C=C(F)C=C1', 'NS(=O)(=O)C1=CC=C(I)C=C1', 'CNS(=O)(=O)C1=CC=C(I)C=C1', 'COC1=CC(Br)=CC(I)=C1', 'IC1=CC(=CC=C1)N1C=CN=N1', 'CC1=CC=C(C=C1I)C(N)=N', 'OS(=O)(=O)C1=CC=CC(I)=C1', 'COC1=C(C(O)=O)C(I)=CC=C1', 'CC1=CC(I)=C(CO)C=C1C', 'FC(F)(F)C(F)(C1=CC=C(I)C=C1)C(F)(F)F', 'CC1=C(I)C=C(O)C=C1', 'CC1=CC(Br)=CC(I)=C1']"
5,"[-0.5862407980440234, 1.1885934889560894]",2.0369452787310682,"['OC(=O)C1=C(NC2=CC=C(I)C=C2F)C=NC=C1', 'CCOC(=O)C1=CC=C(I)C=C1F']","['OC1=C(F)C=C(I)C=C1I', 'CC(C)S(=O)(=O)N[C@@H]1CCOC[C@H]1C1=CC=C(I)C=C1', 'CC1=C(I)C=CC=C1CC#N', 'OS(=O)(=O)C1=CC=C(I)C=C1', 'OC(=O)CNC(=O)C1=C(I)C=CC=C1', 'IC1=C(C=CC=C1)C1=CC=CC=C1', 'NC(=O)C1=C(Cl)C=CC=C1I', 'NC(=O)C1=C(I)C=CC=C1', 'OCC1=C(Cl)C=CC=C1I', 'COC1=C(C)C(I)=CC=C1C', 'CC(Br)C(=O)N(C)C1=CC=C(I)C=C1', 'CC(C)(C)OC(=O)C1=C(I)C=CC=C1', 'IC1=C(OC2CC2)C=CC=C1', 'IC1=CC(I)=CC=C1', 'IC1=C(C=CC=C1)C(=O)NC1CCCC1', 'CC(C)S(=O)(=O)N[C@H]1CCOC[C@@H]1C1=CC=C(I)C=C1', 'COC1=CC=CC(I)=C1NC(=O)OC(C)(C)C', 'IC1=C(C=CC=C1)C(=O)NCC1=CC=CC=C1', 'CNC(=O)C1=CC=CC=C1I', 'FC(F)C1=C(I)C=CC=C1', 'FC1=C(Cl)C=C(I)C=C1Cl', 'OCC1=C(I)C=C(Cl)C=C1', 'COC1=C(F)C=CC=C1I', 'CC1=CC=C(I)C=C1C1=CC(I)=CC=C1C', 'CC1=C(I)C=C(CO)C=C1']"
6,"[1.1145274373327607, 0.7728028088151515]",2.141905342045443,"['OC(=O)CCCCC(=O)C1=CC=C(I)C=C1', 'IC1=CC=C(C=C1)C(=O)NCC1=CC=CC=C1']","['CC1=CC(I)=C(CO)C=C1', 'CCOC(=O)C1=CC(I)=C(OC)C=C1', 'CON(C)C(=O)C1=C(I)C=C(Cl)C=C1', 'FC(F)(F)C(=O)CC1=CC=C(I)C=C1', 'IC1=CC=C(C=C1)C1=NC=CO1', 'FC(F)(F)C(=O)NC1=CC=CC=C1I', 'CC1=CC=CC(I)=C1CO', 'CC1=C(F)C=C(F)C=C1I', 'NC1=C(Cl)C=C(Cl)C=C1I', 'CC(Cl)C(=O)NC1=CC=CC=C1I', 'ClCC1=CC(I)=C(CCl)C=C1', 'COC1=CC=C(OC)C(I)=C1', 'IC1=CC=C(C#N)C(I)=C1', 'COC1=C(I)C=C(N)C=C1I', 'CC1=CC(C)=C(I)C=C1I', 'OC1=C(I)C=CC=C1Cl', 'OC(=O)CC1=C(I)C=C(Cl)C=C1', 'NC(=O)C1=C(I)C=CC(Br)=C1F', 'IC1=CC=C(NC2=CC=C(I)C=C2)C=C1', 'CC(C)(C)OC(=O)C1=C(Br)C=C(I)C=C1', 'ClCC1=C(I)C=CC=C1', 'OC1=C(Cl)C(I)=CC=C1', 'CC1=CC(I)=CC(I)=C1N', 'COC1=CC=C(COC2=C(I)C=CC=C2)C=C1']"
7,"[0.5880674878982872, 0.26888320368432606]",2.353025259270959,"['OC(=O)C1=CC=CC(I)=C1', 'C[C@@H]1CN(CCN1S(=O)(=O)C1=CC=C(I)C=C1)C(=O)C1=CC=CC=C1']","['COC(OC)C1=C(I)C=CC=C1', 'CNCC1=C(I)C=CC=C1', 'IC1=CC=CC=C1CN1C=NC=N1', 'OC(=O)CCC1=NN=C(O1)C1=CC=CC=C1I', 'OC(=O)C1=C(NC2=CC=C(I)C=C2Cl)C(F)=C(F)C=C1', 'CC(=O)CCC1=CC=C(I)C=C1', 'ClC1=CC2=C(C=C1)C=C(I)C=C2', 'CC(C)(C)OC(=O)C1=CC(I)=CC=C1', 'CC(=O)C1=CC(I)=CC=C1', 'COC(=O)C1=C(I)C=CC=C1O', 'IC1=CC=CC(=C1)C(=O)C1=CC=CC=C1', 'COC1=CC(I)=C(Cl)C=C1', 'CC1=C(C=C(I)C=C1Cl)C(O)=O', 'COC(=O)C1=C(I)C=CC(OC)=C1', 'COC(=O)C1=C(N)C=CC=C1I', 'NC(=O)C1=CC(O)=C(I)C=C1', 'CC(C)(C)C(=O)NC1=CC=C(Cl)C=C1I', 'IC1=C(C=CC=C1)C(=O)N1CCCC1', 'COC1=CC=CC(I)=C1C', 'CCC1=CC=C(I)C=C1C(O)=O', 'COC(=O)C1=C(C)C(I)=CC=C1', 'FC(F)(F)COC1=CC(=CC=C1I)C(=O)N1CCOCC1']"
8,"[-0.030410175615268827, 0.7365003752884792]",2.8987067579101002,"['OC1=CC(Br)=C(I)C(Br)=C1', 'NC1=CC(Br)=C(I)C(Br)=C1']","['CC1=CC=CC(I)=C1Cl', 'CC1=CC(=CC(I)=C1)C(O)=O', 'CN(C)C1=C(I)C=CC=C1', 'ClCC(=O)NC1=CC=CC=C1I', 'COC(=O)C1=CC(NC(=O)C2=CC=CC=C2I)=CC=C1', 'COC(=O)C1=CC=CC=C1I', 'CCOC(=O)C1=CC(I)=CC(Br)=C1', 'OCC1=C(I)C=CC(F)=C1', 'CN(C(=O)C1=C(I)C=CC=C1)C1=CC=C(C)C=C1', 'COC1=CC=C(C)C=C1I', 'NC(=O)C1=C(O)C=CC(I)=C1', 'OC(=O)CCC1=CC(I)=C(O)C(I)=C1', 'COC1=CC=C(I)C=C1C(O)=O', 'NC1=C(C(O)=O)C(I)=CC=C1', 'CCOC(=O)C1=CC2=CC=CC=C2C=C1I', 'CC1=CC=C(C(O)=O)C(I)=C1', 'CC1=CC(I)=C(C)C=C1', 'OCC1=CC(I)=C(CO)C=C1I', 'CCOC(=O)CC1=C(I)C=CC=C1', 'COC(=O)CC1=C(I)C=CC=C1', 'BrC1=CN=C(OC2=CC=C(I)C=C2)N=C1']"
9,"[1.0939390398692053, 1.198684809188364]",2.981802963904157,"['NC(=O)CC1=C(I)C=CC=C1', 'FC1=CC(I)=C(C=C1)C#N']","['ClC1=CC(Cl)=C(I)C=C1', 'CC1=CC(Cl)=C(I)C=C1C', 'OC1=C(Br)C(I)=CC=C1', 'CC1=C(Br)C=CC(I)=C1Cl', 'CCC1=CC(Br)=C(I)C=C1', 'COC1=C(NCC(O)=O)C=C(I)C(Cl)=C1', 'OC1=CC(I)=C(Br)C=C1', 'CC(C)C1=CC=C(I)C(Br)=C1', 'CC(C)(C)C1=CC=C(I)C(Br)=C1', 'COC(=O)C1=CC(I)=C(Cl)C=C1C', 'OC1=CC(I)=C(Cl)C=C1', 'COC1=CC(Cl)=C(I)C=C1', 'OC1=CC=C(I)C(Br)=C1', 'CC(C)(C)C1=CC(I)=C(Br)C=C1', 'FC1=CC(I)=C(Cl)C=C1', 'COC1=CC(Br)=C(I)C=C1', 'FC1=CC=CC(I)=C1Br', 'CC1=CC(Br)=C(I)C=C1', 'OC(=O)C1=CC=CC(I)=C1Cl', 'CC1=CC(Br)=C(I)C=C1Cl']"
