,obj_values ['rate'],Vendi_score,eval_samples,cut_samples
0,"[0.5685316178180613, 0.8392322980736077]",1.4870868858834354,"['FC(F)(F)OC1=CC=CC=C1I', 'OC(=O)C1=CC=CC(C(O)=O)=C1I']",[]
1,"[0.8193307527846163, 1.205969972532665]",1.7901657892933287,"['CC1=C(C(F)=CC=C1I)N(=O)=O', 'OC(=O)C1=CC=CC(=C1I)N(=O)=O']","['CC1=CC=C(I)C(C(O)=O)=C1F', 'OC(=O)CC1=C(I)C=C(Cl)C=C1', 'FC(F)C1=C(I)C=CC=C1', 'OC(=O)C1=CC=CC(I)=C1Cl', 'CON(C)C(=O)C1=C(I)C=C(Cl)C=C1', 'COC(=O)C1=C(C)C(I)=CC=C1', 'CCOC(=O)CC(=O)C1=C(I)C=CC=C1', 'ClCC1=C(I)C=CC=C1', 'FC(F)(F)C1=CC(I)=C(Cl)C=C1', 'CCNC(=O)C1=CC=CC=C1I', 'ClC1=CC=CC=C1I', 'ClCC1=CC(I)=C(CCl)C=C1', 'CC1=C(C)C(I)=C(C=C1)C(O)=O', 'OC(=O)C1=CC(I)=C(C=C1)C(F)(F)F', 'CC1=CC=CC(I)=C1Cl', 'OCC1=C(Cl)C=CC=C1I', 'IC1=CC=CC=C1CN1C=NC=N1', 'ClC1=CC(Cl)=C(I)C=C1', 'NC(=O)C1=C(Cl)C=CC=C1I', 'CCCNC(=O)C1=CC=CC=C1I', 'OC(=O)C1=CC=CC(=C1I)C(F)(F)F', 'COC(=O)C1=CC=CC=C1I', 'OC(=O)C1=C(I)C=C(F)C(F)=C1', 'FC(F)(F)C1=CC(=C(I)C=C1)C(F)(F)F', 'CC1=CC(C(O)=O)=C(I)C=C1', 'CC1=CC=C(C(O)=O)C(I)=C1', 'OC(=O)C1=CC(Cl)=CC=C1I', 'NC(=O)C1=C(I)C=CC=C1', 'CNC(=O)C1=CC=CC=C1I', 'FC1=CC(I)=C(Cl)C=C1', 'OC(=O)CCC1=NN=C(O1)C1=CC=CC=C1I']"
2,"[1.0883633455290571, 0.6238545681118839]",1.9913865463555716,"['IC1=C(C=CC=C1N(=O)=O)N(=O)=O', 'COC(=O)C1=CC=C(I)C=C1N(=O)=O']","['CC(C)C1=CC=C(I)C(=C1)N(=O)=O', 'FC1=C(Cl)C=CC(I)=C1C=O', 'OC(=O)C1=CC=C(I)C(=C1)C(F)(F)F', 'FC(F)(F)C1=C(I)C=CC(=C1)C#N', 'COC(=O)C1=C(Cl)C(O)=C(I)C=C1', 'OC(=O)C1=CC=CC2=CC=CC(I)=C12', 'BrCC1=C(I)C(=CC=C1)N(=O)=O', 'COC1=C(I)C=C(C=C1I)C#N', 'CC1=C(I)C=CC=C1N(=O)=O', 'OC(=O)C1=CC(OC(F)(F)F)=C(I)C=C1', 'OC1=CC(I)=C(C=C1)N(=O)=O', 'OC(=O)C1=C(I)C=C(C=C1)C#N', 'ClC1=C(I)C=C(C=O)C=C1', 'CC1=C(C=CC=C1I)C#N', 'IC1=CC=CC=C1C(=O)C1=CC=CC=C1', 'OCC1=CC(=C(I)C=C1)N(=O)=O', 'COC1=CC(I)=C(C=O)C=C1OC', 'CCOC(=O)C1=CC(I)=C(C=C1)C#N', 'COC(=O)C1=C(Cl)C=C(C)C(I)=C1', 'COC(=O)C1=C(I)C=C(Br)C=C1', 'CCOC(=O)C1=CC(I)=C(C)C=C1', 'OC(=O)C1=C(I)C=CC(Br)=C1', 'CC1=C(I)C=C(C=C1F)C(O)=O', 'COC(=O)C1=C(I)C=CC(OC)=C1', 'CC1=C(I)C=C(Cl)C(=C1)N(=O)=O', 'CC1=C(C(I)=CC=C1)N(=O)=O', 'COC(=O)C1=C(CBr)C(I)=CC=C1', 'COC(=O)C1=C(I)C=CC=C1O', 'COC1=C(OC)C(I)=CC(C=O)=C1', 'FC1=CC=CC(I)=C1C#N']"
3,"[-0.0960929227820917, 0.11229390118545779]",2.121742961340311,"['COC1=C(I)C(=CC=C1)C#N', 'COC1=C(I)C(=CC=C1)N(=O)=O']","['CC1=C(C=C(I)C=C1Cl)C(O)=O', 'CC(C)(C)OC(=O)C1=CC(I)=CC=C1', 'IC1=CC=C(C#N)C(I)=C1', 'OC(=O)C1=C(F)C=C(Cl)C(I)=C1', 'OC(=O)C1=CC=CC(I)=C1', 'CC1=CC(=CC=C1I)C(O)=O', 'OC1=C(I)C=CC=C1N(=O)=O', 'ClC1=CC(=CC=C1I)N(=O)=O', 'ClC1=CC(I)=CC(=C1)N(=O)=O', 'CCOC(=O)C1=CC2=CC=CC=C2C=C1I', 'COC(=O)C1=CC(I)=C(Cl)C=C1', 'BrC1=C(C=C(I)C=C1)C#N', 'COC(=O)C1=C(O)C=C(I)C(Cl)=C1', 'OC1=C(C=O)C(I)=CC=C1', 'CC1=CC(C)=C(I)C=C1C(O)=O', 'IC1=CC=CC(=C1)C(=O)C1=CC=CC=C1', 'CCOC(=O)C1=C(I)C=CC(Br)=C1', 'CC(=O)C1=CC(I)=CC=C1', 'CCOC(=O)C1=CC=C(I)C=C1F', 'CC1=C(I)C(=CC(Br)=C1)C(O)=O', 'OC1=C(I)C=C(C=C1N(=O)=O)C#N', 'IC1=C(C=CC=C1C#N)C#N', 'CC1=CC(O)=C(I)C=C1N(=O)=O', 'CC1=CC(=CC(I)=C1)C(O)=O', 'CC1=CC=CC(I)=C1C=O', 'IC1=CC=C(C=C1)N1C(=O)C=CC1=O', 'CCC1=CC=C(I)C=C1C(O)=O', 'ClC1=C(I)C(=CC=C1)N(=O)=O']"
4,"[0.4592475894180943, 0.6702486479290919]",2.419783567154015,"['OC(=O)C1=CC(Cl)=C(I)C(Cl)=C1', 'ClC1=CC(=CC(Cl)=C1I)N(=O)=O']","['COC1=CC(C=O)=CC(I)=C1O', 'COC1=C(C=C(Cl)C(C)=C1I)C(C)=O', 'FC1=C(I)C=CC(Br)=C1C#N', 'OC(=O)C1=C(I)C(Br)=CC=C1', 'CCOC(=O)C1=CC(OCC)=C(I)C=C1', 'CC(=O)C1=CC(I)=C(O)C=C1', 'BrC1=C(I)C=C(C=O)C=C1', 'OC1=CC=C(C=C1I)C1=CC=C(C=C1)C#N', 'CCOC1=C(O)C(I)=CC(C=O)=C1', 'OC(=O)C(=O)CC1=CC(I)=C(O)C(I)=C1', 'FC1=CC(F)=C(I)C=C1N(=O)=O', 'COC(=O)C1=CC(I)=C(C)C=C1C', 'CCOC(=O)C1=CC(F)=C(I)C=C1', 'OC1=C(I)C=C(C=O)C=C1I', 'CC1=C(I)C(F)=C(C=C1)C(O)=O', 'OC1=C(I)C(=CC=C1)N(=O)=O', 'COC1=CC(OC)=C(I)C(C=O)=C1', 'CC(=O)C1=CC(Cl)=C(C)C(I)=C1O', 'OC(=O)C1=CC(I)=C(O)C(I)=C1', 'FC(F)(F)C(=O)CC1=CC=C(I)C=C1', 'CC1=C(I)C(F)=C(C=C1)C#N', 'CC(=O)C1=CC(I)=C(Br)C=C1', 'COC(=O)C1=CC(I)=C(N)C(=C1)N(=O)=O', 'COC1=CC=C(I)C=C1C(O)=O', 'OC(=O)C1=C(NC(=O)C2=C(I)C=CC=C2)C=CC=C1', 'FC1=C(C=C(Br)C=C1I)C#N']"
5,"[0.04977968725233062, 1.198684809188364]",2.60182883911248,"['COS(=O)(=O)C1=CC=CC=C1I', 'FC1=CC(I)=C(C=C1)C#N']","['CC1=CC(Cl)=CC(Cl)=C1I', 'FC1=CC(Cl)=C(I)C(Cl)=C1', 'CC1=CC=CC(Cl)=C1I', 'CC1=CC(Cl)=C(I)C=C1C', 'BrC1=CC=CC=C1I', 'ClC1=C(I)C=C(C=C1)C#N', 'FC1=CC=CC(I)=C1Br', 'FC1=CC(Cl)=C(I)C=C1', 'OC(=O)C1=C(Br)C(I)=CC=C1', 'CC1=CC(=C(I)C(Br)=C1)N(=O)=O', 'OCC1=CC=CC(Br)=C1I', 'FC(F)(F)C1=CC(Cl)=C(I)C(Cl)=C1', 'BrC1=C(C=CC=C1I)C#N', 'FC(F)(F)C1=C(Br)C(I)=CC=C1', 'CC1=CC(C)=C(I)C=C1I', 'COC1=C(I)C(Cl)=C(Cl)C=C1', 'FC1=C(F)C(=CC(I)=C1F)N(=O)=O', 'COC(=O)C1=CC(I)=C(Cl)C=C1C', 'FC(F)C1=C(I)C(F)=C(Cl)C=C1', 'CC1=CC(Br)=C(I)C=C1Cl', 'CC1=CC(Br)=C(I)C=C1', 'CCC1=CC(Br)=C(I)C=C1', 'FC(F)(F)C1=CC(I)=C(Br)C=C1', 'FC(F)(F)C1=C(I)C(Br)=CC=C1', 'CCOC(=O)C1=CC(I)=CC(Br)=C1']"
6,"[1.0802002409619185, 0.7024011751146415]",2.7543530610943896,"['FC1=CC(I)=CC=C1C(F)(F)F', 'OC(=O)C1=C(F)C(F)=C(F)C(F)=C1I']","['ClC1=CC=C(CBr)C(I)=C1', 'OCC1=C(Cl)C=C(I)C=C1Cl', 'FC1=C(C=C(I)C=C1)C(F)(F)F', 'IC1=CC(I)=CC=C1', 'NS(=O)(=O)C1=CC=CC(I)=C1', 'FC(F)(F)C1=C(Cl)C=CC(I)=C1', 'ClC1=CC=C(Br)C=C1I', 'FC1=CC(Br)=C(I)C=C1F', 'FC1=C(Cl)C=C(I)C=C1Cl', 'FC(F)(F)C1=C(I)C=CC(Br)=C1', 'OS(=O)(=O)C1=CC=C(I)C=C1', 'COC1=CC(=C(I)C=C1)S(F)(=O)=O', 'OC(=O)CNC(=O)C1=C(I)C=CC=C1', 'FC(F)(F)OC1=C(I)C=C(Br)C=C1', 'ClC1=CC(CBr)=C(I)C=C1', 'NS(=O)(=O)C1=CC=C(I)C=C1', 'CS(=O)(=O)C1=CC=CC(I)=C1', 'NC(=O)C1=C(I)C=CC(Br)=C1F', 'OS(=O)(=O)C1=CC=CC(I)=C1', 'IC1=CC(=CC=C1)N1C=CN=N1', 'CC(C)C1=CC=C(I)C(Br)=C1', 'OC1=C(Cl)C(I)=CC=C1', 'COC1=C(C(O)=O)C(I)=CC=C1', 'COC1=CC=C(I)C(C(O)=O)=C1F']"
7,"[0.7308245157199049, 1.0860739974782967]",2.8384715205900117,"['ClC1=CC=C(I)C=C1', 'FC(F)C1=CC=C(I)C=C1']","['CNS(=O)(=O)C1=CC=C(I)C=C1', 'FC1=CC=C(I)C(F)=C1F', 'FC1=C(F)C(I)=CC=C1', 'FC1=C(I)C=CC(I)=C1', 'FC1=C(I)C=CC(=C1)C(F)(F)F', 'OCC1=C(I)C=C(F)C=C1', 'FC1=C(Cl)C=C(I)C=C1', 'OC1=C(I)C=C(C=C1I)C(F)(F)F', 'OC(=O)C1=CC=C(I)C=C1', 'FC1=CC(I)=C(F)C=C1', 'COC1=CC=C(C=C1I)C#N', 'COC1=CC(=C(I)C=C1)C(F)(F)F', 'CC1=C(Cl)C=C(I)C=C1Cl', 'OCC1=C(I)C=C(Cl)C=C1', 'NNC(=O)C1=CC=C(I)C=C1', 'IC1=CC(CC#N)=CC=C1', 'FC1=C(F)C(=CC=C1I)C(F)(F)F', 'COC(=O)C1=CC(I)=C(F)C=C1', 'CC(C)(C)OC(=O)C1=C(I)C=CC=C1', 'COC(=O)C1=CC=C(I)C=C1', 'CC1=C(F)C=C(F)C=C1I', 'CC1=C(Cl)C=C(I)C=C1']"
8,"[-0.7074943031245005, 0.9788797935769392]",2.917313055011328,"['FC1=C(I)C(Cl)=CC=C1', 'CC1=CC=CC(I)=C1']","['CS(=O)(=O)NC1=CC=C(I)C=C1', 'ClCC1=CC=C(I)C=C1', 'OC(=O)CC1=CC=CC=C1I', 'IC1=CC=C(CC#C)C=C1', 'OB(O)C1=CC(I)=CC=C1', 'COC(OC)C1=C(I)C=CC=C1', 'COC1=C(I)C=CC(=C1)C(F)(F)F', 'CC1=CC=C(C=C1I)C(N)=N', 'CON(C)C(=O)C1=CC=C(I)C=C1', 'CC(=O)OC1=CC=C(I)C=C1', 'OCC1=C(Cl)C=CC(I)=C1', 'OB(O)C1=CC=C(I)C=C1', 'OC1=C(I)C=CC=C1Cl', 'BrCC1=CC(I)=CC=C1', 'FC(F)(F)C(F)(C1=CC=C(I)C=C1)C(F)(F)F', 'CC1=CC=C(I)C=C1Br', 'CC1=C(I)C=CC=C1CC#N', 'CC1=CC(I)=CC(F)=C1', 'COC1=C(F)C=CC=C1I', 'CC1=CC(Br)=CC(I)=C1', 'OC1=CC=C(I)C=C1C(F)(F)F']"
9,"[1.2242285798605221, -0.24448008121560494]",2.9937678709600246,"['OC(=O)C1=C(O)C=CC=C1I', 'COC1=CC(Cl)=CC(I)=C1']","['CC1=CC=C(I)C=C1', 'OC1=CC(Cl)=C(F)C=C1I', 'IC1=C(C=CC=C1)C(=O)NC1CCCC1', 'NC(CC1=CC=C(I)C=C1)C(O)=O', 'FC(F)(F)C(=O)NC1=CC=CC=C1I', 'OC(=O)C1=CC=C(O)C(I)=C1', 'COC1=C(Cl)C=CC(I)=C1', 'CC1=CC(I)=CC(C)=C1F', 'FC1=C(I)C=CC(Cl)=C1', 'NC(=O)C1=CC(O)=C(I)C=C1', 'NCC1=CC(I)=CC=C1', 'CCC1=CC=C(I)C=C1', 'IC1=C(C=CC=C1)C1=CC=CC=C1', 'CC1=CC(I)=C(F)C=C1', 'CCOC(=O)CC1=CC(I)=CC=C1', 'IC1=CC=CC(=C1)C1=CC=CC=C1', 'COC1=C(I)C=C(C=C1)C(O)=O', 'OC1=CC(I)=C(Cl)C=C1', 'OCC1=C(I)C=CC(F)=C1', 'IC1=CC=C(OCC#N)C=C1']"
