,obj_values ['rate'],Vendi_score,eval_samples,cut_samples
0,"[0.14233594580504927, -0.08736557777953258]",1.2530871746908852,"['COC1=CC(I)=C(Cl)C=C1', 'COC1=C(I)C=C(C=C1)C(O)=O']",[]
1,"[0.19409458209736646, 0.6173119251417611]",1.6418282404246225,"['NC1=CC=C(Cl)C(I)=C1Cl', 'COC1=CC=C(N)C=C1I']","['OC1=CC(I)=C(Cl)C=C1', 'COC1=CC(=C(I)C=C1)C(F)(F)F', 'COC1=C(I)C=CC(=C1)C(F)(F)F', 'COC1=CC(OC)=C(I)C=C1Cl', 'COC1=CC(Cl)=C(I)C=C1', 'COC1=C(I)C=C(Br)C=C1', 'CC1=C(O)C(I)=CC(Cl)=C1', 'COC1=C(I)C=C(C(O)=O)C(F)=C1', 'CC1=CC(Cl)=C(I)C=C1C', 'COC1=CC(I)=C(F)C=C1', 'OC1=C(Cl)C(I)=CC=C1', 'NC1=C(Cl)C=C(C=C1I)C(F)(F)F', 'OC1=CC(Cl)=C(I)C=C1', 'CC1=CC(I)=C(F)C=C1', 'OC(=O)C1=CC=C(O)C(I)=C1', 'COC1=CC=C(I)C(C(O)=O)=C1F', 'OC1=CC=C(I)C=C1C(F)(F)F', 'COC1=C(I)C=CC=C1', 'COC1=CC=C(C)C=C1I', 'COC1=CC(I)=C(F)C=C1Cl', 'COC1=C(F)C=CC=C1I', 'OC1=C(I)C=CC=C1Cl', 'OC1=CC(Cl)=C(F)C=C1I', 'IC1=C(OCC2=CC=CC=C2)C=CC=C1', 'CC1=CC(I)=C(O)C=C1Cl', 'CCOC(=O)COC1=CC=CC=C1I', 'FC(F)(F)C(=O)NC1=CC=CC=C1I', 'COC1=CC=C(C=C1I)C#N', 'IC1=C(OC2CC2)C=CC=C1', 'NC(=O)C1=CC(O)=C(I)C=C1', 'CCOC(=O)C1=CC(I)=C(OC)C=C1']"
2,"[0.610371127314533, 0.3648169791060167]",1.8237484158248427,"['NC1=CC(I)=CC(CO)=C1', 'NC1=CC(I)=C(O)C=C1']","['CC1=CC(Cl)=CC(I)=C1N', 'OC1=C(F)C=CC=C1I', 'NC1=CC(I)=C(Br)C=C1', 'COC1=CC(C)=C(OC)C=C1I', 'COC(=O)C1=CC(I)=C(N)C=C1Cl', 'COC1=CC=C(OC)C(I)=C1', 'CC1=CC(F)=C(I)C=C1O', 'COC1=CC=C(I)C(OC)=C1', 'COC(=O)C1=C(I)C=CC=C1OC', 'NC1=C(I)C=C(F)C(=C1)C(F)(F)F', 'NC1=C(I)C=C(OC(F)(F)F)C=C1', 'NC1=CC(I)=C(F)C=C1Cl', 'CCOC(=O)C1=CC(I)=C(N)C=C1', 'OCC1=CC(I)=C(O)C=C1', 'CN(C)C1=C(I)C=CC=C1', 'COC1=CC(Cl)=C(OC)C=C1I', 'COC1=C(NCC(O)=O)C=C(I)C(Cl)=C1', 'COC1=C(I)C(Cl)=C(Cl)C=C1', 'OC1=CC(I)=C(Br)C=C1', 'NC1=C(N)C=C(I)C(Cl)=C1', 'NC1=CC=C(I)C(Cl)=C1', 'NC1=C(Cl)C=C(Cl)C=C1I', 'OC1=C(I)C=C(C=C1)C1=CC=CC=C1', 'NC1=C(I)C=C(Cl)C(=C1)C(F)(F)F', 'FC1=C(I)C=CC(=C1)C1CC1', 'COC1=CC(CO)=CC=C1I', 'OC(=O)CC1=CC=C(O)C(I)=C1', 'NC1=C(F)C=C(C=C1I)C#N', 'COC(=O)C1=CC(I)=C(N)C(OC)=C1', 'OC1=C(O)C(I)=CC=C1']"
3,"[-0.8310572398642792, 0.21043106576080262]",1.8684479919969577,"['CNC1=CC=C(I)C=C1C', 'CN(C)C1=CC=C(I)C=C1']","['COC1=C(N)C(I)=CC=C1', 'IC1=CC=C(OCC2CC2)C=C1', 'COC1=CC(I)=C(N)C=C1', 'OC(=O)CCC1=CC=C(O)C(I)=C1', 'IC1=CC=C(OCC#N)C=C1', 'COC1=C(C)C=CC(I)=C1', 'CC(=O)NC1=C(F)C=C(I)C=C1', 'COC1=C(N)C=CC(I)=C1', 'COC1=C(OC)C=C(I)C=C1', 'NC1=CC(I)=CC=C1O', 'OC1=CC=C(I)C2=CC=CC=C12', 'COC1=CC=CC(I)=C1C', 'CC1=C(I)C=C(O)C=C1', 'CC1=C(O)C=CC(I)=C1', 'CSC1=CC=C(I)C=C1', 'CC(=O)NC1=CC=CC=C1I', 'CC1=CC=C(N)C(I)=C1', 'CC1=CC(I)=C(N)C(C)=C1', 'NC1=C(N)C(I)=CC=C1', 'NC1=CC=C(N)C(I)=C1', 'CC1=C(N)C(I)=CC=C1', 'CC1=CC(N)=C(I)C=C1F', 'NC1=CC=C(O)C=C1I', 'NNC1=C(I)C=CC=C1', 'CC(C)(C)C1=CC=C(N)C(I)=C1', 'NC1=C(Cl)C=C(I)C=C1', 'CC(C)(C)C1=CC(I)=CC=C1O', 'OC1=C(I)C=C(Cl)C=C1']"
4,"[1.0558560625499234, 1.0449734826020352]",2.0636486648326944,"['OC1=CC=CC(I)=C1F', 'NC1=C(I)C(F)=C(F)C=C1F']","['CC1=C(C=C(I)C(N)=C1)C#N', 'IC1=CC=C(OCC2=CC=CN=C2)C=C1', 'COC1=C(I)C=CC(N)=C1', 'CC1=CC(N)=C(I)C=C1C', 'CCC1=C(N)C=CC(I)=C1', 'NC1=C(I)C=C(C=C1)C1=CC=CC=C1', 'CC1=C(I)C=CC(O)=C1', 'NNC1=CC=C(I)C=C1', 'COC1=CC(B(O)O)=C(I)C=C1', 'CC(C)(C)C1=C(N)C=CC(I)=C1', 'NC1=CC(Cl)=CC=C1I', 'NC1=CC=C(I)C=C1', 'IC1=CC=CC(CN2CCCC2)=C1', 'NNC(=O)CNC1=CC=C(I)C=C1', 'CNC1=CC=C(I)C=C1', 'NCCC1=CC=C(I)C=C1', 'COC1=CC=C(I)C(O)=C1', 'COC1=CC=C(I)C(C)=C1', 'NC1=C(I)C=C(C=C1)C#N', 'CCOC(=O)CC1=CC=C(N)C(I)=C1', 'IC1=CC=C(OC2=CC=CC=C2)C=C1', 'IC1=CC=C(C=C1)N1CCCCC1', 'CC(C)C1=CC=C(N)C(I)=C1', 'CC1=CC(O)=C(C)C=C1I', 'CC1=CC(N)=C(I)C=C1', 'COC(=O)C1=C(C)C=C(N)C(I)=C1']"
5,"[0.3605637792644092, -0.5879529326977142]",2.38883158541978,"['FC1=CC(F)=C(F)C(I)=C1F', 'OC1=CC=CC(O)=C1I']","['NC1=C(I)C(Cl)=CC=C1', 'CC(=O)NC1=CC(F)=CC=C1I', 'CC(=O)NC1=C(OC(F)(F)F)C=C(I)C=C1', 'FC1=CC(I)=C(F)C=C1', 'OC1=CC=C(OC2=CC=C(I)C=C2)C=C1', 'OC1=C(F)C=C(I)C=C1', 'NC1=C(I)C(Cl)=C(Cl)C=C1', 'OC1=C(I)C=CC(Cl)=C1', 'CC1=CC(F)=C(I)C=C1', 'CC(Cl)C(=O)NC1=CC=CC=C1I', '[H][C@](N)(CC1=CC(I)=C(O)C=C1)C(=O)OC', 'IC1=CC=C(OCC2=CC=NC=C2)C=C1', 'CC1=C(F)C=C(F)C(I)=C1', 'OC1=C(I)C=CC=C1', 'CC1=CC(I)=C(N)C=C1O', 'COC(=O)C1=CC(I)=C(N)C=C1OC', 'NC1=CC(F)=C(I)C=C1', 'FC1=CC(I)=CC=C1NC(=O)NC1CC1', '[H][C@@](N)(CC1=CC=C(O)C(I)=C1)C(O)=O', 'NC1=C(I)C=C(Br)C=C1', 'NC1=C(F)C(F)=C(I)C=C1', 'CCOC1=CC=C(I)C(F)=C1F', 'COC1=CC(F)=C(I)C=C1', 'NC1=C(I)C=CC(Br)=C1', 'COC1=CC=C(I)C(N)=C1']"
6,"[0.8676464788775915, -0.24448008121560494]",2.587237982917232,"['NC1=C(C(O)=O)C(I)=CC=C1', 'COC1=CC(Cl)=CC(I)=C1']","['OC1=C(I)C(Cl)=CC=C1', 'COC1=C(I)C(N)=CC=C1', 'COC1=CC(N)=C(I)C=C1C(O)=O', 'COC1=C(Cl)C=CC(I)=C1', 'COC1=CC=C(C(N)=O)C(I)=C1', 'CCNC(=O)C1=CC(OCC)=C(I)C=C1', 'CC1=C(I)C(O)=CC=C1', 'COC1=C(I)C(F)=C(F)C=C1', 'COC1=CC=CC(CO)=C1I', 'CS(=O)(=O)NC1=CC=C(I)C=C1', 'FC1=CC=C(I)C(F)=C1F', 'OC1=CC(I)=C(O)C=C1I', 'CCOC1=CC(Br)=CC=C1I', 'FC1=CC=C(I)C(F)=C1', 'NC1=C(Br)C=CC=C1I', 'ClCC(=O)NC1=CC=CC=C1I', 'COC(=O)C1=CC=C(N)C(I)=C1Cl', 'COC1=C(C(O)=O)C(I)=CC=C1', 'COC(=O)C1=C(OC)C=C(F)C(I)=C1', 'FC1=C(I)C=CC(Cl)=C1', 'COC1=C(I)C(F)=CC=C1', 'CNCC1=C(I)C=CC=C1', 'COC1=C(I)C(C)=CC(Cl)=C1', 'COC1=CC=CC(C)=C1I']"
7,"[0.9011189241452577, 1.2242285798605221]",2.870132000845392,"['OC1=C(C=O)C(I)=CC=C1', 'OC(=O)C1=C(O)C=CC=C1I']","['CC1=CC(I)=CC(C)=C1F', 'IC1=CC=C(CC#C)C=C1', 'IC1=CC=CC(=C1)C1=CC=CC=C1', 'IC1=CC=C(OCCN2CCCC2=O)C=C1', 'FC1=C(F)C(I)=CC=C1', 'CC1=CC=C(I)C(C(O)=O)=C1F', 'CC(=O)NC1=C(C=C(I)C=C1)C(F)(F)F', 'CC(=O)OC1=CC=C(I)C=C1', 'CC1=C(Cl)C=C(I)C=C1', 'NC1=C(I)C=C(Br)C(=C1)C(F)(F)F', 'IC1=CC=C(OCCN2CCCC2)C=C1', 'OCC1=C(Cl)C=CC(I)=C1', 'OCC1=C(I)C=CC(F)=C1', 'NC1(CC1)C1=CC=C(I)C=C1', 'CC1=CC(I)=C(CO)C=C1C', 'COC1=C(I)C=C(N)C=C1I', 'CCC1=CC=C(I)C=C1', 'OCC1=C(I)C=C(F)C=C1', 'NC(CC1=CC=C(I)C=C1)C(O)=O', 'NCC1=CC(I)=CC=C1', 'CC1=CC=C(I)C=C1', 'CC1=CC=C(C=C1I)C(N)=N']"
8,"[1.2310331342559602, 0.9400829562844111]",3.164628166420002,"['IC1=C(C=CC=C1C#N)C#N', 'OC1=CC(I)=C(C=C1)N(=O)=O']","['OCC1=C(Cl)C=CC=C1I', 'OB(O)C1=CC(I)=CC=C1', 'COC1=C(C)C(I)=CC=C1C', 'COC(=O)C1=C(N)C=CC=C1I', 'IC1=CC=C(C=C1)C1=NC=CO1', 'CC1=CC(I)=C(N)C(I)=C1', 'COC1=CC(I)=CC=C1I', 'COC(=O)C1=C(I)C=CC=C1O', 'OCC1=C(I)C=C(Cl)C=C1', 'NC1=C(I)C=CC(=C1)C(O)=O', 'CC1=CC(C)=C(I)C=C1I', 'COC(=O)C1=CC=C(I)C(N)=C1', 'FC1=CC(F)=C(Cl)C=C1I', 'CC1=C(I)C=C(CO)C=C1', 'COC(=O)C1=C(I)C=CC(OC)=C1', 'IC1=CC(I)=CC=C1', 'COC(=O)C1=C(I)C=C(OC)C(OC)=C1', 'CC1=CC(I)=C(CO)C=C1', 'COC(=O)C1=CC(N)=C(I)C=C1C', 'OC1=C(Br)C(I)=CC=C1', 'COC1=CC(Br)=CC(I)=C1']"
9,"[0.16333255109768174, 0.5626618144033346]",3.2427227034654607,"['OC(=O)C1=C(I)C=C(C=C1)C#N', 'FC1=CC=CC(I)=C1C#N']","['CC(=O)C1=CC(I)=CC=C1', 'COC1=C(OC)C(I)=CC(C=O)=C1', 'CC1=CC=C(C(O)=O)C(I)=C1', 'CC1=CC=CC(I)=C1Cl', 'COC(=O)C1=C(O)C=C(I)C(Cl)=C1', 'NC(=O)C1=C(Cl)C=CC=C1I', 'COC(=O)C1=C(Cl)C(O)=C(I)C=C1', 'FC1=C(Cl)C=C(I)C=C1', 'FC(F)(F)OC1=CC=CC=C1I', 'OC(=O)C1=CC(I)=C(O)C(I)=C1', 'OC(=O)C1=CC=CC2=CC=CC(I)=C12', 'OC1=C(I)C=C(F)C(F)=C1I', 'FC1=CC(I)=C(Cl)C=C1', 'IC1=CC(=CC=C1)N1C=CN=N1', 'CNC(=O)C1=CC=CC=C1I', 'NC(=O)C1=C(I)C=CC=C1', 'FC(F)C1=C(I)C=CC=C1', 'COC(=O)C1=C(C)C(I)=CC=C1', 'COC(=O)C1=CC=CC=C1I', 'ClCC1=CC(I)=C(CCl)C=C1']"
