,obj_values ['rate'],Vendi_score,eval_samples,cut_samples
0,"[0.8947238272290221, 0.6329097294109568]",1.2274168597430046,"['[H][C@@](N)(CC1=CC=C(O)C(I)=C1)C(O)=O', 'FC(F)(F)COC1=CC(=CC=C1I)C(=O)N1CCOCC1']",[]
1,"[0.669933544618243, -0.08758289924820628]",1.3745403496285329,"['OCC1=CC(I)=C(O)C=C1', 'COC1=CC=C(C)C=C1I']","['COC1=CC(OC)=C(I)C=C1Cl', 'NC1=C(Cl)C=C(C=C1I)C(F)(F)F', 'CCOC1=C(I)C=CC(=C1)C(=O)N1CCOCC1', 'CC(Cl)C(=O)NC1=CC=CC=C1I', 'COC1=CC(I)=C(NC(=O)OC(C)(C)C)C=C1', 'NC1=C(I)C=C(Cl)C(=C1)C(F)(F)F', '[H][C@](N)(CC1=CC=C(OC2=CC=C(O)C=C2)C(I)=C1)C(O)=O', 'OC1=C(I)C=C(C=C1)C1=CC=CC=C1', 'COC1=C(I)C=C(C=C1)C(O)=O', 'CC(C)(C)C(=O)NC1=CC=CC=C1I', 'CC(C)(C)C(=O)NC1=CC=C(Cl)C=C1I', 'CC(=O)NC1=CC(F)=CC=C1I', 'COC1=CC=C(COC2=C(I)C=CC=C2)C=C1', 'NC(=O)C1=CC(O)=C(I)C=C1', 'COC(=O)C1=CC(I)=C(N)C(OC)=C1', 'OC(=O)CCC1=CC=C(O)C(I)=C1', 'CCOC(=O)COC1=CC=CC=C1I', 'CCN(CC)C(=O)C1=CC(OCC(C)C)=C(I)C=C1', 'IC1=C(OCC2=CC=CC=C2)C=CC=C1', '[H][C@](N)(CC1=CC(I)=C(O)C=C1)C(=O)OC', 'OC(=O)CC1=CC=C(O)C(I)=C1', 'CCNC(=O)C1=CC(OCC)=C(I)C=C1', 'CCOC(=O)C1=CC(I)=C(OC)C=C1', 'CCOC(=O)C1=CC(I)=C(N)C=C1', 'COC(=O)C1=C(OC)C=C(NC(C)=O)C(I)=C1', 'OC(=O)CCC1=CC(I)=C(O)C(I)=C1', 'NC1=C(I)C=C(C(Br)=C1)C(F)(F)F', 'FC(F)(F)C(=O)NC1=CC=CC=C1I', 'COC(=O)C1=CC(I)=C(N)C=C1Cl', 'COC(=O)C1=CC(I)=C(OC2=CC=CC=C2)C=C1', 'IC1=C(OC2CC2)C=CC=C1']"
2,"[-0.03449044873520102, 1.1356551298733035]",1.4696024845783158,"['CC(C)(C)C1=CC(I)=C(O)C(I)=C1', 'COC(=O)CCC1=CC(I)=C(O)C(I)=C1']","['COC(=O)C1=C(C)C=C(N)C(I)=C1', 'OC(=O)C1=CC=C(O)C(I)=C1', 'COC1=C(I)C=CC=C1', 'CC1=CC(I)=C(O)C=C1Cl', 'OC1=C(O)C(I)=CC=C1', 'COC1=CC(C)=C(OC)C=C1I', 'COC1=CC(CO)=CC=C1I', 'FC1=C(I)C=CC(=C1)C1CC1', 'NNC1=C(I)C=CC=C1', 'COC1=C(I)C=CC(=C1)C(F)(F)F', 'COC1=CC(Cl)=C(OC)C=C1I', 'ClCC(=O)NC1=CC=CC=C1I', 'NC1=C(I)C=C(OC(F)(F)F)C=C1', 'CC1=CC(N)=C(I)C=C1F', 'COC1=CC=C(OC)C(I)=C1', 'OC1=C(F)C=CC=C1I', 'CCOC(=O)CC1=CC=C(N)C(I)=C1', 'CC(=O)NC1=CC=CC=C1I', 'COC1=CC=C(I)C(OC)=C1', 'NC1=C(I)C=C(F)C(=C1)C(F)(F)F', 'COC1=CC=C(I)C(O)=C1', 'OC1=CC(Cl)=C(F)C=C1I', 'COC1=C(F)C=CC=C1I', 'OC1=C(I)C=CC=C1Cl', 'NC1=CC(Cl)=CC=C1I', 'OC1=C(I)C=CC=C1', 'CC1=C(O)C(I)=CC(Cl)=C1', 'OC1=C(I)C=C(Cl)C=C1', 'OC1=C(I)C=CC(Cl)=C1', 'CC1=CC(Cl)=CC(I)=C1N']"
3,"[1.0632741642705281, -0.0927857029354433]",1.7360666116104388,"['CCOC(=O)C(=CNC1=C(I)C=CC=C1)C(=O)OCC', 'COC1=C(I)C=C(C=C1I)C#N']","['OC1=CC=C(I)C2=CC=CC=C12', 'COC(=O)C1=CC(I)=C(N)C=C1OC', 'CC1=CC(F)=C(I)C=C1O', 'COC(=O)C1=CC(I)=C(N)C(I)=C1', 'CC1=CC=C(N)C(I)=C1', 'COC1=C(N)C(I)=CC=C1', 'NC1=C(F)C=C(C=C1I)C#N', 'CCOC1=CC(Br)=CC=C1I', 'COC1=C(I)C=C(Br)C=C1', 'COC1=C(I)C=C(C(O)=O)C(F)=C1', 'CCOC(=O)C1=CC(I)=C(O)C(I)=C1', 'CC(C)(C)C1=CC=C(N)C(I)=C1', 'CC1=CC(N)=C(I)C=C1C', 'COC(=O)C1=CC(I)=C(N)C(Br)=C1', 'NC1=C(Cl)C=C(Cl)C=C1I', 'CCOC(=O)C1=CC(Br)=C(N)C(I)=C1', 'CC(C)C1=CC=C(N)C(I)=C1', 'CC1=C(N)C(I)=CC=C1', 'CC1=CC(O)=C(C)C=C1I', 'NC1=C(I)C=C(Br)C=C1', 'OC1=CC(I)=C(O)C=C1I', 'CC1=CC(I)=C(N)C(I)=C1', 'NC1=C(I)C=C(C=C1)C#N', 'COC1=CC=C(I)C(C)=C1', 'COC1=CC(I)=C(F)C=C1', 'NC1=C(I)C=C(C=C1)C1=CC=CC=C1', 'COC1=CC=CC(CO)=C1I', 'CC1=C(C=C(I)C(N)=C1)C#N']"
4,"[1.1781535130182343, 0.9769085460682799]",2.0501299677636404,"['OCCONC(=O)C1=C(NC2=CC=C(I)C=C2F)N2C=NC=C2C=C1', 'FC1=C(F)C(NC2=CC=C(I)C=C2Cl)=C(C=C1)C(=O)NOCC1CC1']","['OB(O)C1=C(I)C=CC(OCC2=CC=CC=C2)=C1', 'CCOC1=CC=C(I)C(F)=C1F', 'COC(=O)C1=CC(I)=C(C=C1O)N(C)C', 'COC1=CC(I)=C(OC)C=C1I', 'OC1=C(I)C=C(F)C(F)=C1I', 'CC1(C)OB(OC1(C)C)C1=CC(O)=CC=C1I', 'IC1=CC=C(OCC2=CC=CN=C2)C=C1', 'COC1=CC=C(I)C(C(O)=O)=C1F', 'COC1=CC=C(C=C1I)C#N', 'OC(=O)C1=CC(I)=C(O)C(I)=C1', 'CC1=CC(I)=C(N)C(C)=C1', 'CCOC(=O)C1=CC(OCC)=C(I)C=C1', 'COC(=O)C1=C(Cl)C(O)=C(I)C=C1', 'COC1=CC(C(C)C)=C(OS(=O)(=O)C2=CC=C(C)C=C2)C=C1I', 'OC1=C(I)C=C(C=C1I)C(F)(F)F', 'CC(=O)NC1=C(OC(F)(F)F)C=C(I)C=C1', 'COC(=O)C1=CC(N)=C(I)C=C1C', 'CC1=CC(I)=C(F)C=C1', 'COC1=CC=CC(CNC2=C(I)C=CC=C2)=C1', '[H][C@@](N)(CC1=CC(I)=C(O)C(I)=C1)C(O)=O', 'CC1=CC(C)=C(I)C=C1I', 'COC1=CC(I)=C(F)C=C1Cl', 'CN(C)C1=C(I)C=CC=C1', 'COC1=CC(N)=C(I)C=C1I', 'COC1=C(I)C=C(N)C=C1I', 'IC1=CC=C(OCC2=CC=NC=C2)C=C1']"
5,"[1.061110607377881, 0.3216106384059126]",2.2657682197461617,"['COC1=C(O)C(I)=CC(\\C=N\\NC(=O)C2=CC=CC(F)=C2)=C1', 'CCCCCCCCC(=O)NCC1=C(I)C=C(O)C(OC)=C1']","['OC1=CC=C(Cl)C=C1\\C=C\\C1=C(I)C=CC=C1', 'OC(=O)C1=C(NC(=O)C2=C(I)C=CC=C2)C=CC=C1', 'COC1=CC=CC(I)=C1NC(=O)OC(C)(C)C', 'IC1=CC=C(NC(=O)OCC2=CC=CC=C2)C=C1', 'COC1=C(I)C(C)=CC(Cl)=C1', 'OC1=CC=C(OC2=CC=C(I)C=C2)C=C1', 'IC1=CC=C(OC2=CC=CC=C2)C=C1', 'IC1=CC=C(OCCN2CCCC2=O)C=C1', 'COC(=O)C1=C(N)C(I)=CC(Cl)=C1', 'OC(=O)C1=C(NC2=CC=C(I)C=C2Cl)C(F)=C(F)C=C1', 'IC1=C(C=CC=C1)C(=O)NCC1=CC=CC=C1', 'CC1=CC=C(I)C=C1C1=CC(I)=CC=C1C', 'COC1=CC(=C(I)C=C1)C(F)(F)F', 'ClC1=CC(Cl)=C(COC2=CC=C(I)C=C2)C=C1', 'IC1=CC=C(OCC2CC2)C=C1', 'COC(=O)C1=CC(NC(=O)C2=CC=CC=C2I)=CC=C1', 'OCC1=CC(I)=C(CO)C=C1I', 'IC1=CC=C(OCCN2CCCC2)C=C1', 'COC(=O)C1=CC=C(I)C(N)=C1', 'COC1=CC(B(O)O)=C(I)C=C1', 'NC1=C(I)C=C(Br)C(=C1)C(F)(F)F', 'CC1=CC(I)=CC(I)=C1N', 'OC1=CC=C(C=C1I)C1=CC=C(C=C1)C#N', 'IC1=CC=C(NC2=CC=C(I)C=C2)C=C1', 'CC(=O)NC1=C(C=C(I)C=C1)C(F)(F)F']"
6,"[1.0496284562146503, 0.890544908179314]",2.5063650487593296,"['CC(=O)C1=C(N)C(I)=CC(Br)=C1', 'CN(C)C1=CC=C(C=C1)\\N=N\\C1=CC=C(I)C=C1']","['ClC1=CC=C(OC2=CC=C(I)C=C2)C=C1', 'COC(=O)C1=C(I)C=CC(OC)=C1', 'COC1=CC(C=O)=CC(I)=C1O', 'COC1=CC=CC(C)=C1I', 'CCOC1=CC=C(C=C1)C(O)C1=CC(I)=CC=C1Cl', 'COC(=O)C1=C(I)C=C(OC)C(OC)=C1', 'OC1=CC=C(I)C=C1C(F)(F)F', 'IC1=C(C=CC=C1)C(=O)NC1CCCC1', 'CC1=CC=C(C=C1I)C(N)=N', 'NC(=O)C1=CN=C(OC2=CC=C(I)C=C2)C=C1', 'FC1=CC(I)=CC=C1NC(=O)NC1CC1', 'CCOC1=C(O)C(I)=CC(C=O)=C1', 'OC(=O)C1=C(NC2=CC=C(I)C=C2F)C=NC=C1', 'BrC1=C(OC2=C(I)C=CC=C2)C=CC(=C1)C#N', 'OC1=C(I)C=C(C=O)C=C1I', 'COC1=C(OC)C(I)=CC(C=O)=C1', 'OC(=O)C(=O)CC1=CC(I)=C(O)C(I)=C1', 'CC1=CC(I)=C(CO)C=C1C', 'CN(C(=O)C1=C(I)C=CC=C1)C1=CC=C(C)C=C1', 'IC1=CC=C(NC(=O)NCC2=CC=CC=C2)C=C1', 'CC(C)(C)C1=CC(I)=CC=C1O', 'CC(C)(C)OC(=O)NC(CC1=CC(I)=CC=C1F)C(O)=O', 'CC(C)OC1=CC=C(I)C=C1Br', 'NC1=C(I)C=CC(Br)=C1']"
7,"[-0.6746475979334894, -0.2027716364082871]",2.6903173327290584,"['COC1=CC(OC)=C(I)C(C=O)=C1', 'COC1=CC(N)=C(C=C1I)C(O)=O']","['CCOP(=O)(CC1=CC=C(I)C=C1)OCC', 'COC1=CC(I)=C(N)C=C1', 'COC1=CC([C@@H](O)C(C)(C)C)=C(C=C1I)N(=O)=O', 'CC1=C(I)C=CC(O)=C1', 'FC(F)(F)C(=O)CC1=CC=C(I)C=C1', 'NC1=C(I)C=CC=C1C(O)=O', 'CCCCCC1=CC=C(C=C1)C1=CC=C(I)C=C1', 'OCC1=C(I)C=CC(F)=C1', 'IC1=CC=CC2=CC3=C(C=C12)C(I)=CC=C3', 'NC1=C(Br)C=CC=C1I', 'COC1=CC(Br)=C(OC)C=C1I', 'COC(=O)C1=CC=CC(I)=C1N', 'NC1=CC=C(C=C1)S(=O)(=O)NC1=CC=C(I)C=C1', 'COC(=O)C1=CC(N)=CC=C1I', 'COC(=O)C1=C(N)C(I)=CC(F)=C1', 'OC1=C(F)C=C(I)C=C1I', 'NC1=C(I)C=CC(=C1)C(O)=O', 'COC(=O)C1=C(I)C=CC=C1OC', 'COC1=C(C)C(I)=CC=C1C', 'CC(=O)C1=CC(I)=C(O)C=C1', 'COC(=O)C1=C(OC)C=C(C)C(I)=C1', 'CCOC(=O)C1=CC2=CC=CC=C2C=C1I']"
8,"[0.7520876450433205, 0.26888320368432606]",2.901891236695793,"['[H][C@@](CC1=CC=C(I)C=C1)(NC(=O)OCC1=CC=CC=C1)C(O)=O', 'C[C@@H]1CN(CCN1S(=O)(=O)C1=CC=C(I)C=C1)C(=O)C1=CC=CC=C1']","['OC1=C(I)C2=CC=CC=C2C=C1', 'COC(=O)C1=C(OC)C=C(F)C(I)=C1', 'COC(=O)C1=CC=C(N)C(I)=C1Cl', 'COC1=CC(N)=C(I)C=C1C(O)=O', 'COC(=O)C1=C(Cl)C=C(C)C(I)=C1', 'COC(=O)C1=C(C)C(I)=CC=C1', 'CC1=CC(N)=C(I)C=C1', 'NNC(=O)CNC1=CC=C(I)C=C1', 'COC1=CC(F)=C(I)C=C1', 'CC(=O)C1=CC(Cl)=C(C)C(I)=C1O', 'COC(=O)C1=CC(I)=C(N)C(=C1)N(=O)=O', 'COC(=O)C1=CC(I)=C(C)C=C1C', 'NC1=C(I)C(Cl)=C(Cl)C=C1', 'OC1=CC2=C(C=CC=C2I)C=C1', 'FC1=C(I)C=CC(I)=C1', 'CC1=C(F)C=C(F)C(I)=C1', 'OC(=O)C1=CC=CC2=CC=CC(I)=C12', 'COC1=CC(O)=C(C=O)C=C1I', 'COC1=CC=C(I)C(N)=C1', 'NC1=CC=C(O)C=C1I', 'CC1=CC(I)=CC(C(O)=O)=C1N']"
9,"[0.8136930885597269, 1.0184095298961169]",3.09291888968642,"['IC1=CC=C(C=C1)N1C(=O)C=CC1=O', 'BrC1=CC2=CC=C(I)C=C2C=C1']","['IC1=CC=CC(=C1)C1=CC=CC=C1', 'COC1=CC=C(I)C=C1C(O)=O', 'CC(C)S(=O)(=O)N[C@@H]1CCOC[C@H]1C1=CC=C(I)C=C1', 'IC1=CC=C(C=C1)C(=O)N1CCOCC1', 'OC(=O)CCCCC(=O)C1=CC=C(I)C=C1', 'OC(=O)CCCCC1=CC=C(I)C=C1', 'OC(=O)CCC1=NN=C(O1)C1=CC=CC=C1I', 'CC(=O)NC(CC1=CC=C(I)C=C1)C(O)=O', 'CCCNC(=O)C1=CC=CC=C1I', 'CC(C)(C)OC(=O)NCC1=CC=CC(I)=C1', 'COC(=O)C1(CC1)C1=CC=C(I)C=C1', 'ClCC1=CC(I)=C(CCl)C=C1', 'IC1=C(C=CC=C1)C1=CC=CC=C1', 'BrC1=CN=C(OC2=CC=C(I)C=C2)N=C1', 'CC(C)S(=O)(=O)N[C@H]1CCOC[C@@H]1C1=CC=C(I)C=C1', 'IC1=CC=CC(=C1)C(=O)C1=CC=CC=C1', 'IC1=CC=CC(CN2CCCC2)=C1', 'IC1=C(C=CC=C1)C(=O)N1CCCC1', 'CS(=O)(=O)NC1=CC=C(I)C=C1', 'IC1=CC=C(C=C1)C(=O)NCC1=CC=CC=C1']"
