,obj_values ['rate'],Vendi_score,eval_samples,cut_samples
0,"[-0.8752285665333936, 1.0956830183236261]",1.3143158871570397,"['CC(=O)NC1=C(F)C=C(I)C=C1', 'CC(C)S(=O)(=O)N[C@@H]1CCOC[C@H]1C1=CC=C(I)C=C1']",[]
1,"[-0.04373062705226771, 0.646547735564274]",1.5188157281195156,"['CCNC(=O)C1=CC=CC=C1I', 'ClC1=CC(CBr)=C(I)C=C1']","['CC(=O)NC(CC1=CC=C(I)C=C1)C(O)=O', 'COC(=O)C1(CC1)C1=CC=C(I)C=C1', 'IC1=CC=C(NC(=O)OCC2=CC=CC=C2)C=C1', 'CC(=O)NC1=C(C=C(I)C=C1)C(F)(F)F', 'IC1=CC=C(OCC2=CC=NC=C2)C=C1', 'NC(CC1=CC=C(I)C=C1)C(O)=O', 'OC(=O)CCCCC1=CC=C(I)C=C1', 'ClC1=CC=C(OC2=CC=C(I)C=C2)C=C1', 'NC(=O)C1=CN=C(OC2=CC=C(I)C=C2)C=C1', 'CS(=O)(=O)NC1=CC=C(I)C=C1', 'CCOP(=O)(CC1=CC=C(I)C=C1)OCC', 'CCOC(=O)CC1=CC(I)=CC=C1', 'CON(C)C(=O)C1=CC=C(I)C=C1', 'IC1=CC=C(OC2=CC=CC=C2)C=C1', 'CC1(C)COB(OC1)C1=CC=C(I)C=C1', 'IC1=CC=C(C=C1)C(=O)N1CCOCC1', 'IC1=CC=C(OCC2CC2)C=C1', 'CC(=O)OC1=CC=C(I)C=C1', 'NCCC1=CC=C(I)C=C1', 'OC1=CC=C(OC2=CC=C(I)C=C2)C=C1', 'CCOC1=CC=C(C=C1)C(O)C1=CC(I)=CC=C1Cl', 'IC1=CC=C(OCC#N)C=C1', 'IC1=CC=CC(CN2CCCC2)=C1', 'CC(C)(C)OC(=O)NC(CC1=CC(I)=CC=C1F)C(O)=O', 'CC(C)(C)OC(=O)NCC1=CC=CC(I)=C1', 'IC1=CC=C(OCC2=CC=CN=C2)C=C1', 'IC1=CC=CC(=C1)C1=CC=CC=C1', 'FC1=CC(I)=CC=C1NC(=O)NC1CC1', 'IC1=CC=C(OCCN2CCCC2=O)C=C1', 'CC(=O)NC1=C(OC(F)(F)F)C=C(I)C=C1', 'CC(C)S(=O)(=O)N[C@H]1CCOC[C@@H]1C1=CC=C(I)C=C1']"
2,"[1.2238097735332922, 0.6407268000820044]",1.9191451642252308,"['BrCC1=C(I)C=CC(Br)=C1', 'CC1=CC(=CC=C1I)C(O)=O']","['CC1=CC=C(I)C=C1Br', 'IC1=C(C=CC=C1)C(=O)NC1CCCC1', 'CON(C)C(=O)C1=C(I)C=C(Cl)C=C1', 'CCCNC(=O)C1=CC=CC=C1I', 'FC(F)C1=C(I)C=CC=C1', 'ClCC1=C(I)C=CC=C1', 'CCOC(=O)CC1=C(I)C=CC=C1', 'OC(=O)CNC(=O)C1=C(I)C=CC=C1', 'IC1=C(C=CC=C1)C1=CC=CC=C1', 'CNC(=O)C1=CC=CC=C1I', 'ClCC1=CC(I)=C(CCl)C=C1', 'ClC1=CC=C(CBr)C(I)=C1', 'IC1=C(C=CC=C1)C(=O)N1CCCC1', 'CC1=C(Cl)C=C(I)C=C1', 'CC(C)(C)OC(=O)C1=C(I)C=CC=C1', 'NC(=O)C1=C(I)C=CC=C1', 'CC1=CC=C(C=C1I)C(N)=N', 'NC(=O)C1=C(I)C=CC(Br)=C1F', 'OCC1=C(Cl)C=CC=C1I', 'CC1=C(I)C=CC=C1CC#N', 'COC(OC)C1=C(I)C=CC=C1', 'IC1=CC=CC=C1CN1C=NC=N1', 'NC(=O)C1=C(Cl)C=CC=C1I', 'COC1=CC=C(I)C(C(O)=O)=C1F', 'IC1=C(C=CC=C1)C(=O)NCC1=CC=CC=C1', 'OCC1=C(I)C=C(F)C=C1', 'OCC1=C(Cl)C=CC(I)=C1', 'OC(=O)CC1=C(I)C=C(Cl)C=C1', 'CC1=CC=C(I)C(C(O)=O)=C1F', 'COC(=O)CC1=C(I)C=CC=C1']"
3,"[1.181061166899568, 0.4979598744353937]",2.0993033194377753,"['BrC1=CC=C(C=C1)C(=O)C1=C(I)C=CC=C1', 'CC1=C(I)C(=CC(Br)=C1)C(O)=O']","['CC1=CC(Br)=C(C)C=C1I', 'ClCC1=CC=C(I)C=C1', 'IC1=CC(CC#N)=CC=C1', 'IC1=CC(=CC=C1)N1C=CN=N1', 'CCC1=C(Br)C=CC(I)=C1', 'CC1=CC=CC(I)=C1CO', 'FC(F)(F)C1=C(I)C=CC(Br)=C1', 'BrC(C1=CC=CC=C1)C1=C(I)C=CC=C1', 'OCC1=CC(I)=C(CO)C=C1I', 'CC1=CC(C)=C(I)C=C1I', 'OC(=O)CCC1=CC=CC=C1I', 'CC1=CC(Br)=CC(I)=C1', 'CC(C)C1=C(I)C=CC(Br)=C1', 'OC(=O)C1(CC1)C1=C(I)C=CC=C1', 'COC1=C(C(O)=O)C(I)=CC=C1', 'OCC1=C(I)C=C(Cl)C=C1', 'OC(=O)CC1=CC=CC=C1I', 'COC(=O)C1=C(I)C=CC=C1OC', 'CC(C)OC1=CC=C(I)C=C1Br', 'NC(=O)CC1=C(I)C=CC=C1', 'CC(Br)C(=O)N(C)C1=CC=C(I)C=C1', 'CC1=CC(Br)=CC=C1I', 'IC1=CC=CC=C1C1=CC=CC=C1I', 'COC(=O)C1=C(C)C(I)=CC=C1', 'BrCC1=CC(I)=CC=C1', 'FC(F)(F)C1=C(Cl)C=CC(I)=C1', 'CC1=CC(I)=C(CO)C=C1', 'NNC(=O)C1=CC=C(I)C=C1']"
4,"[1.1134685538660583, 0.6193182634195539]",2.2514742633028173,"['CC(C)(C)OC(=O)N(C(=O)OC(C)(C)C)C1=CC=CC=C1I', 'CC1=CC=C(I)C=C1C1=CC(I)=CC=C1C']","['COC(=O)C1=CC=CC(C)=C1I', 'CC1=CC=C(C(O)=O)C(I)=C1', 'COC1=CC=C(C(N)=O)C(I)=C1', 'COC(=O)C1=C(I)C=C(Br)C=C1', 'OC(=O)CCC1=NN=C(O1)C1=CC=CC=C1I', 'FC(F)(F)C(=O)NC1=CC=CC=C1I', 'CCOC(=O)C1=CC(I)=C(C)C=C1', 'COC(=O)C1=C(Cl)C=C(C)C(I)=C1', 'FC(F)(F)C(=O)CC1=CC=C(I)C=C1', 'CN(C(=O)C1=C(I)C=CC=C1)C1=CC=C(C)C=C1', 'OB(O)C1=CC=C(I)C=C1', 'CC1=C(F)C=C(F)C=C1I', 'OB(O)C1=CC(I)=CC=C1', 'IC1=CC=CC=C1C(=O)C1=CC=CC=C1', 'CCOC(=O)CC(=O)C1=C(I)C=CC=C1', 'COC(=O)C1=C(I)C=CC=C1O', 'COC(=O)C1=CC=CC=C1I', 'CC1=C(C)C(I)=C(C=C1)C(O)=O', 'CC1=C(I)C=C(C=C1F)C(O)=O', 'COC1=C(C)C(I)=CC=C1C', 'OC(=O)C1=C(NC(=O)C2=C(I)C=CC=C2)C=CC=C1', 'COC(=O)C1=C(I)C=CC(OC)=C1', 'COC(=O)C1=C(CBr)C(I)=CC=C1', 'CC1=C(Br)C(F)=CC(I)=C1', 'CC(C)(C)OC(=O)C1=C(Br)C=C(I)C=C1', 'CCOC(=O)C1=C(I)C=CC(Br)=C1']"
5,"[0.7520876450433205, 0.26888320368432606]",2.5616421490468766,"['[H][C@@](CC1=CC=C(I)C=C1)(NC(=O)OCC1=CC=CC=C1)C(O)=O', 'C[C@@H]1CN(CCN1S(=O)(=O)C1=CC=C(I)C=C1)C(=O)C1=CC=CC=C1']","['OB(O)C1=C(I)C=CC(OCC2=CC=CC=C2)=C1', 'BrC1=C(OC2=C(I)C=CC=C2)C=CC(=C1)C#N', 'BrC1=CN=C(OC2=CC=C(I)C=C2)N=C1', 'ClC1=CC=C(C=C1)C1=CC=C(I)C=C1', 'FC(F)(F)C(F)(C1=CC=C(I)C=C1)C(F)(F)F', 'CC1(C)OB(OC1(C)C)C1=CC(O)=CC=C1I', 'OC1=CC=C(I)C=C1C(F)(F)F', 'CC(Cl)C(=O)NC1=CC=CC=C1I', 'COC1=CC(I)=C(NC(=O)OC(C)(C)C)C=C1', 'CCNC(=O)C1=CC(OCC)=C(I)C=C1', 'IC1=CC(I)=CC=C1', 'COC(=O)C1=C(I)C=C(OC)C(OC)=C1', 'COC1=CC(=C(I)C=C1)C(F)(F)F', 'CNS(=O)(=O)C1=CC=C(I)C=C1', 'COC1=CC(I)=CC=C1I', 'ClC1=CC(Cl)=C(COC2=CC=C(I)C=C2)C=C1', 'C[C@H](O)C1=C(I)C=CC(F)=C1', 'NC1(CC1)C1=CC=C(I)C=C1', 'CC1=C(I)C=C(CO)C=C1', 'FC(F)(F)OC1=C(I)C=C(Br)C=C1', 'OCC1=C(Cl)C=C(I)C=C1Cl', 'CCCC1=C(I)C=CC=C1', 'COC1=C(Cl)C=CC(I)=C1', 'COC(=O)C1=CC(NC(=O)C2=CC=CC=C2I)=CC=C1', 'CC(C)(O)C1=C(I)C=CC=C1']"
6,"[1.20915723585692, -0.4571776059528941]",2.7059565528701413,"['BrCC1=CC=C(I)C=C1Br', 'BrCC1=C(I)C(Br)=CC=C1']","['OC(=O)CCCCC(=O)C1=CC=C(I)C=C1', 'CCOC(=O)C1=CC2=CC=CC=C2C=C1I', 'IC1=CC=CC(=C1)C(=O)C1=CC=CC=C1', 'NCC1=CC=CC=C1I', 'COC(=O)C1=CC(I)=C(C)C=C1C', 'COC1=CC=CC(I)=C1NC(=O)OC(C)(C)C', 'OCC1=C(I)C=CC(F)=C1', 'IC1=CC=C(CC#C)C=C1', 'ClCC(=O)NC1=CC=CC=C1I', 'CC1=CC(I)=C(CO)C=C1C', 'CCOC(=O)C1=CC=C(I)C=C1F', 'CCCCCC1=CC=C(C=C1)C1=CC=C(I)C=C1', 'IC1=CC=C(C=C1)C(=O)NCC1=CC=CC=C1', 'NC1=CC=C(C=C1)S(=O)(=O)NC1=CC=C(I)C=C1', 'CC1=CC(I)=CC(C)=C1F', 'CC(C)(C)C(=O)NC1=CC=C(Cl)C=C1I', 'CS(=O)(=O)C1=CC=CC(I)=C1', 'CC1=CC(I)=CC(F)=C1', 'CCC1=CC=C(I)C=C1', 'CC(=O)CCC1=CC=C(I)C=C1', 'FC(F)(F)COC1=CC(=CC=C1I)C(=O)N1CCOCC1', 'NS(=O)(=O)C1=CC=C(I)C=C1', 'IC1=C(OCC2=CC=CC=C2)C=CC=C1', 'NCC1=CC(I)=CC=C1']"
7,"[-0.6207968996684788, 0.4963810077188251]",2.8383563496348785,"['CCC1=CC(Br)=CC(CC)=C1I', 'IC1=CC=C(C#N)C(I)=C1']","['CC1=CC(Br)=C(I)C=C1Cl', 'CC1=CC=CC(I)=C1Cl', 'OCC1=CC=CC(Br)=C1I', 'FC1=CC=CC(I)=C1Br', 'CC1=C(Br)C=CC(I)=C1Cl', 'COP(=S)(OC)OC1=CC(Cl)=C(I)C=C1Cl', 'CC(C)(C)C1=CC(I)=C(Br)C=C1', 'CC1=C(Cl)C=C(I)C=C1Cl', 'FC1=C(C=C(I)C=C1)C(F)(F)F', 'OC(=O)C1=C(I)C(Br)=CC=C1', 'CCOC(=O)C1=CC(I)=CC(Br)=C1', 'COC1=CC(Br)=CC(I)=C1', 'CC(C)(C)C1=CC=C(I)C(Br)=C1', 'NS(=O)(=O)C1=CC=CC(I)=C1', 'ClC1=CC=C(Br)C=C1I', 'CCC1=CC(Br)=C(I)C=C1', 'BrC1=C(Br)C=C(I)C=C1', 'CC(C)C1=CC=C(I)C(Br)=C1', 'OS(=O)(=O)C1=CC=CC(I)=C1', 'CC1=CC(Br)=C(I)C=C1', 'FC(F)(F)OC1=CC=CC=C1I', 'FC(F)C1=CC=C(I)C=C1']"
8,"[1.0184095298961169, 0.7197935221360662]",2.9300425702471697,"['BrC1=CC2=CC=C(I)C=C2C=C1', 'CC1=CC=CC(I)=C1C=O']","['OC(=O)C1=C(I)C=CC(Br)=C1', 'CC1=C(C=C(I)C=C1Cl)C(O)=O', 'IC1=CC=C(C=C1)C1=NC=CO1', 'COC1=C(I)C=C(C=C1I)C#N', 'CC1=CC(I)=C(C)C=C1', 'FC(F)(F)C1=CC(=C(I)C=C1)C(F)(F)F', 'CNCC1=C(I)C=CC=C1', 'FC1=C(Cl)C=C(I)C=C1Cl', 'OC(=O)C1=CC=CC(I)=C1Cl', 'CC1=CC(Cl)=CC(Cl)=C1I', 'OC(=O)C1=C(Br)C(I)=CC=C1', 'COC1=C(I)C=CC(=C1)C(F)(F)F', 'OC1=C(F)C=C(I)C=C1I', 'BrC1=CC=CC=C1I', 'OS(=O)(=O)C1=CC=C(I)C=C1', 'CC(C)(C)OC(=O)C1=CC(I)=CC=C1', 'COC(=O)C1=CC=C(I)C=C1', 'FC1=CC(I)=CC=C1C(F)(F)F', 'CC1=CC(Cl)=C(I)C=C1C', 'FC1=C(Cl)C=C(I)C=C1', 'CCOC1=C(I)C=CC(=C1)C(=O)N1CCOCC1']"
9,"[0.9769085460682799, 0.9598920574896976]",3.1384746346653434,"['FC1=C(F)C(NC2=CC=C(I)C=C2Cl)=C(C=C1)C(=O)NOCC1CC1', 'BrC1=CC(I)=C(I)C=C1']","['COC(=O)C1=C(N)C=CC=C1I', 'OC(=O)C1=CC(Cl)=CC=C1I', 'CC(=O)C1=CC(I)=CC=C1', 'CCC1=CC=C(I)C=C1C(O)=O', 'CC1=C(C=CC=C1I)C#N', 'OC(=O)C1=CC=CC2=CC=CC(I)=C12', 'COC(=O)C1=C(Cl)C(O)=C(I)C=C1', 'CC1=CC(C)=C(I)C=C1C(O)=O', 'COC(=O)C1=C(O)C=C(I)C(Cl)=C1', 'CC(C)(C)C1=C(I)C=CC=C1', 'OC1=CC=C(Cl)C=C1\\C=C\\C1=C(I)C=CC=C1', 'CC1=CC(C(O)=O)=C(I)C=C1', 'FC1=C(Cl)C=CC(I)=C1C=O', 'OC(=O)CCC1=CC(I)=C(O)C(I)=C1', 'CC1=CC=C(I)C=C1', 'CC1=C(I)C=CC=C1', 'ClC1=CC2=C(C=C1)C=C(I)C=C2', 'COC1=C(I)C=C(N)C=C1I', 'OC(=O)C1=CC=CC(I)=C1', 'CC1=CC(=CC(I)=C1)C(O)=O']"
