,obj_values ['rate'],Vendi_score,eval_samples,cut_samples
0,"[-0.08736557777953258, 0.8079068995209806]",1.7256191339356945,"['COC1=C(I)C=C(C=C1)C(O)=O', 'BrCC1=C(I)C(=CC=C1)N(=O)=O']",[]
1,"[1.205969972532665, 0.16333255109768174]",1.8712432801720043,"['OC(=O)C1=CC=CC(=C1I)N(=O)=O', 'OC(=O)C1=C(I)C=C(C=C1)C#N']","['COC1=C(I)C=CC(=C1)C(F)(F)F', 'COC(=O)C1=CC(I)=C(F)C=C1', 'CC1=CC(I)=C(F)C=C1', 'COC1=C(I)C=C(C(O)=O)C(F)=C1', 'CC1=C(O)C(I)=CC(Cl)=C1', 'NC1=C(F)C=C(C=C1I)C#N', 'OC(=O)C1=CC=C(O)C(I)=C1', 'COC1=C(I)C(Cl)=C(Cl)C=C1', 'NC1=C(Cl)C=C(C=C1I)C(F)(F)F', 'COC1=CC(OC)=C(I)C=C1Cl', 'COC1=C(I)C=C(Br)C=C1', 'COC(=O)C1=CC(I)=C(N)C=C1Cl', 'IC1=C(OC2CC2)C=CC=C1', 'COC1=CC(I)=C(F)C=C1Cl', 'OC1=C(I)C=CC=C1Cl', 'FC1=C(I)C=CC(=C1)C1CC1', 'COC(=O)C1=C(Cl)C(O)=C(I)C=C1', 'CCOC1=CC=C(I)C(F)=C1F', 'COC1=CC=C(I)C(C(O)=O)=C1F', 'COC1=C(F)C=CC=C1I', 'FC(F)(F)OC1=CC=CC=C1I', 'IC1=C(OCC2=CC=CC=C2)C=CC=C1', 'CCOC(=O)C1=CC(I)=C(O)C(I)=C1', 'CC1=CC(I)=C(O)C=C1Cl', 'OC(=O)C1=CC(I)=C(O)C(I)=C1', 'CCOC(=O)C1=CC(I)=C(OC)C=C1', 'CCOC(=O)COC1=CC=CC=C1I', 'NC(=O)C1=CC(O)=C(I)C=C1', 'COC1=CC=C(C=C1I)C#N', 'FC(F)(F)C(=O)NC1=CC=CC=C1I', 'OC1=CC(Cl)=C(F)C=C1I']"
2,"[0.5111620607467443, 1.0118224525811321]",2.1510599878388392,"['CC1=CC(=C(I)C(Br)=C1)N(=O)=O', 'FC(F)(F)C1=C(I)C(Br)=CC=C1']","['CC1=C(I)C=C(Cl)C(=C1)N(=O)=O', 'FC1=CC=CC(I)=C1C#N', 'ClC1=CC(=CC=C1I)N(=O)=O', 'COC1=C(OC)C(I)=CC(C=O)=C1', 'CC1=CC(C(O)=O)=C(I)C=C1', 'COC1=C(I)C=C(C=C1I)C#N', 'OC(=O)C1=CC=CC(=C1I)C(F)(F)F', 'OC(=O)C1=C(I)C=C(F)C(F)=C1', 'ClC1=C(I)C=C(C=O)C=C1', 'CC(C)C1=CC=C(I)C(=C1)N(=O)=O', 'ClC1=C(I)C(=CC=C1)N(=O)=O', 'FC1=C(Cl)C=CC(I)=C1C=O', 'IC1=C(C=CC=C1C#N)C#N', 'COC(=O)C1=CC=CC=C1I', 'CC1=C(C(I)=CC=C1)N(=O)=O', 'CC1=C(C=CC=C1I)C#N', 'OC(=O)C1=CC(OC(F)(F)F)=C(I)C=C1', 'CC1=C(I)C=CC=C1N(=O)=O', 'CC1=C(C(F)=CC=C1I)N(=O)=O', 'FC(F)(F)C1=C(I)C=CC(=C1)C#N', 'OC(=O)C1=CC=CC(C(O)=O)=C1I', 'OC(=O)C1=CC=C(I)C(=C1)C(F)(F)F', 'OC(=O)C1=CC(I)=C(C=C1)C(F)(F)F', 'OC1=CC(I)=C(C=C1)N(=O)=O', 'CCOC(=O)C1=CC(I)=C(C=C1)C#N', 'COC(=O)C1=C(Cl)C=C(C)C(I)=C1', 'IC1=C(C=CC=C1N(=O)=O)N(=O)=O', 'OC(=O)C1=CC(Cl)=CC=C1I', 'OC(=O)CCC1=NN=C(O1)C1=CC=CC=C1I', 'OCC1=CC(=C(I)C=C1)N(=O)=O']"
3,"[0.4592475894180943, 0.6702486479290919]",2.3255344545087118,"['OC(=O)C1=CC(Cl)=C(I)C(Cl)=C1', 'ClC1=CC(=CC(Cl)=C1I)N(=O)=O']","['CC1=CC(Br)=C(I)C=C1', 'COC(=O)C1=C(CBr)C(I)=CC=C1', 'CCOC(=O)C1=C(I)C=CC(Br)=C1', 'COC1=C(I)C(=CC=C1)N(=O)=O', 'OC(=O)C1=C(Br)C(I)=CC=C1', 'BrC1=CC=CC=C1I', 'COC(=O)C1=C(O)C=C(I)C(Cl)=C1', 'COC(=O)C1=CC(I)=C(Cl)C=C1C', 'BrC1=C(C=C(I)C=C1)C#N', 'OC(=O)C1=C(I)C(Br)=CC=C1', 'ClC1=C(I)C=C(C=C1)C#N', 'CC1=C(I)C=C(C=C1F)C(O)=O', 'BrC1=C(C=CC=C1I)C#N', 'OC(=O)C1=C(I)C=CC(Br)=C1', 'BrC1=C(I)C=C(C=O)C=C1', 'CC1=CC=C(C(O)=O)C(I)=C1', 'COC(=O)C1=CC(I)=C(Cl)C=C1', 'CC(=O)C1=CC(I)=C(Br)C=C1', 'FC1=CC=CC(I)=C1Br', 'FC1=C(C=C(Br)C=C1I)C#N', 'CCC1=CC(Br)=C(I)C=C1', 'FC(F)(F)C1=C(Br)C(I)=CC=C1', 'CCOC(=O)CC(=O)C1=C(I)C=CC=C1', 'IC1=CC=CC=C1C(=O)C1=CC=CC=C1', 'OC(=O)C1=C(F)C=C(Cl)C(I)=C1', 'COC(=O)C1=C(I)C=C(Br)C=C1', 'OC(=O)C1=CC=CC(I)=C1Cl', 'CC1=CC(Br)=C(I)C=C1Cl']"
4,"[1.1169494519707404, 0.5974832940641435]",2.5759580643570037,"['COC(=O)C1=CC=CC(C)=C1I', 'OC(=O)C1(CC1)C1=C(I)C=CC=C1']","['CC1=CC(Cl)=C(I)C=C1C', 'ClC1=CC(Br)=C(I)C(Cl)=C1', 'ClC1=CC=CC=C1I', 'ClC1=CC(Br)=CC(Cl)=C1I', 'COC1=CC=CC(Br)=C1I', 'CC1=CC=CC(I)=C1Cl', 'ClCC1=CC(I)=C(CCl)C=C1', 'FC(F)(F)C1=CC(Cl)=C(I)C(Cl)=C1', 'ClC1=CC=C(Br)C=C1I', 'CC(C)C1=CC=C(I)C(Br)=C1', 'FC1=CC(Cl)=C(I)C(Cl)=C1', 'CC1=CC(Cl)=CC(Cl)=C1I', 'ClC1=CC(Br)=C(I)C=C1Cl', 'FC1=CC(Cl)=C(I)C=C1', 'CC(C)(C)C1=CC=C(I)C(Br)=C1', 'ClC1=CC(CBr)=C(I)C=C1', 'ClC1=CC(Cl)=C(I)C=C1', 'FC1=CC(I)=C(Cl)C=C1', 'FC(F)(F)C1=CC(I)=C(Cl)C=C1', 'CC1=C(Br)C=CC(I)=C1Cl', 'OCC1=CC=CC(Br)=C1I', 'FC(F)(F)OC1=C(I)C=C(Br)C=C1', 'ClC1=CC=CC(Br)=C1I', 'OC(=O)C1=C(I)C(I)=CC(I)=C1', 'FC(F)(F)C1=CC(I)=C(Br)C=C1', 'FC1=CC(Br)=C(I)C=C1F']"
5,"[0.33603749230526786, 0.5108685380226708]",2.7010982834419903,"['CC1=CC=CC(C)=C1I', 'CC1=C(C)C(I)=C(C=C1)C(O)=O']","['CC1=CC=CC(Cl)=C1I', 'NC(=O)C1=C(I)C=CC=C1', 'IC1=C(C=CC=C1)C1=CC=CC=C1', 'OC(=O)CC1=CC=CC=C1I', 'FC(F)C1=C(I)C=CC=C1', 'CCCNC(=O)C1=CC=CC=C1I', 'NC(=O)CC1=C(I)C=CC=C1', 'COC(=O)C1=C(C)C(I)=CC=C1', 'CC1=CC=C(I)C(C(O)=O)=C1F', 'COC(OC)C1=C(I)C=CC=C1', 'CCNC(=O)C1=CC=CC=C1I', 'OCC1=C(Cl)C=CC=C1I', 'CCOC(=O)CC1=C(I)C=CC=C1', 'OC(=O)CC1=C(I)C=C(Cl)C=C1', 'IC1=CC=CC=C1CN1C=NC=N1', 'COC(=O)CC1=C(I)C=CC=C1', 'OC(=O)CNC(=O)C1=C(I)C=CC=C1', 'NC(=O)C1=C(Cl)C=CC=C1I', 'CC1=CC=C(C=C1I)C(N)=N', 'ClCC1=C(I)C=CC=C1', 'OCC1=C(I)C=C(Cl)C=C1', 'CNC(=O)C1=CC=CC=C1I', 'CON(C)C(=O)C1=C(I)C=C(Cl)C=C1', 'IC1=C(C=CC=C1)C(=O)NC1CCCC1', 'ClC1=CC=C(CBr)C(I)=C1']"
6,"[-0.6207968996684788, -0.4571776059528941]",2.8175630984753743,"['CCC1=CC(Br)=CC(CC)=C1I', 'BrCC1=C(I)C(Br)=CC=C1']","['CCCC1=C(I)C=CC=C1', 'CC1=C(I)C(=CC(Br)=C1)C(O)=O', 'OC(=O)CCC1=CC=CC=C1I', 'CC1=CC(I)=C(CO)C=C1', 'OCC1=C(I)C=C(F)C=C1', 'COC(=O)C1=C(I)C=CC(OC)=C1', 'IC1=C(C=CC=C1)C(=O)N1CCCC1', 'CC1=CC(I)=C(C)C=C1', 'COC1=C(C)C(I)=CC=C1C', 'OC(=O)C1=CC=CC2=CC=CC(I)=C12', 'C[C@H](O)C1=C(I)C=CC(F)=C1', 'NCC1=CC=CC=C1I', 'IC1=CC=CC=C1C1=CC=CC=C1I', 'CC1=C(I)C=CC=C1CC#N', 'CC1=C(I)C=CC=C1', 'CC1=CC(=CC(C)=C1I)C#N', 'OCC1=C(I)C=CC(F)=C1', 'CC1=C(F)C=C(F)C=C1I', 'CC(=O)OC1=CC(C)=C(I)C(C)=C1', 'CC(C)(O)C1=C(I)C=CC=C1', 'CC(C)(C)OC(=O)C1=C(I)C=CC=C1', 'CC1=CC(C)=C(I)C=C1I', 'CC1=CC=CC(I)=C1CO', 'CC1=C(I)C=C(CO)C=C1']"
7,"[1.198684809188364, -0.6836597041070778]",2.951145396420576,"['FC1=CC(I)=C(C=C1)C#N', 'OC1=CC(I)=C(Cl)C=C1']","['CC1=CC(C)=C(I)C=C1C(O)=O', 'CC1=CC(Br)=C(C)C=C1I', 'FC(F)(F)C1=C(I)C=CC(Br)=C1', 'CC1=CC(F)=CC(C)=C1I', 'CC(Cl)C(=O)NC1=CC=CC=C1I', 'CC(C)(C)C1=CC(I)=C(Br)C=C1', 'FC1=CC=CC(CBr)=C1I', 'CC(C)C1=C(I)C=CC(Br)=C1', 'BrC1=C(OC2=C(I)C=CC=C2)C=CC(=C1)C#N', 'IC1=C(C=CC=C1)C(=O)NCC1=CC=CC=C1', 'BrCC1=C(I)C=CC(Br)=C1', 'BrC(C1=CC=CC=C1)C1=C(I)C=CC=C1', 'CC1=CC(I)=C(CO)C=C1C', 'CC1=CC(C)=C(I)C(C)=C1', 'CC1=CC(Br)=CC=C1I', 'CCOC(=O)C1=CC(I)=C(C)C=C1', 'CC(C)(C)C1=C(I)C=CC=C1', 'ClCC(=O)NC1=CC=CC=C1I', 'CNCC1=C(I)C=CC=C1', 'OCC1=CC(I)=C(CO)C=C1I', 'NC(=O)C1=C(I)C=CC(Br)=C1F', 'COC1=C(C=C(Cl)C(C)=C1I)C(C)=O']"
8,"[0.4963810077188251, 1.0802002409619185]",3.041199112123646,"['IC1=CC=C(C#N)C(I)=C1', 'FC1=CC(I)=CC=C1C(F)(F)F']","['IC1=CC(=CC=C1)N1C=CN=N1', 'FC(F)(F)C1=CC(=C(I)C=C1)C(F)(F)F', 'CC(=O)NC1=CC=CC=C1I', 'OC1=CC(Cl)=C(I)C=C1', 'OC1=C(Cl)C(I)=CC=C1', 'CC1=C(I)C=CC(O)=C1', 'COC1=CC(=C(I)C=C1)C(F)(F)F', 'OC1=CC(I)=C(Br)C=C1', 'COC1=CC=C(C(N)=O)C(I)=C1', 'COC1=CC(Br)=C(I)C=C1', 'OC1=CC=C(I)C(Br)=C1', 'COC1=CC(Cl)=C(I)C=C1', 'COC1=CC(I)=C(Cl)C=C1', 'COS(=O)(=O)C1=CC=CC=C1I', 'CC1=C(Cl)C=C(I)C=C1', 'COC(=O)C1=C(I)C=CC=C1O', 'COC(=O)C1=C(I)C=CC=C1OC', 'COC1=C(C(O)=O)C(I)=CC=C1', 'COC1=CC=C(I)C(C)=C1', 'OC1=C(Br)C(I)=CC=C1', 'FC(F)(F)C1=C(Cl)C=CC(I)=C1']"
9,"[0.9057282466323808, 0.7024011751146415]",3.1175889696128323,"['OC(=O)C1=CC=C(I)C=C1', 'OC(=O)C1=C(F)C(F)=C(F)C(F)=C1I']","['OS(=O)(=O)C1=CC=CC(I)=C1', 'IC1=CC(I)=CC=C1', 'FC(F)C1=CC=C(I)C=C1', 'NS(=O)(=O)C1=CC=CC(I)=C1', 'OCC1=C(Cl)C=CC(I)=C1', 'CNS(=O)(=O)C1=CC=C(I)C=C1', 'OB(O)C1=CC=C(I)C=C1', 'CCOC(=O)C1=CC=C(I)C=C1F', 'CS(=O)(=O)C1=CC=CC(I)=C1', 'CC(=O)OC1=CC=C(I)C=C1', 'FC1=C(C=C(I)C=C1)C(F)(F)F', 'FC1=C(Cl)C=C(I)C=C1', 'OCC1=C(Cl)C=C(I)C=C1Cl', 'IC1=CC(CC#N)=CC=C1', 'NNC(=O)C1=CC=C(I)C=C1', 'FC1=C(Cl)C=C(I)C=C1Cl', 'COC(=O)C1=CC=C(I)C=C1', 'OS(=O)(=O)C1=CC=C(I)C=C1', 'NS(=O)(=O)C1=CC=C(I)C=C1', 'ClCC1=CC=C(I)C=C1']"
