,obj_values ['rate'],Vendi_score,eval_samples,cut_samples
0,"[-0.3030336006361951, -0.2378121044967333]",1.2807921421000865,"['COC1=CC=C(OC)C(I)=C1', 'COC(=O)C1=C(I)C=C(OC)C(OC)=C1']",[]
1,"[0.019539844641912052, 0.17668401789839328]",1.685272860236187,"['COC(=O)C1=C(OC)C=C(NC(C)=O)C(I)=C1', 'COC1=CC(C(C)C)=C(OS(=O)(=O)C2=CC=C(C)C=C2)C=C1I']","['NC1=C(I)C=C(OC(F)(F)F)C=C1', 'NC1=C(Cl)C=C(C=C1I)C(F)(F)F', 'COC1=CC(CO)=CC=C1I', 'COC1=CC(I)=C(N)C=C1', 'IC1=CC=C(OCC2=CC=CN=C2)C=C1', 'CN(C)C1=C(I)C=CC=C1', 'COC1=CC(Cl)=C(OC)C=C1I', 'COC1=CC(C)=C(OC)C=C1I', 'IC1=CC=C(OC2=CC=CC=C2)C=C1', 'COC1=CC=C(C(N)=O)C(I)=C1', 'COC1=CC(B(O)O)=C(I)C=C1', 'NC1=C(I)C=C(F)C(=C1)C(F)(F)F', 'COC1=CC=C(I)C(C(O)=O)=C1F', 'COC1=CC=C(C)C=C1I', 'COC1=C(OC)C=C(I)C=C1', 'CCOC(=O)COC1=CC=CC=C1I', 'COC(=O)C1=CC(I)=C(N)C(OC)=C1', 'NC1=C(I)C=C(Cl)C(=C1)C(F)(F)F', 'OC1=C(I)C=C(C=C1)C1=CC=CC=C1', 'COC1=CC(OC)=C(I)C=C1Cl', 'COC1=CC(I)=C(NC(=O)OC(C)(C)C)C=C1', 'IC1=CC=C(OCC2CC2)C=C1', 'COC(=O)C1=C(I)C=CC=C1OC', 'NC1=C(Cl)C=C(Cl)C=C1I', 'IC1=C(OC2CC2)C=CC=C1', 'CC(C)(C)C1=CC(I)=CC=C1O', 'CC(=O)NC1=C(OC(F)(F)F)C=C(I)C=C1', 'CC1=CC(Cl)=CC(I)=C1N', 'IC1=CC=CC(CN2CCCC2)=C1', 'COC1=CC=C(N)C=C1I', 'IC1=CC=C(OCC2=CC=NC=C2)C=C1']"
2,"[0.6641964195619408, -0.2966677179431808]",1.895492749553445,"['COC(=O)C1=C(OC)C=C(F)C(I)=C1', 'BrC1=C(OC2=C(I)C=CC=C2)C=CC(=C1)C#N']","['CCOC(=O)C1=CC(I)=C(OC)C=C1', 'COC(=O)C1=CC(I)=C(N)C=C1Cl', 'OC(=O)CCC1=CC=C(O)C(I)=C1', 'COC(=O)C1=CC(I)=C(OC2=CC=CC=C2)C=C1', 'COC1=CC=C(COC2=C(I)C=CC=C2)C=C1', 'FC(F)(F)COC1=CC(=CC=C1I)C(=O)N1CCOCC1', 'OC(=O)CCC1=CC(I)=C(O)C(I)=C1', 'CC1=CC(I)=C(O)C=C1Cl', 'IC1=C(OCC2=CC=CC=C2)C=CC=C1', 'CC(Cl)C(=O)NC1=CC=CC=C1I', 'CC(=O)NC1=CC=CC=C1I', 'CCN(CC)C(=O)C1=CC(OCC(C)C)=C(I)C=C1', 'ClCC(=O)NC1=CC=CC=C1I', 'CC1(C)OB(OC1(C)C)C1=CC(O)=CC=C1I', 'CC(C)(C)C(=O)NC1=CC=CC=C1I', '[H][C@@](N)(CC1=CC=C(O)C(I)=C1)C(O)=O', 'NC1=C(I)C=C(C=C1)C1=CC=CC=C1', 'CCOC(=O)C1=CC(I)=C(N)C=C1', 'COC(=O)C1=CC(I)=C(N)C(Br)=C1', 'COC(=O)C1=C(C)C=C(N)C(I)=C1', 'CCOC(=O)C1=CC(Br)=C(N)C(I)=C1', '[H][C@](N)(CC1=CC(I)=C(O)C=C1)C(=O)OC', 'CCOC(=O)CC1=CC=C(N)C(I)=C1', 'CC1=C(O)C(I)=CC(Cl)=C1', 'COC(=O)CCC1=CC(I)=C(O)C(I)=C1', 'CCNC(=O)C1=CC(OCC)=C(I)C=C1', 'CCOC1=C(I)C=CC(=C1)C(=O)N1CCOCC1', 'OC(=O)CC1=CC=C(O)C(I)=C1', 'CC(=O)NC1=CC(F)=CC=C1I', 'CC(C)(C)C(=O)NC1=CC=C(Cl)C=C1I']"
3,"[-0.08043209346533231, 0.43139330236988777]",2.3395428437517594,"['FC1=CC(F)=C(I)C(F)=C1', 'NC1=C(F)C(F)=C(I)C(F)=C1F']","['COC1=C(I)C=C(Br)C=C1', 'COC1=CC=C(I)C(OC)=C1', 'COC(=O)C1=CC(I)=C(N)C=C1OC', 'COC1=C(I)C=CC=C1', 'OC1=CC(Cl)=C(F)C=C1I', 'NC1=C(F)C=C(C=C1I)C#N', 'COC1=C(F)C=CC=C1I', 'CCOC(=O)C1=CC(I)=C(O)C(I)=C1', 'COC1=CC(F)=C(I)C=C1', 'COC1=C(I)C=C(C(O)=O)C(F)=C1', 'NC1=C(I)C=C(C(Br)=C1)C(F)(F)F', 'COC1=CC(I)=C(F)C=C1Cl', 'COC1=C(I)C=C(C=C1)C(O)=O', 'CCOC1=CC=C(I)C(F)=C1F', 'CC(C)(C)C1=CC(I)=C(O)C(I)=C1', 'NC1=CC(Cl)=CC=C1I', 'OC1=C(I)C=CC=C1Cl', 'COC1=CC(I)=C(F)C=C1', 'FC1=C(I)C=CC(=C1)C1CC1', 'NC(=O)C1=CC(O)=C(I)C=C1', 'COC1=CC(=C(I)C=C1)C(F)(F)F', 'FC(F)(F)C(=O)NC1=CC=CC=C1I', 'COC1=CC=C(C=C1I)C#N', 'OC(=O)C1=CC=C(O)C(I)=C1', 'CC1=CC(F)=C(I)C=C1O', 'COC1=C(I)C=CC(=C1)C(F)(F)F', 'OB(O)C1=C(I)C=CC(OCC2=CC=CC=C2)=C1', 'CCOC1=CC(Br)=CC=C1I']"
4,"[1.145253654731467, 1.0999868992960335]",2.5962873444691277,"['NC1=C(C(F)=C(I)C=C1)N(=O)=O', 'NC1=CC=C(I)C(F)=C1C#N']","['CC1=C(C=C(I)C(N)=C1)C#N', 'FC1=CC(F)=C(Cl)C=C1I', 'OC1=C(I)C=C(Cl)C=C1', 'COC(=O)C1=CC(I)=C(F)C=C1', 'NC1=C(F)C(F)=C(I)C=C1', 'COC1=C(I)C(F)=C(F)C=C1', 'NC1=CC(I)=C(F)C=C1Cl', 'CC(C)(C)OC(=O)NC1=C(I)C(F)=CC=C1', 'CC(C)(C)OC(=O)NC1=CC=C(Cl)C(F)=C1I', 'OC(C1=CC=C(I)C(F)=C1)(C(F)(F)F)C(F)(F)F', 'OC1=C(F)C=CC=C1I', 'FC1=CC=C(I)C(F)=C1F', 'NC1=C(I)C(F)=C(F)C=C1F', 'FC1=CC(I)=C(F)C=C1', 'CC1=CC(F)=C(I)C=C1', 'COC1=CC=C(I)C(O)=C1', 'CC1=C(F)C=C(F)C(I)=C1', 'OC1=C(I)C=CC(Cl)=C1', 'FC1=C(I)C=CC(Cl)=C1', 'COC1=CC=C(Br)C(F)=C1I', 'COC1=C(I)C(F)=CC(Br)=C1', 'OCC1=CC(I)=C(O)C=C1', 'COC1=C(I)C(F)=CC=C1', 'FC1=C(I)C=C(CBr)C=C1', 'FC1=CC=C(I)C(F)=C1', 'CC1=CC(I)=C(F)C=C1']"
5,"[0.6668851700437686, 0.748476934445635]",2.8092816830303327,"['NC1=C(C=C(I)C(Cl)=C1)N(=O)=O', 'NC1=CC=C(I)C=C1N(=O)=O']","['COC1=C(I)C=C(N)C=C1I', 'NC1=C(I)C(Cl)=C(Cl)C=C1', 'COC1=CC=CC(OC)=C1I', 'COC(=O)C1=CC=C(N)C(I)=C1Cl', 'COC1=C(I)C(Cl)=C(Cl)C=C1', 'COC(=O)C1=CC(I)=C(C=C1O)N(C)C', 'COC1=CC(N)=C(I)C=C1I', 'OB(O)C1=CC(F)=C(I)C(F)=C1', 'COC1=CC=CC(Br)=C1I', 'FC1=CC=CC(F)=C1I', 'OC1=C(I)C=C(F)C(F)=C1I', 'COC1=CC(C=O)=CC(I)=C1O', 'NC1=C(I)C(F)=C(Br)C(F)=C1', 'FC1=C(Br)C=CC(I)=C1F', 'COC1=C(C=C(I)C(F)=C1)C(O)=O', 'OC1=C(O)C(I)=CC=C1', 'NC1=C(I)C=C(Br)C=C1', 'COC1=CC(Br)=CC(OC)=C1I', 'COC(=O)C1=CC(I)=C(N)C(I)=C1', 'NC1=CC(F)=C(I)C=C1', 'OC1=CC=C(C=C1I)C1=CC=C(C=C1)C#N', 'CCOC1=C(O)C(I)=CC(C=O)=C1', 'FC1=C(I)C=CC(I)=C1', 'OC(=O)C1=CC(I)=C(O)C(I)=C1', 'NC1=C(I)C=C(C=C1)C#N']"
6,"[1.061110607377881, 0.4257549960654081]",3.06396343816178,"['COC1=C(O)C(I)=CC(\\C=N\\NC(=O)C2=CC=CC(F)=C2)=C1', 'FC1=CC(F)=C(I)C=C1N(=O)=O']","['OC1=C(I)C=C(C=C1I)C(F)(F)F', 'COC(=O)C1=CC(N)=CC=C1I', 'COC1=C(NCC(O)=O)C=C(I)C(Cl)=C1', 'CC1=CC(I)=CC(I)=C1N', 'COC(=O)C1=CC(I)=C(N)C(=C1)N(=O)=O', 'COC(=O)C1=C(Cl)C(O)=C(I)C=C1', 'CC(=O)C1=CC(I)=C(O)C=C1', 'COC1=CC(Cl)=C(I)C=C1', 'NC1=C(I)C(Br)=CC(F)=C1', 'OC1=CC(Cl)=C(I)C=C1', 'CC1=CC(O)=C(I)C=C1N(=O)=O', 'COC1=CC(N)=C(C=C1I)C(O)=O', 'COC1=CC(O)=C(C=O)C=C1I', 'OC1=CC=CC(I)=C1F', 'NC1=C(I)C=C(Br)C(=C1)C(F)(F)F', 'CC1=CC(N)=C(I)C=C1F', 'OC1=CC=C(I)C2=CC=CC=C12', 'FC1=C(I)C=CC(Br)=C1Cl', 'COC(=O)C1=C(I)C=CC(OC)=C1', 'COC(=O)C1=C(N)C(I)=CC(Cl)=C1', '[H][C@@](N)(CC1=CC(I)=C(O)C(I)=C1)C(O)=O', 'OC1=C(I)C(Cl)=CC=C1', 'OC1=C(I)C(Cl)=CC(Cl)=C1', 'OC1=CC(I)=C(O)C=C1I']"
7,"[0.9769085460682799, -0.5095995995480437]",3.274696882088252,"['FC1=C(F)C(NC2=CC=C(I)C=C2Cl)=C(C=C1)C(=O)NOCC1CC1', 'OC1=C(NCC(=O)N2CCN(CC2)C(=O)C=C)C=C(I)C(Cl)=C1']","['NC1=CC(Cl)=C(I)C=C1C(O)=O', 'COC(=O)C1=CC(I)=C(Cl)C=C1C', 'COC(=O)C1=CC(N)=C(I)C=C1C', 'COC1=CC(Br)=C(I)C=C1', 'OC1=C(I)C=CC=C1N(=O)=O', 'COC1=CC(N)=C(I)C=C1C(O)=O', 'COC1=CC([C@@H](O)C(C)(C)C)=C(C=C1I)N(=O)=O', 'COC1=C(OC)C(I)=CC(C=O)=C1', 'COC1=CC=C(I)C=C1C(O)=O', 'OC(=O)C(=O)CC1=CC(I)=C(O)C(I)=C1', 'OC1=C(I)C=C(C=O)C=C1I', 'FC(F)C1=C(I)C(F)=C(Cl)C=C1', 'FC1=C(F)C(I)=CC=C1', 'CCOC(=O)C(=CNC1=C(I)C=CC=C1)C(=O)OCC', 'CC1=CC(I)=C(N)C(I)=C1', 'CCOC(=O)C1=CC(OCC)=C(I)C=C1', 'COC1=C(I)C=C(C=C1I)C#N', 'FC1=CC=CC(CBr)=C1I', 'COC(=O)C1=CC(I)=C(Cl)C=C1N', 'NC(=O)C1=C(O)C=CC(I)=C1', 'OC1=C(I)C(Br)=CC=C1', '[H][C@](N)(CC1=CC=C(OC2=CC=C(O)C=C2)C(I)=C1)C(O)=O']"
8,"[0.6785827796541858, 0.20266708901872987]",3.321294798944952,"['CC(=O)C1=CC(I)=CC=C1N', 'CC1=CC(I)=CC(C(O)=O)=C1N']","['CC1=CC(C)=C(I)C=C1I', 'FC1=CC(I)=CC=C1NC(=O)NC1CC1', 'COC(=O)C1=C(OC)C=C(C)C(I)=C1', 'OC(=O)C1=C(NC2=CC=C(I)C=C2F)C=NC=C1', 'COC1=CC=CC(I)=C1NC(=O)OC(C)(C)C', 'COC1=CC=CC(CNC2=C(I)C=CC=C2)=C1', 'CC(C)OC1=CC=C(I)C=C1Br', 'IC1=CC=C(NC(=O)OCC2=CC=CC=C2)C=C1', 'CC1=CC(Cl)=C(I)C=C1C', 'CN(C(=O)C1=C(I)C=CC=C1)C1=CC=C(C)C=C1', 'OC(=O)C1=C(NC2=CC=C(I)C=C2Cl)C(F)=C(F)C=C1', 'COC(=O)C1=CC(NC(=O)C2=CC=CC=C2I)=CC=C1', 'COC(=O)C1=CC=C(I)C(N)=C1', 'IC1=CC=C(OCCN2CCCC2=O)C=C1', 'COC(=O)C1=C(N)C(I)=CC(F)=C1', 'IC1=CC=C(OCCN2CCCC2)C=C1', 'CC(C)(C)OC(=O)NC(CC1=CC(I)=CC=C1F)C(O)=O', 'OC1=C(F)C=C(I)C=C1I', 'CC(=O)NC1=C(C=C(I)C=C1)C(F)(F)F', 'OC1=CC=C(OC2=CC=C(I)C=C2)C=C1', 'CC(=O)C1=CC(Cl)=C(C)C(I)=C1O']"
9,"[0.890544908179314, 0.40542248323130026]",3.479769124317025,"['CN(C)C1=CC=C(C=C1)\\N=N\\C1=CC=C(I)C=C1', 'IC1=CC=CC2=CC3=C(C=C12)C(I)=CC=C3']","['NC1=C(I)C=CC=C1C(O)=O', 'NC1=C(I)C=CC(=C1)C(O)=O', 'NNC1=C(I)C=CC=C1', 'CCOC(=O)C1=CC2=CC=CC=C2C=C1I', 'NNC(=O)CNC1=CC=C(I)C=C1', 'CC(=O)C1=C(N)C(I)=CC(Br)=C1', 'COC(=O)C1=CC=CC(I)=C1N', 'COC1=CC=C(I)C(C)=C1', 'NC1=CC=C(I)C(Cl)=C1', 'OC1=CC=C(I)C=C1C(F)(F)F', 'CC(C)(C)C1=CC=C(N)C(I)=C1', 'CC(C)C1=CC=C(N)C(I)=C1', 'ClC1=CC(Cl)=C(COC2=CC=C(I)C=C2)C=C1', 'CC1=CC(O)=C(C)C=C1I', 'COC1=C(I)C(C)=CC(Cl)=C1', 'NC1=C(Cl)C=C(I)C=C1', 'IC1=CC=C(NC2=CC=C(I)C=C2)C=C1', 'COC1=CC(I)=C(OC)C=C1I', 'OC(=O)C1=C(NC(=O)C2=C(I)C=CC=C2)C=CC=C1', 'OC1=CC=C(I)C(Br)=C1']"
