,obj_values ['rate'],Vendi_score,eval_samples,cut_samples
0,"[0.3781941142905343, 0.678355477444098]",1.2559976193850426,"['COC(=O)C1=C(I)C=CC(OC)=C1', 'OC(=O)C1=C(I)C=CC(Br)=C1']",[]
1,"[0.16333255109768174, 0.7707558692604115]",1.4922252722538545,"['OC(=O)C1=C(I)C=C(C=C1)C#N', 'OC(=O)C1=CC(OC(F)(F)F)=C(I)C=C1']","['OC(=O)C1=C(NC(=O)C2=C(I)C=CC=C2)C=CC=C1', 'IC1=CC=C(C=C1)C1=NC=CO1', 'OC(=O)C1=C(I)C=C(F)C(F)=C1', 'CCOC(=O)C1=CC2=CC=CC=C2C=C1I', 'CCC1=CC=C(I)C=C1C(O)=O', 'OC(=O)C1=CC=CC(C(O)=O)=C1I', 'OC(=O)C1=CC(I)=C(C=C1)C(F)(F)F', 'COC(=O)C1=C(I)C=CC=C1O', 'COC(=O)C1=CC=CC=C1I', 'OC(=O)C1=CC=CC(I)=C1', 'CCOC(=O)CC(=O)C1=C(I)C=CC=C1', 'CC1=CC(=CC(I)=C1)C(O)=O', 'COC(=O)C1=CC(N)=CC=C1I', 'COC1=CC(I)=C(C=O)C=C1OC', 'CC(C)(C)OC(=O)C1=CC(I)=CC=C1', 'CC1=CC=C(C(O)=O)C(I)=C1', 'CC1=C(I)C=C(C=C1F)C(O)=O', 'CCOC(=O)C1=CC(I)=CC(Br)=C1', 'COC(=O)C1=C(CBr)C(I)=CC=C1', 'COC(=O)C1=C(Cl)C=C(C)C(I)=C1', 'FC(F)(F)C(=O)CC1=CC=C(I)C=C1', 'OC(=O)C1=CC(Cl)=CC=C1I', 'OC(=O)CCC1=NN=C(O1)C1=CC=CC=C1I', 'COC(=O)C1=C(I)C=C(Br)C=C1', 'CCOC(=O)C1=CC(I)=C(C)C=C1', 'CC1=CC(C)=C(I)C=C1C(O)=O', 'CCOC(=O)C1=C(I)C=CC(Br)=C1', 'OC(=O)C1=CC=CC2=CC=CC(I)=C12', 'CC1=CC(C(O)=O)=C(I)C=C1', 'CC1=C(C=C(I)C=C1Cl)C(O)=O', 'CC1=C(I)C(=CC(Br)=C1)C(O)=O']"
2,"[1.0953815197423356, -0.18834961706429176]",1.8366161215748238,"['BrC1=C(I)C=C(C=O)C=C1', 'FC(F)(F)C1=CC(I)=C(Br)C=C1']","['CC1=C(I)C=C(Cl)C(=C1)N(=O)=O', 'COC(=O)C1=CC(I)=C(C)C=C1C', 'OC(=O)C1=CC=CC(=C1I)N(=O)=O', 'OC(=O)C1=C(O)C=CC=C1I', 'IC1=CC=CC(=C1)C(=O)C1=CC=CC=C1', 'FC1=CC=CC(I)=C1C#N', 'CC1=CC(=CC=C1I)C(O)=O', 'COC(=O)C1=CC=C(I)C=C1N(=O)=O', 'CC1=C(C(I)=CC=C1)N(=O)=O', 'CC1=CC=CC(I)=C1C=O', 'OC(=O)C1=CC=CC(=C1I)C(F)(F)F', 'IC1=CC=CC=C1C(=O)C1=CC=CC=C1', 'CC1=C(C=CC=C1I)C#N', 'FC1=C(Cl)C=CC(I)=C1C=O', 'CC1=C(I)C=CC=C1N(=O)=O', 'FC(F)(F)C1=C(I)C=CC(=C1)C#N', 'OC(=O)C1=CC=C(I)C(=C1)C(F)(F)F', 'COC(=O)C1=C(Cl)C(O)=C(I)C=C1', 'CC1=C(C(F)=CC=C1I)N(=O)=O', 'CC(C)C1=CC=C(I)C(=C1)N(=O)=O', 'COC(=O)C1=C(O)C=C(I)C(Cl)=C1', 'BrC1=C(C=C(I)C=C1)C#N', 'OCC1=CC(=C(I)C=C1)N(=O)=O', 'CCOC(=O)C1=CC(I)=C(C=C1)C#N', 'CC(=O)C1=CC(I)=CC=C1', 'OC1=CC(I)=C(C=C1)N(=O)=O', 'CCOC(=O)C1=CC(F)=C(I)C=C1', 'CCOC(=O)C1=CC(OCC)=C(I)C=C1', 'COC1=C(OC)C(I)=CC(C=O)=C1', 'COC1=CC=C(I)C=C1C(O)=O']"
3,"[0.5490274674641391, -0.3282427545852178]",2.068131321989219,"['CC1=CC(O)=C(I)C=C1N(=O)=O', 'COC(=O)C1=C(N)C(I)=CC(F)=C1']","['FC(F)(F)C1=C(Br)C(I)=CC=C1', 'FC(F)(F)C1=CC(I)=C(Cl)C=C1', 'OC(=O)C1=C(I)C(Br)=CC=C1', 'FC1=CC(Br)=C(I)C=C1F', 'CC1=C(Br)C=CC(I)=C1Cl', 'OC(=O)C1=C(F)C=C(Cl)C(I)=C1', 'ClC1=CC(CBr)=C(I)C=C1', 'CC1=CC(Br)=C(I)C=C1Cl', 'FC1=C(C=C(Br)C=C1I)C#N', 'COC1=C(I)C=C(C=C1I)C#N', 'BrC1=C(C=CC=C1I)C#N', 'OC1=C(Br)C(I)=CC=C1', 'CCOC(=O)C1=CC=C(I)C=C1F', 'CC1=CC(Br)=C(I)C=C1', 'FC1=CC=CC(I)=C1Br', 'ClC1=CC=C(Br)C=C1I', 'OC(=O)C1=C(Br)C(I)=CC=C1', 'ClC1=CC(=CC=C1I)N(=O)=O', 'COC(=O)C1=CC(I)=C(Cl)C=C1', 'OC(=O)C1=CC=CC(I)=C1Cl', 'FC(F)(F)OC1=C(I)C=C(Br)C=C1', 'ClC1=CC(Cl)=C(I)C=C1', 'BrC1=CC=CC=C1I', 'CC(=O)C1=CC(I)=C(Br)C=C1', 'CCC1=CC(Br)=C(I)C=C1', 'ClC1=C(I)C=C(C=O)C=C1', 'CC(C)C1=CC=C(I)C(Br)=C1', 'ClC1=CC(Br)=C(I)C=C1Cl']"
4,"[0.5111620607467443, 0.8655538358749567]",2.254027669050124,"['CC1=CC(=C(I)C(Br)=C1)N(=O)=O', 'FC1=C(I)C=CC(Br)=C1C#N']","['OC1=C(I)C=CC=C1N(=O)=O', 'COC(=O)C1=CC=CC(I)=C1N', 'OC(=O)C1=CC(I)=C(O)C(I)=C1', 'COC(=O)C1=C(OC)C=C(C)C(I)=C1', 'COC1=CC(C=O)=CC(I)=C1O', 'OC1=C(I)C=C(C=C1I)C(F)(F)F', 'CCOC1=C(O)C(I)=CC(C=O)=C1', 'OC(=O)C(=O)CC1=CC(I)=C(O)C(I)=C1', 'COC(=O)C1=CC(I)=C(N)C(=C1)N(=O)=O', 'CC(=O)C1=CC(I)=C(O)C=C1', 'OC1=C(I)C=C(C=O)C=C1I', 'CC1=CC(C)=C(I)C=C1I', 'COC(=O)C1=C(N)C(I)=CC(Cl)=C1', 'OC1=CC=CC2=C1C=CC=C2I', 'OC1=C(I)C=C(F)C(F)=C1I', 'NC1=C(I)C=CC(=C1)C(O)=O', 'CC(=O)C1=CC(Cl)=C(C)C(I)=C1O', 'ClC1=CC2=C(C=C1)C=C(I)C=C2', 'COC1=CC(O)=C(C=O)C=C1I', 'COC(=O)C1=CC=C(I)C(N)=C1', 'CC(=O)C1=C(N)C(I)=CC(Br)=C1', 'NC1=C(I)C=CC=C1C(O)=O', 'COC1=C(C=C(Cl)C(C)=C1I)C(C)=O', 'OC1=CC2=C(C=CC=C2I)C=C1', 'NC(=O)C1=C(O)C=CC(I)=C1', 'COC(=O)C1=CC(N)=C(I)C=C1C']"
5,"[1.0883633455290571, 0.6702486479290919]",2.444294062258187,"['IC1=C(C=CC=C1N(=O)=O)N(=O)=O', 'ClC1=CC(=CC(Cl)=C1I)N(=O)=O']","['COC1=CC([C@@H](O)C(C)(C)C)=C(C=C1I)N(=O)=O', 'NC1=CC=C(I)C=C1N(=O)=O', 'COC1=C(I)C(=CC=C1)N(=O)=O', 'OC1=C(I)C(=CC=C1)N(=O)=O', 'IC1=CC=CC2=C(I)C=CC=C12', 'ClC1=CC(I)=CC(=C1)N(=O)=O', 'FC1=C(F)C(=CC(I)=C1F)N(=O)=O', 'FC1=C(I)C=CC(I)=C1', 'FC1=CC(F)=C(I)C=C1N(=O)=O', 'NC1=C(C=C(I)C(Cl)=C1)N(=O)=O', 'OC1=C(C=O)C(I)=CC=C1', 'OC1=C(I)C=C(C=C1N(=O)=O)C#N', 'COC1=C(C=C(I)C(F)=C1)C(O)=O', 'FC(F)(F)C1=C(I)C(Br)=CC=C1', 'BrC1=CC2=CC=C(I)C=C2C=C1', 'COC(=O)C1=CC(I)=C(Cl)C=C1C', 'BrC1=CN=C(OC2=CC=C(I)C=C2)N=C1', 'CCOC(=O)C1=CC(I)=C(O)C(I)=C1', 'BrCC1=C(I)C(=CC=C1)N(=O)=O', 'CC1=C(C)C(I)=C(C=C1)C(O)=O', 'COC1=C(I)C(=CC=C1)C#N', 'OC1=CC=C(C=C1I)C1=CC=C(C=C1)C#N', 'COC(=O)C1=CC(I)=C(C=C1O)N(C)C', 'ClC1=C(I)C(=CC=C1)N(=O)=O', 'CC1=C(I)C(F)=C(C=C1)C(O)=O']"
6,"[0.3605637792644092, 1.1580107547295777]",2.949071363087157,"['FC1=CC(F)=C(F)C(I)=C1F', 'FC1=C(F)C(F)=C(I)C(F)=C1F']","['OC(=O)CCCCC(=O)C1=CC=C(I)C=C1', 'FC1=C(I)C=CC(Br)=C1Cl', 'ClCC1=CC(I)=C(CCl)C=C1', 'OC(=O)C1=CC(Cl)=C(I)C(Cl)=C1', 'ClC1=C(I)C=C(C=C1)C#N', 'BrC1=CC(Br)=C(I)C=C1', 'IC1=C(C=CC=C1C#N)C#N', 'BrC1=CC=C(C=C1)C(=O)C1=C(I)C=CC=C1', 'COC(=O)C1=CC(I)=C(N)C(I)=C1', 'COC(=O)C1=C(C)C(I)=CC=C1', 'COC1=CC(OC)=C(I)C(C=O)=C1', 'COC(=O)C1=CC(NC(=O)C2=CC=CC=C2I)=CC=C1', 'CC(C)(C)C1=CC=C(I)C(Br)=C1', 'COC(=O)C1=CC(I)=C(Cl)C=C1N', 'CC(C)(C)C1=CC(I)=C(Br)C=C1', 'CC1=C(I)C(F)=C(C=C1)C#N', 'OC(=O)C1=C(NC2=CC=C(I)C=C2F)C=NC=C1', 'NC1=CC(Cl)=C(I)C=C1C(O)=O', 'ClC1=CC=CC(Br)=C1I', 'FC1=CC(Cl)=C(I)C=C1', 'OC1=C(F)C=C(I)C=C1I', 'CC(=O)CCC1=CC=C(I)C=C1', 'BrC1=CC(I)=C(I)C=C1', 'OCC1=CC=CC(Br)=C1I']"
7,"[1.1629139359306655, -0.08043209346533231]",3.216692863240966,"['FC1=C(I)C(F)=C(Br)C=C1Br', 'FC1=CC(F)=C(I)C(F)=C1']","['OC(=O)C1=C(F)C(F)=C(F)C(F)=C1I', 'FC1=C(I)C=CC(Cl)=C1', 'FC1=CC(F)=C(Cl)C=C1I', 'FC1=C(I)C(F)=C(Br)C=C1', 'FC1=C(F)C(I)=CC=C1', 'COC1=CC(I)=C(F)C=C1Cl', 'COC(=O)C1=CC(I)=C(F)C=C1', 'FC1=CC(F)=C(I)C(Cl)=C1', 'FC1=C(F)C(=CC=C1I)C(F)(F)F', 'FC(F)C1=C(I)C(F)=C(Cl)C=C1', 'FC1=C(I)C=CC(=C1)C(F)(F)F', 'FC1=CC(I)=C(F)C=C1', 'OC1=C(I)C(Br)=CC=C1', 'FC1=C(I)C=C(CBr)C=C1', 'CC1=C(F)C=C(F)C(I)=C1', 'FC1=CC=C(I)C(F)=C1F', 'FC1=C(Br)C=CC(I)=C1F', 'FC1=C(I)C(Cl)=CC=C1', 'FC1=CC(I)=C(Cl)C=C1', 'COC1=C(I)C(Cl)=C(Cl)C=C1', 'OC(=O)CCC1=CC(I)=C(O)C(I)=C1', 'COC1=CC=CC(Br)=C1I']"
8,"[-0.09612092193324576, -0.3256125044722329]",3.3834501579519087,"['OC(=O)C1=C(I)C(I)=CC(I)=C1', 'ClC1=CC(Br)=C(I)C(Cl)=C1']","['COC1=CC=C(Br)C(F)=C1I', 'COC(=O)C1=C(OC)C=C(F)C(I)=C1', 'FC1=CC=C(I)C(F)=C1', 'FC(F)(F)OC1=CC=CC=C1I', 'OC1=C(I)C(Cl)=CC(Cl)=C1', 'FC1=CC=CC(F)=C1I', 'CC1=CC(I)=C(F)C=C1', 'OC1=CC=C(I)C(Br)=C1', 'OC(C1=CC=C(I)C(F)=C1)(C(F)(F)F)C(F)(F)F', 'COC1=C(I)C=C(C(O)=O)C(F)=C1', 'FC1=C(I)C(Br)=CC(Br)=C1', 'COC1=C(I)C(F)=CC(Br)=C1', 'OC1=C(I)C=CC=C1Cl', 'OC1=CC(I)=C(O)C=C1I', 'CCOC1=CC=C(I)C(F)=C1F', 'FC1=CC=CC(CBr)=C1I', 'CC1=CC(Cl)=CC(Cl)=C1I', 'NC1=CC=C(I)C(F)=C1C#N', 'OB(O)C1=CC(F)=C(I)C(F)=C1', 'FC1=CC(Br)=CC(F)=C1I', 'OC(=O)C1=CC=C(O)C(I)=C1']"
9,"[0.06826557673098121, 1.145253654731467]",3.5484145259820625,"['OC1=CC=CC(C=O)=C1I', 'NC1=C(C(F)=C(I)C=C1)N(=O)=O']","['OC1=C(I)C(Cl)=CC=C1', 'OC1=CC(Cl)=C(F)C=C1I', 'FC1=CC(Cl)=C(I)C(Cl)=C1', 'COC1=CC(Br)=C(I)C=C1', 'ClC1=CC=CC=C1I', 'OC1=CC(I)=C(Br)C=C1', 'COC1=C(I)C=C(C=C1)C(O)=O', 'COC(=O)CCC1=CC(I)=C(O)C(I)=C1', 'OC1=C(Cl)C(I)=CC=C1', 'COC1=CC(I)=C(I)C=C1OC', 'ClC1=CC(Br)=CC(Cl)=C1I', 'FC(F)(F)C1=CC(Cl)=C(I)C(Cl)=C1', 'CC1=CC(F)=C(I)C=C1', 'BrCC1=C(Br)C(I)=CC=C1', 'ClC1=CC=C(CBr)C(I)=C1', 'CC1=CC(Cl)=C(I)C=C1C', 'COC1=C(I)C=C(N)C=C1I', 'COC1=C(I)C=C(Br)C=C1', 'CC1=CC=CC(I)=C1Cl', 'FC1=C(I)C=CC(=C1)C1CC1']"
