,obj_values ['rate'],Vendi_score,eval_samples,cut_samples
0,"[1.205969972532665, 0.6672719744369676]",1.9111917789872552,"['OC(=O)C1=CC=CC(=C1I)N(=O)=O', 'COC1=CC=CC(CNC2=C(I)C=CC=C2)=C1']",[]
1,"[0.9236124287408849, 1.0883633455290571]",2.030974576226382,"['CCOC(=O)C1=CC(I)=C(C=C1)C#N', 'IC1=C(C=CC=C1N(=O)=O)N(=O)=O']","['NC1=C(Cl)C=C(C=C1I)C(F)(F)F', 'CCOC(=O)C1=CC(I)=C(N)C=C1', 'ClCC(=O)NC1=CC=CC=C1I', 'NC1=C(I)C=C(OC(F)(F)F)C=C1', 'COC(=O)C1=C(C)C=C(N)C(I)=C1', 'IC1=CC=CC=C1C(=O)C1=CC=CC=C1', 'NC1=C(I)C=C(C=C1)C1=CC=CC=C1', 'CC(C)(C)C(=O)NC1=CC=CC=C1I', 'OC1=CC(I)=C(C=C1)N(=O)=O', 'CC(C)(C)C1=CC(I)=C(O)C(I)=C1', 'OCC1=CC(=C(I)C=C1)N(=O)=O', 'CC(C)(C)C1=CC=C(N)C(I)=C1', 'OC(=O)CCC1=CC=C(O)C(I)=C1', 'COC(=O)C1=CC(I)=C(N)C(OC)=C1', '[H][C@](N)(CC1=CC(I)=C(O)C=C1)C(=O)OC', 'COC(=O)C1=CC(I)=C(C=C1O)N(C)C', 'NC1=C(I)C=C(Cl)C(=C1)C(F)(F)F', 'COC(=O)CCC1=CC(I)=C(O)C(I)=C1', 'OC1=C(I)C=C(C=C1)C1=CC=CC=C1', 'CC(Cl)C(=O)NC1=CC=CC=C1I', 'CC(C)C1=CC=C(N)C(I)=C1', 'CCOC(=O)CC1=CC=C(N)C(I)=C1', 'COC(=O)C1=C(I)C=CC(OC)=C1', 'CC1=CC(C)=C(I)C=C1I', 'CCNC(=O)C1=CC(OCC)=C(I)C=C1', 'COC1=C(I)C=C(N)C=C1I', 'COC(=O)C1=CC(I)=C(N)C=C1Cl', 'CC1=C(C(I)=CC=C1)N(=O)=O', 'CC(C)(C)C(=O)NC1=CC=C(Cl)C=C1I', 'COC1=CC=C(COC2=C(I)C=CC=C2)C=C1', 'OC(=O)CCC1=CC(I)=C(O)C(I)=C1']"
2,"[0.9011189241452577, 0.11229390118545779]",2.3042046912130036,"['OC1=C(C=O)C(I)=CC=C1', 'COC1=C(I)C(=CC=C1)N(=O)=O']","['COC(=O)C1=C(Cl)C(O)=C(I)C=C1', 'CCOC(=O)C1=CC2=CC=CC=C2C=C1I', 'FC1=C(Cl)C=CC(I)=C1C=O', 'COC(=O)C1=CC=C(I)C=C1N(=O)=O', 'FC(F)(F)C1=C(I)C=CC(=C1)C#N', 'OC(=O)C1=CC=CC(=C1I)C(F)(F)F', 'OC(=O)C1=CC(I)=C(C=C1)C(F)(F)F', 'OC(=O)C1=CC=CC(C(O)=O)=C1I', 'OC(=O)C1=CC=C(I)C(=C1)C(F)(F)F', 'CC1=C(C(F)=CC=C1I)N(=O)=O', 'COC1=C(I)C=C(C=C1I)C#N', 'OC(=O)C1=CC(OC(F)(F)F)=C(I)C=C1', 'CC1=C(I)C=CC=C1N(=O)=O', 'COC(=O)C1=C(Cl)C=C(C)C(I)=C1', 'OC(=O)C1=C(I)C=C(C=C1)C#N', 'COC(=O)C1=C(O)C=C(I)C(Cl)=C1', 'OC(=O)C1=C(NC(=O)C2=C(I)C=CC=C2)C=CC=C1', 'CC(C)C1=CC=C(I)C(=C1)N(=O)=O', 'COC1=CC(I)=C(C=O)C=C1OC', 'OC(=O)CCC1=NN=C(O1)C1=CC=CC=C1I', 'OC(=O)C1=CC(Cl)=CC=C1I', 'COC1=C(OC)C(I)=CC(C=O)=C1', 'ClC1=CC(=CC=C1I)N(=O)=O', 'FC1=CC=CC(I)=C1C#N', 'CC1=CC(C(O)=O)=C(I)C=C1', 'BrCC1=C(I)C(=CC=C1)N(=O)=O', 'ClC1=C(I)C(=CC=C1)N(=O)=O', 'CCOC(=O)CC(=O)C1=C(I)C=CC=C1', 'IC1=C(C=CC=C1C#N)C#N', 'CC1=C(I)C=C(Cl)C(=C1)N(=O)=O']"
3,"[0.04977968725233062, -0.09612092193324576]",2.8001808924523206,"['COS(=O)(=O)C1=CC=CC=C1I', 'OC(=O)C1=C(I)C(I)=CC(I)=C1']","['COC(=O)C1=CC(N)=C(I)C=C1C', 'OC(=O)C1=C(I)C=C(F)C(F)=C1', 'CCOC1=C(O)C(I)=CC(C=O)=C1', 'OC1=CC=C(C=C1I)C1=CC=C(C=C1)C#N', 'OC(=O)C1=CC=CC2=CC=CC(I)=C12', 'CC(=O)C1=CC(Cl)=C(C)C(I)=C1O', 'CC(=O)C1=CC(I)=CC=C1', 'CC1=C(C=CC=C1I)C#N', 'CC1=C(I)C=C(C=C1F)C(O)=O', 'CC1=CC=C(C(O)=O)C(I)=C1', 'CCOC(=O)C1=CC(OCC)=C(I)C=C1', 'ClC1=C(I)C=C(C=O)C=C1', 'CC1=C(C=C(I)C=C1Cl)C(O)=O', 'COC(=O)C1=CC(I)=C(N)C(=C1)N(=O)=O', 'COC1=CC(C=O)=CC(I)=C1O', 'OC(=O)C1=C(I)C=CC(Br)=C1', 'BrC1=C(C=C(I)C=C1)C#N', 'CC1=CC=CC(I)=C1C=O', 'OC1=C(I)C=CC=C1N(=O)=O', 'IC1=CC=CC(=C1)C(=O)C1=CC=CC=C1', 'OC1=C(I)C(=CC=C1)N(=O)=O', 'COC(=O)C1=CC=C(I)C(N)=C1', 'COC(=O)C1=C(I)C=CC=C1O', 'ClC1=CC(I)=CC(=C1)N(=O)=O', 'CCOC(=O)C1=CC(I)=C(C)C=C1', 'COC1=C(I)C(=CC=C1)C#N', 'CC1=CC(O)=C(I)C=C1N(=O)=O', 'COC(=O)C1=CC=CC=C1I']"
4,"[0.854367355237314, 1.2242285798605221]",2.9169813539982963,"['OC1=CC=C(Cl)C=C1\\C=C\\C1=C(I)C=CC=C1', 'OC(=O)C1=C(O)C=CC=C1I']","['COC1=C(C(O)=O)C(I)=CC=C1', 'ClC1=C(I)C=C(C=C1)C#N', 'CC(=O)C1=CC(I)=C(Br)C=C1', 'OC(=O)C(=O)CC1=CC(I)=C(O)C(I)=C1', 'CCOC(=O)C1=CC=C(I)C=C1F', 'COC(=O)C1=CC(I)=C(Cl)C=C1C', 'CCC1=CC=C(I)C=C1C(O)=O', 'BrC1=C(I)C=C(C=O)C=C1', 'IC1=CC=C(C#N)C(I)=C1', 'CON(C)C(=O)C1=C(I)C=C(Cl)C=C1', 'CCOC(=O)C1=CC(I)=C(O)C(I)=C1', 'ClCC1=CC(I)=C(CCl)C=C1', 'COC1=CC=C(I)C(C(O)=O)=C1F', 'COC(=O)C1=C(CBr)C(I)=CC=C1', 'COC(=O)C1=CC(I)=C(Cl)C=C1', 'FC(F)(F)C(=O)CC1=CC=C(I)C=C1', 'CC1=CC(=CC(I)=C1)C(O)=O', 'COC(=O)C1=C(I)C=C(Br)C=C1', 'NC(=O)C1=C(Cl)C=CC=C1I', 'CCOC(=O)C1=C(I)C=CC(Br)=C1', 'OC(=O)C1=C(I)C(Br)=CC=C1', 'COC(=O)C1=CC(NC(=O)C2=CC=CC=C2I)=CC=C1', 'OC(=O)C1=C(F)C=C(Cl)C(I)=C1', 'OC(=O)CC1=C(I)C=C(Cl)C=C1', 'CC1=CC=C(I)C(C(O)=O)=C1F', 'OC(=O)C1=CC=CC(I)=C1Cl']"
5,"[0.4631778645981284, 0.06826557673098121]",3.0280370442060214,"['OC1=CC2=C(C=CC=C2I)C=C1', 'OC1=CC=CC(C=O)=C1I']","['COC(=O)C1=CC(N)=CC=C1I', 'COC(=O)C1=C(OC)C=C(C)C(I)=C1', 'OCC1=CC(I)=C(CO)C=C1I', 'CCOC(=O)C(=CNC1=C(I)C=CC=C1)C(=O)OCC', 'COC1=C(C=C(Cl)C(C)=C1I)C(C)=O', 'CC1=CC(C)=C(I)C=C1C(O)=O', 'CCOC(=O)C1=CC(I)=CC(Br)=C1', 'IC1=CC=CC2=C(I)C=CC=C12', 'OC(=O)C1=CC=CC(I)=C1', 'CC1=CC(=CC=C1I)C(O)=O', 'NC1=C(C(O)=O)C(I)=CC=C1', 'OC1=CC=CC2=C1C=CC=C2I', 'OC(=O)C1=C(NC2=CC=C(I)C=C2F)C=NC=C1', 'ClC1=CC2=C(C=C1)C=C(I)C=C2', 'COC(=O)C1=C(C)C(I)=CC=C1', 'COC(=O)C1=C(N)C=CC=C1I', 'NC1=C(I)C=CC(=C1)C(O)=O', 'BrC1=CC=C(C=C1)C(=O)C1=C(I)C=CC=C1', 'OC(=O)CCCCC(=O)C1=CC=C(I)C=C1', 'CC(C)(C)OC(=O)C1=CC(I)=CC=C1', 'CC1=C(C)C(I)=C(C=C1)C(O)=O', 'COC(=O)C1=C(N)C(I)=CC(Cl)=C1', 'COC(=O)C1=CC(I)=C(C)C=C1C', 'IC1=CC=C(C=C1)C1=NC=CO1', 'COC1=CC=C(I)C=C1C(O)=O']"
6,"[0.890544908179314, 1.1781535130182343]",3.3589277447368953,"['CN(C)C1=CC=C(C=C1)\\N=N\\C1=CC=C(I)C=C1', 'OCCONC(=O)C1=C(NC2=CC=C(I)C=C2F)N2C=NC=C2C=C1']","['OC(=O)C1=CC(I)=C(O)C(I)=C1', 'OC1=C(F)C=C(I)C=C1I', 'NC(=O)C1=C(O)C=CC(I)=C1', 'IC1=C(C=CC=C1)C(=O)NC1CCCC1', 'NC1=C(I)C=CC=C1C(O)=O', 'COC1=CC(OC)=C(I)C(C=O)=C1', 'CC1=C(I)C(=CC(Br)=C1)C(O)=O', 'CC1=C(I)C(F)=C(C=C1)C(O)=O', 'CC(=O)C1=CC(I)=C(O)C=C1', 'OC1=C(I)C=C(F)C(F)=C1I', 'IC1=CC=CC=C1C1=CC=CC=C1I', 'CC(=O)CCC1=CC=C(I)C=C1', 'OC1=C(I)C=C(C=C1I)C(F)(F)F', 'IC1=CC=CC2=CC3=C(C=C12)C(I)=CC=C3', 'OC1=C(I)C=C(C=O)C=C1I', 'FC(F)(F)C(=O)NC1=CC=CC=C1I', 'COC(=O)C1=CC=CC(I)=C1N', 'COC(=O)C1=CC(I)=C(N)C(I)=C1', 'IC1=CC(I)=CC=C1', 'CC1=CC(I)=C(N)C(I)=C1', 'COC(=O)C1=C(N)C(I)=CC(F)=C1', 'CCOC(=O)C1=CC(F)=C(I)C=C1', 'IC1=CC=C(C=C1)C(=O)NCC1=CC=CC=C1', 'OCC1=C(Cl)C=CC=C1I']"
7,"[0.26888320368432606, 0.9769085460682799]",3.613814156045027,"['C[C@@H]1CN(CCN1S(=O)(=O)C1=CC=C(I)C=C1)C(=O)C1=CC=CC=C1', 'FC1=C(F)C(NC2=CC=C(I)C=C2Cl)=C(C=C1)C(=O)NOCC1CC1']","['IC1=CC=C(C=C1)N1C(=O)C=CC1=O', 'CC1=CC=C(C=C1I)C(N)=N', 'CC(C)(C)OC(=O)C1=C(I)C=CC=C1', 'CCCNC(=O)C1=CC=CC=C1I', 'ClC1=CC(CBr)=C(I)C=C1', 'OC(=O)CNC(=O)C1=C(I)C=CC=C1', 'NC1=CC=C(I)C=C1N(=O)=O', 'COC1=CC([C@@H](O)C(C)(C)C)=C(C=C1I)N(=O)=O', 'OCC1=C(I)C=C(Cl)C=C1', 'CC1=CC(I)=CC(I)=C1N', 'CC1(C)OB(OC1(C)C)C1=CC(O)=CC=C1I', 'NC1=C(Cl)C=C(Cl)C=C1I', 'COC1=CC(I)=C(NC(=O)OC(C)(C)C)C=C1', 'CNC(=O)C1=CC=CC=C1I', 'BrC1=CN=C(OC2=CC=C(I)C=C2)N=C1', 'BrC1=CC2=CC=C(I)C=C2C=C1', 'CC(=O)C1=C(N)C(I)=CC(Br)=C1', 'COC(=O)C1=C(I)C=C(OC)C(OC)=C1', 'COC(=O)C1=C(I)C=CC=C1OC', '[H][C@@](N)(CC1=CC(I)=C(O)C(I)=C1)C(O)=O', 'OC(=O)C1=C(NC2=CC=C(I)C=C2Cl)C(F)=C(F)C=C1', 'IC1=CC=CC=C1CN1C=NC=N1']"
8,"[-0.04474586864157293, 0.8562530570876714]",3.803391209631515,"['FC1=CC(F)=C(Cl)C=C1I', 'OC1=CC(I)=C(O)C=C1I']","['CC1=CC=C(I)C=C1C1=CC(I)=CC=C1C', 'CC1=CC(I)=CC(C(O)=O)=C1N', 'IC1=CC=C(NC2=CC=C(I)C=C2)C=C1', 'COC1=CC(O)=C(C=O)C=C1I', 'COC1=CC(=C(I)C=C1)C(F)(F)F', 'IC1=C(C=CC=C1)C(=O)N1CCCC1', 'OCC1=C(I)C=C(F)C=C1', 'IC1=C(C=CC=C1)C1=CC=CC=C1', 'CC(=O)NC1=CC=CC=C1I', 'CCNC(=O)C1=CC=CC=C1I', 'COC1=C(O)C(I)=CC(\\C=N\\NC(=O)C2=CC=CC(F)=C2)=C1', 'COC1=CC=C(C(N)=O)C(I)=C1', 'OB(O)C1=C(I)C=CC(OCC2=CC=CC=C2)=C1', 'CN(C(=O)C1=C(I)C=CC=C1)C1=CC=C(C)C=C1', 'BrC1=C(OC2=C(I)C=CC=C2)C=CC(=C1)C#N', 'COC1=CC(I)=CC=C1I', 'COC1=CC(I)=C(I)C=C1OC', 'COP(=S)(OC)OC1=CC(Cl)=C(I)C=C1Cl', 'IC1=C(C=CC=C1)C(=O)NCC1=CC=CC=C1', 'CC1=CC=C(C)N1C1=C(F)C=C(I)C=C1', 'CC(C)(C)OC(=O)C1=C(Br)C=C(I)C=C1']"
9,"[0.6785827796541858, -0.023848408712738633]",3.893196492051318,"['CC(=O)C1=CC(I)=CC=C1N', 'NC1=CC(Cl)=C(I)C=C1C(O)=O']","['OC1=C(I)C=CC=C1Cl', 'CCOC(=O)C1=CC(I)=C(OC)C=C1', 'OC1=C(I)C=C(Cl)C=C1', 'COC1=CC(I)=C(OC)C=C1I', 'OC(=O)C1=CC=C(O)C(I)=C1', 'COC1=C(F)C=CC=C1I', 'NC(=O)C1=CC(O)=C(I)C=C1', 'FC1=C(I)C=CC(I)=C1', 'IC1=C(OCC2=CC=CC=C2)C=CC=C1', 'OC1=CC(Cl)=C(F)C=C1I', 'CCOC1=C(I)C=CC(=C1)C(=O)N1CCOCC1', 'COC1=C(I)C=C(C=C1)C(O)=O', 'CC1=CC(I)=C(O)C=C1Cl', 'COC(=O)C1=CC(I)=C(OC2=CC=CC=C2)C=C1', 'CC1=C(O)C(I)=CC(Cl)=C1', 'COC1=C(I)C=CC(=C1)C(F)(F)F', 'OC(=O)CC1=CC=C(O)C(I)=C1', 'CCOC(=O)COC1=CC=CC=C1I', 'COC1=CC(OC)=C(I)C=C1Cl', 'FC(F)(F)OC1=CC=CC=C1I']"
