,obj_values ['rate'],Vendi_score,eval_samples,cut_samples
0,"[1.0572712633118235, 0.40346805018136855]",1.2026358128305799,"['CC1=C(Br)C(F)=CC(I)=C1', 'CC1=CC=C(I)C=C1']",[]
1,"[1.1559441145623843, 0.9266807106460363]",1.3712134359548205,"['CC1=C(Cl)C=C(I)C=C1Cl', 'BrC1=C(Br)C=C(I)C=C1']","['NCCC1=CC=C(I)C=C1', 'ClC1=CC=C(I)C=C1', 'COC1=C(Cl)C=CC(I)=C1', 'IC1=CC(CC#N)=CC=C1', 'CS(=O)(=O)NC1=CC=C(I)C=C1', 'ClCC1=CC=C(I)C=C1', 'OCC1=C(Cl)C=CC(I)=C1', 'OB(O)C1=CC(I)=CC=C1', 'CCOC(=O)CC1=CC(I)=CC=C1', 'CCC1=C(Br)C=CC(I)=C1', 'NC1(CC1)C1=CC=C(I)C=C1', 'FC(F)C1=CC=C(I)C=C1', 'CC1=CC(I)=CC(F)=C1', 'NC(CC1=CC=C(I)C=C1)C(O)=O', 'NNC(=O)C1=CC=C(I)C=C1', 'CC(=O)OC1=CC=C(I)C=C1', 'CC1=CC=C(I)C=C1Br', 'NCC1=CC(I)=CC=C1', 'CC1=CC=CC(I)=C1', 'CC1=C(Cl)C=C(I)C=C1', 'FC1=C(Cl)C=C(I)C=C1', 'OB(O)C1=CC=C(I)C=C1', 'CC1=CC(I)=CC(C)=C1F', 'OC1=CC=C(I)C=C1C(F)(F)F', 'IC1=CC=CC(=C1)C1=CC=CC=C1', 'CC1=CC(Br)=CC(I)=C1', 'OC1=C(F)C=C(I)C=C1', 'IC1=CC=C(CC#C)C=C1', 'CCC1=CC=C(I)C=C1', 'IC1=CC=C(OCC#N)C=C1', 'BrCC1=CC(I)=CC=C1']"
2,"[-0.10593633509126033, 1.2167917129696504]",1.5224310011514484,"['CC(C)(C)OC(=O)C1=C(Br)C=C(I)C=C1', 'COC1=CC(I)=CC=C1I']","['COC1=CC(Br)=CC(I)=C1', 'BrCC1=CC=C(I)C=C1Br', 'OCC1=C(I)C=C(Cl)C=C1', 'FC1=C(Cl)C=C(I)C=C1Cl', 'FC(F)(F)C(F)(C1=CC=C(I)C=C1)C(F)(F)F', 'CC(=O)NC1=C(OC(F)(F)F)C=C(I)C=C1', 'ClC1=CC=C(C=C1)C1=CC=C(I)C=C1', 'COC(=O)C1=CC=C(I)C=C1', 'OS(=O)(=O)C1=CC=CC(I)=C1', 'CON(C)C(=O)C1=CC=C(I)C=C1', 'OS(=O)(=O)C1=CC=C(I)C=C1', 'IC1=CC(=CC=C1)N1C=CN=N1', 'CC(=O)NC(CC1=CC=C(I)C=C1)C(O)=O', 'CC(Br)C(=O)N(C)C1=CC=C(I)C=C1', 'OC(=O)CCCCC1=CC=C(I)C=C1', 'COC(=O)C1(CC1)C1=CC=C(I)C=C1', 'OCC1=C(Cl)C=C(I)C=C1Cl', 'OC(=O)C1=CC=C(I)C=C1', 'CS(=O)(=O)C1=CC=CC(I)=C1', 'CC(=O)NC1=C(C=C(I)C=C1)C(F)(F)F', 'COC1=CC(Cl)=CC(I)=C1', 'FC(F)(F)C1=C(Cl)C=CC(I)=C1', 'NS(=O)(=O)C1=CC=C(I)C=C1', 'CC1=CC=C(I)C(C(O)=O)=C1F', 'FC1=CC(I)=CC=C1C(F)(F)F', 'CC(C)OC1=CC=C(I)C=C1Br', 'IC1=CC(I)=CC=C1', 'FC1=C(C=C(I)C=C1)C(F)(F)F', 'CC(=O)NC1=C(F)C=C(I)C=C1', 'IC1=CC=C(C=C1)C(=O)N1CCOCC1']"
3,"[0.9116857127478704, 0.501388129731924]",1.8143879041536488,"['COC1=CC(I)=C(OC)C=C1I', 'ClC1=CC2=C(C=C1)C=C(I)C=C2']","['CC1=CC(Br)=C(C)C=C1I', 'IC1=CC=C(OCC2=CC=NC=C2)C=C1', 'CCOP(=O)(CC1=CC=C(I)C=C1)OCC', 'CC1(C)COB(OC1)C1=CC=C(I)C=C1', 'OCC1=C(Cl)C=CC=C1I', 'COC1=C(C)C=CC(I)=C1', 'CNC(=O)C1=CC=CC=C1I', 'CC1=CC(Br)=CC=C1I', 'NC(=O)C1=C(Cl)C=CC=C1I', 'NC(=O)C1=CN=C(OC2=CC=C(I)C=C2)C=C1', 'ClC1=CC=C(CBr)C(I)=C1', 'CC(C)(C)OC(=O)C1=C(I)C=CC=C1', 'OC1=C(F)C=C(I)C=C1I', 'IC1=CC=C(OC2=CC=CC=C2)C=C1', 'FC(F)(F)C1=C(I)C=CC(Br)=C1', 'FC(F)C1=C(I)C=CC=C1', 'ClC1=CC(CBr)=C(I)C=C1', 'CC(C)(C)OC(=O)NCC1=CC=CC(I)=C1', 'CNS(=O)(=O)C1=CC=C(I)C=C1', 'ClC1=CC=C(OC2=CC=C(I)C=C2)C=C1', 'NC(=O)C1=C(I)C=CC(Br)=C1F', 'CCNC(=O)C1=CC=CC=C1I', 'NS(=O)(=O)C1=CC=CC(I)=C1', 'CCOC(=O)C1=CC=C(I)C=C1F', 'OCC1=C(I)C=C(F)C=C1', 'CC1=C(F)C=C(F)C=C1I', 'ClCC1=CC(I)=C(CCl)C=C1', 'OC(=O)CC1=C(I)C=C(Cl)C=C1']"
4,"[0.4963810077188251, 1.198684809188364]",1.9543067757326125,"['IC1=CC=C(C#N)C(I)=C1', 'FC1=CC(I)=C(C=C1)C#N']","['COC1=C(I)C=CC(=C1)C(F)(F)F', 'COC(=O)C1=C(C)C(I)=CC=C1', 'BrC1=CN=C(OC2=CC=C(I)C=C2)N=C1', 'OC1=C(I)C=CC=C1Cl', 'IC1=CC=C(OCC2=CC=CN=C2)C=C1', 'IC1=CC=C(C=C1)C1=NC=CO1', 'CCC1=CC=C(I)C=C1C(O)=O', 'OC1=CC=C(OC2=CC=C(I)C=C2)C=C1', 'COC1=C(F)C=CC=C1I', 'COC1=C(OC)C=C(I)C=C1', 'CC1=CC=C(I)C=C1C1=CC(I)=CC=C1C', 'CC1=CC(C)=C(I)C=C1I', 'CC1=CC=C(C=C1I)C(N)=N', 'IC1=CC=CC(CN2CCCC2)=C1', 'BrC1=CC2=CC=C(I)C=C2C=C1', 'OCC1=C(I)C=CC(F)=C1', 'OCC1=CC(I)=C(CO)C=C1I', 'COC1=CC=C(I)C(C(O)=O)=C1F', 'CC1=C(C=C(I)C=C1Cl)C(O)=O', 'CC(=O)CCC1=CC=C(I)C=C1', 'CSC1=CC=C(I)C=C1', 'CC(C)(C)C1=CC(I)=CC=C1O', 'COC(=O)C1=C(I)C=CC=C1OC', 'FC(F)(F)C(=O)CC1=CC=C(I)C=C1', 'IC1=C(C=CC=C1)C1=CC=CC=C1', 'CC1=C(O)C=CC(I)=C1']"
5,"[0.7024011751146415, -0.04474586864157293]",2.189290457962212,"['OC(=O)C1=C(F)C(F)=C(F)C(F)=C1I', 'FC1=CC(F)=C(Cl)C=C1I']","['CC1=CC(I)=C(CO)C=C1', 'CON(C)C(=O)C1=C(I)C=C(Cl)C=C1', 'FC(F)(F)C(=O)NC1=CC=CC=C1I', 'COC(=O)C1=C(I)C=CC=C1O', 'COC1=C(C(O)=O)C(I)=CC=C1', 'CC(=O)C1=CC(I)=CC=C1', 'CC1=C(I)C=CC=C1CC#N', 'FC1=CC(I)=C(Cl)C=C1', 'COC(OC)C1=C(I)C=CC=C1', 'CC1=CC=CC(I)=C1Cl', 'OC(=O)CNC(=O)C1=C(I)C=CC=C1', 'COC(=O)C1=C(I)C=C(OC)C(OC)=C1', 'ClCC1=C(I)C=CC=C1', 'COC1=CC=C(C(N)=O)C(I)=C1', 'CCCNC(=O)C1=CC=CC=C1I', 'FC(F)(F)OC1=C(I)C=C(Br)C=C1', 'FC(F)(F)OC1=CC=CC=C1I', 'FC1=CC=CC(I)=C1Br', 'NC(=O)C1=C(I)C=CC=C1', 'FC(F)(F)C1=CC(=C(I)C=C1)C(F)(F)F', 'CC1=CC(=CC(I)=C1)C(O)=O', 'OC1=C(Cl)C(I)=CC=C1', 'ClCC(=O)NC1=CC=CC=C1I', 'IC1=CC=CC(=C1)C(=O)C1=CC=CC=C1', 'IC1=C(C=CC=C1)C(=O)NC1CCCC1']"
6,"[0.610371127314533, 0.04977968725233062]",2.380497509026728,"['NC1=CC(I)=CC(CO)=C1', 'COS(=O)(=O)C1=CC=CC=C1I']","['CCOC(=O)COC1=CC=CC=C1I', 'FC1=C(I)C=CC(=C1)C(F)(F)F', 'FC1=CC(I)=C(F)C=C1', 'OC(=O)C1=CC(I)=C(O)C(I)=C1', 'ClC1=CC(Cl)=C(I)C=C1', 'FC1=C(I)C=CC(I)=C1', 'FC1=C(I)C=C(CBr)C=C1', 'CC1=CC(I)=C(F)C=C1', 'FC(F)(F)C1=CC(I)=C(Cl)C=C1', 'COC1=CC(I)=C(F)C=C1Cl', 'FC1=C(I)C=CC(Br)=C1Cl', 'OC1=C(I)C=C(C=C1I)C(F)(F)F', 'FC1=C(I)C=CC(Cl)=C1', 'OC1=CC(Cl)=C(F)C=C1I', 'CCOC1=CC(Br)=CC=C1I', 'FC1=C(F)C(I)=CC=C1', 'COC1=C(I)C=C(C=C1)C(O)=O', 'COC(=O)C1=CC(I)=C(F)C=C1', 'FC1=C(F)C(=CC=C1I)C(F)(F)F', 'COC1=C(I)C=C(Br)C=C1', 'FC1=C(Br)C=CC(I)=C1F', 'OC1=C(I)C=C(F)C(F)=C1I', 'FC1=CC=C(I)C(F)=C1F', 'OC(C1=CC=C(I)C(F)=C1)(C(F)(F)F)C(F)(F)F']"
7,"[0.9509012031611482, 1.2242285798605221]",2.502659912716215,"['NC1=C(I)C=C(F)C(=C1)C(F)(F)F', 'OC(=O)C1=C(O)C=CC=C1I']","['CC1=CC(I)=C(O)C=C1Cl', 'NC1=C(Cl)C=C(Cl)C=C1I', 'FC1=CC(Cl)=C(I)C=C1', 'OC1=CC(I)=C(Cl)C=C1', 'NC(=O)C1=CC(O)=C(I)C=C1', 'IC1=CC=CC=C1CN1C=NC=N1', 'ClC1=CC=CC=C1I', 'OC1=C(F)C=CC=C1I', 'ClC1=CC=C(Br)C=C1I', 'OC(=O)C1=CC=C(O)C(I)=C1', 'COC(=O)C1=CC(I)=C(Cl)C=C1', 'CC(Cl)C(=O)NC1=CC=CC=C1I', 'COC1=CC(OC)=C(I)C=C1Cl', 'COC1=CC(Cl)=C(OC)C=C1I', 'COC1=CC(=C(I)C=C1)C(F)(F)F', 'IC1=CC=C(OCC2CC2)C=C1', 'CC1=C(O)C(I)=CC(Cl)=C1', 'CC1=C(Br)C=CC(I)=C1Cl', 'NC1=C(Cl)C=C(C=C1I)C(F)(F)F', 'CC1=CC(Cl)=C(I)C=C1C', 'COC1=CC(I)=C(Cl)C=C1', 'OC(=O)C1=CC=CC(I)=C1Cl']"
8,"[0.06991425479088953, 0.8676464788775915]",2.5536346925228863,"['OC(=O)C1=C(I)C=C(F)C(F)=C1', 'NC1=C(C(O)=O)C(I)=CC=C1']","['COC(=O)C1=C(Cl)C(O)=C(I)C=C1', 'COC1=C(I)C=C(C(O)=O)C(F)=C1', 'IC1=C(OCC2=CC=CC=C2)C=CC=C1', 'COC(=O)C1=C(I)C=C(Br)C=C1', 'CC1=C(F)C=C(F)C(I)=C1', 'CC(=O)NC1=CC=CC=C1I', 'C[C@H](O)C1=C(I)C=CC(F)=C1', 'CC1=C(I)C=C(O)C=C1', 'NC1=C(I)C=C(Cl)C(=C1)C(F)(F)F', 'COC1=CC=C(C)C=C1I', 'NC1=C(I)C=C(OC(F)(F)F)C=C1', 'COC(=O)C1=C(N)C=CC=C1I', 'OC(=O)CC1=CC=CC=C1I', 'COC1=C(I)C=C(N)C=C1I', 'CC1=C(I)C=C(CO)C=C1', 'OC1=C(I)C=C(Cl)C=C1', 'IC1=C(OC2CC2)C=CC=C1', 'COC1=CC(CO)=CC=C1I', 'OC1=CC(I)=C(O)C=C1I', 'CCOC(=O)C1=CC(I)=C(OC)C=C1', 'COC1=C(I)C=CC=C1']"
9,"[1.0566346824218116, -0.1522998399400557]",2.5982216253047374,"['CC1=CC(I)=C(N)C(I)=C1', 'NC1=C(Br)C=CC=C1I']","['COC(=O)C1=C(I)C=CC(OC)=C1', 'CC1=CC=CC(I)=C1CO', 'OC(=O)CCC1=NN=C(O1)C1=CC=CC=C1I', 'COC(=O)CC1=C(I)C=CC=C1', 'CC1=CC=C(C(O)=O)C(I)=C1', 'IC1=C(C=CC=C1)C(=O)NCC1=CC=CC=C1', 'CCOC(=O)C1=CC2=CC=CC=C2C=C1I', 'OC(=O)C1=CC(Cl)=CC=C1I', 'CCOC(=O)C1=CC(I)=CC(Br)=C1', 'IC1=CC=C(OCCN2CCCC2=O)C=C1', 'CC1=CC(C(O)=O)=C(I)C=C1', 'CC(C)(C)OC(=O)C1=CC(I)=CC=C1', 'COC1=C(I)C=C(C=C1I)C#N', 'COC1=CC(B(O)O)=C(I)C=C1', 'OC(=O)C1=CC=CC(I)=C1', 'CCNC(=O)C1=CC(OCC)=C(I)C=C1', 'COC(=O)C1=CC=CC=C1I', 'COC1=C(C)C(I)=CC=C1C', 'NC1=C(Cl)C=C(I)C=C1', 'CN(C)C1=C(I)C=CC=C1']"
