,obj_values ['rate'],Vendi_score,eval_samples,cut_samples
0,"[-0.6840584844371156, 0.33202938800728404]",1.662239389440924,"['NC1(CC1)C1=CC=C(I)C=C1', 'COC1=C(I)C(F)=CC=C1']",[]
1,"[-1.491353792327095, 0.6772390144813087]",1.8505914793641567,"['COC1=C(I)C(C)=CC(Cl)=C1', 'COC1=C(C(O)=O)C(I)=CC=C1']","['OC(=O)C1=CC=C(O)C(I)=C1', 'COC1=C(I)C=CC(=C1)C(F)(F)F', 'OC1=CC(Cl)=C(F)C=C1I', 'COC1=CC(CO)=CC=C1I', 'CC1=CC(F)=C(I)C=C1O', 'CC1=CC(F)=C(I)C=C1', 'IC1=CC=C(OCC#N)C=C1', 'OC1=C(F)C=CC=C1I', 'COC1=CC(OC)=C(I)C=C1Cl', 'OC1=C(I)C=CC(Cl)=C1', 'OCC1=CC(I)=C(O)C=C1', 'CC1=CC(I)=C(F)C=C1', 'CC1=C(O)C(I)=CC(Cl)=C1', 'CCC1=CC=C(I)C=C1', 'IC1=C(OC2CC2)C=CC=C1', 'NCCC1=CC=C(I)C=C1', 'CC1=CC(I)=CC(C)=C1F', 'OC1=C(I)C=CC=C1Cl', 'CCOC(=O)COC1=CC=CC=C1I', 'OC(=O)CC1=CC=C(O)C(I)=C1', 'NC(=O)C1=CC(O)=C(I)C=C1', 'COC1=C(F)C=CC=C1I', 'COC1=C(I)C=C(C=C1)C(O)=O', 'COC1=CC=C(C)C=C1I', 'COC1=CC(F)=C(I)C=C1', 'CCOC1=CC=C(I)C(F)=C1F', 'FC1=C(I)C=CC(=C1)C1CC1', 'IC1=C(OCC2=CC=CC=C2)C=CC=C1', 'COC1=C(I)C=CC=C1', 'CC1=CC(I)=C(O)C=C1Cl', 'CC1=C(F)C=C(F)C(I)=C1']"
2,"[1.0035480237751095, 1.001754317065509]",1.842641541341745,"['FC1=CC(I)=C(F)C=C1', 'COC1=CC=C(C=C1I)C#N']","['COC(=O)C1=C(I)C=CC=C1OC', 'CCOC(=O)C1=CC(I)=C(OC)C=C1', 'OC(=O)CCC1=CC=C(O)C(I)=C1', 'NC1=C(I)C=C(F)C(=C1)C(F)(F)F', 'COC1=C(C)C(I)=CC=C1C', 'OC1=C(I)C=C(C=C1)C1=CC=CC=C1', 'OCC1=C(I)C=C(F)C=C1', 'COC1=CC=CC(CO)=C1I', 'OC1=C(I)C=C(Cl)C=C1', 'OC1=C(I)C=CC=C1', 'COC1=CC=C(I)C(C)=C1', 'COC1=CC(I)=C(F)C=C1', 'CC1=CC=C(C=C1I)C(N)=N', 'COC1=CC=CC(C)=C1I', 'IC1=C(C=CC=C1)C1=CC=CC=C1', 'CC1=C(I)C=CC(O)=C1', 'ClCC(=O)NC1=CC=CC=C1I', 'CC(=O)OC1=CC=C(I)C=C1', 'CC1=CC(I)=C(CO)C=C1', 'NC1=C(I)C=C(OC(F)(F)F)C=C1', 'CC1=C(I)C=C(CO)C=C1', 'CC(=O)NC1=CC=CC=C1I', 'FC(F)(F)C(=O)NC1=CC=CC=C1I', 'C[C@H](O)C1=C(I)C=CC(F)=C1', 'NC1=C(Cl)C=C(C=C1I)C(F)(F)F', 'CC(Cl)C(=O)NC1=CC=CC=C1I', 'OCC1=C(I)C=CC(F)=C1', 'COC1=CC=C(I)C(C(O)=O)=C1F', 'CC1=CC(I)=C(CO)C=C1C', 'OC1=CC=C(I)C=C1C(F)(F)F']"
3,"[1.198684809188364, 0.3605637792644092]",2.209955546506491,"['FC1=CC(I)=C(C=C1)C#N', 'FC1=CC(F)=C(F)C(I)=C1F']","['FC1=CC=C(I)C(F)=C1F', 'CS(=O)(=O)NC1=CC=C(I)C=C1', 'FC(F)(F)OC1=CC=CC=C1I', 'COC1=C(I)C=C(Br)C=C1', 'COC1=C(I)C=C(C(O)=O)C(F)=C1', 'NC1=C(F)C=C(C=C1I)C#N', 'OCC1=C(I)C=C(Cl)C=C1', 'COC1=CC(I)=C(F)C=C1Cl', 'CC1=C(Cl)C=C(I)C=C1', 'COC(=O)C1=CC(I)=C(N)C=C1Cl', 'COC(=O)C1=CC(I)=C(F)C=C1', 'COC1=CC=C(I)C(OC)=C1', 'FC1=C(F)C(I)=CC=C1', 'CC(=O)NC1=C(F)C=C(I)C=C1', 'CC(=O)NC1=CC(F)=CC=C1I', 'COC1=CC(=C(I)C=C1)C(F)(F)F', 'OCC1=C(Cl)C=CC(I)=C1', 'NC1=C(I)C=C(Cl)C(=C1)C(F)(F)F', 'COC1=CC=C(I)C(O)=C1', 'FC(F)C1=C(I)C=CC=C1', 'CC1=CC=C(I)C=C1', 'FC1=CC=C(I)C(F)=C1', 'COC1=CC(Cl)=C(OC)C=C1I', 'OC1=C(F)C=C(I)C=C1', 'CC1=CC=C(I)C(C(O)=O)=C1F', 'CCNC(=O)C1=CC(OCC)=C(I)C=C1', 'OC1=CC=CC(I)=C1F', 'FC1=C(I)C=CC(Cl)=C1']"
4,"[1.2310331342559602, 0.5626618144033346]",2.6809886656787767,"['IC1=C(C=CC=C1C#N)C#N', 'FC1=CC=CC(I)=C1C#N']","['IC1=CC(CC#N)=CC=C1', 'CC1=C(I)C=CC=C1CC#N', 'FC1=C(I)C=CC(=C1)C(F)(F)F', 'CC1=CC(I)=CC(F)=C1', 'FC1=C(I)C=C(CBr)C=C1', 'FC1=C(Cl)C=C(I)C=C1', 'OCC1=C(Cl)C=CC=C1I', 'NC(CC1=CC=C(I)C=C1)C(O)=O', 'FC1=C(F)C(=CC=C1I)C(F)(F)F', 'ClCC1=C(I)C=CC=C1', 'CNC(=O)C1=CC=CC=C1I', 'FC1=CC(F)=C(Cl)C=C1I', 'NC(=O)C1=C(Cl)C=CC=C1I', 'NC(=O)C1=C(I)C=CC=C1', 'CC1=C(F)C=C(F)C=C1I', 'NC1=CC(I)=C(F)C=C1Cl', 'IC1=CC=C(CC#C)C=C1', 'IC1=CC(=CC=C1)N1C=CN=N1', 'CCNC(=O)C1=CC=CC=C1I', 'FC1=C(C=C(I)C=C1)C(F)(F)F', 'CCCNC(=O)C1=CC=CC=C1I', 'OC(=O)CC1=C(I)C=C(Cl)C=C1', 'IC1=CC=CC(=C1)C1=CC=CC=C1', 'ClCC1=CC=C(I)C=C1', 'FC(F)(F)C1=C(Cl)C=CC(I)=C1', 'COC1=C(Cl)C=CC(I)=C1']"
5,"[0.04977968725233062, 0.6009279798653284]",2.744827041503621,"['COS(=O)(=O)C1=CC=CC=C1I', 'ClC1=C(I)C=C(C=C1)C#N']","['ClC1=CC=C(I)C=C1', 'COC1=CC=C(C(N)=O)C(I)=C1', 'OC(=O)CC1=CC=CC=C1I', 'OB(O)C1=CC=C(I)C=C1', 'CS(=O)(=O)C1=CC=CC(I)=C1', 'OS(=O)(=O)C1=CC=CC(I)=C1', 'ClCC1=CC(I)=C(CCl)C=C1', 'OC(=O)C1=C(F)C(F)=C(F)C(F)=C1I', 'COC(OC)C1=C(I)C=CC=C1', 'NS(=O)(=O)C1=CC=C(I)C=C1', 'FC1=C(Br)C=CC(I)=C1F', 'NNC(=O)C1=CC=C(I)C=C1', 'OB(O)C1=CC(I)=CC=C1', 'IC1=CC=CC=C1CN1C=NC=N1', 'CCOC(=O)CC1=CC(I)=CC=C1', 'NC(=O)CC1=C(I)C=CC=C1', 'COC(=O)C1=C(C)C(I)=CC=C1', 'OC1=C(O)C(I)=CC=C1', 'FC1=C(I)C=CC(I)=C1', 'FC(F)C1=C(I)C(F)=C(Cl)C=C1', 'COC(=O)CC1=C(I)C=CC=C1', 'OC(=O)CNC(=O)C1=C(I)C=CC=C1', 'FC(F)C1=CC=C(I)C=C1', 'NCC1=CC(I)=CC=C1', 'NS(=O)(=O)C1=CC=CC(I)=C1']"
6,"[0.9400829562844111, 0.4963810077188251]",2.795898509514266,"['OC1=CC(I)=C(C=C1)N(=O)=O', 'IC1=CC=C(C#N)C(I)=C1']","['NC(=O)C1=C(I)C=CC(Br)=C1F', 'FC(F)(F)C1=CC(=C(I)C=C1)C(F)(F)F', 'ClC1=CC=CC=C1I', 'COC(=O)C1=CC=C(I)C=C1', 'OS(=O)(=O)C1=CC=C(I)C=C1', 'CON(C)C(=O)C1=C(I)C=C(Cl)C=C1', 'CC1=C(Cl)C=C(I)C=C1Cl', 'IC1=C(C=CC=C1)C(=O)NC1CCCC1', 'FC1=CC(Cl)=C(I)C=C1', 'ClC1=CC(Cl)=C(I)C=C1', 'CC1=CC(Cl)=C(I)C=C1C', 'CON(C)C(=O)C1=CC=C(I)C=C1', 'FC1=CC(I)=C(Cl)C=C1', 'OC1=C(Cl)C(I)=CC=C1', 'FC(F)(F)C1=CC(I)=C(Cl)C=C1', 'OC(=O)C1=CC=CC(I)=C1Cl', 'COC(=O)C1=CC(I)=C(Cl)C=C1', 'COC1=CC(I)=C(Cl)C=C1', 'CC1=CC=CC(I)=C1Cl', 'FC1=C(Cl)C=C(I)C=C1Cl', 'OC1=CC(I)=C(Cl)C=C1', 'OCC1=C(Cl)C=C(I)C=C1Cl', 'FC1=CC=CC(I)=C1Br', 'COC(=O)C1=CC(I)=C(Cl)C=C1C']"
7,"[1.0883633455290571, -0.0960929227820917]",2.9679365943005265,"['IC1=C(C=CC=C1N(=O)=O)N(=O)=O', 'COC1=C(I)C(=CC=C1)C#N']","['CC(=O)NC1=C(OC(F)(F)F)C=C(I)C=C1', 'CC1=CC=C(I)C=C1Br', 'CC1=C(C(I)=CC=C1)N(=O)=O', 'COC(=O)C1=C(Cl)C(O)=C(I)C=C1', 'FC1=CC(I)=CC=C1C(F)(F)F', 'OC(=O)C1=CC(I)=C(O)C(I)=C1', 'CCOC(=O)C1=CC=C(I)C=C1F', 'CC1=CC=C(C(O)=O)C(I)=C1', 'CNS(=O)(=O)C1=CC=C(I)C=C1', 'OC(=O)C1=CC=C(I)C=C1', 'IC1=CC(I)=CC=C1', 'COC1=CC(Cl)=CC(I)=C1', 'COC1=C(I)C(Cl)=C(Cl)C=C1', 'COC1=C(I)C=C(C=C1I)C#N', 'CC(=O)C1=CC(I)=CC=C1', 'CC(C)(C)OC(=O)C1=C(I)C=CC=C1', 'IC1=C(C=CC=C1)C(=O)N1CCCC1', 'NC1=C(Cl)C=C(Cl)C=C1I', 'COC(=O)C1=CC=CC=C1I', 'CC1=CC(Br)=CC(I)=C1', 'CC(=O)NC1=C(C=C(I)C=C1)C(F)(F)F', 'COC(=O)C1=C(I)C=CC=C1O']"
8,"[-0.3272998766256883, -0.09612092193324576]",3.2097474956791854,"['FC1=CC=CC(F)=C1I', 'OC(=O)C1=C(I)C(I)=CC(I)=C1']","['OC(=O)C1=CC=CC(C(O)=O)=C1I', 'OC(=O)C1=CC(I)=C(C=C1)C(F)(F)F', 'CCOC(=O)CC1=C(I)C=CC=C1', 'OC(=O)C1=C(I)C=C(C=C1)C#N', 'CC1=CC(C)=C(I)C=C1I', 'FC(F)(F)C1=C(I)C=CC(Br)=C1', 'CCOC(=O)C1=CC(I)=C(C=C1)C#N', 'OC(=O)C1=CC=CC(=C1I)N(=O)=O', 'COC(=O)C1=C(O)C=C(I)C(Cl)=C1', 'ClC1=CC(CBr)=C(I)C=C1', 'ClC1=C(I)C=C(C=O)C=C1', 'COC(=O)C1=C(OC)C=C(F)C(I)=C1', 'OC(=O)CCC1=NN=C(O1)C1=CC=CC=C1I', 'OC1=C(I)C=C(C=C1I)C(F)(F)F', 'OC(=O)C1=C(I)C=C(F)C(F)=C1', 'CC1=C(C=C(I)C=C1Cl)C(O)=O', 'COC1=C(OC)C(I)=CC(C=O)=C1', 'FC1=C(Cl)C=CC(I)=C1C=O', 'COC(=O)C1=C(I)C=CC(OC)=C1', 'CC1=CC(C(O)=O)=C(I)C=C1', 'OCC1=CC(=C(I)C=C1)N(=O)=O']"
9,"[1.0708146217817276, 0.9656292524742955]",3.372950687072186,"['FC1=C(F)C(=CC(I)=C1F)N(=O)=O', 'ClC1=CC(I)=CC(=C1)N(=O)=O']","['BrC1=CC=CC=C1I', 'OC1=C(I)C(Cl)=CC(Cl)=C1', 'ClC1=CC=C(CBr)C(I)=C1', 'CCC1=CC(Br)=C(I)C=C1', 'OC(C1=CC=C(I)C(F)=C1)(C(F)(F)F)C(F)(F)F', 'OC1=CC(Cl)=C(I)C=C1', 'OC1=C(I)C=C(F)C(F)=C1I', 'FC1=C(I)C(Cl)=CC=C1', 'OC(=O)C1=C(Br)C(I)=CC=C1', 'COC1=C(I)C(F)=C(F)C=C1', 'CC1=CC=CC(Cl)=C1I', 'COC1=CC(Cl)=C(I)C=C1', 'OC1=C(F)C=C(I)C=C1I', 'CC1=CC(Br)=C(I)C=C1', 'OC(=O)C1=C(I)C(Br)=CC=C1', 'FC1=CC=CC(CBr)=C1I', 'OC(=O)C1=CC=CC(=C1I)C(F)(F)F', 'FC(F)(F)OC1=C(I)C=C(Br)C=C1', 'FC1=C(I)C=CC(Br)=C1Cl', 'CC1=CC(Cl)=CC(Cl)=C1I']"
