,obj_values ['rate'],Vendi_score,eval_samples,cut_samples
0,"[1.2167917129696504, 0.0787011763204678]",1.30287307151199,"['COC1=CC(I)=CC=C1I', 'OC(=O)CNC(=O)C1=C(I)C=CC=C1']",[]
1,"[0.4888971701553504, 0.3003282067106272]",1.3974842385468131,"['FC(F)(F)C(F)(C1=CC=C(I)C=C1)C(F)(F)F', 'CC1=CC(I)=CC(F)=C1']","['CON(C)C(=O)C1=CC=C(I)C=C1', 'COC1=C(Cl)C=CC(I)=C1', 'NC(CC1=CC=C(I)C=C1)C(O)=O', 'CC(=O)NC(CC1=CC=C(I)C=C1)C(O)=O', 'CS(=O)(=O)NC1=CC=C(I)C=C1', 'OC(=O)CC1=C(I)C=C(Cl)C=C1', 'COC1=C(C(O)=O)C(I)=CC=C1', 'CNC(=O)C1=CC=CC=C1I', 'IC1=CC(CC#N)=CC=C1', 'CCOC(=O)CC1=CC(I)=CC=C1', 'CON(C)C(=O)C1=C(I)C=C(Cl)C=C1', 'IC1=CC=CC(=C1)C1=CC=CC=C1', 'IC1=CC(=CC=C1)N1C=CN=N1', 'OCC1=C(Cl)C=CC(I)=C1', 'IC1=C(C=CC=C1)C(=O)NCC1=CC=CC=C1', 'CCNC(=O)C1=CC=CC=C1I', 'ClCC1=CC(I)=C(CCl)C=C1', 'IC1=CC(I)=CC=C1', 'CC(C)(C)OC(=O)C1=C(I)C=CC=C1', 'NNC(=O)C1=CC=C(I)C=C1', 'IC1=C(C=CC=C1)C(=O)NC1CCCC1', 'IC1=CC=CC=C1CN1C=NC=N1', 'CC(=O)OC1=CC=C(I)C=C1', 'OCC1=C(Cl)C=CC=C1I', 'NC(=O)C1=C(Cl)C=CC=C1I', 'CCCNC(=O)C1=CC=CC=C1I', 'IC1=CC=C(C=C1)C(=O)N1CCOCC1', 'CC1=C(Cl)C=C(I)C=C1', 'FC(F)(F)C1=C(Cl)C=CC(I)=C1', 'NC(=O)C1=C(I)C=CC=C1', 'CC1=CC=C(I)C(C(O)=O)=C1F']"
2,"[0.5376468742303384, 0.501388129731924]",1.647286009145277,"['IC1=CC=C(C=C1)C1=NC=CO1', 'ClC1=CC2=C(C=C1)C=C(I)C=C2']","['ClCC1=CC=C(I)C=C1', 'FC1=C(C=C(I)C=C1)C(F)(F)F', 'CNS(=O)(=O)C1=CC=C(I)C=C1', 'IC1=CC=C(CC#C)C=C1', 'NS(=O)(=O)C1=CC=C(I)C=C1', 'FC(F)C1=CC=C(I)C=C1', 'FC(F)C1=C(I)C=CC=C1', 'CC1=CC(I)=CC(C)=C1F', 'BrCC1=CC(I)=CC=C1', 'FC1=CC(I)=CC=C1C(F)(F)F', 'OCC1=C(I)C=C(F)C=C1', 'NS(=O)(=O)C1=CC=CC(I)=C1', 'NC1(CC1)C1=CC=C(I)C=C1', 'CCC1=CC=C(I)C=C1', 'CS(=O)(=O)C1=CC=CC(I)=C1', 'OB(O)C1=CC=C(I)C=C1', 'COC(=O)C1=CC=C(I)C=C1', 'OCC1=C(Cl)C=C(I)C=C1Cl', 'CC1=CC=CC(I)=C1', 'NCC1=CC(I)=CC=C1', 'CC1=CC=C(I)C=C1Br', 'FC1=C(Cl)C=C(I)C=C1', 'ClC1=CC=C(I)C=C1', 'OS(=O)(=O)C1=CC=C(I)C=C1', 'OC(=O)C1=CC=C(I)C=C1', 'CC1=C(Cl)C=C(I)C=C1Cl', 'OB(O)C1=CC(I)=CC=C1', 'CC1=CC(Br)=CC(I)=C1', 'OS(=O)(=O)C1=CC=CC(I)=C1', 'COC(=O)C1(CC1)C1=CC=C(I)C=C1']"
3,"[0.6193182634195539, 1.1851596614284747]",1.8742902375950234,"['CC1=CC=C(I)C=C1C1=CC(I)=CC=C1C', 'CC1=CC=C(C)N1C1=C(F)C=C(I)C=C1']","['CC(=O)C1=CC(I)=CC=C1', 'FC1=C(Cl)C=C(I)C=C1Cl', 'CC1=C(Br)C(F)=CC(I)=C1', 'CC1=CC(C)=C(I)C=C1I', 'IC1=CC=C(OCC#N)C=C1', 'OC1=C(F)C=C(I)C=C1I', 'CC1=C(C=C(I)C=C1Cl)C(O)=O', 'NCCC1=CC=C(I)C=C1', 'CC1=C(F)C=C(F)C=C1I', 'CC(=O)NC1=C(F)C=C(I)C=C1', 'OCC1=C(I)C=C(Cl)C=C1', 'CCC1=C(Br)C=CC(I)=C1', 'OC(=O)CCCCC1=CC=C(I)C=C1', 'ClCC1=C(I)C=CC=C1', 'COC1=CC(Cl)=CC(I)=C1', 'CC(=O)NC1=C(C=C(I)C=C1)C(F)(F)F', 'OC1=CC=C(I)C=C1C(F)(F)F', 'FC(F)(F)C(=O)CC1=CC=C(I)C=C1', 'CCOC(=O)C1=CC=C(I)C=C1F', 'CC(=O)CCC1=CC=C(I)C=C1', 'COC(=O)C1=C(C)C(I)=CC=C1', 'CC(=O)NC1=C(OC(F)(F)F)C=C(I)C=C1', 'ClC1=CC=C(C=C1)C1=CC=C(I)C=C1', 'CC1(C)COB(OC1)C1=CC=C(I)C=C1', 'CC1=CC=C(C=C1I)C(N)=N', 'CCC1=CC=C(I)C=C1C(O)=O', 'CC1=C(I)C=CC=C1CC#N', 'CC1=CC=C(I)C=C1']"
4,"[0.9096455794283645, 0.14233594580504927]",2.0429581465120643,"['COC(=O)C1=C(O)C=C(I)C(Cl)=C1', 'COC1=CC(I)=C(Cl)C=C1']","['IC1=CC=C(OCC2=CC=NC=C2)C=C1', 'CC(C)(C)OC(=O)C1=CC(I)=CC=C1', 'BrC1=CC2=CC=C(I)C=C2C=C1', 'COC1=CC=C(C(N)=O)C(I)=C1', 'ClC1=CC=C(OC2=CC=C(I)C=C2)C=C1', 'CC(Br)C(=O)N(C)C1=CC=C(I)C=C1', 'IC1=CC=CC(=C1)C(=O)C1=CC=CC=C1', 'IC1=CC=C(OC2=CC=CC=C2)C=C1', 'COC1=CC=C(I)C(C(O)=O)=C1F', 'NC(=O)C1=CN=C(OC2=CC=C(I)C=C2)C=C1', 'NC1=C(C(O)=O)C(I)=CC=C1', 'IC1=CC=C(C=C1)C(=O)NCC1=CC=CC=C1', 'CC1=CC(=CC(I)=C1)C(O)=O', 'COC(=O)C1=C(I)C=CC=C1OC', 'COC(OC)C1=C(I)C=CC=C1', 'COC(=O)C1=C(I)C=CC=C1O', 'IC1=CC=CC(CN2CCCC2)=C1', 'CC(C)(C)OC(=O)NCC1=CC=CC(I)=C1', 'COC(=O)C1=C(N)C=CC=C1I', 'COC(=O)C1=C(I)C=CC(OC)=C1', 'CCOP(=O)(CC1=CC=C(I)C=C1)OCC', 'OCC1=CC(I)=C(CO)C=C1I', 'IC1=C(C=CC=C1)C1=CC=CC=C1', 'COC1=C(C)C=CC(I)=C1', 'CC(C)(C)OC(=O)C1=C(Br)C=C(I)C=C1', 'COC(=O)C1=C(I)C=C(OC)C(OC)=C1']"
5,"[0.26888320368432606, 1.2242285798605221]",2.323194736265601,"['C[C@@H]1CN(CCN1S(=O)(=O)C1=CC=C(I)C=C1)C(=O)C1=CC=CC=C1', 'OC(=O)C1=C(O)C=CC=C1I']","['OC1=CC(I)=C(Cl)C=C1', 'OC(=O)C1=CC=CC(I)=C1Cl', 'NC(=O)C1=C(I)C=CC(Br)=C1F', 'CC1=CC=CC(I)=C1Cl', 'COC1=C(I)C=C(N)C=C1I', 'FC1=CC(I)=C(Cl)C=C1', 'CC1=CC=C(C(O)=O)C(I)=C1', 'OC1=C(F)C=C(I)C=C1', 'CC1=CC(Cl)=C(I)C=C1C', 'COC1=CC(=C(I)C=C1)C(F)(F)F', 'IC1=CC=C(OCC2=CC=CN=C2)C=C1', 'OC1=C(Cl)C(I)=CC=C1', 'OC(=O)C1=C(NC2=CC=C(I)C=C2F)C=NC=C1', 'CC1=CC=CC(I)=C1CO', 'OC(=O)CCCCC(=O)C1=CC=C(I)C=C1', 'CC1=CC(I)=C(CO)C=C1', 'IC1=C(C=CC=C1)C(=O)N1CCCC1', 'COC1=CC(Br)=CC(I)=C1', 'IC1=CC=C(C#N)C(I)=C1', 'OC1=CC=C(OC2=CC=C(I)C=C2)C=C1', 'CCOC(=O)C1=CC2=CC=CC=C2C=C1I', 'COC(=O)CC1=C(I)C=CC=C1', 'CC(C)OC1=CC=C(I)C=C1Br', 'ClC1=CC=CC=C1I', 'COC(=O)C1=CC=CC=C1I']"
6,"[0.9011189241452577, 0.9400829562844111]",2.462486155594487,"['OC1=C(C=O)C(I)=CC=C1', 'OC1=CC(I)=C(C=C1)N(=O)=O']","['OC(=O)C1=CC=CC(I)=C1', 'CCOC(=O)C1=CC(I)=CC(Br)=C1', 'OC(=O)CCC1=NN=C(O1)C1=CC=CC=C1I', 'ClC1=CC=C(CBr)C(I)=C1', 'CC1=C(I)C=C(C=C1F)C(O)=O', 'CC1=CC(C(O)=O)=C(I)C=C1', 'CCOC1=CC=C(C=C1)C(O)C1=CC(I)=CC=C1Cl', 'COC(=O)C1=C(I)C=C(Br)C=C1', 'CC1=C(I)C=C(CO)C=C1', 'COC1=C(C)C(I)=CC=C1C', 'OC(=O)C1=CC=CC2=CC=CC(I)=C12', 'BrC1=CN=C(OC2=CC=C(I)C=C2)N=C1', 'FC(F)(F)C(=O)NC1=CC=CC=C1I', 'COC(=O)C1=C(Cl)C=C(C)C(I)=C1', 'NC(=O)CC1=C(I)C=CC=C1', 'CSC1=CC=C(I)C=C1', 'FC(F)(F)C1=CC(=C(I)C=C1)C(F)(F)F', 'OC(=O)CC1=CC=CC=C1I', 'CCOC(=O)CC1=C(I)C=CC=C1', 'OC(=O)C1=C(NC(=O)C2=C(I)C=CC=C2)C=CC=C1', 'ClC1=CC(CBr)=C(I)C=C1', 'COC(=O)C1=C(Cl)C(O)=C(I)C=C1', 'COC(=O)C1=CC(NC(=O)C2=CC=CC=C2I)=CC=C1', 'OC(=O)CCC1=CC=CC=C1I']"
7,"[0.8424035927964038, 0.610371127314533]",2.593315124001539,"['OC(=O)C1=CC=C(I)C(=C1)C(F)(F)F', 'NC1=CC(I)=CC(CO)=C1']","['OC(=O)C1=CC(I)=C(C=C1)C(F)(F)F', 'IC1=CC=CC=C1C1=CC=CC=C1I', 'CCOC(=O)CC(=O)C1=C(I)C=CC=C1', 'IC1=CC=CC2=C(I)C=CC=C12', 'COC1=C(I)C=C(C=C1I)C#N', 'OC1=CC=CC2=C1C=CC=C2I', 'FC1=C(Cl)C=CC(I)=C1C=O', 'OC(=O)C1=C(NC2=CC=C(I)C=C2Cl)C(F)=C(F)C=C1', 'COC1=C(OC)C(I)=CC(C=O)=C1', 'CC1=C(I)C=CC=C1N(=O)=O', 'OC(=O)C1=C(I)C=C(F)C(F)=C1', 'COC1=CC(I)=C(C=O)C=C1OC', 'CCOC(=O)C1=C(I)C=CC(Br)=C1', 'CC1=CC=CC(I)=C1C=O', 'CC1=C(I)C=C(Cl)C(=C1)N(=O)=O', 'IC1=CC=CC=C1C(=O)C1=CC=CC=C1', 'CCOC(=O)C1=CC(OCC)=C(I)C=C1', 'OC(=O)C1=C(I)C=CC(Br)=C1', 'CC1=CC(=CC=C1I)C(O)=O', 'OC(=O)C1=CC(Cl)=CC=C1I', 'CCOC(=O)C1=CC(I)=C(C)C=C1', 'COC1=CC=C(I)C=C1C(O)=O']"
8,"[0.40542248323130026, -0.09612092193324576]",2.855498943327417,"['IC1=CC=CC2=CC3=C(C=C12)C(I)=CC=C3', 'OC(=O)C1=C(I)C(I)=CC(I)=C1']","['CNCC1=C(I)C=CC=C1', 'FC1=CC=CC(I)=C1C#N', 'OC(=O)C1=C(I)C=C(C=C1)C#N', 'COC1=CC(I)=C(NC(=O)OC(C)(C)C)C=C1', 'ClC1=CC(Cl)=C(I)C=C1', 'CC1=C(C(I)=CC=C1)N(=O)=O', 'CC1=C(C=CC=C1I)C#N', 'FC1=CC(I)=CC=C1NC(=O)NC1CC1', 'CC1=C(O)C=CC(I)=C1', 'IC1=CC=C(OCC2CC2)C=C1', 'COC1=C(OC)C=C(I)C=C1', 'CC1=CC(C)=C(I)C=C1C(O)=O', 'FC(F)(F)C1=C(I)C=CC(=C1)C#N', 'OC(=O)C1=CC=CC(C(O)=O)=C1I', 'NCC1=CC=CC=C1I', 'CC1=CC(I)=C(C)C=C1', 'COC1=CC(B(O)O)=C(I)C=C1', 'IC1=CC=C(OCCN2CCCC2=O)C=C1', 'OC1=CC(I)=C(Br)C=C1', 'CC1=C(I)C=C(O)C=C1', 'CC(C)(C)C1=CC(I)=CC=C1O']"
9,"[0.13319789241364827, 1.1169563711598447]",2.9469885036492274,"['OC(=O)C1=CC=CC(=C1I)C(F)(F)F', 'NC1=CC(I)=C(Br)C=C1']","['OC(=O)C1=CC(OC(F)(F)F)=C(I)C=C1', 'CC1(C)OB(OC1(C)C)C1=CC(O)=CC=C1I', 'OC1=CC=C(Cl)C=C1\\C=C\\C1=C(I)C=CC=C1', 'CCOC(=O)C1=CC(I)=C(C=C1)C#N', 'FC1=CC=CC(I)=C1Br', 'FC(F)(F)C1=CC(I)=C(Cl)C=C1', 'OC1=CC2=C(C=CC=C2I)C=C1', 'CC1=CC(I)=CC(I)=C1N', 'BrC1=C(C=C(I)C=C1)C#N', 'NC(=O)C1=C(O)C=CC(I)=C1', 'CC1=C(C(F)=CC=C1I)N(=O)=O', 'OC1=C(Br)C(I)=CC=C1', 'COC(=O)C1=CC(I)=C(Cl)C=C1C', 'COC(=O)C1=CC(I)=C(Cl)C=C1', 'COC(=O)C1=CC(N)=C(I)C=C1C', 'ClC1=C(I)C=C(C=O)C=C1', 'COC(=O)C1=CC(I)=C(C)C=C1C', 'OC(=O)C1=CC(I)=C(O)C(I)=C1', 'COC(=O)C1=CC=C(I)C(N)=C1', 'OC(=O)CCC1=CC(I)=C(O)C(I)=C1']"
