,obj_values ['rate'],Vendi_score,eval_samples,cut_samples
0,"[0.38025797170092135, 0.7365003752884792]",1.7628021705599288,"['CC1=C(O)C(I)=CC(Cl)=C1', 'NC1=CC(Br)=C(I)C(Br)=C1']",[]
1,"[-0.030410175615268827, 1.1278226185663462]",1.9539009468474633,"['OC1=CC(Br)=C(I)C(Br)=C1', 'FC1=CC(Cl)=C(I)C(Cl)=C1']","['OC1=C(I)C=C(C=C1)C1=CC=CC=C1', 'COC1=C(I)C(Cl)=C(Cl)C=C1', 'COC1=CC(Cl)=C(I)C=C1', 'NC1=C(I)C(Cl)=C(Cl)C=C1', 'OC1=C(I)C(Br)=CC=C1', 'OC1=C(I)C=C(Cl)C=C1', 'OC1=CC=C(I)C(Br)=C1', 'OC1=C(I)C=CC(Cl)=C1', 'OCC1=CC(I)=C(O)C=C1', 'NC1=C(I)C=C(OC(F)(F)F)C=C1', 'COC1=CC(OC)=C(I)C=C1Cl', 'OC(=O)CC1=CC=C(O)C(I)=C1', 'NC1=C(Cl)C=C(C=C1I)C(F)(F)F', 'NC1=C(I)C=C(Cl)C(=C1)C(F)(F)F', 'IC1=C(OC2CC2)C=CC=C1', 'OC(=O)C1=CC=C(O)C(I)=C1', 'COC1=C(I)C=C(Br)C=C1', 'OC1=C(I)C=CC=C1Cl', 'NC1=C(I)C(Br)=CC(F)=C1', 'OC1=CC(Cl)=C(I)C=C1', 'OC(=O)CCC1=CC=C(O)C(I)=C1', 'COC1=C(I)C=CC=C1', 'NC(=O)C1=CC(O)=C(I)C=C1', 'NC1=C(Cl)C=C(Cl)C=C1I', 'COC(=O)C1=CC(I)=C(N)C=C1Cl', 'COC1=CC=CC(Br)=C1I', 'CC1=CC(I)=C(O)C=C1Cl', 'OC1=CC(Cl)=C(F)C=C1I', 'COC1=CC=C(C)C=C1I', 'COC1=C(I)C=C(C=C1)C(O)=O', 'COC1=CC(Br)=C(I)C=C1']"
2,"[0.6009279798653284, -0.8418970574556375]",2.056042681169004,"['ClC1=C(I)C=C(C=C1)C#N', 'ClC1=CC=CC=C1I']","['OC(=O)C1=C(Br)C(I)=CC=C1', 'OC(=O)C1=CC(Cl)=C(I)C(Cl)=C1', 'ClC1=CC=CC(Br)=C1I', 'CC1=CC(Br)=C(I)C=C1', 'CC1=CC(Br)=C(I)C=C1Cl', 'CC1=CC(Cl)=C(I)C=C1C', 'FC(F)(F)C1=C(I)C(Br)=CC=C1', 'CC(C)(C)C1=CC(I)=C(Br)C=C1', 'BrC1=CC=CC=C1I', 'CC(C)C1=CC=C(I)C(Br)=C1', 'FC(F)(F)C1=CC(I)=C(Br)C=C1', 'OC1=CC(I)=C(Br)C=C1', 'CCC1=CC(Br)=C(I)C=C1', 'OC1=C(I)C(Cl)=CC(Cl)=C1', 'CC1=C(Br)C=CC(I)=C1Cl', 'FC1=CC(Cl)=C(I)C=C1', 'FC1=CC(Br)=C(I)C=C1F', 'ClC1=CC=C(Br)C=C1I', 'CC(C)(C)C1=CC=C(I)C(Br)=C1', 'COC(=O)C1=CC(I)=C(Cl)C=C1', 'OCC1=CC=CC(Br)=C1I', 'FC(F)(F)C1=CC(Cl)=C(I)C(Cl)=C1', 'CC1=CC(Cl)=CC(Cl)=C1I', 'OC1=C(I)C(Cl)=CC=C1', 'ClC1=CC(Br)=CC(Cl)=C1I', 'OC(=O)C1=C(I)C(Br)=CC=C1', 'OC1=C(Br)C(I)=CC=C1', 'ClC1=CC(Br)=C(I)C(Cl)=C1', 'ClC1=CC(Cl)=C(I)C=C1', 'COC(=O)C1=CC(I)=C(Cl)C=C1C']"
3,"[1.1462421857036866, 0.6702486479290919]",2.419748350785025,"['FC1=C(I)C(Br)=CC(Br)=C1', 'ClC1=CC(=CC(Cl)=C1I)N(=O)=O']","['COC1=C(F)C=CC=C1I', 'OC1=CC=C(I)C=C1C(F)(F)F', 'OC1=C(Cl)C(I)=CC=C1', 'FC(F)C1=C(I)C=CC=C1', 'FC(F)(F)C1=C(Br)C(I)=CC=C1', 'FC1=CC(I)=C(Cl)C=C1', 'FC1=CC(F)=C(I)C(Cl)=C1', 'ClC1=CC(Br)=C(I)C=C1Cl', 'FC1=CC=CC(I)=C1Br', 'FC(F)(F)C1=CC(I)=C(Cl)C=C1', 'FC1=C(I)C(Cl)=CC=C1', 'BrC1=C(C=CC=C1I)C#N', 'BrCC1=C(Br)C(I)=CC=C1', 'COC1=CC(I)=C(Cl)C=C1', 'OCC1=C(I)C=CC(F)=C1', 'FC(F)(F)C(=O)NC1=CC=CC=C1I', 'CC1=CC=CC(I)=C1Cl', 'CC1=CC(I)=C(F)C=C1', 'NC1=CC=C(Cl)C(I)=C1Cl', 'COC1=C(I)C=CC(=C1)C(F)(F)F', 'OC(=O)C1=CC=CC(I)=C1Cl', 'BrC1=CC(Br)=C(I)C=C1', 'COC1=CC=C(I)C(C(O)=O)=C1F', 'FC(F)(F)OC1=CC=CC=C1I', 'FC(F)(F)OC1=C(I)C=C(Br)C=C1', 'CC1=CC=CC(Cl)=C1I', 'OC1=CC(I)=C(Cl)C=C1', 'COC1=C(I)C=C(C(O)=O)C(F)=C1']"
4,"[1.1580107547295777, 0.0020661501216441835]",2.83593809462418,"['FC1=C(F)C(F)=C(I)C(F)=C1F', 'FC1=CC(Br)=CC(F)=C1I']","['CC1=C(F)C=C(F)C(I)=C1', 'FC1=C(I)C=CC(=C1)C(F)(F)F', 'COC1=CC(I)=C(I)C=C1OC', 'FC1=CC(F)=C(Cl)C=C1I', 'FC1=C(I)C=CC(Br)=C1Cl', 'FC1=C(I)C=C(CBr)C=C1', 'FC1=C(I)C=CC(Cl)=C1', 'FC(F)C1=C(I)C(F)=C(Cl)C=C1', 'CC(=O)C1=CC(I)=C(Br)C=C1', 'FC1=C(C=C(I)C=C1)C(F)(F)F', 'NC(=O)C1=C(Cl)C=CC=C1I', 'COC1=CC(I)=C(F)C=C1Cl', 'NC1=CC=C(I)C(Cl)=C1', 'BrCC1=C(I)C(Br)=CC=C1', 'OC(=O)C1=C(F)C=C(Cl)C(I)=C1', 'BrC1=C(I)C=C(C=O)C=C1', 'FC1=CC(I)=C(F)C=C1', 'BrC1=CC(I)=C(I)C=C1', 'OC(=O)C1=CC(I)=C(O)C(I)=C1', 'COC(=O)C1=CC(I)=C(F)C=C1', 'ClC1=CC(CBr)=C(I)C=C1', 'ClCC1=CC(I)=C(CCl)C=C1', 'FC1=C(I)C=CC(I)=C1', 'FC1=C(Br)C=CC(I)=C1F', 'OC1=C(F)C=CC=C1I', 'ClC1=C(I)C=C(C=O)C=C1']"
5,"[0.3605637792644092, 1.1629139359306655]",3.0446971965764527,"['FC1=CC(F)=C(F)C(I)=C1F', 'FC1=C(I)C(F)=C(Br)C=C1Br']","['COC1=C(I)C(F)=CC(Br)=C1', 'FC1=C(F)C(=CC=C1I)C(F)(F)F', 'FC1=C(F)C(I)=CC=C1', 'OC1=C(I)C=C(C=C1I)C(F)(F)F', 'FC1=CC=CC(CBr)=C1I', 'COC1=CC=C(Br)C(F)=C1I', 'OC(=O)C1=C(F)C(F)=C(F)C(F)=C1I', 'CCOC(=O)C1=CC(I)=C(OC)C=C1', 'FC1=C(I)C=CC(=C1)C1CC1', 'OB(O)C1=CC(F)=C(I)C(F)=C1', 'COC(=O)C1=C(OC)C=C(F)C(I)=C1', 'FC1=CC=CC(F)=C1I', 'FC1=C(I)C(F)=C(Br)C=C1', 'OC1=C(I)C=C(F)C(F)=C1I', 'OC(C1=CC=C(I)C(F)=C1)(C(F)(F)F)C(F)(F)F', 'CC1=CC(F)=C(I)C=C1O', 'FC1=CC(F)=C(I)C(F)=C1', 'COC1=CC=C(C=C1I)C#N', 'OC1=CC=CC(I)=C1F', 'COC1=CC(F)=C(I)C=C1', 'CCOC1=CC(Br)=CC=C1I', 'FC1=CC=C(I)C(F)=C1F', 'CC1=CC(F)=C(I)C=C1', 'FC1=CC=C(I)C(F)=C1', 'CCOC1=CC=C(I)C(F)=C1F']"
6,"[1.0883633455290571, 1.0708146217817276]",3.452234980323505,"['IC1=C(C=CC=C1N(=O)=O)N(=O)=O', 'FC1=C(F)C(=CC(I)=C1F)N(=O)=O']","['CC1=CC=C(I)C(C(O)=O)=C1F', 'CCOC(=O)COC1=CC=CC=C1I', 'COC1=C(I)C=C(C=C1I)C#N', 'COC(=O)C1=CC(I)=C(OC2=CC=CC=C2)C=C1', 'NC1=C(I)C(F)=C(F)C=C1F', 'COC1=C(I)C(F)=CC=C1', 'COC(=O)C1=CC(I)=C(N)C(Br)=C1', 'NC1=CC(I)=C(F)C=C1Cl', 'COC1=CC(CO)=CC=C1I', 'COC(=O)C1=CC=C(N)C(I)=C1Cl', 'COC1=CC(Cl)=C(OC)C=C1I', 'OC1=C(I)C=CC=C1', 'COC1=CC(Br)=CC(OC)=C1I', 'COC1=C(I)C(F)=C(F)C=C1', 'FC1=C(C=C(Br)C=C1I)C#N', 'CCOC(=O)C1=CC(I)=C(O)C(I)=C1', 'COC1=CC(I)=C(F)C=C1', 'FC1=C(Cl)C=C(I)C=C1', 'COC1=CC(=C(I)C=C1)C(F)(F)F', 'NC1=C(I)C(Cl)=CC=C1', 'IC1=C(OCC2=CC=CC=C2)C=CC=C1', 'NC1=C(F)C(F)=C(I)C=C1', 'COC(=O)C1=C(Cl)C(O)=C(I)C=C1', 'OC1=CC(I)=C(O)C=C1I']"
7,"[0.8079068995209806, 0.11229390118545779]",3.593095798013616,"['BrCC1=C(I)C(=CC=C1)N(=O)=O', 'COC1=C(I)C(=CC=C1)N(=O)=O']","['CC1=C(C(I)=CC=C1)N(=O)=O', 'CC1=CC(O)=C(I)C=C1N(=O)=O', 'COC1=C(OC)C(I)=CC(C=O)=C1', 'CC1=CC(=C(I)C(Br)=C1)N(=O)=O', 'COC1=CC(C=O)=CC(I)=C1O', 'COC(=O)C1=C(O)C=C(I)C(Cl)=C1', 'CCOC1=C(O)C(I)=CC(C=O)=C1', 'OC1=C(I)C=CC=C1N(=O)=O', 'CCOC(=O)C1=CC(F)=C(I)C=C1', 'COS(=O)(=O)C1=CC=CC=C1I', 'ClC1=C(I)C(=CC=C1)N(=O)=O', 'OC(=O)C1=CC=CC(=C1I)N(=O)=O', 'OC1=C(I)C=C(C=C1N(=O)=O)C#N', 'ClC1=CC(=CC=C1I)N(=O)=O', 'OC1=C(I)C=C(C=O)C=C1I', 'COC1=C(C=C(I)C(F)=C1)C(O)=O', 'OC1=C(I)C(=CC=C1)N(=O)=O', 'COC1=CC(=C(I)C=C1)S(F)(=O)=O', 'OC(=O)C1=CC(OC(F)(F)F)=C(I)C=C1', 'FC1=CC(F)=C(I)C=C1N(=O)=O', 'FC1=C(I)C=CC(Br)=C1C#N', 'NC1=C(C=C(I)C(Cl)=C1)N(=O)=O']"
8,"[-0.09612092193324576, 1.2310331342559602]",3.8159342810328925,"['OC(=O)C1=C(I)C(I)=CC(I)=C1', 'IC1=C(C=CC=C1C#N)C#N']","['COC1=C(I)C(=CC=C1)C#N', 'OC(=O)C1=CC(I)=C(C=C1)C(F)(F)F', 'OCC1=CC(=C(I)C=C1)N(=O)=O', 'CC1=C(C(F)=CC=C1I)N(=O)=O', 'CC1=C(I)C=CC=C1N(=O)=O', 'OC(=O)CC1=C(I)C=C(Cl)C=C1', 'CC1=C(I)C(F)=C(C=C1)C#N', 'NC1=CC=C(I)C(F)=C1C#N', 'CC1=C(I)C=C(Cl)C(=C1)N(=O)=O', 'NC1=C(F)C=C(C=C1I)C#N', 'CC(C)C1=CC=C(I)C(=C1)N(=O)=O', 'CC(=O)C1=CC(I)=C(O)C=C1', 'CC1=C(I)C(F)=C(C=C1)C(O)=O', 'OC1=CC(I)=C(C=C1)N(=O)=O', 'CC(=O)C1=CC(Cl)=C(C)C(I)=C1O', 'COC(=O)C1=C(Cl)C=C(C)C(I)=C1', 'BrC1=C(OC2=C(I)C=CC=C2)C=CC(=C1)C#N', 'COC(=O)C1=CC(I)=C(N)C(=C1)N(=O)=O', 'ClC1=CC=C(CBr)C(I)=C1', 'OC(=O)C(=O)CC1=CC(I)=C(O)C(I)=C1', 'COP(=S)(OC)OC1=CC(Cl)=C(I)C=C1Cl']"
9,"[-0.06602965095703381, 0.43139330236988777]",3.9905133050687462,"['CC(C)(C)OC(=O)NC1=CC=C(Cl)C(F)=C1I', 'NC1=C(F)C(F)=C(I)C(F)=C1F']","['OC(=O)C1=C(I)C=C(F)C(F)=C1', 'OCC1=C(Cl)C=CC=C1I', 'FC(F)(F)C1=C(I)C=CC(=C1)C#N', 'BrC1=C(C=C(I)C=C1)C#N', 'OC(=O)C1=CC(Cl)=CC=C1I', 'OC(=O)C1=CC=C(I)C(=C1)C(F)(F)F', 'COC(=O)C1=C(I)C=C(Br)C=C1', 'NC(=O)C1=C(I)C=CC(Br)=C1F', 'OC(=O)C1=CC=CC(C(O)=O)=C1I', 'FC1=C(Cl)C=CC(I)=C1C=O', 'OC(=O)C1=C(I)C=C(C=C1)C#N', 'OC(=O)C1=CC=CC(=C1I)C(F)(F)F', 'COC(=O)C1=C(I)C=CC(OC)=C1', 'IC1=CC=CC=C1C(=O)C1=CC=CC=C1', 'CC1=C(C=C(I)C=C1Cl)C(O)=O', 'FC(F)(F)C1=C(I)C=CC(Br)=C1', 'FC(F)(F)C1=CC(=C(I)C=C1)C(F)(F)F', 'FC1=CC=CC(I)=C1C#N', 'COC(=O)C1=CC=CC=C1I', 'CCOC(=O)C1=CC(I)=C(C=C1)C#N']"
