,obj_values ['rate'],Vendi_score,eval_samples,cut_samples
0,"[0.5490274674641391, 1.112863536234718]",1.7338541357571244,"['CC1=CC(O)=C(I)C=C1N(=O)=O', 'NNC1=CC=C(I)C=C1']",[]
1,"[-0.36739378136704104, -0.612250732515574]",1.7005938345338156,"['NC1=CC=C(O)C=C1I', 'CC1=C(N)C(I)=CC=C1']","['CC1=CC(N)=C(I)C=C1F', 'CCOC(=O)C1=CC(I)=C(N)C=C1', 'NC1=C(Cl)C=C(C=C1I)C(F)(F)F', 'NC1=C(I)C=C(OC(F)(F)F)C=C1', 'CC1=C(O)C=CC(I)=C1', 'COC1=C(N)C=CC(I)=C1', 'NC1=C(Cl)C=C(I)C=C1', 'CCOC1=C(O)C(I)=CC(C=O)=C1', 'NC(=O)C1=CC(O)=C(I)C=C1', 'COC1=CC=C(C)C=C1I', 'CNC1=CC=C(I)C=C1C', 'COC1=CC(C=O)=CC(I)=C1O', 'OC1=CC=C(C=C1I)C1=CC=C(C=C1)C#N', 'NC1=CC(I)=CC=C1O', 'NNC(=O)CNC1=CC=C(I)C=C1', 'COC1=CC(OC)=C(I)C=C1Cl', 'CC1=C(O)C(I)=CC(Cl)=C1', 'IC1=CC=C(OCC2CC2)C=C1', 'NC1=CC=C(I)C=C1', 'NC1=C(Cl)C=C(Cl)C=C1I', 'CC(C)(C)C1=CC(I)=CC=C1O', 'CSC1=CC=C(I)C=C1', 'CNC1=CC=C(I)C=C1', 'CC(C)(C)C1=C(N)C=CC(I)=C1', 'CC1=CC(Cl)=CC(I)=C1N', 'OC1=CC=C(I)C2=CC=CC=C12', 'CCC1=C(N)C=CC(I)=C1', 'NNC1=C(I)C=CC=C1', 'CC(=O)C1=CC(I)=C(O)C=C1', 'COC1=C(I)C=CC=C1', 'CN(C)C1=CC=C(I)C=C1']"
2,"[-0.02332464733608064, 0.748476934445635]",1.9176500902535152,"['NC(=O)C1=C(O)C=CC(I)=C1', 'NC1=CC=C(I)C=C1N(=O)=O']","['CC1=CC(I)=C(N)C=C1O', 'COC1=CC=C(I)C(C)=C1', 'CC(=O)NC1=CC=CC=C1I', 'COC1=CC=C(I)C(N)=C1', 'NC1=CC(I)=C(O)C=C1', 'CC(C)(C)C1=CC=C(N)C(I)=C1', 'NC1=CC=C(N)C(I)=C1', 'CC1=CC(N)=C(I)C=C1', 'COC(=O)C1=C(C)C=C(N)C(I)=C1', 'COC1=C(N)C(I)=CC=C1', 'NC1=C(I)C=C(F)C(=C1)C(F)(F)F', 'NC1=CC(Cl)=CC=C1I', 'CC1=C(I)C=CC(O)=C1', 'COC1=CC(I)=C(N)C=C1', 'OC(=O)CC1=CC=C(O)C(I)=C1', 'CC1=CC=C(N)C(I)=C1', 'CC1=CC(N)=C(I)C=C1C', 'COC1=CC=C(I)C(O)=C1', 'OCC1=CC(I)=C(O)C=C1', 'CC1=CC(O)=C(C)C=C1I', 'COC(=O)C1=CC(I)=C(N)C(OC)=C1', 'CC(C)C1=CC=C(N)C(I)=C1', 'COC1=CC=C(N)C=C1I', 'CCOC(=O)CC1=CC=C(N)C(I)=C1', 'OC1=C(O)C(I)=CC=C1', 'COC1=CC=C(OC)C(I)=C1', 'NC1=C(I)C=C(C=C1)C1=CC=CC=C1', 'NC1=C(N)C(I)=CC=C1', 'IC1=C(OC2CC2)C=CC=C1', 'CC1=CC(I)=C(N)C(C)=C1']"
3,"[0.4257549960654081, -1.7835676874621]",2.1856519193621753,"['FC1=CC(F)=C(I)C=C1N(=O)=O', 'COC1=C(C=C(I)C(F)=C1)C(O)=O']","['NC1=C(I)C=C(Br)C=C1', 'NC1=C(I)C=C(C=C1)C#N', 'COC1=CC=C(I)C(OC)=C1', 'CC1=CC(I)=CC(I)=C1N', 'OC1=C(I)C=CC=C1', 'OC1=C(I)C=C(Cl)C=C1', 'COC(=O)C1=CC=C(I)C(N)=C1', 'COC(=O)C1=CC(N)=CC=C1I', 'NC1=C(F)C=C(C=C1I)C#N', 'CC1=CC(I)=CC(C(O)=O)=C1N', 'COC(=O)C1=CC(I)=C(N)C=C1Cl', 'COC1=C(OC)C=C(I)C=C1', 'NC1=C(I)C=CC(=C1)C(O)=O', 'COC1=CC=C(I)C=C1C(O)=O', 'OC1=C(I)C=CC=C1Cl', 'OC(=O)CCC1=CC=C(O)C(I)=C1', 'NC1=C(I)C=C(Cl)C(=C1)C(F)(F)F', 'OC1=C(I)C=C(C=C1)C1=CC=CC=C1', 'NC1=C(I)C=CC=C1C(O)=O', 'COC1=CC(B(O)O)=C(I)C=C1', 'CC(=O)C1=CC(I)=CC=C1N', 'CC1=CC(I)=C(O)C=C1Cl', 'COC1=CC(CO)=CC=C1I', 'COC1=CC(C)=C(OC)C=C1I', 'COC(=O)C1=CC(N)=C(I)C=C1C', 'CN(C)C1=C(I)C=CC=C1', 'CC1=C(C=C(I)C(N)=C1)C#N', 'CC1=CC(I)=C(N)C(I)=C1']"
4,"[0.9656292524742955, 0.8136930885597269]",2.412672113305774,"['ClC1=CC(I)=CC(=C1)N(=O)=O', 'IC1=CC=C(C=C1)N1C(=O)C=CC1=O']","['COC1=CC(N)=C(C=C1I)C(O)=O', 'COC1=CC(N)=C(I)C=C1I', 'COC(=O)C1=C(I)C=CC(OC)=C1', 'OC1=C(I)C=CC=C1N(=O)=O', 'CC1=C(C(F)=CC=C1I)N(=O)=O', 'COC(=O)C1=CC(I)=C(N)C(=C1)N(=O)=O', 'OC1=C(I)C=C(C=O)C=C1I', 'COC(=O)C1=C(N)C(I)=CC(F)=C1', 'COC1=C(I)C=C(C=C1)C(O)=O', 'COC(=O)C1=CC(I)=C(N)C(I)=C1', 'COC(=O)C1=C(N)C(I)=CC(Cl)=C1', 'COC(=O)C1=CC=CC(I)=C1N', 'NC1=CC=C(I)C(F)=C1C#N', 'COC1=C(OC)C(I)=CC(C=O)=C1', 'OC1=C(I)C=CC(Cl)=C1', 'COC1=CC(O)=C(C=O)C=C1I', 'COC(=O)C1=C(OC)C=C(C)C(I)=C1', 'OC1=CC(Cl)=C(F)C=C1I', 'OC(=O)C1=CC=C(O)C(I)=C1', 'CC(=O)NC1=CC(F)=CC=C1I', 'COC(=O)C1=C(Cl)C(O)=C(I)C=C1', 'COC(=O)C1=CC(I)=C(C=C1O)N(C)C', 'NC1=C(Br)C=CC=C1I', 'OC1=C(I)C=C(F)C(F)=C1I', 'CC1=CC(F)=C(I)C=C1O', 'OC1=C(F)C=CC=C1I']"
5,"[0.2145997617107106, 0.610371127314533]",2.59454637542502,"['IC1=CC=C(C=C1)N1CCCCC1', 'NC1=CC(I)=CC(CO)=C1']","['IC1=CC=CC(=C1)C(=O)C1=CC=CC=C1', 'OC1=C(F)C=C(I)C=C1I', 'FC(F)(F)C(=O)CC1=CC=C(I)C=C1', 'OC(=O)C1=C(NC2=CC=C(I)C=C2F)C=NC=C1', 'OCC1=CC(=C(I)C=C1)N(=O)=O', 'COC1=C(I)C=C(N)C=C1I', 'OC(=O)C1=CC=CC(I)=C1', 'IC1=CC=C(C=C1)C1=NC=CO1', 'CC1=C(C=C(I)C=C1Cl)C(O)=O', 'COC(=O)C1=CC=C(I)C=C1N(=O)=O', 'FC1=C(F)C(=CC(I)=C1F)N(=O)=O', 'CCC1=CC=C(I)C=C1C(O)=O', 'OC1=C(I)C=C(C=C1N(=O)=O)C#N', 'CCOC(=O)C1=CC(OCC)=C(I)C=C1', 'CC1=C(C(I)=CC=C1)N(=O)=O', 'CC(C)(C)OC(=O)C1=CC(I)=CC=C1', 'CC(=O)C1=CC(I)=CC=C1', 'CC1=CC(=CC(I)=C1)C(O)=O', 'CC1=CC(C)=C(I)C=C1C(O)=O', 'COC(=O)C1=C(Cl)C=C(C)C(I)=C1', 'OC(=O)C1=CC(I)=C(O)C(I)=C1', 'CC1=C(I)C=CC=C1N(=O)=O', 'NC1=C(C(F)=C(I)C=C1)N(=O)=O', 'OC(=O)C(=O)CC1=CC(I)=C(O)C(I)=C1', 'OC(=O)C1=CC=CC2=CC=CC(I)=C12']"
6,"[0.9788797935769392, 0.40346805018136855]",2.662114786258401,"['CC1=CC=CC(I)=C1', 'CC1=CC=C(I)C=C1']","['[H][C@@](N)(CC1=CC=C(O)C(I)=C1)C(O)=O', 'IC1=CC=C(OCCN2CCCC2)C=C1', 'IC1=CC=C(OCC2=CC=CN=C2)C=C1', 'IC1=CC=C(OCC2=CC=NC=C2)C=C1', 'COC1=C(C)C=CC(I)=C1', 'CC(Cl)C(=O)NC1=CC=CC=C1I', 'IC1=CC=CC(CN2CCCC2)=C1', 'OC1=C(F)C=C(I)C=C1', 'COC1=C(I)C=C(Br)C=C1', 'IC1=CC=C(OCC#N)C=C1', 'COC1=CC=C(I)C(C(O)=O)=C1F', 'NCCC1=CC=C(I)C=C1', 'OC1=CC=C(OC2=CC=C(I)C=C2)C=C1', 'COC1=C(F)C=CC=C1I', 'CC1=C(I)C=C(O)C=C1', 'FC(F)(F)C(=O)NC1=CC=CC=C1I', 'COC1=CC=CC(I)=C1C', 'COC1=CC(I)=C(F)C=C1', 'IC1=CC=C(OC2=CC=CC=C2)C=C1', 'FC1=CC(I)=CC=C1NC(=O)NC1CC1', 'COC1=C(C(O)=O)C(I)=CC=C1', 'OC1=CC=C(I)C=C1C(F)(F)F', 'CC1=CC(C)=C(I)C=C1I', 'CC(=O)NC1=C(F)C=C(I)C=C1']"
7,"[1.1539729119520985, 1.204990771440594]",2.8370776846586057,"['ClC1=CC(=CC=C1I)N(=O)=O', 'CC1=C(I)C=C(Cl)C(=C1)N(=O)=O']","['CNCC1=C(I)C=CC=C1', 'NC(CC1=CC=C(I)C=C1)C(O)=O', 'CC1=CC(I)=C(CO)C=C1C', 'CC1=CC(I)=CC(F)=C1', 'NC1(CC1)C1=CC=C(I)C=C1', 'OB(O)C1=CC=C(I)C=C1', 'CC1=CC(I)=CC(C)=C1F', 'NCC1=CC(I)=CC=C1', 'OCC1=C(I)C=CC(F)=C1', 'CC(=O)OC1=CC=C(I)C=C1', 'CC1=C(Cl)C=C(I)C=C1', 'CS(=O)(=O)NC1=CC=C(I)C=C1', 'COC1=CC(Cl)=CC(I)=C1', 'IC1=CC=C(CC#C)C=C1', 'IC1=CC=CC(=C1)C1=CC=CC=C1', 'CC1=CC=C(C=C1I)C(N)=N', 'CC(=O)NC1=C(OC(F)(F)F)C=C(I)C=C1', 'OCC1=C(Cl)C=CC(I)=C1', 'OB(O)C1=CC(I)=CC=C1', 'COC1=C(Cl)C=CC(I)=C1', 'IC1=CC(I)=CC=C1', 'CCC1=CC=C(I)C=C1']"
8,"[1.205969972532665, 0.6702486479290919]",3.080654703639836,"['OC(=O)C1=CC=CC(=C1I)N(=O)=O', 'ClC1=CC(=CC(Cl)=C1I)N(=O)=O']","['CC(=O)NC1=C(C=C(I)C=C1)C(F)(F)F', 'CCOC(=O)CC1=CC(I)=CC=C1', 'COC(=O)C1=C(C)C(I)=CC=C1', 'ClCC1=CC=C(I)C=C1', 'NCC1=CC=CC=C1I', 'COC(=O)C1=C(I)C=CC=C1OC', 'NNC(=O)C1=CC=C(I)C=C1', 'CNC(=O)C1=CC=CC=C1I', 'CC1=CC(I)=C(C)C=C1', 'OCC1=C(Cl)C=CC=C1I', 'COC1=C(I)C=CC(=C1)C(F)(F)F', 'ClC1=C(I)C=C(C=O)C=C1', 'COC1=C(C)C(I)=CC=C1C', 'CC1=C(I)C=C(CO)C=C1', 'CC1=CC=C(I)C(C(O)=O)=C1F', 'OCC1=C(I)C=C(F)C=C1', 'CC1=CC(I)=C(CO)C=C1', 'FC1=C(Cl)C=C(I)C=C1', 'IC1=CC(CC#N)=CC=C1', 'COC1=CC=C(C(N)=O)C(I)=C1', 'OCC1=C(I)C=C(Cl)C=C1']"
9,"[0.3863027835248003, 1.0883633455290571]",3.151235757462048,"['ClC1=C(I)C(=CC=C1)N(=O)=O', 'IC1=C(C=CC=C1N(=O)=O)N(=O)=O']","['OC(=O)C1=C(F)C=C(Cl)C(I)=C1', 'CCOC(=O)C1=CC(I)=C(C=C1)C#N', 'COC(=O)C1=C(O)C=C(I)C(Cl)=C1', 'COC1=CC(I)=C(Cl)C=C1', 'CC1=CC(Cl)=C(I)C=C1C', 'OC1=CC(I)=C(C=C1)N(=O)=O', 'OC1=C(Cl)C(I)=CC=C1', 'BrC1=C(C=C(I)C=C1)C#N', 'OC(=O)C1=CC(I)=C(C=C1)C(F)(F)F', 'CC1=C(I)C=C(C=C1F)C(O)=O', 'CC1=C(C=CC=C1I)C#N', 'ClCC1=CC(I)=C(CCl)C=C1', 'CC(C)C1=CC=C(I)C(=C1)N(=O)=O', 'OC(=O)C1=C(I)C=C(C=C1)C#N', 'FC1=C(Cl)C=CC(I)=C1C=O', 'OC1=CC(I)=C(Cl)C=C1', 'CC1=CC(C(O)=O)=C(I)C=C1', 'COC(=O)C1=CC=CC=C1I', 'COC(=O)C1=C(I)C=CC=C1O', 'OC(=O)C1=CC=CC(I)=C1Cl']"
