,obj_values ['rate'],Vendi_score,eval_samples,cut_samples
0,"[0.6895654952323381, 0.33335719444877276]",1.2765340117501052,"['CCOC(=O)CC(=O)C1=C(I)C=CC=C1', 'CC1=C(C=C(I)C=C1Cl)C(O)=O']",[]
1,"[0.8307180984215284, 1.1183634735983665]",1.479741040971262,"['COC(=O)C1=CC(NC(=O)C2=CC=CC=C2I)=CC=C1', 'COC1=CC(I)=C(C=O)C=C1OC']","['OC(=O)C1=C(NC(=O)C2=C(I)C=CC=C2)C=CC=C1', 'IC1=CC=C(C=C1)C1=NC=CO1', 'OC(=O)C1=C(I)C=C(F)C(F)=C1', 'CCOC(=O)C1=CC=C(I)C=C1F', 'IC1=CC=CC=C1C(=O)C1=CC=CC=C1', 'CCC1=CC=C(I)C=C1C(O)=O', 'COC(=O)C1=C(O)C=C(I)C(Cl)=C1', 'OC(=O)C1=CC(I)=C(C=C1)C(F)(F)F', 'COC(=O)C1=C(I)C=CC=C1O', 'COC(=O)C1=CC=CC=C1I', 'OC(=O)C1=CC=CC(I)=C1', 'CC1=CC(=CC(I)=C1)C(O)=O', 'CC(C)(C)OC(=O)C1=CC(I)=CC=C1', 'CC1=CC=C(C(O)=O)C(I)=C1', 'CC1=C(I)C=C(C=C1F)C(O)=O', 'CCOC(=O)C1=CC2=CC=CC=C2C=C1I', 'CCOC(=O)C1=CC(I)=CC(Br)=C1', 'CC(=O)C1=CC(I)=CC=C1', 'ClC1=CC2=C(C=C1)C=C(I)C=C2', 'COC(=O)C1=C(Cl)C=C(C)C(I)=C1', 'FC(F)(F)C(=O)CC1=CC=C(I)C=C1', 'OC(=O)C1=CC(Cl)=CC=C1I', 'OC(=O)CCC1=NN=C(O1)C1=CC=CC=C1I', 'CCOC(=O)C1=CC(I)=C(C)C=C1', 'CC1=CC(C)=C(I)C=C1C(O)=O', 'IC1=CC=CC(=C1)C(=O)C1=CC=CC=C1', 'CCOC(=O)C1=C(I)C=CC(Br)=C1', 'OC(=O)C1=CC=CC2=CC=CC(I)=C12', 'CC1=CC(C(O)=O)=C(I)C=C1', 'COC(=O)C1=CC(I)=C(C)C=C1C', 'COC(=O)C1=C(I)C=CC(OC)=C1']"
2,"[-0.7879166899210065, -0.13895607090901088]",1.5906818060225945,"['COC1=CC(C=O)=CC(I)=C1O', 'CCOC1=C(O)C(I)=CC(C=O)=C1']","['CC1=C(I)C=C(Cl)C(=C1)N(=O)=O', 'CC1=C(C)C(I)=C(C=C1)C(O)=O', 'COC(=O)C1=C(N)C=CC=C1I', 'COC(=O)C1=C(I)C=C(Br)C=C1', 'CC1=C(C(F)=CC=C1I)N(=O)=O', 'COC(=O)C1=C(OC)C=C(C)C(I)=C1', 'OC1=C(C=O)C(I)=CC=C1', 'OC(=O)C1=CC=C(I)C(=C1)C(F)(F)F', 'OC(=O)C1=CC=CC(C(O)=O)=C1I', 'COC(=O)C1=C(Cl)C(O)=C(I)C=C1', 'IC1=CC=C(C=C1)C(=O)NCC1=CC=CC=C1', 'CC(=O)CCC1=CC=C(I)C=C1', 'COC(=O)C1=C(CBr)C(I)=CC=C1', 'BrC1=CC=C(C=C1)C(=O)C1=C(I)C=CC=C1', 'FC1=C(Cl)C=CC(I)=C1C=O', 'CC1=C(I)C=CC=C1N(=O)=O', 'CC1=C(C=CC=C1I)C#N', 'CCOC(=O)C(=CNC1=C(I)C=CC=C1)C(=O)OCC', 'BrC1=CN=C(OC2=CC=C(I)C=C2)N=C1', 'CCOC(=O)C1=CC(OCC)=C(I)C=C1', 'OC1=CC=C(Cl)C=C1\\C=C\\C1=C(I)C=CC=C1', 'CC1=CC(C)=C(I)C=C1I', 'OC(=O)CCCCC(=O)C1=CC=C(I)C=C1', 'COC1=C(OC)C(I)=CC(C=O)=C1', 'CC1=CC=CC(I)=C1C=O', 'OC(=O)C1=C(I)C=CC(Br)=C1', 'COC1=CC=C(I)C=C1C(O)=O', 'OC(=O)C1=C(NC2=CC=C(I)C=C2F)C=NC=C1', 'CC1=CC(=CC=C1I)C(O)=O', 'OC(=O)C1=C(O)C=CC=C1I']"
3,"[0.16333255109768174, 0.26888320368432606]",1.9632844482091725,"['OC(=O)C1=C(I)C=C(C=C1)C#N', 'C[C@@H]1CN(CCN1S(=O)(=O)C1=CC=C(I)C=C1)C(=O)C1=CC=CC=C1']","['COC(=O)C1=CC(I)=C(N)C(=C1)N(=O)=O', 'OC(=O)C(=O)CC1=CC(I)=C(O)C(I)=C1', 'OC1=CC=CC2=C1C=CC=C2I', 'OC(=O)C1=CC(I)=C(O)C(I)=C1', 'CC(=O)C1=CC(I)=C(O)C=C1', 'OC(=O)C1=CC(OC(F)(F)F)=C(I)C=C1', 'COC(=O)C1=CC=C(I)C(N)=C1', 'COC(=O)C1=C(N)C(I)=CC(F)=C1', 'COC1=CC(O)=C(C=O)C=C1I', 'CCOC(=O)C1=CC(I)=C(O)C(I)=C1', 'OC1=CC=C(C=C1I)C1=CC=C(C=C1)C#N', 'COC1=C(I)C=C(C=C1I)C#N', 'COC(=O)C1=C(N)C(I)=CC(Cl)=C1', 'COC(=O)C1=CC(I)=C(C=C1O)N(C)C', 'CC(=O)C1=CC(Cl)=C(C)C(I)=C1O', 'COC(=O)C1=CC=CC(I)=C1N', 'OC1=C(I)C=C(C=O)C=C1I', 'NC1=C(I)C=CC=C1C(O)=O', 'COC(=O)C1=CC(N)=CC=C1I', 'CC1=CC(O)=C(I)C=C1N(=O)=O', 'COC(=O)C1=CC(N)=C(I)C=C1C', 'OC1=CC2=C(C=CC=C2I)C=C1', 'OC(=O)C1=C(NC2=CC=C(I)C=C2Cl)C(F)=C(F)C=C1', 'OC(=O)CCC1=CC(I)=C(O)C(I)=C1', 'CCOC(=O)C1=CC(F)=C(I)C=C1', 'COC1=C(C=C(Cl)C(C)=C1I)C(C)=O', 'NC(=O)C1=C(O)C=CC(I)=C1', 'NC1=C(I)C=CC(=C1)C(O)=O']"
4,"[0.40542248323130026, -1.3139113738865014]",2.3546711370342077,"['IC1=CC=CC2=CC3=C(C=C12)C(I)=CC=C3', 'CC1=C(C)C(C)=C(I)C(C)=C1C']","['FC(F)(F)C1=C(I)C=CC(=C1)C#N', 'COC1=C(I)C(=CC=C1)C#N', 'OC(=O)C1=CC=CC(=C1I)C(F)(F)F', 'CC1=C(I)C(=CC(Br)=C1)C(O)=O', '[H][C@@](N)(CC1=CC(I)=C(O)C(I)=C1)C(O)=O', 'CC(C)C1=CC=C(I)C(=C1)N(=O)=O', 'COC(=O)CCC1=CC(I)=C(O)C(I)=C1', 'IC1=CC=CC2=C(I)C=CC=C12', 'OCC1=CC(I)=C(CO)C=C1I', 'FC1=CC=CC(I)=C1C#N', 'COC1=C(I)C=C(N)C=C1I', 'CC1=C(C(I)=CC=C1)N(=O)=O', 'OC1=C(I)C=CC=C1N(=O)=O', 'COC1=C(C=C(I)C(F)=C1)C(O)=O', 'OC(=O)C1=C(F)C=C(Cl)C(I)=C1', 'COC1=CC([C@@H](O)C(C)(C)C)=C(C=C1I)N(=O)=O', 'OC1=CC(I)=C(C=C1)N(=O)=O', 'ClC1=C(I)C=C(C=O)C=C1', 'CCOC(=O)C1=CC(I)=C(C=C1)C#N', 'OCC1=CC(=C(I)C=C1)N(=O)=O', 'BrC1=CC2=CC=C(I)C=C2C=C1', 'BrC1=C(C=C(I)C=C1)C#N', 'COC(=O)C1=CC=C(I)C=C1N(=O)=O', 'COC(=O)C1=C(C)C(I)=CC=C1', 'OC1=C(I)C=C(C=C1I)C(F)(F)F', 'NC1=C(C(O)=O)C(I)=CC=C1']"
5,"[0.9769085460682799, 1.205969972532665]",2.5692066984248463,"['FC1=C(F)C(NC2=CC=C(I)C=C2Cl)=C(C=C1)C(=O)NOCC1CC1', 'OC(=O)C1=CC=CC(=C1I)N(=O)=O']","['COC(=O)C1=CC=CC(C)=C1I', 'OC1=C(I)C=C(F)C(F)=C1I', 'OC(=O)CC1=C(I)C=C(Cl)C=C1', 'IC1=CC(I)=CC=C1', 'CC(C)(C)C(=O)NC1=CC=C(Cl)C=C1I', 'CC1=CC=C(C=C1I)C(N)=N', 'CC1=CC=C(I)C=C1C1=CC(I)=CC=C1C', 'COC1=C(C)C(I)=CC=C1C', 'CC(C)(C)C1=CC(I)=C(O)C(I)=C1', 'COC(=O)C1=CC(I)=C(N)C(I)=C1', 'FC(F)(F)C(=O)NC1=CC=CC=C1I', 'IC1=CC=CC=C1C1=CC=CC=C1I', 'CCOC(=O)CC1=C(I)C=CC=C1', 'ClCC1=CC(I)=C(CCl)C=C1', 'NC1=CC=C(I)C=C1N(=O)=O', 'IC1=C(C=CC=C1)C(=O)NC1CCCC1', 'COC1=CC(OC)=C(I)C(C=O)=C1', 'IC1=CC=C(C=C1)N1C(=O)C=CC1=O', 'CC1=CC(I)=C(N)C(I)=C1', 'CC1=CC(I)=CC(C(O)=O)=C1N', 'OC1=C(F)C=C(I)C=C1I', 'CC(Cl)C(=O)NC1=CC=CC=C1I', 'COC1=C(C(O)=O)C(I)=CC=C1', 'CC(=O)C1=C(N)C(I)=CC(Br)=C1', 'OCC1=C(Cl)C=CC=C1I']"
6,"[1.0883633455290571, 0.3863027835248003]",2.7556105116612657,"['IC1=C(C=CC=C1N(=O)=O)N(=O)=O', 'ClC1=C(I)C(=CC=C1)N(=O)=O']","['IC1=C(C=CC=C1C#N)C#N', 'CCCNC(=O)C1=CC=CC=C1I', 'OCC1=C(I)C=C(Cl)C=C1', 'ClC1=CC(=CC=C1I)N(=O)=O', 'OC1=CC=CC(C=O)=C1I', 'OC(=O)CCC1=CC=CC=C1I', 'CC1=C(I)C(F)=C(C=C1)C(O)=O', 'COC1=C(O)C(I)=CC(\\C=N\\NC(=O)C2=CC=CC(F)=C2)=C1', 'BrCC1=C(I)C(=CC=C1)N(=O)=O', 'CC(=O)C1=CC(I)=C(Br)C=C1', 'CC(C)(C)OC(=O)C1=C(Br)C=C(I)C=C1', 'OC1=C(I)C(=CC=C1)N(=O)=O', 'IC1=C(C=CC=C1)C(=O)NCC1=CC=CC=C1', 'FC1=C(C=C(Br)C=C1I)C#N', 'OCCONC(=O)C1=C(NC2=CC=C(I)C=C2F)N2C=NC=C2C=C1', 'CC1(C)OB(OC1(C)C)C1=CC(O)=CC=C1I', 'IC1=CC=CC=C1CN1C=NC=N1', 'ClCC(=O)NC1=CC=CC=C1I', 'CC1=CC(I)=CC(I)=C1N', 'COC1=C(I)C(=CC=C1)N(=O)=O', 'ClC1=CC(I)=CC(=C1)N(=O)=O', 'IC1=C(C=CC=C1)C1=CC=CC=C1', 'CC(C)(C)OC(=O)C1=C(I)C=CC=C1', 'COC(=O)CC1=C(I)C=CC=C1']"
7,"[0.890544908179314, 0.04977968725233062]",3.0365876470890023,"['CN(C)C1=CC=C(C=C1)\\N=N\\C1=CC=C(I)C=C1', 'COS(=O)(=O)C1=CC=CC=C1I']","['CC(C)(C)C(=O)NC1=CC=CC=C1I', 'CN(C(=O)C1=C(I)C=CC=C1)C1=CC=C(C)C=C1', 'CC1=CC(I)=C(CO)C=C1C', 'OC(=O)C1=CC=CC(I)=C1Cl', 'OC(=O)C1=C(I)C(Br)=CC=C1', 'ClC1=CC(CBr)=C(I)C=C1', 'CCNC(=O)C1=CC=CC=C1I', 'CON(C)C(=O)C1=C(I)C=C(Cl)C=C1', 'BrC1=C(I)C=C(C=O)C=C1', 'BrC(C1=CC=CC=C1)C1=C(I)C=CC=C1', 'CC1=C(I)C=CC=C1CC#N', 'CNC(=O)C1=CC=CC=C1I', 'OC(=O)CNC(=O)C1=C(I)C=CC=C1', 'CC1=C(I)C(F)=C(C=C1)C#N', 'FC1=C(I)C=CC(I)=C1', 'FC1=CC(F)=C(I)C=C1N(=O)=O', 'OC1=C(I)C=C(C=C1N(=O)=O)C#N', 'IC1=CC=C(C#N)C(I)=C1', 'IC1=C(C=CC=C1)C(=O)N1CCCC1', 'FC1=C(I)C=CC(Br)=C1C#N', 'OB(O)C1=C(I)C=CC(OCC2=CC=CC=C2)=C1', 'CC1=CC(=C(I)C(Br)=C1)N(=O)=O']"
8,"[0.3216106384059126, 0.7520876450433205]",3.3172488123232706,"['CCCCCCCCC(=O)NCC1=C(I)C=C(O)C(OC)=C1', '[H][C@@](CC1=CC=C(I)C=C1)(NC(=O)OCC1=CC=CC=C1)C(O)=O']","['COC1=CC=C(I)C(C(O)=O)=C1F', 'NC(=O)C1=C(Cl)C=CC=C1I', 'OC(=O)CC1=CC=CC=C1I', 'COC1=CC(I)=C(NC(=O)OC(C)(C)C)C=C1', 'COC(=O)C1=C(I)C=CC=C1OC', 'COC(OC)C1=C(I)C=CC=C1', 'NC(=O)CC1=C(I)C=CC=C1', 'OCC1=C(I)C=C(F)C=C1', 'CC1=CC(Cl)=C(I)C=C1C', 'CC1=CC=C(I)C(C(O)=O)=C1F', 'NC(=O)C1=C(I)C=CC=C1', 'CC1=CC=CC(I)=C1CO', 'COC(=O)C1=CC(I)=C(Cl)C=C1', 'OC(=O)C1(CC1)C1=C(I)C=CC=C1', 'FC1=CC=CC(I)=C1Br', 'CC1=CC=CC(I)=C1Cl', 'ClCC1=C(I)C=CC=C1', 'CC1=CC(I)=C(CO)C=C1', 'FC(F)C1=C(I)C=CC=C1', 'COC(=O)C1=CC(I)=C(Cl)C=C1C', 'COC(=O)C1=C(I)C=C(OC)C(OC)=C1']"
9,"[0.7642044025145303, 0.31584354983293583]",3.4118593591091524,"['NC(=O)C1=C(I)C=CC(Br)=C1F', 'CC(C)S(=O)(=O)N[C@H]1CCOC[C@@H]1C1=CC=C(I)C=C1']","['NC1=CC=C(C=C1)S(=O)(=O)NC1=CC=C(I)C=C1', 'IC1=CC=C(NC(=O)OCC2=CC=CC=C2)C=C1', 'CC(=O)NC(CC1=CC=C(I)C=C1)C(O)=O', 'CON(C)C(=O)C1=CC=C(I)C=C1', 'CCOC1=C(I)C=CC(=C1)C(=O)N1CCOCC1', 'IC1=CC=C(C=C1)C(=O)N1CCOCC1', 'NC(=O)C1=CN=C(OC2=CC=C(I)C=C2)C=C1', 'CCOC1=CC=C(C=C1)C(O)C1=CC(I)=CC=C1Cl', 'BrC1=C(OC2=C(I)C=CC=C2)C=CC(=C1)C#N', 'COC1=CC(B(O)O)=C(I)C=C1', 'CC(C)(C)OC(=O)NC(CC1=CC(I)=CC=C1F)C(O)=O', 'IC1=C(OCC2=CC=CC=C2)C=CC=C1', 'COC1=CC=CC(I)=C1NC(=O)OC(C)(C)C', 'CCCCCC1=CC=C(C=C1)C1=CC=C(I)C=C1', 'CCOP(=O)(CC1=CC=C(I)C=C1)OCC', 'COC1=CC=C(COC2=C(I)C=CC=C2)C=C1', 'CCNC(=O)C1=CC(OCC)=C(I)C=C1', 'COC1=CC=C(C(N)=O)C(I)=C1', 'CC(C)(C)OC(=O)NCC1=CC=CC(I)=C1', 'FC(F)(F)COC1=CC(=CC=C1I)C(=O)N1CCOCC1']"
