,obj_values ['rate'],Vendi_score,eval_samples,cut_samples
0,"[0.37198102627496, 0.4001442863812089]",1.3108836748368489,"['COC(=O)C1=CC(I)=C(N)C(Br)=C1', 'COC1=C(C)C(I)=CC=C1C']",[]
1,"[1.149377393297565, 0.015498971644916981]",1.332632891636904,"['COC(=O)CC1=C(I)C=CC=C1', 'CCOC(=O)CC1=C(I)C=CC=C1']","['CC1=CC=CC(I)=C1CO', 'NC1=C(Cl)C=C(C=C1I)C(F)(F)F', 'NC1=C(I)C=C(Cl)C(=C1)C(F)(F)F', 'CC1=CC(I)=C(CO)C=C1C', 'IC1=C(C=CC=C1)C1=CC=CC=C1', 'CC1=C(I)C=C(CO)C=C1', 'ClCC(=O)NC1=CC=CC=C1I', 'CC(Cl)C(=O)NC1=CC=CC=C1I', 'CCOC(=O)COC1=CC=CC=C1I', 'FC(F)(F)C(=O)NC1=CC=CC=C1I', 'NC1=C(I)C=C(OC(F)(F)F)C=C1', 'CC(=O)NC1=CC(F)=CC=C1I', 'COC1=CC=C(I)C(C)=C1', 'CC(C)(C)C(=O)NC1=CC=C(Cl)C=C1I', 'IC1=C(OCC2=CC=CC=C2)C=CC=C1', 'NC1=C(Cl)C=C(Cl)C=C1I', 'OC(=O)CCC1=CC=CC=C1I', 'CCOC1=CC(Br)=CC=C1I', 'COC1=CC(B(O)O)=C(I)C=C1', 'CC1=CC=C(C=C1I)C(N)=N', 'NC1=C(I)C=C(Br)C=C1', 'NCC1=CC=CC=C1I', 'C[C@H](O)C1=C(I)C=CC(F)=C1', 'CC(=O)NC1=CC=CC=C1I', 'CC1=CC(I)=C(CO)C=C1', 'COC(=O)C1=CC(I)=C(N)C=C1Cl', 'CC(C)(C)C(=O)NC1=CC=CC=C1I', 'CCOC(=O)C1=CC(Br)=C(N)C(I)=C1', 'NC1=C(Br)C=CC=C1I', 'CCCC1=C(I)C=CC=C1', 'CC1=CC(O)=C(C)C=C1I']"
2,"[0.5685316178180613, 0.2727929187370155]",1.4913953407793132,"['FC(F)(F)OC1=CC=CC=C1I', 'IC1=CC=C(OCC#N)C=C1']","['CC1=C(I)C=CC=C1CC#N', 'COC(=O)C1=CC=CC(C)=C1I', 'OCC1=C(I)C=C(Cl)C=C1', 'CC1=C(I)C=CC(O)=C1', 'OC(=O)CC1=CC=CC=C1I', 'CC1(C)OB(OC1(C)C)C1=CC(O)=CC=C1I', 'CC1=CC(I)=C(C)C=C1', 'CC1=C(I)C=CC=C1', 'FC(F)C1=C(I)C=CC=C1', 'COC(OC)C1=C(I)C=CC=C1', 'IC1=C(C=CC=C1)C(=O)N1CCCC1', 'NC(=O)CC1=C(I)C=CC=C1', 'CNC(=O)C1=CC=CC=C1I', 'OCC1=C(I)C=C(F)C=C1', 'IC1=CC=CC=C1CN1C=NC=N1', 'OC(=O)C1(CC1)C1=C(I)C=CC=C1', 'CNCC1=C(I)C=CC=C1', 'ClCC1=CC(I)=C(CCl)C=C1', 'CC(C)(O)C1=C(I)C=CC=C1', 'ClCC1=C(I)C=CC=C1', 'CC1=CC(Br)=C(C)C=C1I', 'IC1=C(C=CC=C1)C(=O)NC1CCCC1', 'CCNC(=O)C1=CC=CC=C1I', 'COC(=O)C1=C(C)C(I)=CC=C1', 'CC1=CC(Br)=CC=C1I', 'CC(C)(C)OC(=O)C1=C(I)C=CC=C1', 'OC(=O)CC1=C(I)C=C(Cl)C=C1', 'CCCNC(=O)C1=CC=CC=C1I', 'OCC1=C(I)C=CC(F)=C1', 'OCC1=C(Cl)C=CC=C1I']"
3,"[0.9284140094383682, 0.21843005040427954]",1.6463224498381326,"['CC1=CC(=CC(C)=C1I)C#N', 'CC1=CC=CC(Cl)=C1I']","['CC1=CC=C(I)C(C(O)=O)=C1F', 'OC1=CC=C(I)C=C1C(F)(F)F', 'OC1=C(I)C=CC=C1Cl', 'IC1=C(OC2CC2)C=CC=C1', 'CCC1=CC=C(I)C=C1', 'CC1=CC(I)=CC(C)=C1F', 'NCCC1=CC=C(I)C=C1', 'CCOC(=O)CC1=CC(I)=CC=C1', 'CC1=C(Cl)C=C(I)C=C1', 'NC1(CC1)C1=CC=C(I)C=C1', 'COC1=C(F)C=CC=C1I', 'NC(CC1=CC=C(I)C=C1)C(O)=O', 'OC(=O)CCCCC1=CC=C(I)C=C1', 'NC(=O)C1=C(Cl)C=CC=C1I', 'NC(=O)C1=CC(O)=C(I)C=C1', 'CC(=O)OC1=CC=C(I)C=C1', 'IC1=CC=C(OC2=CC=CC=C2)C=C1', 'OCC1=C(Cl)C=CC(I)=C1', 'COC1=CC=C(I)C(C(O)=O)=C1F', 'IC1=CC=C(OCC2=CC=CN=C2)C=C1', 'IC1=CC=C(OCC2=CC=NC=C2)C=C1', 'IC1=CC=C(OCC2CC2)C=C1', 'NC(=O)C1=C(I)C=CC=C1', 'COC1=C(I)C=CC(=C1)C(F)(F)F', 'CS(=O)(=O)NC1=CC=C(I)C=C1', 'IC1=CC=C(CC#C)C=C1', 'CC1=CC=C(I)C=C1', 'OB(O)C1=CC(I)=CC=C1']"
4,"[0.7197935221360662, 0.9011189241452577]",1.995163998658793,"['CC1=CC=CC(I)=C1C=O', 'OC1=C(C=O)C(I)=CC=C1']","['ClC1=CC(CBr)=C(I)C=C1', 'COC1=CC(=C(I)C=C1)C(F)(F)F', 'CON(C)C(=O)C1=C(I)C=C(Cl)C=C1', 'ClCC1=CC=C(I)C=C1', 'IC1=C(C=CC=C1)C(=O)NCC1=CC=CC=C1', 'OC1=CC(Cl)=C(F)C=C1I', 'OB(O)C1=CC=C(I)C=C1', 'OC(=O)C1=CC=C(O)C(I)=C1', 'COC1=C(I)C=CC=C1', 'CC1=CC=CC(I)=C1Cl', 'CC1=C(F)C=C(F)C=C1I', 'IC1=CC(CC#N)=CC=C1', 'NCC1=CC(I)=CC=C1', 'CC1=CC(Cl)=C(I)C=C1C', 'CC1=CC(C)=C(I)C=C1I', 'CC(=O)OC1=CC(C)=C(I)C(C)=C1', 'COC1=CC(OC)=C(I)C=C1Cl', 'CC1=CC(Cl)=CC(Cl)=C1I', 'CC1=CC(I)=C(O)C=C1Cl', 'OC(=O)CNC(=O)C1=C(I)C=CC=C1', 'IC1=CC=CC(=C1)C1=CC=CC=C1', 'CC1=C(O)C(I)=CC(Cl)=C1', 'COC1=C(I)C=C(C=C1)C(O)=O', 'CC(C)(C)C1=C(I)C=CC=C1', 'CC(=O)NC1=C(F)C=C(I)C=C1', 'ClC1=CC=CC=C1I']"
5,"[0.06826557673098121, 0.4356357824461381]",2.239133665508776,"['OC1=CC=CC(C=O)=C1I', 'FC1=C(Cl)C=CC(I)=C1C=O']","['COC(=O)C1=C(I)C=CC=C1OC', 'COC1=C(C(O)=O)C(I)=CC=C1', 'CC1=C(C)C(I)=C(C=C1)C(O)=O', 'NNC(=O)C1=CC=C(I)C=C1', 'CCOC(=O)C1=CC(I)=C(OC)C=C1', 'CON(C)C(=O)C1=CC=C(I)C=C1', 'COC(=O)C1=CC=CC=C1I', 'FC1=C(C=C(I)C=C1)C(F)(F)F', 'IC1=CC=CC=C1C1=CC=CC=C1I', 'COC(=O)C1(CC1)C1=CC=C(I)C=C1', 'NC1=C(I)C=C(F)C(=C1)C(F)(F)F', 'OCC1=CC(I)=C(CO)C=C1I', 'FC1=C(Cl)C=C(I)C=C1', 'CC(=O)NC1=C(OC(F)(F)F)C=C(I)C=C1', 'CC(=O)NC(CC1=CC=C(I)C=C1)C(O)=O', 'CC1=CC(I)=CC(F)=C1', 'CC1=CC=CC(I)=C1', 'BrC(C1=CC=CC=C1)C1=C(I)C=CC=C1', 'COC1=C(I)C=C(Br)C=C1', 'CC(C)(C)C1=CC(I)=CC=C1O', 'CN(C)C1=C(I)C=CC=C1', 'ClC1=CC=C(CBr)C(I)=C1', 'CC1=C(I)C=C(O)C=C1', 'CC(C)C1=C(I)C=CC(Br)=C1', 'OC(=O)CC1=CC=C(O)C(I)=C1']"
6,"[1.2242285798605221, 0.9057282466323808]",2.3473729184864873,"['OC(=O)C1=C(O)C=CC=C1I', 'OC(=O)C1=CC=C(I)C=C1']","['CC1=C(I)C=C(C=C1F)C(O)=O', 'COC(=O)C1=C(I)C=CC(OC)=C1', 'CC1=CC=CC(C)=C1I', 'IC1=CC(I)=CC=C1', 'CC1=CC(C(O)=O)=C(I)C=C1', 'CC1=CC=C(C(O)=O)C(I)=C1', 'COC(=O)C1=C(I)C=CC=C1O', 'OC(=O)C1=CC=CC2=CC=CC(I)=C12', 'IC1=CC(=CC=C1)N1C=CN=N1', 'NC1=C(I)C=CC(=C1)C(O)=O', 'IC1=CC=CC=C1C(=O)C1=CC=CC=C1', 'CC1=C(I)C=CC=C1N(=O)=O', 'IC1=CC=C(C=C1)C1=NC=CO1', 'CC1=C(C=CC=C1I)C#N', 'COC1=C(OC)C(I)=CC(C=O)=C1', 'COC(=O)C1=C(Cl)C(O)=C(I)C=C1', 'OC1=C(I)C=C(Cl)C=C1', 'OC1=C(I)C=CC(Cl)=C1', 'FC(F)(F)C(=O)CC1=CC=C(I)C=C1', 'COC(=O)C1=CC=C(I)C(N)=C1', 'CC(=O)C1=CC(I)=CC=C1', 'CC1=CC=C(I)C=C1Br', 'COC(=O)C1=C(Cl)C=C(C)C(I)=C1', 'COC1=CC=C(C(N)=O)C(I)=C1']"
7,"[0.6461153948262166, 1.0802002409619185]",2.4336626125116685,"['IC1=CC=CC2=C(I)C=CC=C12', 'FC1=CC(I)=CC=C1C(F)(F)F']","['OCC1=C(Cl)C=C(I)C=C1Cl', 'OS(=O)(=O)C1=CC=C(I)C=C1', 'CC1=CC(=CC=C1I)C(O)=O', 'FC(F)C1=CC=C(I)C=C1', 'FC1=C(Cl)C=C(I)C=C1Cl', 'FC(F)(F)C1=C(Cl)C=CC(I)=C1', 'COC1=C(Cl)C=CC(I)=C1', 'NS(=O)(=O)C1=CC=C(I)C=C1', 'CC1=C(Cl)C=C(I)C=C1Cl', 'IC1=CC=C(C=C1)C(=O)N1CCOCC1', 'CC(=O)NC1=C(C=C(I)C=C1)C(F)(F)F', 'CCOC(=O)C1=CC=C(I)C=C1F', 'NC1=C(C(O)=O)C(I)=CC=C1', 'BrCC1=CC(I)=CC=C1', 'CC1=CC(Br)=CC(I)=C1', 'OC1=C(F)C=C(I)C=C1', 'COC(=O)C1=C(N)C=CC=C1I', 'ClC1=CC=C(I)C=C1', 'OS(=O)(=O)C1=CC=CC(I)=C1', 'FC1=CC(I)=C(Cl)C=C1', 'OC(=O)C1=CC=CC(I)=C1Cl', 'COC(=O)C1=CC=C(I)C=C1']"
8,"[0.4963810077188251, 1.198684809188364]",2.4804520685451434,"['IC1=CC=C(C#N)C(I)=C1', 'FC1=CC(I)=C(C=C1)C#N']","['CC1=CC(C)=C(I)C=C1C(O)=O', 'CNS(=O)(=O)C1=CC=C(I)C=C1', 'CC1=CC(=CC(I)=C1)C(O)=O', 'NC(=O)C1=C(I)C=CC(Br)=C1F', 'CCOC(=O)CC(=O)C1=C(I)C=CC=C1', 'COC(=O)C1=CC(N)=C(I)C=C1C', 'ClC1=CC(Cl)=C(I)C=C1', 'CC1=C(Br)C(F)=CC(I)=C1', 'CCOC(=O)C1=CC(I)=C(C)C=C1', 'CS(=O)(=O)C1=CC=CC(I)=C1', 'FC(F)(F)C(F)(C1=CC=C(I)C=C1)C(F)(F)F', 'OC1=CC2=C(C=CC=C2I)C=C1', 'COC1=CC(I)=CC=C1I', 'CCC1=CC=C(I)C=C1C(O)=O', 'FC(F)(F)C1=CC(=C(I)C=C1)C(F)(F)F', 'CCOC(=O)C1=CC2=CC=CC=C2C=C1I', 'IC1=CC=CC(=C1)C(=O)C1=CC=CC=C1', 'OC(=O)C1=CC(Cl)=CC=C1I', 'CC1=C(C=C(I)C=C1Cl)C(O)=O', 'OC1=C(F)C=C(I)C=C1I', 'NS(=O)(=O)C1=CC=CC(I)=C1']"
9,"[1.2310331342559602, 0.8392322980736077]",2.610336003050666,"['IC1=C(C=CC=C1C#N)C#N', 'OC(=O)C1=CC=CC(C(O)=O)=C1I']","['COC(=O)C1=C(I)C=C(OC)C(OC)=C1', 'COC(=O)C1=C(I)C=C(Br)C=C1', 'COC1=CC(I)=C(C=O)C=C1OC', 'ClC1=CC2=C(C=C1)C=C(I)C=C2', 'CCC1=C(Br)C=CC(I)=C1', 'COC(=O)C1=CC(I)=C(Cl)C=C1', 'OC1=C(Cl)C(I)=CC=C1', 'OC(=O)C1=CC(I)=C(O)C(I)=C1', 'COC1=CC(Cl)=CC(I)=C1', 'CC1=C(I)C=C(Cl)C(=C1)N(=O)=O', 'OC(=O)CCC1=NN=C(O1)C1=CC=CC=C1I', 'NC(=O)C1=CN=C(OC2=CC=C(I)C=C2)C=C1', 'FC(F)(F)C1=C(I)C=CC(Br)=C1', 'OC(=O)C1=C(NC(=O)C2=C(I)C=CC=C2)C=CC=C1', 'CC(=O)CCC1=CC=C(I)C=C1', 'OC(=O)C1=C(I)C=C(F)C(F)=C1', 'CC1(C)COB(OC1)C1=CC=C(I)C=C1', 'ClC1=CC=C(C=C1)C1=CC=C(I)C=C1', 'FC1=CC(Cl)=C(I)C=C1', 'COC1=C(I)C=C(N)C=C1I']"
