,obj_values ['rate'],Vendi_score,eval_samples,cut_samples
0,"[0.11229390118545779, 1.0724895316047025]",1.632247707856923,"['COC1=C(I)C(=CC=C1)N(=O)=O', 'CC1=CC=C(I)C(C(O)=O)=C1F']",[]
1,"[0.785502126719669, -0.30792410613116483]",1.890519720954856,"['NC1=C(I)C=CC(=C1)C(O)=O', 'NC(=O)C1=CC(O)=C(I)C=C1']","['CNC(=O)C1=CC=CC=C1I', 'ClCC1=CC(I)=C(CCl)C=C1', 'COC1=C(C(O)=O)C(I)=CC=C1', 'CON(C)C(=O)C1=C(I)C=C(Cl)C=C1', 'CC1=C(C(F)=CC=C1I)N(=O)=O', 'COC1=CC(=C(I)C=C1)C(F)(F)F', 'OC(=O)CC1=C(I)C=C(Cl)C=C1', 'CCNC(=O)C1=CC=CC=C1I', 'CC1=C(C(I)=CC=C1)N(=O)=O', 'CC1=CC(O)=C(I)C=C1N(=O)=O', 'IC1=CC(=CC=C1)N1C=CN=N1', 'COC(=O)C1=C(I)C=CC=C1OC', 'OC1=C(I)C(=CC=C1)N(=O)=O', 'FC(F)C1=C(I)C=CC=C1', 'CC1=C(Cl)C=C(I)C=C1', 'COC1=CC=C(I)C(C(O)=O)=C1F', 'OC(=O)CNC(=O)C1=C(I)C=CC=C1', 'FC(F)(F)C1=C(Cl)C=CC(I)=C1', 'NC(=O)C1=C(Cl)C=CC=C1I', 'CCCNC(=O)C1=CC=CC=C1I', 'NC(=O)C1=C(I)C=CC=C1', 'FC1=C(C=C(I)C=C1)C(F)(F)F', 'OCC1=C(Cl)C=CC=C1I', 'COC(=O)C1=C(I)C=CC(OC)=C1', 'FC(F)(F)OC1=CC=CC=C1I', 'IC1=CC=CC=C1CN1C=NC=N1', 'NC(=O)C1=C(I)C=CC(Br)=C1F', 'ClCC1=C(I)C=CC=C1', 'COC1=C(I)C(=CC=C1)C#N', 'OCC1=C(I)C=C(Cl)C=C1', 'OCC1=C(I)C=C(F)C=C1']"
2,"[0.8676464788775915, 0.5710052901426236]",2.0217314999511666,"['NC1=C(C(O)=O)C(I)=CC=C1', 'COC(=O)C1=CC=CC=C1I']","['FC(F)(F)C(=O)NC1=CC=CC=C1I', 'COC1=C(F)C=CC=C1I', 'OCC1=C(I)C=CC(F)=C1', 'OC1=C(F)C=CC=C1I', 'NC1=C(Cl)C=C(C=C1I)C(F)(F)F', 'NC1=C(I)C=C(Cl)C(=C1)C(F)(F)F', 'COC1=CC=C(C=C1I)C#N', 'COC(=O)C1=C(Cl)C(O)=C(I)C=C1', 'IC1=C(OC2CC2)C=CC=C1', 'OC1=C(I)C=C(Cl)C=C1', 'OC1=CC(Cl)=C(F)C=C1I', 'OC(=O)C1=CC=C(O)C(I)=C1', 'CC1=CC=C(C=C1I)C(N)=N', 'COC1=C(I)C=CC(=C1)C(F)(F)F', 'CC1=CC(I)=C(O)C=C1Cl', 'OC1=C(I)C=CC=C1Cl', 'NC1=C(I)C=C(F)C(=C1)C(F)(F)F', 'CC(Cl)C(=O)NC1=CC=CC=C1I', 'COC1=CC(OC)=C(I)C=C1Cl', 'CCOC1=C(O)C(I)=CC(C=O)=C1', 'COC(=O)C1=CC=C(I)C(N)=C1', 'CC(=O)NC1=CC=CC=C1I', 'COC1=C(OC)C(I)=CC(C=O)=C1', 'CC1=C(O)C(I)=CC(Cl)=C1', 'COC(=O)C1=CC(N)=C(I)C=C1C', 'COC1=C(I)C=C(C=C1)C(O)=O', 'COC1=CC(C=O)=CC(I)=C1O', 'OC(=O)CC1=CC=C(O)C(I)=C1', 'NC1=C(Cl)C=C(Cl)C=C1I', 'CC(=O)C1=CC(I)=C(O)C=C1']"
3,"[0.501388129731924, 1.2242285798605221]",2.075202484975556,"['ClC1=CC2=C(C=C1)C=C(I)C=C2', 'OC(=O)C1=C(O)C=CC=C1I']","['CCOC(=O)C1=CC(OCC)=C(I)C=C1', 'CC1=CC=C(C(O)=O)C(I)=C1', 'FC(F)(F)C(=O)CC1=CC=C(I)C=C1', 'OC1=CC=CC2=C1C=CC=C2I', 'COC(=O)C1=C(Cl)C=C(C)C(I)=C1', 'CCOC(=O)C1=CC2=CC=CC=C2C=C1I', 'IC1=CC(I)=CC=C1', 'CC1=C(I)C=C(C=C1F)C(O)=O', 'OC(=O)CCC1=NN=C(O1)C1=CC=CC=C1I', 'OC(=O)C1=CC(Cl)=CC=C1I', 'CC1=C(C)C(I)=C(C=C1)C(O)=O', 'COC1=C(I)C=C(N)C=C1I', 'CC1=CC(C)=C(I)C=C1I', 'COC(=O)C1=C(I)C=CC=C1O', 'COC(=O)C1=CC(N)=CC=C1I', 'CC1=C(I)C=CC=C1CC#N', 'CC1=C(F)C=C(F)C=C1I', 'COC1=CC(I)=C(C=O)C=C1OC', 'CC1=C(C=CC=C1I)C#N', 'CC(=O)C1=CC(I)=CC=C1', 'OC(=O)C1=CC=CC2=CC=CC(I)=C12', 'IC1=CC=C(C=C1)C1=NC=CO1', 'IC1=C(C=CC=C1)C1=CC=CC=C1', 'COC(=O)C1=C(N)C=CC=C1I', 'OC1=CC2=C(C=CC=C2I)C=C1', 'COC(=O)C1=C(C)C(I)=CC=C1', 'COC(=O)C1=C(N)C(I)=CC(F)=C1', 'CC1=CC(C(O)=O)=C(I)C=C1']"
4,"[0.5626618144033346, 1.198684809188364]",2.2404275646395084,"['FC1=CC=CC(I)=C1C#N', 'FC1=CC(I)=C(C=C1)C#N']","['CC1=CC(C)=C(I)C=C1C(O)=O', 'COC(=O)C1=CC(I)=C(C)C=C1C', 'COC1=CC(I)=CC=C1I', 'NC1=C(I)C=CC=C1C(O)=O', 'NC(=O)C1=C(O)C=CC(I)=C1', 'CC(=O)CCC1=CC=C(I)C=C1', 'CC1=C(C=C(I)C=C1Cl)C(O)=O', 'COC(=O)C1=C(N)C(I)=CC(Cl)=C1', 'COC1=CC=C(I)C=C1C(O)=O', 'IC1=CC=CC(=C1)C(=O)C1=CC=CC=C1', 'CCOC(=O)C1=CC(I)=C(C)C=C1', 'OC(=O)C1=CC=CC(I)=C1', 'OC(=O)C1=C(I)C=C(F)C(F)=C1', 'CC1=CC(=CC=C1I)C(O)=O', 'OC(=O)C1=C(NC(=O)C2=C(I)C=CC=C2)C=CC=C1', 'OC1=C(F)C=C(I)C=C1I', 'FC1=C(Cl)C=CC(I)=C1C=O', 'CC1=CC(=CC(I)=C1)C(O)=O', 'CC(C)(C)OC(=O)C1=CC(I)=CC=C1', 'IC1=CC=CC=C1C(=O)C1=CC=CC=C1', 'OC1=C(C=O)C(I)=CC=C1', 'CC1=C(I)C=CC=C1N(=O)=O', 'CCOC(=O)C1=CC=C(I)C=C1F', 'CCC1=CC=C(I)C=C1C(O)=O', 'CC1=CC=CC(I)=C1C=O', 'OC(=O)C1=CC(I)=C(C=C1)C(F)(F)F']"
5,"[0.9057282466323808, 1.0802002409619185]",2.2820743146868225,"['OC(=O)C1=CC=C(I)C=C1', 'FC1=CC(I)=CC=C1C(F)(F)F']","['FC1=C(Cl)C=C(I)C=C1', 'OS(=O)(=O)C1=CC=CC(I)=C1', 'COC1=C(Cl)C=CC(I)=C1', 'IC1=CC(CC#N)=CC=C1', 'ClCC1=CC=C(I)C=C1', 'NS(=O)(=O)C1=CC=C(I)C=C1', 'OCC1=C(Cl)C=C(I)C=C1Cl', 'NNC(=O)C1=CC=C(I)C=C1', 'OC(=O)C1=C(I)C=C(C=C1)C#N', 'OC(=O)C1=CC=C(I)C(=C1)C(F)(F)F', 'OC(=O)C1=CC=CC(C(O)=O)=C1I', 'COC(=O)C1=CC=C(I)C=C1', 'CCOC(=O)CC(=O)C1=C(I)C=CC=C1', 'CC(=O)OC1=CC=C(I)C=C1', 'OCC1=C(Cl)C=CC(I)=C1', 'COC(=O)C1=C(I)C=C(Br)C=C1', 'CC1=C(Cl)C=C(I)C=C1Cl', 'FC1=C(Cl)C=C(I)C=C1Cl', 'CC1=CC(I)=CC(F)=C1', 'IC1=CC=C(C#N)C(I)=C1', 'COC(=O)C1=C(O)C=C(I)C(Cl)=C1', 'OC1=CC(I)=C(C=C1)N(=O)=O', 'OC(=O)C1=C(I)C=CC(Br)=C1', 'COC1=CC=C(C(N)=O)C(I)=C1', 'CC(C)(C)OC(=O)C1=C(I)C=CC=C1']"
6,"[1.2310331342559602, 0.610371127314533]",2.5143286322101286,"['IC1=C(C=CC=C1C#N)C#N', 'NC1=CC(I)=CC(CO)=C1']","['FC(F)(F)C1=CC(=C(I)C=C1)C(F)(F)F', 'CNS(=O)(=O)C1=CC=C(I)C=C1', 'NS(=O)(=O)C1=CC=CC(I)=C1', 'CC(=O)NC1=C(F)C=C(I)C=C1', 'CS(=O)(=O)C1=CC=CC(I)=C1', 'NC(CC1=CC=C(I)C=C1)C(O)=O', 'CC1=CC=CC(I)=C1', 'COC(OC)C1=C(I)C=CC=C1', 'OS(=O)(=O)C1=CC=C(I)C=C1', 'CC1=CC(Br)=CC(I)=C1', 'IC1=CC=CC(=C1)C1=CC=CC=C1', 'OB(O)C1=CC(I)=CC=C1', 'OC(=O)CC1=CC=CC=C1I', 'NCC1=CC(I)=CC=C1', 'CC1=CC=C(I)C=C1Br', 'CCC1=CC=C(I)C=C1', 'FC(F)C1=CC=C(I)C=C1', 'IC1=CC=C(CC#C)C=C1', 'CC1=CC(I)=CC(C)=C1F', 'ClC1=CC=C(I)C=C1', 'COC1=CC(Cl)=CC(I)=C1', 'CS(=O)(=O)NC1=CC=C(I)C=C1', 'CON(C)C(=O)C1=CC=C(I)C=C1', 'OB(O)C1=CC=C(I)C=C1']"
7,"[0.8310321459627881, 0.13319789241364827]",2.565611558429912,"['FC(F)(F)C1=C(I)C=CC(=C1)C#N', 'OC(=O)C1=CC=CC(=C1I)C(F)(F)F']","['NC1(CC1)C1=CC=C(I)C=C1', 'C[C@H](O)C1=C(I)C=CC(F)=C1', 'IC1=CC=C(OCC#N)C=C1', 'OC(=O)C1=CC=CC(I)=C1Cl', 'CC1=C(I)C=C(CO)C=C1', 'CCOC(=O)CC1=CC(I)=CC=C1', 'CC1=C(I)C=C(O)C=C1', 'OC1=CC=C(I)C=C1C(F)(F)F', 'IC1=C(C=CC=C1)C(=O)NC1CCCC1', 'COC1=C(C)C=CC(I)=C1', 'IC1=CC=C(C=C1)C(=O)N1CCOCC1', 'BrCC1=CC(I)=CC=C1', 'NCCC1=CC=C(I)C=C1', 'CC(=O)NC1=C(OC(F)(F)F)C=C(I)C=C1', 'CCOC(=O)C1=CC(I)=C(C=C1)C#N', 'CC1=CC=C(I)C=C1', 'CC1=CC(I)=C(CO)C=C1', 'CC1=CC=CC(I)=C1CO', 'CC1=C(Br)C(F)=CC(I)=C1', 'COC(=O)CC1=C(I)C=CC=C1', 'OC1=C(F)C=C(I)C=C1', 'NCC1=CC=CC=C1I']"
8,"[0.6238545681118839, 0.9656292524742955]",2.631845414338498,"['COC(=O)C1=CC=C(I)C=C1N(=O)=O', 'ClC1=CC(I)=CC(=C1)N(=O)=O']","['OC(=O)CCC1=CC=CC=C1I', 'NC(=O)CC1=C(I)C=CC=C1', 'FC1=CC(I)=C(Cl)C=C1', 'CC1=C(I)C=CC=C1', 'COC1=C(C)C(I)=CC=C1C', 'ClC1=CC=C(CBr)C(I)=C1', 'OC(=O)C1=CC(OC(F)(F)F)=C(I)C=C1', 'ClC1=CC(CBr)=C(I)C=C1', 'CCOC(=O)C1=C(I)C=CC(Br)=C1', 'OC(=O)CCCCC(=O)C1=CC=C(I)C=C1', 'OC(=O)C1=CC=CC(=C1I)N(=O)=O', 'CNCC1=C(I)C=CC=C1', 'BrC1=C(C=C(I)C=C1)C#N', 'OCC1=CC(=C(I)C=C1)N(=O)=O', 'OCC1=CC(I)=C(CO)C=C1I', 'CC(C)C1=CC=C(I)C(=C1)N(=O)=O', 'FC(F)(F)C(F)(C1=CC=C(I)C=C1)C(F)(F)F', 'CC1=C(I)C=C(Cl)C(=C1)N(=O)=O', 'COC(=O)C1=C(I)C=C(OC)C(OC)=C1', 'COC1=C(I)C=C(C=C1I)C#N', 'CC1=CC(I)=C(C)C=C1']"
9,"[1.20915723585692, 0.9266807106460363]",2.8100441899398203,"['BrCC1=CC=C(I)C=C1Br', 'BrC1=C(Br)C=C(I)C=C1']","['CSC1=CC=C(I)C=C1', 'CC(=O)NC(CC1=CC=C(I)C=C1)C(O)=O', 'BrC1=CC2=CC=C(I)C=C2C=C1', 'CC(=O)NC1=C(C=C(I)C=C1)C(F)(F)F', 'IC1=CC=C(C=C1)C(=O)NCC1=CC=CC=C1', 'CC1=CC=CC(I)=C1Cl', 'OC1=C(Cl)C(I)=CC=C1', 'CC(C)(O)C1=C(I)C=CC=C1', 'CCOC(=O)CC1=C(I)C=CC=C1', 'COC1=CC(Br)=CC(I)=C1', 'CCOC(=O)C1=CC(I)=CC(Br)=C1', 'OC(=O)CCCCC1=CC=C(I)C=C1', 'ClC1=C(I)C=C(C=O)C=C1', 'IC1=CC=C(C=C1)N1C(=O)C=CC1=O', 'OC(=O)C1=CC(I)=C(O)C(I)=C1', 'COC1=CC(B(O)O)=C(I)C=C1', 'COC(=O)C1=C(CBr)C(I)=CC=C1', 'OC1=C(I)C=CC=C1N(=O)=O', 'COC(=O)C1(CC1)C1=CC=C(I)C=C1', 'OC(=O)C1=C(NC2=CC=C(I)C=C2F)C=NC=C1']"
