,obj_values ['rate'],Vendi_score,eval_samples,cut_samples
0,"[-0.08758289924820628, 0.33603749230526786]",1.3766410569998024,"['COC1=CC=C(C)C=C1I', 'CC1=CC=CC(C)=C1I']",[]
1,"[1.1729271636123324, 0.08986486434496531]",1.3819381330620806,"['CC1=CC=C(N)C(I)=C1', 'CC1=CC(N)=C(I)C=C1']","['CC1=CC(I)=C(C)C=C1', 'COC1=CC(CO)=CC=C1I', 'COC1=CC=C(I)C(C)=C1', 'CN(C)C1=C(I)C=CC=C1', 'NCC1=CC=CC=C1I', 'COC1=C(I)C=CC=C1', 'CC(=O)NC1=CC=CC=C1I', 'C[C@H](O)C1=C(I)C=CC(F)=C1', 'COC1=C(F)C=CC=C1I', 'CC1=CC(O)=CC(C)=C1I', 'CC1=C(I)C=CC(O)=C1', 'COC1=CC=CC(C)=C1I', 'OC(=O)CCC1=CC=CC=C1I', 'CC1=CC(F)=CC(C)=C1I', 'CC1=C(I)C=CC=C1', 'OCC1=CC(I)=C(O)C=C1', 'CC1=CC(O)=C(C)C=C1I', 'COC1=CC=CC(CO)=C1I', 'IC1=C(OC2CC2)C=CC=C1', 'OC1=C(I)C=CC=C1', 'COC1=C(C)C(I)=CC=C1C', 'CC(=O)OC1=CC(C)=C(I)C(C)=C1', 'CC1=C(I)C=C(CO)C=C1', 'OCC1=C(I)C=CC(F)=C1', 'CC1=CC(I)=C(CO)C=C1', 'OC(=O)CC1=CC=C(O)C(I)=C1', 'CNCC1=C(I)C=CC=C1', 'NNC1=C(I)C=CC=C1', 'CC1=CC(C)=C(I)C(C)=C1', 'CC1=CC(I)=C(CO)C=C1C', 'CCCC1=C(I)C=CC=C1']"
2,"[-1.3477383748927532, 1.0432666576397651]",1.4725057728921744,"['NC1=CC(I)=CC=C1O', 'CC1=C(O)C=CC(I)=C1']","['OC(=O)CCC1=CC=C(O)C(I)=C1', 'CC1=CC(Cl)=CC(I)=C1N', 'COC1=CC=C(I)C(N)=C1', 'CC1=CC(Cl)=CC(N)=C1I', 'CC1=C(O)C(I)=CC(Cl)=C1', 'CCOC(=O)CC1=CC=C(N)C(I)=C1', 'COC(=O)C1=C(C)C=C(N)C(I)=C1', 'CCOC(=O)C1=CC(I)=C(N)C=C1', 'CC(C)C1=CC=C(N)C(I)=C1', 'NC1=C(I)C=C(C=C1)C1=CC=CC=C1', 'COC1=CC(I)=C(N)C=C1', 'CC1=CC(N)=C(I)C=C1F', 'NC1=C(I)C=C(OC(F)(F)F)C=C1', 'CC1=CC(I)=C(O)C=C1Cl', 'COC1=C(N)C(I)=CC=C1', 'CC1=CC(N)=C(I)C=C1C', 'OC1=CC=C(I)C2=CC=CC=C12', 'OC1=C(O)C(I)=CC=C1', 'COC1=CC=C(OC)C(I)=C1', 'CC1=CC(I)=C(N)C(C)=C1', 'NC1=C(N)C(I)=CC=C1', 'COC1=CC=C(I)C(OC)=C1', 'COC1=CC=C(I)C(O)=C1', 'CC1=C(I)C(O)=CC=C1', 'NC1=CC(Cl)=CC=C1I', 'CC1=C(N)C(I)=CC=C1', 'CC1=CC(I)=C(N)C=C1O', 'NC1=CC=C(O)C=C1I', 'CC(C)(C)C1=CC=C(N)C(I)=C1', 'COC(=O)C1=CC(I)=C(N)C(OC)=C1']"
3,"[-0.7241600883602198, 0.6974422844388826]",1.601196488165955,"['CC(C)(O)C1=C(I)C=CC=C1', 'CC1=CC(I)=CC(C)=C1F']","['NC1=CC(I)=C(O)C=C1', 'NC1=CC=C(N)C(I)=C1', 'COC1=CC(B(O)O)=C(I)C=C1', 'CNC1=CC=C(I)C=C1C', 'CNC1=CC=C(I)C=C1', 'CN(C)C1=CC=C(I)C=C1', 'COC1=CC=CC(I)=C1C', 'NC1=C(I)C=C(F)C(=C1)C(F)(F)F', 'NC(=O)C1=CC(O)=C(I)C=C1', 'CCC1=C(N)C=CC(I)=C1', 'CC1=C(I)C=C(O)C=C1', 'OC1=C(I)C=CC=C1Cl', 'COC1=CC=C(N)C=C1I', 'COC1=CC(C)=C(OC)C=C1I', 'NC1=CC=C(I)C=C1', 'IC1=CC=C(OCC2CC2)C=C1', 'CSC1=CC=C(I)C=C1', 'NC1=C(Cl)C=C(I)C=C1', 'COC1=C(OC)C=C(I)C=C1', 'OC1=C(F)C=C(I)C=C1', 'OC1=C(I)C=C(C=C1)C1=CC=CC=C1', 'NNC1=CC=C(I)C=C1', 'NCCC1=CC=C(I)C=C1', 'CC(C)(C)C1=C(N)C=CC(I)=C1', 'CC(C)(C)C1=CC(I)=CC=C1O', 'NNC(=O)CNC1=CC=C(I)C=C1', 'COC1=C(N)C=CC(I)=C1', 'IC1=CC=C(OCC#N)C=C1']"
4,"[-0.738476941804438, -0.5879529326977142]",1.8982339146524183,"['COC1=C(I)C=CC(N)=C1', 'OC1=CC=CC(O)=C1I']","['CC1=C(I)C=CC=C1CC#N', 'COC(=O)CC1=C(I)C=CC=C1', 'OCC1=C(I)C=C(Cl)C=C1', 'IC1=CC=C(OCC2=CC=NC=C2)C=C1', 'NC1(CC1)C1=CC=C(I)C=C1', 'OC(=O)CC1=CC=CC=C1I', 'NCC1=CC(I)=CC=C1', 'CCC1=CC=C(I)C=C1', 'CCOC(=O)COC1=CC=CC=C1I', 'CC1=CC=CC(I)=C1', 'CC1=CC=C(I)C=C1', 'CC(Cl)C(=O)NC1=CC=CC=C1I', 'COC1=C(C)C=CC(I)=C1', 'IC1=C(C=CC=C1)C1=CC=CC=C1', 'OC1=CC=C(I)C=C1C(F)(F)F', 'IC1=CC=C(CC#C)C=C1', 'OC1=CC=C(OC2=CC=C(I)C=C2)C=C1', 'IC1=CC=C(OCC2=CC=CN=C2)C=C1', 'ClCC(=O)NC1=CC=CC=C1I', 'IC1=CC=C(OC2=CC=CC=C2)C=C1', 'CC1=CC=C(C=C1I)C(N)=N', 'OCC1=C(I)C=C(F)C=C1', 'CC(=O)OC1=CC=C(I)C=C1', 'OC1=C(F)C=CC=C1I', 'COC(OC)C1=C(I)C=CC=C1', 'CC1=CC=CC(I)=C1CO']"
5,"[0.7810422223074103, 0.9455874557911769]",1.9597576639329992,"['IC1=CC(CC#N)=CC=C1', 'OB(O)C1=CC=C(I)C=C1']","['CC(=O)NC1=C(F)C=C(I)C=C1', 'FC(F)(F)C(=O)NC1=CC=CC=C1I', 'COC(=O)C1=CC(I)=C(N)C=C1OC', 'NC1=C(I)C=C(C=C1)C#N', 'COC1=C(I)C=CC(=C1)C(F)(F)F', 'OC(=O)C1=CC=C(O)C(I)=C1', 'CC(=O)NC1=CC(F)=CC=C1I', 'NC1=C(Cl)C=C(C=C1I)C(F)(F)F', 'OC1=C(I)C=C(Cl)C=C1', 'CC1=C(C=C(I)C(N)=C1)C#N', 'NC1=C(I)C=CC(Br)=C1', 'COC1=CC(Cl)=C(OC)C=C1I', 'COC(=O)C1=CC(I)=C(N)C=C1Cl', 'OC1=C(I)C=CC(Cl)=C1', 'CC1=CC(F)=C(I)C=C1O', 'IC1=CC=CC(=C1)C1=CC=CC=C1', 'OC1=CC(Cl)=C(F)C=C1I', 'IC1=C(OCC2=CC=CC=C2)C=CC=C1', 'NC1=C(Cl)C=C(Cl)C=C1I', 'COC1=CC(OC)=C(I)C=C1Cl', '[H][C@](N)(CC1=CC(I)=C(O)C=C1)C(=O)OC', 'NC1=C(I)C=C(Br)C=C1', 'COC1=C(I)C=C(C=C1)C(O)=O', 'NC1=C(I)C=C(Cl)C(=C1)C(F)(F)F', 'COC1=C(I)C(C)=CC(Cl)=C1']"
6,"[0.9057282466323808, 0.7608412413845975]",2.02539254536996,"['OC(=O)C1=CC=C(I)C=C1', 'COC(=O)C1=CC=C(I)C=C1']","['OC(=O)CCCCC1=CC=C(I)C=C1', 'CCOC(=O)CC1=C(I)C=CC=C1', 'CC(=O)NC1=C(OC(F)(F)F)C=C(I)C=C1', 'ClC1=CC=C(I)C=C1', 'IC1=CC=CC(CN2CCCC2)=C1', 'ClCC1=CC=C(I)C=C1', 'CCOC(=O)CC1=CC(I)=CC=C1', 'ClCC1=C(I)C=CC=C1', 'CC1=C(Cl)C=C(I)C=C1', 'CNC(=O)C1=CC=CC=C1I', 'FC(F)C1=C(I)C=CC=C1', 'CC1=CC(I)=C(F)C=C1', 'NNC(=O)C1=CC=C(I)C=C1', 'NC(=O)C1=C(I)C=CC=C1', 'CS(=O)(=O)NC1=CC=C(I)C=C1', 'CC1=CC(I)=CC(F)=C1', 'CCNC(=O)C1=CC=CC=C1I', 'NC(=O)CC1=C(I)C=CC=C1', 'OCC1=C(Cl)C=CC(I)=C1', 'OB(O)C1=CC(I)=CC=C1', 'COC1=C(Cl)C=CC(I)=C1', 'NC(CC1=CC=C(I)C=C1)C(O)=O', 'FC(F)C1=CC=C(I)C=C1', 'OCC1=C(Cl)C=CC=C1I']"
7,"[1.198684809188364, 0.9961696507927293]",2.2344518411841547,"['FC1=CC(I)=C(C=C1)C#N', 'CC(=O)C1=CC(I)=CC=C1']","['CC1=C(F)C=C(F)C=C1I', 'IC1=CC=CC=C1CN1C=NC=N1', 'COC1=CC=C(I)C(C(O)=O)=C1F', 'COC(=O)C1(CC1)C1=CC=C(I)C=C1', 'COC1=CC(Cl)=CC(I)=C1', 'CCCNC(=O)C1=CC=CC=C1I', 'IC1=CC=C(OCCN2CCCC2=O)C=C1', 'CC1=CC=C(I)C(C(O)=O)=C1F', 'CON(C)C(=O)C1=CC=C(I)C=C1', 'CC(=O)NC1=C(C=C(I)C=C1)C(F)(F)F', 'CC1=CC=C(I)C=C1Br', 'FC1=C(C=C(I)C=C1)C(F)(F)F', 'CC(=O)NC(CC1=CC=C(I)C=C1)C(O)=O', 'CC1=CC(Br)=CC=C1I', 'FC1=C(Cl)C=C(I)C=C1', 'NS(=O)(=O)C1=CC=C(I)C=C1', 'OC(=O)CC1=C(I)C=C(Cl)C=C1', 'IC1=CC=C(C=C1)C(=O)N1CCOCC1', 'COC(=O)C1=C(C)C(I)=CC=C1', 'IC1=CC(=CC=C1)N1C=CN=N1', 'FC(F)(F)C1=C(Cl)C=CC(I)=C1', 'OC(=O)C1(CC1)C1=C(I)C=CC=C1']"
8,"[0.5626618144033346, 0.5880674878982872]",2.467995403039717,"['FC1=CC=CC(I)=C1C#N', 'OC(=O)C1=CC=CC(I)=C1']","['IC1=CC(I)=CC=C1', 'BrCC1=CC(I)=CC=C1', 'NC1=C(F)C=C(C=C1I)C#N', 'CNS(=O)(=O)C1=CC=C(I)C=C1', 'COC1=CC(=C(I)C=C1)C(F)(F)F', 'FC1=CC(I)=CC=C1C(F)(F)F', 'CCOC(=O)C1=CC(I)=C(OC)C=C1', 'CS(=O)(=O)C1=CC=CC(I)=C1', 'FC(F)(F)OC1=CC=CC=C1I', 'COC1=CC=C(C(N)=O)C(I)=C1', 'OS(=O)(=O)C1=CC=CC(I)=C1', 'IC1=C(C=CC=C1)C(=O)NC1CCCC1', 'NS(=O)(=O)C1=CC=CC(I)=C1', 'CC1=C(Cl)C=C(I)C=C1Cl', 'COC1=C(C(O)=O)C(I)=CC=C1', 'CC(C)(C)OC(=O)C1=C(I)C=CC=C1', 'COC(=O)C1=C(I)C=CC=C1OC', 'NC(=O)C1=C(Cl)C=CC=C1I', 'ClCC1=CC(I)=C(CCl)C=C1', 'OS(=O)(=O)C1=CC=C(I)C=C1', 'CC1=CC(Br)=CC(I)=C1']"
9,"[0.06991425479088953, 1.2310331342559602]",2.66227840643757,"['OC(=O)C1=C(I)C=C(F)C(F)=C1', 'IC1=C(C=CC=C1C#N)C#N']","['COC1=C(I)C=C(Br)C=C1', 'CCOC(=O)C1=CC=C(I)C=C1F', 'COC1=CC=C(C=C1I)C#N', 'OC(=O)CNC(=O)C1=C(I)C=CC=C1', 'COC(=O)C1=CC=CC(C)=C1I', 'FC1=C(I)C=CC(=C1)C1CC1', 'COC1=CC(I)=C(F)C=C1', 'COC1=CC(I)=CC=C1I', 'CC1=C(Br)C(F)=CC(I)=C1', 'CC(C)(C)C(=O)NC1=CC=CC=C1I', 'CC1=CC=CC(I)=C1Cl', 'CC(C)(C)C1=C(I)C=CC=C1', 'CC1(C)COB(OC1)C1=CC=C(I)C=C1', 'FC1=C(Cl)C=C(I)C=C1Cl', 'OCC1=C(Cl)C=C(I)C=C1Cl', 'ClC1=CC=C(C=C1)C1=CC=C(I)C=C1', 'CCC1=C(Br)C=CC(I)=C1', 'CC1=CC(C)=C(I)C=C1I', 'CC1=CC(F)=C(I)C=C1', 'ClC1=CC=C(OC2=CC=C(I)C=C2)C=C1']"
