,obj_values ['rate'],Vendi_score,eval_samples,cut_samples
0,"[0.4288481174334299, -0.7206735275431312]",1.2798292602967534,"['CC1=CC(Cl)=CC(I)=C1N', 'OC1=C(I)C2=CC=CC=C2C=C1']",[]
1,"[0.6866504610286502, 1.2122557834459378]",1.5004197428107913,"['CSC1=CC=C(I)C=C1', 'COC1=C(OC)C=C(I)C=C1']","['NC1=CC=C(O)C=C1I', 'OCC1=CC(I)=C(O)C=C1', 'COC1=CC=C(I)C(N)=C1', 'CC1=C(N)C(I)=CC=C1', 'COC(=O)C1=C(C)C=C(N)C(I)=C1', 'CC(C)(C)C1=CC=C(N)C(I)=C1', 'COC1=CC=CC(C)=C1I', 'OC1=CC=C(I)C2=CC=CC=C12', 'CC1=CC(I)=C(N)C=C1O', 'NC1=C(I)C=C(OC(F)(F)F)C=C1', 'OC(=O)CC1=CC=C(O)C(I)=C1', 'CC1=CC(N)=C(I)C=C1F', 'COC1=CC(I)=C(N)C=C1', 'CC1=CC=C(N)C(I)=C1', 'COC(=O)C1=CC(I)=C(N)C(OC)=C1', 'NC1=CC(Cl)=CC=C1I', 'OC(=O)CCC1=CC=C(O)C(I)=C1', 'CC1=CC(Cl)=CC(N)=C1I', 'COC(=O)C1=CC(I)=C(N)C=C1Cl', 'NNC1=C(I)C=CC=C1', 'CC1=CC(I)=C(N)C(C)=C1', 'CC1=CC(N)=C(I)C=C1', 'NC1=C(I)C=C(C=C1)C1=CC=CC=C1', 'COC1=C(N)C(I)=CC=C1', 'CC(=O)NC1=CC=CC=C1I', 'CCOC(=O)CC1=CC=C(N)C(I)=C1', 'CCOC(=O)C1=CC(I)=C(N)C=C1', 'CC1=C(O)C(I)=CC(Cl)=C1', 'CC(C)C1=CC=C(N)C(I)=C1', 'CC1=CC(N)=C(I)C=C1C', 'COC1=CC=CC(CO)=C1I']"
2,"[0.5659536215035663, 0.610371127314533]",1.5876011271593642,"['CC(C)(C)C1=C(N)C=CC(I)=C1', 'NC1=CC(I)=CC(CO)=C1']","['NC1=C(Cl)C=C(I)C=C1', 'COC1=C(I)C=CC=C1', 'CC(C)(C)C1=CC(I)=CC=C1O', 'CCC1=C(N)C=CC(I)=C1', 'CC1=CC(I)=C(O)C=C1Cl', 'COC1=CC=C(C)C=C1I', 'OC1=C(I)C=C(C=C1)C1=CC=CC=C1', 'NC1=C(I)C=C(Cl)C(=C1)C(F)(F)F', 'NNC(=O)CNC1=CC=C(I)C=C1', 'IC1=C(OC2CC2)C=CC=C1', 'CC1=CC(O)=C(C)C=C1I', 'OC1=C(F)C=C(I)C=C1', 'COC1=CC(C)=C(OC)C=C1I', 'COC1=CC(CO)=CC=C1I', 'IC1=CC=C(OCC2CC2)C=C1', 'NC1=C(Cl)C=C(Cl)C=C1I', 'NNC1=CC=C(I)C=C1', 'NC1=C(Cl)C=C(C=C1I)C(F)(F)F', 'COC1=CC=C(I)C(C)=C1', 'CN(C)C1=C(I)C=CC=C1', 'CC1=C(I)C=CC(O)=C1', 'NC1=CC(I)=CC=C1O', 'COC1=C(C)C=CC(I)=C1', 'NC1=C(I)C=C(F)C(=C1)C(F)(F)F', 'NC1=CC=C(I)C=C1', 'CC1=C(O)C=CC(I)=C1', 'COC1=CC=C(OC)C(I)=C1', 'COC1=C(N)C=CC(I)=C1', 'NC1=C(I)C=C(Br)C=C1', 'IC1=CC=C(OC2=CC=CC=C2)C=C1']"
3,"[0.810825101947849, 0.08779324406017097]",1.6299895370492579,"['COC1=C(Cl)C=CC(I)=C1', 'IC1=CC=CC(=C1)C1=CC=CC=C1']","['NCCC1=CC=C(I)C=C1', 'NC1=C(N)C(I)=CC=C1', 'CC1=CC(I)=CC(C)=C1F', 'COC1=CC(B(O)O)=C(I)C=C1', 'IC1=CC=C(OCCN2CCCC2)C=C1', 'OC1=C(O)C(I)=CC=C1', 'CC1=C(I)C=C(O)C=C1', 'IC1=CC=C(OCC2=CC=NC=C2)C=C1', 'IC1=CC=C(OCC#N)C=C1', 'IC1=CC=C(OCC2=CC=CN=C2)C=C1', 'IC1=CC=CC(CN2CCCC2)=C1', 'COC1=CC=CC(I)=C1C', 'NC(=O)C1=CC(O)=C(I)C=C1', 'COC1=CC=C(N)C=C1I', 'COC1=CC=C(I)C(OC)=C1', 'CNC1=CC=C(I)C=C1C', 'COC1=CC(OC)=C(I)C=C1Cl', 'NC1(CC1)C1=CC=C(I)C=C1', 'CC(=O)NC1=C(F)C=C(I)C=C1', 'CNC1=CC=C(I)C=C1', 'IC1=CC=C(OCCN2CCCC2=O)C=C1', 'CNCC1=C(I)C=CC=C1', 'COC1=CC(Cl)=C(OC)C=C1I', 'CN(C)C1=CC=C(I)C=C1', 'IC1=CC=C(C=C1)N1CCCCC1', 'FC1=CC(I)=CC=C1NC(=O)NC1CC1', 'OC1=CC=C(OC2=CC=C(I)C=C2)C=C1', 'NC1=CC=C(N)C(I)=C1']"
4,"[0.3003282067106272, 0.7308245157199049]",1.6797374367615776,"['CC1=CC(I)=CC(F)=C1', 'ClC1=CC=C(I)C=C1']","['CC(=O)OC1=CC=C(I)C=C1', 'CC(=O)NC1=C(OC(F)(F)F)C=C(I)C=C1', 'OC1=C(I)C=CC=C1Cl', 'OB(O)C1=CC(I)=CC=C1', 'NC(CC1=CC=C(I)C=C1)C(O)=O', 'ClC1=CC=C(OC2=CC=C(I)C=C2)C=C1', 'CC(=O)NC1=C(C=C(I)C=C1)C(F)(F)F', 'OC1=CC=C(I)C=C1C(F)(F)F', 'COC(=O)C1(CC1)C1=CC=C(I)C=C1', 'COC1=CC(Cl)=CC(I)=C1', 'CC1=CC=CC(I)=C1', 'OC(=O)CCCCC1=CC=C(I)C=C1', 'CC(Cl)C(=O)NC1=CC=CC=C1I', 'CC1=CC=C(I)C=C1', 'CCOC(=O)COC1=CC=CC=C1I', 'ClC1=CC=C(C=C1)C1=CC=C(I)C=C1', 'NCC1=CC(I)=CC=C1', 'CS(=O)(=O)NC1=CC=C(I)C=C1', 'CCOC(=O)CC1=CC(I)=CC=C1', 'OCC1=C(Cl)C=CC(I)=C1', 'CCC1=CC=C(I)C=C1', 'COC1=C(F)C=CC=C1I', 'IC1=CC=C(CC#C)C=C1', 'ClCC(=O)NC1=CC=CC=C1I', 'CC1=C(Cl)C=C(I)C=C1', 'CC1=CC(I)=C(CO)C=C1C']"
5,"[-0.17128958412229917, 0.5932596822233444]",1.816716816138889,"['COC1=CC(Br)=C(OC)C=C1I', 'COC1=CC(I)=C(F)C=C1Cl']","['CC1=CC=C(I)C=C1Br', 'NNC(=O)C1=CC=C(I)C=C1', 'COC1=C(I)C=CC(=C1)C(F)(F)F', 'FC(F)(F)C(=O)NC1=CC=CC=C1I', 'CC1=CC(I)=C(C)C=C1', 'COC1=CC=C(I)C(C(O)=O)=C1F', 'CC1=CC=C(C=C1I)C(N)=N', 'IC1=CC(CC#N)=CC=C1', 'IC1=C(C=CC=C1)C1=CC=CC=C1', 'OC1=CC(Cl)=C(F)C=C1I', 'OB(O)C1=CC=C(I)C=C1', 'COC1=C(C)C(I)=CC=C1C', 'CON(C)C(=O)C1=CC=C(I)C=C1', 'COC(=O)C1=C(I)C=CC=C1OC', 'OCC1=C(I)C=C(F)C=C1', 'CC(=O)NC(CC1=CC=C(I)C=C1)C(O)=O', 'FC1=C(Cl)C=C(I)C=C1', 'CC1=CC(I)=C(CO)C=C1', 'FC(F)C1=CC=C(I)C=C1', 'CC1=C(I)C=C(CO)C=C1', 'IC1=CC=C(C=C1)C(=O)N1CCOCC1', 'ClCC1=CC=C(I)C=C1', 'OCC1=C(I)C=CC(F)=C1', 'IC1=C(OCC2=CC=CC=C2)C=CC=C1', 'OCC1=C(I)C=C(Cl)C=C1']"
6,"[0.37098229061594457, -0.08111464596134699]",1.8545783709662258,"['CC1=CC(Br)=CC(I)=C1', 'COC1=CC(Br)=CC(I)=C1']","['COC1=C(I)C=C(C=C1)C(O)=O', 'OC1=C(I)C=CC(Cl)=C1', 'FC1=C(C=C(I)C=C1)C(F)(F)F', 'CCOC1=CC(Br)=CC=C1I', 'NC1=C(I)C=CC(Br)=C1', 'COC1=CC(I)=C(F)C=C1', 'CCC1=C(Br)C=CC(I)=C1', 'CC1=CC=C(I)C(C(O)=O)=C1F', 'COC1=C(I)C=C(Br)C=C1', 'OC(=O)C1=CC=C(O)C(I)=C1', 'OC1=C(F)C=CC=C1I', 'NC1=C(Br)C=CC=C1I', 'CC1=C(Cl)C=C(I)C=C1Cl', 'CC1=CC(F)=C(I)C=C1O', 'NCC1=CC=CC=C1I', 'CCOC(=O)C1=CC(I)=C(OC)C=C1', 'CC(=O)NC1=CC(F)=CC=C1I', '[H][C@](N)(CC1=CC(I)=C(O)C=C1)C(=O)OC', 'CC(C)OC1=CC=C(I)C=C1Br', 'CC1=CC(I)=C(F)C=C1', 'OC1=C(I)C=CC=C1', 'OC1=C(I)C=C(Cl)C=C1', 'COC1=CC=C(C(N)=O)C(I)=C1', 'CCNC(=O)C1=CC(OCC)=C(I)C=C1']"
7,"[-0.738476941804438, 1.1418083293390804]",1.9899104551440667,"['COC1=C(I)C=CC(N)=C1', 'NC1=CC(F)=C(I)C=C1']","['CC1=CC(Br)=C(C)C=C1I', 'COC1=C(C(O)=O)C(I)=CC=C1', 'CC1=CC=CC(I)=C1CO', 'CC1=C(F)C=C(F)C=C1I', 'FC(F)(F)C1=C(Cl)C=CC(I)=C1', 'COC(=O)C1=CC(I)=C(N)C(Br)=C1', 'OCC1=C(Cl)C=CC=C1I', 'CC1=C(I)C=CC=C1CC#N', 'CC1(C)COB(OC1)C1=CC=C(I)C=C1', 'CNC(=O)C1=CC=CC=C1I', 'COC(=O)C1=C(I)C=C(OC)C(OC)=C1', 'COC1=CC(I)=CC=C1I', 'NC(=O)C1=CN=C(OC2=CC=C(I)C=C2)C=C1', 'FC1=C(Cl)C=C(I)C=C1Cl', 'BrCC1=CC(I)=CC=C1', 'CC1=CC(Br)=CC=C1I', 'C[C@H](O)C1=C(I)C=CC(F)=C1', 'COC(=O)C1=CC=C(I)C=C1', 'IC1=CC(=CC=C1)N1C=CN=N1', 'FC(F)C1=C(I)C=CC=C1', 'OCC1=C(Cl)C=C(I)C=C1Cl', 'CC1=C(Br)C(F)=CC(I)=C1']"
8,"[0.0036768002666182076, 0.03589396540360318]",2.1447663054468826,"['OC1=CC(Cl)=C(I)C=C1', 'CN(C)C1=CC(Br)=C(I)C=C1']","['CC1=C(F)C=C(F)C(I)=C1', 'CC1=C(C=C(I)C(N)=C1)C#N', 'NC1=C(F)C=C(C=C1I)C#N', 'CC1=CC(F)=C(I)C=C1', 'NC1=CC(I)=C(F)C=C1Cl', 'CCOC1=CC=C(I)C(F)=C1F', 'COC1=CC=C(I)C(O)=C1', 'COC1=CC=C(COC2=C(I)C=CC=C2)C=C1', 'NC1=C(I)C=C(Br)C(=C1)C(F)(F)F', 'FC1=CC(I)=C(F)C=C1', 'COC1=C(I)C=C(C(O)=O)C(F)=C1', 'NC1=C(F)C(F)=C(I)C=C1', 'COC(=O)C1=CC(I)=C(N)C=C1OC', 'CCOC1=C(I)C=CC(=C1)C(=O)N1CCOCC1', 'FC1=C(I)C=CC(=C1)C1CC1', 'COC1=CC(=C(I)C=C1)C(F)(F)F', '[H][C@@](N)(CC1=CC=C(O)C(I)=C1)C(O)=O', 'NC1=CC(I)=C(O)C=C1', 'CC(C)(C)C(=O)NC1=CC=CC=C1I', 'NC1=C(I)C=C(C=C1)C#N', 'COC1=CC(F)=C(I)C=C1']"
9,"[-0.04474586864157293, 0.782588287845367]",2.2098433065200584,"['FC1=CC(F)=C(Cl)C=C1I', 'FC1=CC=C(I)C(F)=C1']","['NC1=C(I)C=C(C(Br)=C1)C(F)(F)F', 'NC1=C(N)C=C(I)C(Cl)=C1', 'FC(F)(F)OC1=CC=CC=C1I', 'CC1=C(I)C=CC=C1', 'COC1=CC(Cl)=C(I)C=C1', 'CC1=CC=CC(I)=C1Cl', 'NC1=CC=C(I)C(Cl)=C1', 'CC1=CC(Cl)=C(I)C=C1C', 'NC(=O)C1=C(I)C=CC=C1', 'COC1=CC=C(C=C1I)C#N', 'OC1=CC=CC(I)=C1F', 'IC1=CC=C(NC(=O)OCC2=CC=CC=C2)C=C1', 'ClCC1=C(I)C=CC=C1', 'OC1=C(Cl)C(I)=CC=C1', 'CCNC(=O)C1=CC=CC=C1I', 'CCCNC(=O)C1=CC=CC=C1I', 'ClC1=CC(Cl)=C(COC2=CC=C(I)C=C2)C=C1', 'CCOC(=O)C1=CC(Br)=C(N)C(I)=C1', 'COC1=CC(I)=C(Cl)C=C1', 'OC1=CC(I)=C(Cl)C=C1']"
