,obj_values ['rate'],Vendi_score,eval_samples,cut_samples
0,"[0.6210337820200413, 0.14869394670440528]",1.3296606631634307,"['FC(F)(F)OC1=C(I)C=C(Br)C=C1', 'NC1=C(I)C=C(Br)C(=C1)C(F)(F)F']",[]
1,"[0.41194118881371167, 0.8296221244604277]",1.7239781702388712,"['BrC1=CN=C(OC2=CC=C(I)C=C2)N=C1', 'CC(Br)C(=O)N(C)C1=CC=C(I)C=C1']","['NC1=C(Br)C=CC=C1I', 'COC1=CC(OC)=C(I)C=C1Cl', 'CC1=CC(Br)=C(I)C=C1Cl', 'NC1=C(Cl)C=C(C=C1I)C(F)(F)F', 'COC1=C(I)C=C(Br)C=C1', 'FC(F)(F)C1=C(I)C=CC(Br)=C1', 'FC1=C(Br)C=CC(I)=C1F', 'NC1=C(I)C=C(Cl)C(=C1)C(F)(F)F', 'ClC1=CC(CBr)=C(I)C=C1', 'ClC1=CC=C(Br)C=C1I', 'COC1=C(I)C=CC(=C1)C(F)(F)F', 'CC1=C(Br)C=CC(I)=C1Cl', 'CCOC(=O)C1=CC(Br)=C(N)C(I)=C1', 'NC1=C(I)C=C(Br)C=C1', 'OC1=C(I)C=CC=C1Cl', 'CC(C)OC1=CC=C(I)C=C1Br', 'CCOC1=CC(Br)=CC=C1I', 'CC1=CC(Br)=CC=C1I', 'NC1=C(I)C=CC(Br)=C1', 'ClC1=CC=C(CBr)C(I)=C1', 'COC(=O)C1=CC(I)=C(N)C(Br)=C1', 'NC1=C(I)C=C(F)C(=C1)C(F)(F)F', 'FC1=C(I)C=CC(Br)=C1Cl', 'FC(F)(F)OC1=CC=CC=C1I', 'NC1=C(Cl)C=C(Cl)C=C1I', 'NC1=C(I)C=C(C(Br)=C1)C(F)(F)F', 'NC(=O)C1=C(I)C=CC(Br)=C1F', 'FC(F)(F)C(=O)NC1=CC=CC=C1I', 'OC1=CC(Cl)=C(F)C=C1I', 'FC1=CC=CC(I)=C1Br', 'FC1=C(I)C=C(CBr)C=C1']"
2,"[-0.18834961706429176, 1.0899785972687763]",1.8828320542063923,"['FC(F)(F)C1=CC(I)=C(Br)C=C1', 'COC(=O)C1=C(I)C=C(Br)C=C1']","['CCC1=C(Br)C=CC(I)=C1', 'BrCC1=CC=C(I)C=C1Br', 'IC1=CC=C(C=C1)C(=O)N1CCOCC1', 'FC(F)(F)C(F)(C1=CC=C(I)C=C1)C(F)(F)F', 'ClCC1=CC(I)=C(CCl)C=C1', 'FC1=C(Cl)C=C(I)C=C1Cl', 'CC1=CC=C(I)C=C1Br', 'CC(=O)NC1=C(OC(F)(F)F)C=C(I)C=C1', 'CC1=CC(Br)=CC(I)=C1', 'ClC1=CC(Cl)=C(COC2=CC=C(I)C=C2)C=C1', 'CCOP(=O)(CC1=CC=C(I)C=C1)OCC', 'CC(C)C1=CC=C(I)C(Br)=C1', 'CS(=O)(=O)NC1=CC=C(I)C=C1', 'CC(=O)NC(CC1=CC=C(I)C=C1)C(O)=O', 'NC(=O)C1=CN=C(OC2=CC=C(I)C=C2)C=C1', 'OCC1=C(Cl)C=C(I)C=C1Cl', 'COC1=CC(Br)=CC(I)=C1', 'CC1=CC(Br)=C(C)C=C1I', 'BrC(C1=CC=CC=C1)C1=C(I)C=CC=C1', 'CC(=O)NC1=C(C=C(I)C=C1)C(F)(F)F', 'BrC1=C(Br)C=C(I)C=C1', 'CC1=C(Br)C(F)=CC(I)=C1', 'COC1=CC=C(I)C(C(O)=O)=C1F', 'BrCC1=CC(I)=CC=C1', 'CCC1=CC(Br)=C(I)C=C1', 'CC(C)(C)OC(=O)C1=C(Br)C=C(I)C=C1', 'OC(=O)CC1=C(I)C=C(Cl)C=C1', 'FC(F)(F)C1=C(Cl)C=CC(I)=C1', 'BrCC1=C(I)C=CC(Br)=C1', 'CC1=C(Cl)C=C(I)C=C1Cl']"
3,"[1.0184095298961169, 0.4979598744353937]",2.0731338811895847,"['BrC1=CC2=CC=C(I)C=C2C=C1', 'CC1=C(I)C(=CC(Br)=C1)C(O)=O']","['OC(=O)C1=C(I)C=CC(Br)=C1', 'NC(=O)C1=C(Cl)C=CC=C1I', 'OC(=O)C1=CC=CC(I)=C1Cl', 'CCOC(=O)C1=CC(I)=CC(Br)=C1', 'FC(F)(F)C1=C(Br)C(I)=CC=C1', 'FC(F)(F)C1=CC(I)=C(Cl)C=C1', 'CC(C)(C)C1=CC(I)=C(Br)C=C1', 'CCOC(=O)C1=C(I)C=CC(Br)=C1', 'OC1=CC(I)=C(Br)C=C1', 'CC(C)(C)C1=CC=C(I)C(Br)=C1', 'BrCC1=C(Br)C(I)=CC=C1', 'CC1=CC(Br)=C(I)C=C1', 'CC1=CC=C(I)C(C(O)=O)=C1F', 'OCC1=C(Cl)C=CC=C1I', 'ClC1=CC(Br)=C(I)C=C1Cl', 'COP(=S)(OC)OC1=CC(Cl)=C(I)C=C1Cl', 'OC(=O)C1=C(Br)C(I)=CC=C1', 'BrC1=CC=CC=C1I', 'OC(=O)C1=C(I)C(Br)=CC=C1', 'FC(F)(F)C1=CC(=C(I)C=C1)C(F)(F)F', 'OC1=C(Br)C(I)=CC=C1', 'FC1=CC(Br)=C(I)C=C1F', 'FC(F)(F)C(=O)CC1=CC=C(I)C=C1', 'CC(C)(C)OC(=O)C1=C(I)C=CC=C1', 'COC(=O)C1=CC(I)=C(Cl)C=C1', 'ClC1=CC(Cl)=C(I)C=C1', 'CON(C)C(=O)C1=C(I)C=C(Cl)C=C1', 'BrC1=CC(Br)=C(I)C=C1']"
4,"[1.1169563711598447, -0.24448008121560494]",2.3054125894899977,"['NC1=CC(I)=C(Br)C=C1', 'COC1=CC(Cl)=CC(I)=C1']","['BrC1=C(OC2=C(I)C=CC=C2)C=CC(=C1)C#N', 'IC1=CC(I)=CC=C1', 'COC(=O)C1=C(C)C(I)=CC=C1', 'OCC1=C(I)C=C(Cl)C=C1', 'CCOC(=O)C1=CC2=CC=CC=C2C=C1I', 'OC1=C(I)C=C(C=C1I)C(F)(F)F', 'CC(C)C1=C(I)C=CC(Br)=C1', 'COC(=O)C1=C(I)C=CC(OC)=C1', 'ClC1=CC2=C(C=C1)C=C(I)C=C2', 'CC(C)(C)OC(=O)C1=CC(I)=CC=C1', 'CC1=C(C=C(I)C=C1Cl)C(O)=O', 'OC(=O)CCC1=NN=C(O1)C1=CC=CC=C1I', 'CC1=CC(C)=C(I)C=C1I', 'COC(=O)C1=CC=CC=C1I', 'COC(=O)C1=C(Cl)C=C(C)C(I)=C1', 'BrC1=CC=C(C=C1)C(=O)C1=C(I)C=CC=C1', 'IC1=CC=CC(=C1)C(=O)C1=CC=CC=C1', 'OC(=O)C1=CC(Cl)=CC=C1I', 'OC1=C(F)C=C(I)C=C1I', 'OC(=O)C1=C(NC(=O)C2=C(I)C=CC=C2)C=CC=C1', 'COC(=O)C1=C(Cl)C(O)=C(I)C=C1', 'OCC1=CC(I)=C(CO)C=C1I', 'CCOC(=O)C1=CC=C(I)C=C1F', 'COC(=O)C1=C(CBr)C(I)=CC=C1', 'CCC1=CC=C(I)C=C1C(O)=O', 'COC(=O)C1=C(I)C=CC=C1O']"
5,"[0.890544908179314, 1.1781535130182343]",2.7495980631549637,"['CN(C)C1=CC=C(C=C1)\\N=N\\C1=CC=C(I)C=C1', 'OCCONC(=O)C1=C(NC2=CC=C(I)C=C2F)N2C=NC=C2C=C1']","['CC(=O)OC1=CC=C(I)C=C1', 'COC1=C(C(O)=O)C(I)=CC=C1', 'IC1=CC(=CC=C1)N1C=CN=N1', 'COC1=CC(I)=C(Cl)C=C1', 'IC1=CC=CC(=C1)C1=CC=CC=C1', 'COC1=CC(Br)=C(I)C=C1', 'FC1=CC(I)=C(Cl)C=C1', 'COC(=O)C1=C(I)C=CC=C1OC', 'COC1=C(Cl)C=CC(I)=C1', 'OS(=O)(=O)C1=CC=CC(I)=C1', 'CCOC(=O)CC1=CC(I)=CC=C1', 'NNC(=O)C1=CC=C(I)C=C1', 'CC1=C(Cl)C=C(I)C=C1', 'CON(C)C(=O)C1=CC=C(I)C=C1', 'CC(=O)NC1=C(F)C=C(I)C=C1', 'COC1=CC(I)=CC=C1I', 'IC1=CC=C(C=C1)C1=NC=CO1', 'OC1=CC(I)=C(Cl)C=C1', 'OC1=CC=C(I)C=C1C(F)(F)F', 'NC(CC1=CC=C(I)C=C1)C(O)=O', 'OCC1=C(Cl)C=CC(I)=C1', 'FC1=C(C=C(I)C=C1)C(F)(F)F', 'FC1=C(Cl)C=C(I)C=C1', 'OC1=C(Cl)C(I)=CC=C1', 'CC1=CC=CC(I)=C1Cl']"
6,"[0.26888320368432606, 0.9769085460682799]",2.986457363074352,"['C[C@@H]1CN(CCN1S(=O)(=O)C1=CC=C(I)C=C1)C(=O)C1=CC=CC=C1', 'FC1=C(F)C(NC2=CC=C(I)C=C2Cl)=C(C=C1)C(=O)NOCC1CC1']","['IC1=CC=C(C=C1)C(=O)NCC1=CC=CC=C1', 'COC(=O)CCC1=CC(I)=C(O)C(I)=C1', 'CCCNC(=O)C1=CC=CC=C1I', 'OC(=O)C1=C(NC2=CC=C(I)C=C2F)C=NC=C1', 'IC1=C(C=CC=C1)C(=O)NC1CCCC1', 'OC(=O)C1=C(NC2=CC=C(I)C=C2Cl)C(F)=C(F)C=C1', 'CCOC1=CC=C(C=C1)C(O)C1=CC(I)=CC=C1Cl', 'COC(=O)C1=C(O)C=C(I)C(Cl)=C1', 'COC(=O)C1=C(I)C=C(OC)C(OC)=C1', 'CC1=CC=C(I)C=C1C1=CC(I)=CC=C1C', 'OC(=O)C1=CC=CC2=CC=CC(I)=C12', 'OC(=O)CCC1=CC(I)=C(O)C(I)=C1', 'OC(=O)CNC(=O)C1=C(I)C=CC=C1', 'COC(=O)C1=CC(NC(=O)C2=CC=CC=C2I)=CC=C1', 'OC(=O)CCCCC(=O)C1=CC=C(I)C=C1', 'ClC1=CC=C(C=C1)C1=CC=C(I)C=C1', 'COC1=CC=C(C(N)=O)C(I)=C1', 'OC1=CC=C(Cl)C=C1\\C=C\\C1=C(I)C=CC=C1', 'ClC1=CC=C(OC2=CC=C(I)C=C2)C=C1', 'COC1=C(I)C=C(N)C=C1I', 'CC(=O)C1=CC(I)=CC=C1', 'COC(=O)C1=C(N)C=CC=C1I', 'CCOC(=O)C(=CNC1=C(I)C=CC=C1)C(=O)OCC', 'COC(=O)C1(CC1)C1=CC=C(I)C=C1']"
7,"[0.7565975472486359, 0.40542248323130026]",3.0527965645694395,"['IC1=CC=C(NC2=CC=C(I)C=C2)C=C1', 'IC1=CC=CC2=CC3=C(C=C12)C(I)=CC=C3']","['CC(C)(C)OC(=O)NCC1=CC=CC(I)=C1', 'CC1=CC(I)=CC(I)=C1N', 'IC1=CC=C(OCC2=CC=NC=C2)C=C1', 'IC1=CC=C(OCC2=CC=CN=C2)C=C1', 'CCOC(=O)CC(=O)C1=C(I)C=CC=C1', 'FC1=CC(I)=CC=C1NC(=O)NC1CC1', 'CC(=O)CCC1=CC=C(I)C=C1', 'COC1=C(I)C=C(C=C1I)C#N', 'CCNC(=O)C1=CC=CC=C1I', 'CC(C)(C)C(=O)NC1=CC=C(Cl)C=C1I', 'CC1=CC=C(C(O)=O)C(I)=C1', 'CNS(=O)(=O)C1=CC=C(I)C=C1', 'IC1=C(C=CC=C1)C(=O)NCC1=CC=CC=C1', 'COC1=CC(=C(I)C=C1)C(F)(F)F', 'COC1=CC(I)=C(NC(=O)OC(C)(C)C)C=C1', 'IC1=CC=CC=C1C1=CC=CC=C1I', 'OC(=O)CCCCC1=CC=C(I)C=C1', 'NC1=CC=C(C=C1)S(=O)(=O)NC1=CC=C(I)C=C1', 'CCOC(=O)C1=CC(I)=C(O)C(I)=C1', 'CC(C)(C)OC(=O)NC(CC1=CC(I)=CC=C1F)C(O)=O', 'CCOC(=O)C1=CC(OCC)=C(I)C=C1', 'OC(=O)C1=CC(I)=C(O)C(I)=C1']"
8,"[1.1851596614284747, 0.9156035626998368]",3.118880208589474,"['CC1=CC=C(C)N1C1=C(F)C=C(I)C=C1', 'COC(=O)C1=CC(N)=CC=C1I']","['OC1=CC=C(OC2=CC=C(I)C=C2)C=C1', 'IC1=CC=CC2=C(I)C=CC=C12', 'CC1(C)COB(OC1)C1=CC=C(I)C=C1', 'COC(=O)C1=CC(N)=C(I)C=C1C', 'CC(C)(C)C1=CC(I)=C(O)C(I)=C1', 'COC(=O)C1=C(N)C(I)=CC(Cl)=C1', '[H][C@@](N)(CC1=CC(I)=C(O)C(I)=C1)C(O)=O', 'CC(Cl)C(=O)NC1=CC=CC=C1I', 'CC1(C)OB(OC1(C)C)C1=CC(O)=CC=C1I', 'IC1=CC=CC(CN2CCCC2)=C1', 'CCNC(=O)C1=CC(OCC)=C(I)C=C1', 'FC(F)(F)COC1=CC(=CC=C1I)C(=O)N1CCOCC1', 'COC1=C(OC)C(I)=CC(C=O)=C1', 'NC1=C(C(O)=O)C(I)=CC=C1', 'COC(=O)C1=CC(I)=C(N)C(I)=C1', 'IC1=CC=C(OC2=CC=CC=C2)C=C1', 'CC1=CC(I)=C(N)C(I)=C1', 'IC1=CC=CC=C1C(=O)C1=CC=CC=C1', 'IC1=CC=C(OCCN2CCCC2=O)C=C1', 'CC1=C(I)C=C(C=C1F)C(O)=O', 'IC1=CC=C(NC(=O)OCC2=CC=CC=C2)C=C1']"
9,"[0.8218122568731453, 0.03589396540360318]",3.258294941875025,"['NC1=CC=C(NC(=O)C2=CC=CC=C2I)C=C1', 'CN(C)C1=CC(Br)=C(I)C=C1']","['COC(=O)C1=C(N)C(I)=CC(F)=C1', 'COC(=O)C1=C(OC)C=C(C)C(I)=C1', 'CC1=CC(Cl)=C(I)C=C1C', 'NC(=O)C1=C(O)C=CC(I)=C1', 'COC1=CC(I)=C(C=O)C=C1OC', 'COC(=O)C1=CC(I)=C(C=C1O)N(C)C', 'COC1=CC=C(I)C=C1C(O)=O', 'CC1=CC(C)=C(I)C=C1C(O)=O', 'NC1=C(I)C=CC(=C1)C(O)=O', 'CC1=CC(C(O)=O)=C(I)C=C1', 'COC(=O)C1=CC(I)=C(C)C=C1C', 'OC1=CC2=C(C=CC=C2I)C=C1', 'IC1=CC=C(OCCN2CCCC2)C=C1', 'OC1=CC=CC2=C1C=CC=C2I', 'COC(=O)C1=CC=C(I)C(N)=C1', 'CCOC(=O)C1=CC(I)=C(C)C=C1', 'CC1=CC(I)=CC(C(O)=O)=C1N', 'CC1=CC(=CC(I)=C1)C(O)=O', 'IC1=CC=C(OCC#N)C=C1', 'IC1=CC=C(OCC2CC2)C=C1']"
