,obj_values ['rate'],Vendi_score,eval_samples,cut_samples
0,"[-0.03658781328811367, 0.5685316178180613]",1.301539256714095,"['FC1=CC(F)=C(I)C(Cl)=C1', 'FC(F)(F)OC1=CC=CC=C1I']",[]
1,"[1.0171434510244348, -0.4058044308627763]",1.4538195426836125,"['NC(=O)C1=C(Cl)C=CC=C1I', 'FC(F)C1=C(I)C=CC=C1']","['CC1=CC(F)=C(I)C=C1', 'FC1=CC=C(I)C(F)=C1', 'FC1=C(F)C(I)=CC=C1', 'ClC1=CC=CC=C1I', 'FC1=CC(F)=C(Cl)C=C1I', 'CC1=CC(Cl)=CC(Cl)=C1I', 'COC(=O)C1=CC(I)=C(F)C=C1', 'FC1=C(I)C=CC(I)=C1', 'FC1=C(I)C=C(CBr)C=C1', 'OC(C1=CC=C(I)C(F)=C1)(C(F)(F)F)C(F)(F)F', 'OC1=C(I)C(Cl)=CC=C1', 'COC(=O)C1=CC(I)=C(Cl)C=C1C', 'FC(F)C1=C(I)C(F)=C(Cl)C=C1', 'OC(=O)C1=CC=C(O)C(I)=C1', 'CC1=CC(I)=C(F)C=C1', 'FC1=C(I)C=CC(=C1)C(F)(F)F', 'FC1=CC=C(I)C(F)=C1F', 'OC1=C(I)C=CC=C1Cl', 'FC1=C(I)C=CC(Cl)=C1', 'OC1=C(I)C(Cl)=CC(Cl)=C1', 'FC1=C(I)C(Cl)=CC=C1', 'FC1=CC(I)=C(F)C=C1', 'FC1=CC(I)=C(Cl)C=C1', 'COC(=O)C1=CC(I)=C(Cl)C=C1', 'CC1=CC=CC(I)=C1Cl', 'FC1=CC(Cl)=C(I)C=C1', 'FC(F)(F)C1=CC(I)=C(Cl)C=C1', 'ClC1=CC(Cl)=C(I)C=C1', 'CC1=C(F)C=C(F)C(I)=C1', 'FC1=C(F)C(=CC=C1I)C(F)(F)F', 'COC1=C(I)C=C(C(O)=O)C(F)=C1']"
2,"[0.04977968725233062, 0.9223415498440514]",1.6170582158612115,"['COS(=O)(=O)C1=CC=CC=C1I', 'FC(F)(F)C1=C(I)C=CC(Br)=C1']","['ClCC1=CC(I)=C(CCl)C=C1', 'CC1=C(I)C=CC=C1CC#N', 'CCCNC(=O)C1=CC=CC=C1I', 'NC(=O)C1=C(I)C=CC=C1', 'OCC1=C(Cl)C=CC=C1I', 'OC(=O)CNC(=O)C1=C(I)C=CC=C1', 'CC1=CC(Cl)=C(I)C=C1C', 'IC1=CC=CC=C1CN1C=NC=N1', 'CC1=CC=C(C=C1I)C(N)=N', 'IC1=CC(CC#N)=CC=C1', 'COC1=C(I)C=CC(=C1)C(F)(F)F', 'OC(=O)C1=CC=CC(I)=C1Cl', 'NC(=O)CC1=C(I)C=CC=C1', 'OC(=O)CC1=CC=CC=C1I', 'OCC1=C(I)C=C(F)C=C1', 'COC1=C(F)C=CC=C1I', 'ClCC1=C(I)C=CC=C1', 'CNC(=O)C1=CC=CC=C1I', 'FC1=C(C=C(I)C=C1)C(F)(F)F', 'CCNC(=O)C1=CC=CC=C1I', 'OC(=O)CC1=C(I)C=C(Cl)C=C1', 'FC(F)(F)C1=C(Cl)C=CC(I)=C1', 'COC(OC)C1=C(I)C=CC=C1', 'CC1=CC=C(I)C(C(O)=O)=C1F', 'CC1=C(F)C=C(F)C=C1I', 'COC(=O)CC1=C(I)C=CC=C1', 'CON(C)C(=O)C1=C(I)C=C(Cl)C=C1', 'IC1=C(C=CC=C1)C(=O)NC1CCCC1', 'OCC1=C(I)C=C(Cl)C=C1', 'OCC1=C(I)C=CC(F)=C1']"
3,"[1.20915723585692, 0.8296221244604277]",1.827049753126822,"['BrCC1=CC=C(I)C=C1Br', 'CC(Br)C(=O)N(C)C1=CC=C(I)C=C1']","['COC1=CC(=C(I)C=C1)C(F)(F)F', 'FC1=CC=CC(I)=C1Br', 'NS(=O)(=O)C1=CC=CC(I)=C1', 'ClC1=CC(CBr)=C(I)C=C1', 'BrC1=CC=CC=C1I', 'CCC1=CC(Br)=C(I)C=C1', 'CC1=C(Cl)C=C(I)C=C1', 'COC1=C(C(O)=O)C(I)=CC=C1', 'CC1=CC(Br)=C(I)C=C1', 'OS(=O)(=O)C1=CC=CC(I)=C1', 'FC1=CC(I)=C(C=C1)C#N', 'COC1=CC=C(I)C(C(O)=O)=C1F', 'CS(=O)(=O)C1=CC=CC(I)=C1', 'CC(=O)OC1=CC=C(I)C=C1', 'IC1=C(C=CC=C1)C(=O)N1CCCC1', 'NS(=O)(=O)C1=CC=C(I)C=C1', 'ClC1=C(I)C=C(C=C1)C#N', 'OC(=O)C1(CC1)C1=C(I)C=CC=C1', 'ClC1=CC=C(CBr)C(I)=C1', 'FC(F)(F)OC1=C(I)C=C(Br)C=C1', 'FC1=C(Cl)C=C(I)C=C1', 'NC(=O)C1=C(I)C=CC(Br)=C1F', 'CNS(=O)(=O)C1=CC=C(I)C=C1', 'IC1=CC(=CC=C1)N1C=CN=N1', 'FC(F)(F)C1=CC(=C(I)C=C1)C(F)(F)F', 'IC1=C(C=CC=C1)C1=CC=CC=C1', 'CC(C)(C)OC(=O)C1=C(I)C=CC=C1', 'NNC(=O)C1=CC=C(I)C=C1']"
4,"[0.8184722840750208, -0.10593633509126033]",1.9160548176316632,"['NC(=O)C1=CN=C(OC2=CC=C(I)C=C2)C=C1', 'CC(C)(C)OC(=O)C1=C(Br)C=C(I)C=C1']","['FC1=C(Cl)C=C(I)C=C1Cl', 'IC1=CC=C(C=C1)C(=O)N1CCOCC1', 'CC1=C(Cl)C=C(I)C=C1Cl', 'FC1=CC(I)=CC=C1C(F)(F)F', 'FC(F)C1=CC=C(I)C=C1', 'OCC1=C(Cl)C=CC(I)=C1', 'OB(O)C1=CC=C(I)C=C1', 'OCC1=C(Cl)C=C(I)C=C1Cl', 'BrCC1=CC(I)=CC=C1', 'NC(CC1=CC=C(I)C=C1)C(O)=O', 'CC1=C(Br)C(F)=CC(I)=C1', 'BrC1=C(Br)C=C(I)C=C1', 'ClC1=CC=C(Br)C=C1I', 'CC1=CC(Br)=CC=C1I', 'CC(=O)NC(CC1=CC=C(I)C=C1)C(O)=O', 'CS(=O)(=O)NC1=CC=C(I)C=C1', 'CON(C)C(=O)C1=CC=C(I)C=C1', 'CCC1=C(Br)C=CC(I)=C1', 'CC1=C(Br)C=CC(I)=C1Cl', 'ClCC1=CC=C(I)C=C1', 'IC1=C(C=CC=C1)C(=O)NCC1=CC=CC=C1', 'OS(=O)(=O)C1=CC=C(I)C=C1', 'CC1=CC=C(I)C=C1Br', 'CCOC(=O)CC1=CC(I)=CC=C1', 'FC(F)(F)C(F)(C1=CC=C(I)C=C1)C(F)(F)F', 'CC1=CC(Br)=CC(I)=C1']"
5,"[0.31563497070335167, 0.8189484735322958]",2.0245435053777405,"['ClC1=CC(Cl)=C(COC2=CC=C(I)C=C2)C=C1', 'NC1=CC=C(C=C1)S(=O)(=O)NC1=CC=C(I)C=C1']","['FC(F)(F)C(=O)NC1=CC=CC=C1I', 'IC1=CC=C(CC#C)C=C1', 'COC(=O)C1(CC1)C1=CC=C(I)C=C1', 'FC(F)(F)C1=C(Br)C(I)=CC=C1', 'CC(C)OC1=CC=C(I)C=C1Br', 'OC1=CC=C(I)C=C1C(F)(F)F', 'CC1(C)COB(OC1)C1=CC=C(I)C=C1', 'CC(=O)NC1=C(F)C=C(I)C=C1', 'CC(C)(C)OC(=O)NCC1=CC=CC(I)=C1', 'IC1=CC=CC(=C1)C1=CC=CC=C1', 'OB(O)C1=CC(I)=CC=C1', 'COC1=C(Cl)C=CC(I)=C1', 'OC(=O)C1=C(Br)C(I)=CC=C1', 'CC1=CC(Br)=C(I)C=C1Cl', 'CCOC(=O)CC1=C(I)C=CC=C1', 'OC(=O)CCCCC1=CC=C(I)C=C1', 'CCOP(=O)(CC1=CC=C(I)C=C1)OCC', 'COC1=CC(Br)=CC(I)=C1', 'COC(=O)C1=CC=C(I)C=C1', 'CC(C)C1=CC=C(I)C(Br)=C1', 'CC(=O)NC1=C(OC(F)(F)F)C=C(I)C=C1', 'COC(=O)C1=C(I)C=CC=C1OC', 'CC1=CC(I)=CC(F)=C1', 'CC(=O)NC1=C(C=C(I)C=C1)C(F)(F)F', 'IC1=CC=C(OCC#N)C=C1']"
6,"[0.31584354983293583, 0.7520876450433205]",2.1368484035378277,"['CC(C)S(=O)(=O)N[C@H]1CCOC[C@@H]1C1=CC=C(I)C=C1', '[H][C@@](CC1=CC=C(I)C=C1)(NC(=O)OCC1=CC=CC=C1)C(O)=O']","['IC1=CC=C(OCCN2CCCC2=O)C=C1', 'IC1=C(OCC2=CC=CC=C2)C=CC=C1', 'IC1=CC=C(OCC2=CC=NC=C2)C=C1', 'NCCC1=CC=C(I)C=C1', 'BrC(C1=CC=CC=C1)C1=C(I)C=CC=C1', 'CCOC(=O)COC1=CC=CC=C1I', 'ClC1=CC=C(OC2=CC=C(I)C=C2)C=C1', 'CCOC(=O)C1=CC(I)=C(OC)C=C1', 'COC1=C(I)C=C(C=C1)C(O)=O', 'OC1=CC=C(OC2=CC=C(I)C=C2)C=C1', 'CC1=CC(I)=CC(C)=C1F', 'CC1=CC(Br)=C(C)C=C1I', 'CCC1=CC=C(I)C=C1', 'IC1=CC=C(OC2=CC=CC=C2)C=C1', 'CCNC(=O)C1=CC(OCC)=C(I)C=C1', 'ClC1=CC=C(C=C1)C1=CC=C(I)C=C1', 'IC1=CC=C(OCC2=CC=CN=C2)C=C1', 'NCC1=CC(I)=CC=C1', 'COC1=CC=C(C(N)=O)C(I)=C1', 'CC(C)(C)OC(=O)NC(CC1=CC(I)=CC=C1F)C(O)=O', 'FC1=CC(I)=CC=C1NC(=O)NC1CC1', 'NC1(CC1)C1=CC=C(I)C=C1', 'IC1=CC=C(NC(=O)OCC2=CC=CC=C2)C=C1', 'CCOC1=CC=C(C=C1)C(O)C1=CC(I)=CC=C1Cl']"
7,"[0.9057282466323808, 0.1130116687758882]",2.206351909092422,"['OC(=O)C1=CC=C(I)C=C1', 'OC1=C(F)C=C(I)C=C1']","['CN(C(=O)C1=C(I)C=CC=C1)C1=CC=C(C)C=C1', 'CC1(C)OB(OC1(C)C)C1=CC(O)=CC=C1I', 'CC(C)(C)C1=CC(I)=C(Br)C=C1', 'OC(=O)CCC1=CC=CC=C1I', 'COC(=O)C1=CC(I)=C(OC2=CC=CC=C2)C=C1', 'ClC1=CC=C(I)C=C1', 'CC1=CC=C(I)C=C1', 'COP(=S)(OC)OC1=CC(Cl)=C(I)C=C1Cl', 'CCOC1=CC(Br)=CC=C1I', 'IC1=CC=C(OCC2CC2)C=C1', 'CCOC1=C(I)C=CC(=C1)C(=O)N1CCOCC1', 'COC(=O)C1=C(I)C=C(OC)C(OC)=C1', 'IC1=CC=C(NC(=O)NCC2=CC=CC=C2)C=C1', 'IC1=CC=CC(CN2CCCC2)=C1', 'CCCCCC1=CC=C(C=C1)C1=CC=C(I)C=C1', 'COC1=CC(I)=C(NC(=O)OC(C)(C)C)C=C1', 'IC1=CC=C(OCCN2CCCC2)C=C1', 'CC(C)(C)C1=CC=C(I)C(Br)=C1', 'CC(C)S(=O)(=O)N[C@@H]1CCOC[C@H]1C1=CC=C(I)C=C1', 'OB(O)C1=C(I)C=CC(OCC2=CC=CC=C2)=C1', 'FC(F)(F)COC1=CC(=CC=C1I)C(=O)N1CCOCC1', 'CC1=CC=C(I)C=C1C1=CC(I)=CC=C1C']"
8,"[0.5072281306197666, 0.9801262800495434]",2.3229315354402065,"['BrC1=C(C=CC=C1I)C#N', 'BrCC1=C(Br)C(I)=CC=C1']","['CC(C)(C)C1=CC(I)=CC=C1O', 'CSC1=CC=C(I)C=C1', 'COC1=C(C)C=CC(I)=C1', 'NC(=O)C1=CC(O)=C(I)C=C1', 'OC1=C(Cl)C(I)=CC=C1', 'COC1=CC(Cl)=CC(I)=C1', 'COC1=C(C)C(I)=CC=C1C', 'CC(Cl)C(=O)NC1=CC=CC=C1I', 'COC1=CC(OC)=C(I)C=C1Cl', 'NC1=C(Cl)C=C(C=C1I)C(F)(F)F', 'COC(=O)C1=C(C)C(I)=CC=C1', 'CC1=CC(I)=C(CO)C=C1', 'COC1=CC=C(COC2=C(I)C=CC=C2)C=C1', 'CC1=CC=CC(I)=C1CO', 'CC1=C(I)C=C(CO)C=C1', 'CC1=C(O)C=CC(I)=C1', 'CC1=CC=CC(I)=C1', 'C[C@H](O)C1=C(I)C=CC(F)=C1', 'COC1=CC(I)=CC=C1I', 'OC1=CC(Cl)=C(F)C=C1I', 'IC1=CC(I)=CC=C1']"
9,"[0.6467210728685965, 1.2238097735332922]",2.3792702836941144,"['BrC1=CC(Br)=C(I)C=C1', 'BrCC1=C(I)C=CC(Br)=C1']","['FC1=C(I)C=CC(Br)=C1Cl', 'OC(=O)C1=C(I)C(Br)=CC=C1', 'FC(F)(F)C1=CC(I)=C(Br)C=C1', 'FC1=CC(Br)=C(I)C=C1F', 'OC1=C(Br)C(I)=CC=C1', 'OC1=CC(Cl)=C(I)C=C1', 'BrC1=C(OC2=C(I)C=CC=C2)C=CC(=C1)C#N', 'COC1=C(OC)C=C(I)C=C1', 'OC1=CC(I)=C(Br)C=C1', 'OC1=CC(I)=C(Cl)C=C1', 'OC1=CC=C(I)C(Br)=C1', 'COC1=CC(Cl)=C(I)C=C1', 'ClCC(=O)NC1=CC=CC=C1I', 'COC1=CC(I)=C(Cl)C=C1', 'OC1=C(F)C=C(I)C=C1I', 'COC1=CC(Br)=C(I)C=C1', 'CC1=CC(I)=C(CO)C=C1C', 'IC1=C(OC2CC2)C=CC=C1', 'NC1=C(I)C=C(Cl)C(=C1)C(F)(F)F', 'COC1=C(I)C=C(Br)C=C1']"
