,obj_values ['rate'],Vendi_score,eval_samples,cut_samples
0,"[-0.03658781328811367, 0.669933544618243]",1.4739233355215784,"['FC1=CC(F)=C(I)C(Cl)=C1', 'OCC1=CC(I)=C(O)C=C1']",[]
1,"[0.2541077796378012, -0.11688248588650157]",1.5869764261136496,"['COC1=CC(I)=C(N)C=C1', 'CC1=CC(I)=C(N)C(C)=C1']","['OC(=O)C1=CC=C(O)C(I)=C1', 'COC1=CC(CO)=CC=C1I', 'FC1=CC=C(I)C(F)=C1', 'OC1=CC(Cl)=C(F)C=C1I', 'COC1=C(I)C=CC=C1', 'OC1=C(I)C=C(Cl)C=C1', 'OC1=C(F)C=CC=C1I', 'CC1=C(F)C=C(F)C(I)=C1', 'OC1=C(I)C=CC(Cl)=C1', 'OC1=C(I)C(Cl)=CC=C1', 'CC1=C(O)C(I)=CC(Cl)=C1', 'OC1=C(I)C=CC=C1', 'CC1=CC(I)=C(F)C=C1', 'IC1=C(OC2CC2)C=CC=C1', 'COC1=CC=C(I)C(O)=C1', 'OC1=C(I)C(Cl)=CC(Cl)=C1', 'FC1=C(I)C=CC(Cl)=C1', 'OC1=C(I)C=CC=C1Cl', 'COC1=C(I)C(C)=CC(Cl)=C1', 'FC1=C(I)C(Cl)=CC=C1', 'OC(=O)CCC1=CC=C(O)C(I)=C1', 'OC(=O)CC1=CC=C(O)C(I)=C1', 'COC1=C(F)C=CC=C1I', 'FC1=CC(F)=C(Cl)C=C1I', 'CC1=CC(F)=C(I)C=C1', 'COC1=C(I)C=C(C=C1)C(O)=O', 'COC1=CC(F)=C(I)C=C1', 'FC1=C(I)C=CC(=C1)C1CC1', 'OC1=C(O)C(I)=CC=C1', 'CC1=CC(I)=C(O)C=C1Cl', 'NC(=O)C1=CC(O)=C(I)C=C1']"
2,"[1.1814721165299056, -0.40616437026960095]",1.632911696501145,"['COC1=CC(I)=C(F)C=C1', 'NC1=CC(I)=C(F)C=C1Cl']","['COC(=O)C1=CC(I)=C(N)C=C1Cl', 'COC1=CC=C(I)C(N)=C1', 'COC(=O)C1=CC(I)=C(N)C(OC)=C1', 'CC1=CC(N)=C(I)C=C1C', 'CC1=CC(Cl)=CC(I)=C1N', 'NC1=CC(I)=C(O)C=C1', 'COC(=O)C1=C(C)C=C(N)C(I)=C1', 'COC1=C(N)C(I)=CC=C1', 'CC(C)C1=CC=C(N)C(I)=C1', 'CCOC(=O)CC1=CC=C(N)C(I)=C1', 'CCOC(=O)C1=CC(I)=C(N)C=C1', 'NC1=C(I)C=C(C=C1)C1=CC=CC=C1', 'CC1=CC(N)=C(I)C=C1F', 'NC1=C(I)C=C(OC(F)(F)F)C=C1', 'COC1=CC(C)=C(OC)C=C1I', 'NNC1=C(I)C=CC=C1', 'CC1=CC(N)=C(I)C=C1', 'CC(C)(C)C1=CC=C(N)C(I)=C1', 'COC1=CC=C(C)C=C1I', 'CC1=CC=C(N)C(I)=C1', 'COC1=CC=C(OC)C(I)=C1', 'NC1=C(N)C(I)=CC=C1', 'CC(=O)NC1=CC=CC=C1I', 'COC1=CC=C(I)C(OC)=C1', 'NC1=CC=C(O)C=C1I', 'OC1=C(I)C=C(C=C1)C1=CC=CC=C1', 'NC1=CC(Cl)=CC=C1I', 'CC1=C(N)C(I)=CC=C1', 'CC1=CC(I)=C(N)C=C1O', 'CC1=C(I)C=CC(O)=C1']"
3,"[0.6716172916248979, 0.40346805018136855]",1.80830786343968,"['FC1=C(F)C(I)=CC=C1', 'CC1=CC=C(I)C=C1']","['NC1=C(I)C=C(Cl)C(=C1)C(F)(F)F', 'COC1=C(I)C=CC(=C1)C(F)(F)F', 'NC1=CC=C(N)C(I)=C1', 'NC1=C(Cl)C=C(Cl)C=C1I', 'NC1=C(F)C=C(C=C1I)C#N', 'CCOC1=CC=C(I)C(F)=C1F', 'COC1=C(I)C=C(Br)C=C1', '[H][C@](N)(CC1=CC(I)=C(O)C=C1)C(=O)OC', 'COC1=CC=C(N)C=C1I', 'NC1=C(I)C=C(Br)C=C1', 'COC1=C(I)C=C(C(O)=O)C(F)=C1', 'COC1=CC(I)=C(F)C=C1Cl', 'NC1=C(F)C(F)=C(I)C=C1', 'CCOC(=O)COC1=CC=CC=C1I', 'NC1=C(I)C=CC(Br)=C1', 'COC1=CC(OC)=C(I)C=C1Cl', 'CCOC(=O)C1=CC(I)=C(OC)C=C1', 'CN(C)C1=C(I)C=CC=C1', 'CC1=CC(O)=C(C)C=C1I', 'OC1=CC=CC(I)=C1F', 'FC1=CC(I)=C(F)C=C1', 'IC1=C(OCC2=CC=CC=C2)C=CC=C1', 'NC1=C(Cl)C=C(C=C1I)C(F)(F)F', 'CC1=CC(F)=C(I)C=C1O', 'NC1=C(I)C=C(F)C(=C1)C(F)(F)F', 'COC1=CC=C(I)C(C)=C1', 'OC1=CC=C(I)C2=CC=CC=C12', 'COC1=CC(Cl)=C(OC)C=C1I']"
4,"[0.7810422223074103, -0.3272998766256883]",2.0213363053173543,"['IC1=CC(CC#N)=CC=C1', 'FC1=CC=CC(F)=C1I']","['COC(=O)C1=CC(I)=C(F)C=C1', 'CC1=C(O)C=CC(I)=C1', 'NNC1=CC=C(I)C=C1', 'FC1=C(I)C=CC(=C1)C(F)(F)F', 'ClCC(=O)NC1=CC=CC=C1I', 'FC(F)(F)OC1=CC=CC=C1I', 'COC1=CC=C(C=C1I)C#N', 'CC(Cl)C(=O)NC1=CC=CC=C1I', 'OCC1=C(I)C=CC(F)=C1', 'NCCC1=CC=C(I)C=C1', 'COC1=C(OC)C=C(I)C=C1', '[H][C@@](N)(CC1=CC=C(O)C(I)=C1)C(O)=O', 'IC1=CC=C(OCC2CC2)C=C1', 'OC1=CC=C(I)C=C1C(F)(F)F', 'CC1=C(I)C=C(O)C=C1', 'OC1=C(F)C=C(I)C=C1', 'CC(=O)NC1=CC(F)=CC=C1I', 'FC(F)(F)C(=O)NC1=CC=CC=C1I', 'NC1=CC(I)=CC=C1O', 'FC1=CC=C(I)C(F)=C1F', 'IC1=CC=C(OCC#N)C=C1', 'CC1=CC(I)=CC(C)=C1F', 'CC(C)(C)C1=CC(I)=CC=C1O', 'CSC1=CC=C(I)C=C1', 'CCC1=CC=C(I)C=C1', 'NC1=C(Cl)C=C(I)C=C1']"
5,"[0.780365366032236, 1.198684809188364]",2.166570404773667,"['IC1=CC(=CC=C1)N1C=CN=N1', 'FC1=CC(I)=C(C=C1)C#N']","['COC1=CC=C(I)C(C(O)=O)=C1F', 'CC(=O)OC1=CC=C(I)C=C1', 'IC1=CC=C(OC2=CC=CC=C2)C=C1', 'CC1=CC=C(C=C1I)C(N)=N', 'IC1=CC=C(CC#C)C=C1', 'NC(CC1=CC=C(I)C=C1)C(O)=O', 'OB(O)C1=CC=C(I)C=C1', 'CS(=O)(=O)NC1=CC=C(I)C=C1', 'NC1(CC1)C1=CC=C(I)C=C1', 'CC1=C(Cl)C=C(I)C=C1', 'FC1=C(I)C=C(CBr)C=C1', 'CC(=O)NC1=C(F)C=C(I)C=C1', 'COC1=C(Cl)C=CC(I)=C1', 'OB(O)C1=CC(I)=CC=C1', 'OCC1=C(I)C=C(F)C=C1', 'COC1=C(C)C=CC(I)=C1', 'FC1=C(C=C(I)C=C1)C(F)(F)F', 'CC1=CC=CC(I)=C1', 'C[C@H](O)C1=C(I)C=CC(F)=C1', 'CC1=CC(I)=C(CO)C=C1C', 'COC1=CC(B(O)O)=C(I)C=C1', 'COC(=O)C1=C(OC)C=C(F)C(I)=C1', 'FC1=C(Cl)C=C(I)C=C1', 'OCC1=C(Cl)C=CC(I)=C1', 'NCC1=CC(I)=CC=C1']"
6,"[1.2310331342559602, 0.4963810077188251]",2.5418096782046535,"['IC1=C(C=CC=C1C#N)C#N', 'IC1=CC=C(C#N)C(I)=C1']","['ClC1=CC=C(I)C=C1', 'CCNC(=O)C1=CC=CC=C1I', 'NS(=O)(=O)C1=CC=CC(I)=C1', 'COC1=CC(=C(I)C=C1)C(F)(F)F', 'NC(=O)C1=C(Cl)C=CC=C1I', 'FC(F)(F)C1=C(Cl)C=CC(I)=C1', 'FC(F)C1=CC=C(I)C=C1', 'OCC1=C(Cl)C=CC=C1I', 'CCOC(=O)CC1=CC(I)=CC=C1', 'FC(F)C1=C(I)C=CC=C1', 'CC(=O)NC1=C(OC(F)(F)F)C=C(I)C=C1', 'CNC(=O)C1=CC=CC=C1I', 'COC1=C(C(O)=O)C(I)=CC=C1', 'NC(=O)C1=C(I)C=CC=C1', 'IC1=CC=CC(=C1)C1=CC=CC=C1', 'CC1=CC(I)=CC(F)=C1', 'CC1=CC=C(I)C(C(O)=O)=C1F', 'COC(=O)C1=C(I)C=CC=C1OC', 'ClCC1=CC=C(I)C=C1', 'OS(=O)(=O)C1=CC=CC(I)=C1', 'OCC1=C(I)C=C(Cl)C=C1', 'ClCC1=C(I)C=CC=C1', 'NNC(=O)C1=CC=C(I)C=C1', 'CS(=O)(=O)C1=CC=CC(I)=C1']"
7,"[0.5626618144033346, 0.9236124287408849]",2.7371917447262284,"['FC1=CC=CC(I)=C1C#N', 'CCOC(=O)C1=CC(I)=C(C=C1)C#N']","['CC1=CC=CC(I)=C1Cl', 'FC1=CC(I)=C(Cl)C=C1', 'IC1=C(C=CC=C1)C1=CC=CC=C1', 'ClC1=CC=CC=C1I', 'CCCNC(=O)C1=CC=CC=C1I', 'FC1=CC(I)=CC=C1C(F)(F)F', 'CC1=C(I)C=C(CO)C=C1', 'OC1=C(Cl)C(I)=CC=C1', 'FC1=C(I)C=CC(I)=C1', 'OS(=O)(=O)C1=CC=C(I)C=C1', 'CC1=CC(I)=C(CO)C=C1', 'NS(=O)(=O)C1=CC=C(I)C=C1', 'ClCC1=CC(I)=C(CCl)C=C1', 'CC(=O)NC1=C(C=C(I)C=C1)C(F)(F)F', 'FC1=C(F)C(=CC=C1I)C(F)(F)F', 'FC1=C(Cl)C=C(I)C=C1Cl', 'CON(C)C(=O)C1=CC=C(I)C=C1', 'COC(=O)C1=CC=C(I)C=C1', 'OC(=O)CC1=C(I)C=C(Cl)C=C1', 'IC1=CC(I)=CC=C1', 'CC1=C(I)C=CC=C1CC#N', 'COC1=CC(Cl)=CC(I)=C1']"
8,"[0.5494168001550334, 0.16333255109768174]",2.811520000122004,"['CC(C)(C)OC(=O)C1=C(I)C=CC=C1', 'OC(=O)C1=C(I)C=C(C=C1)C#N']","['CCOC(=O)C1=CC=C(I)C=C1F', 'COC(=O)C1=C(C)C(I)=CC=C1', 'FC1=CC(Cl)=C(I)C=C1', 'CC1=CC=C(I)C=C1Br', 'CC1=CC(Cl)=C(I)C=C1C', 'ClC1=CC(Cl)=C(I)C=C1', 'IC1=CC=C(OCC2=CC=CN=C2)C=C1', 'NCC1=CC=CC=C1I', 'OC1=CC(I)=C(Cl)C=C1', 'COC1=CC=C(C(N)=O)C(I)=C1', 'CNS(=O)(=O)C1=CC=C(I)C=C1', 'OCC1=C(Cl)C=C(I)C=C1Cl', 'CC1=C(F)C=C(F)C=C1I', 'IC1=CC=CC=C1CN1C=NC=N1', 'OC(=O)C1=CC=CC(I)=C1Cl', 'IC1=CC=C(OCC2=CC=NC=C2)C=C1', 'CC1=C(Cl)C=C(I)C=C1Cl', 'OC(=O)CNC(=O)C1=C(I)C=CC=C1', 'OC(=O)C1=CC=C(I)C=C1', 'COC(=O)C1=C(Cl)C(O)=C(I)C=C1', 'COC1=CC(I)=C(Cl)C=C1']"
9,"[0.04977968725233062, 0.4302581450357216]",2.8425797397832557,"['COS(=O)(=O)C1=CC=CC=C1I', 'FC(F)(F)C1=CC(=C(I)C=C1)C(F)(F)F']","['CC1=CC=CC(I)=C1CO', 'IC1=C(C=CC=C1)C(=O)NC1CCCC1', 'CON(C)C(=O)C1=C(I)C=C(Cl)C=C1', 'CC(=O)NC(CC1=CC=C(I)C=C1)C(O)=O', 'CC1=C(I)C=CC=C1', 'COC(OC)C1=C(I)C=CC=C1', 'COC(=O)C1=CC(I)=C(Cl)C=C1', 'CC(=O)C1=CC(I)=CC=C1', 'COC(=O)CC1=C(I)C=CC=C1', 'IC1=CC=C(C=C1)C(=O)N1CCOCC1', 'OC(=O)C1=CC(I)=C(O)C(I)=C1', 'OC(=O)CCCCC1=CC=C(I)C=C1', 'COC(=O)C1=CC=CC=C1I', 'CC1=CC(I)=C(C)C=C1', 'CNCC1=C(I)C=CC=C1', 'COC1=C(C)C(I)=CC=C1C', 'CCNC(=O)C1=CC(OCC)=C(I)C=C1', 'OC(=O)CC1=CC=CC=C1I', 'COC(=O)C1(CC1)C1=CC=C(I)C=C1', 'CC1=CC(C)=C(I)C=C1I']"
