,obj_values ['rate'],Vendi_score,eval_samples,cut_samples
0,"[2.513, 0.636, 1.271, 1.859]",2.0077945042247882,"['IC1=CC(C=O)=C(I)C(I)=C1', 'NC1=CC=C(I)C(Br)=C1', 'FC1=CC(I)=CC=C1NC(=O)NC1CC1', 'COC(=O)C1=CC=C(I)C=C1']",[]
1,"[3.044, 1.447, 1.257, 2.611]",3.1243364560369646,"['IC1=C(C=CC(=C1)N(=O)=O)C#N', 'OC(=O)C1=CC(I)=C(I)C(I)=C1', 'FC1=CC(C=O)=CC(F)=C1I', 'IC1=CC=C(C=C1)\\N=N\\C1=CC=C(I)C=C1']",[]
2,"[2.968, 1.991, 3.123, 2.147]",3.1527177174588554,"['OC1=CC(I)=CC=C1N(=O)=O', 'IC1=C(C=CC=C1C#N)C#N', 'IC1=CC(=CC(=C1)N(=O)=O)N(=O)=O', 'COC(=O)C1=C(I)C=CC(=C1)N(=O)=O']",[]
3,"[2.829, 1.506, 2.86, 2.581]",3.2409215614693285,"['BrC1=CC(I)=CC(=C1)N(=O)=O', 'CC1=CC(=CC=C1)N(C1=CC=CC=C1)C1=CC=C(C=C1)C1=CC=C(I)C=C1', 'FC1=CC(=CC(I)=C1)N(=O)=O', 'OC1=C(C=C(I)C=C1)N(=O)=O']",[]
4,"[2.874, 2.962, 1.398, 2.88]",2.932651595530033,"['IC1=CC(=CC(I)=C1)N(=O)=O', 'IC1=CC(=CC(=C1)C#N)N(=O)=O', 'OC1=C(I)C=C(C=C1N(=O)=O)C#N', 'IC1=CC(=C(C=O)C=C1)N(=O)=O']",[]
5,"[-0.267, -0.143, -0.491, 2.482]",3.7531326395618114,"['COC1=CC=C(OC)C(=C1I)C1=C(C=C(C=C1C(C)C)C(C)C)C(C)C', 'NC1=CC(F)=C(I)C(F)=C1', 'CC(C)C1=CC=CC(C(C)C)=C1I', 'IC1=CC=C(NC(=O)C2=CC=C(O2)N(=O)=O)C=C1']",[]
6,"[2.676, 2.251, 2.793, 2.582]",3.564975286230904,"['CC1=NN=C(N=N1)C1=CC=C(I)C=C1', 'FS(=O)(=O)C1=CC=C(I)C=C1', 'FC1=CC(I)=CC=C1N(=O)=O', 'FC1=CC(I)=CC(F)=C1C=O']",[]
7,"[1.881, 1.642]",3.620931892052656,"['OC1=C(C(I)=CC=C1)N(=O)=O', 'BrC1=C(Br)C=C(I)C(I)=C1']",[]
