,obj_values ['rate'],Vendi_score,eval_samples,cut_samples
0,"[1.184, 1.625, 1.248, 1.291]",1.6725843037331674,"['IC1=CC=C(C=C1)C1CCCCC1', 'CC1=CC(N)=C(C=C1I)N(=O)=O', 'IC1=C(C=CC=C1)C(=O)NC1=CC=CC=C1', 'OC1=CC=C(C=C1I)C1=CC=C(C=C1)C#N']",[]
1,"[0.488, -1.214, 0.055, 0.637]",2.76652548985314,"['NC1=CC=CC(=C1I)N(=O)=O', 'NC1=C(I)C(O)=CC=C1', 'NC1=C(I)C(F)=C(Br)C(F)=C1', 'BrC1=CC(Br)=C(I)C(Br)=C1']",[]
2,"[1.506, 2.672, 3.123, 2.086]",3.5564841238002627,"['CC1=CC(=CC=C1)N(C1=CC=CC=C1)C1=CC=C(C=C1)C1=CC=C(I)C=C1', 'IC1=CC=CC(=C1)N1C=C(N=N1)C1=CC(=CC=C1)N(=O)=O', 'IC1=CC(=CC(=C1)N(=O)=O)N(=O)=O', 'CC(C)(C)[C@@H](CO)\\N=C\\C1=CC(I)=CC(I)=C1O']",[]
3,"[2.582, 1.881, 2.874, 2.737]",3.5925939569166054,"['FC1=CC(I)=CC(F)=C1C=O', 'OC1=C(C(I)=CC=C1)N(=O)=O', 'IC1=CC(=CC(I)=C1)N(=O)=O', 'IC1=CC=C(C#N)C(=C1)C#N']",[]
4,"[2.869, 2.192, 2.631, 2.594]",3.415879710640278,"['FC(F)(F)C1=CC(=CC(I)=C1)N(=O)=O', 'FC1=C(F)C(=CC(I)=C1F)N(=O)=O', 'BrCC1=CC=C(I)C=C1N(=O)=O', 'FC(F)(F)C1=CC(I)=CC=C1C#N']",[]
5,"[1.447, 2.513, 2.88, 2.106]",3.414638572970864,"['OC(=O)C1=CC(I)=C(I)C(I)=C1', 'IC1=CC(C=O)=C(I)C(I)=C1', 'IC1=CC(=C(C=O)C=C1)N(=O)=O', 'COC1=CC(I)=CC(=C1N)N(=O)=O']",[]
6,"[1.908, 1.013, 0.858, 1.66]",3.536080025042213,"['CC1=CC(C)=C(C=C1I)N(=O)=O', 'BrC1=C(I)C(=CC=C1)N(=O)=O', 'ClC1=C(Cl)C(Cl)=C(I)C(Cl)=C1Cl', 'BrC1=C(CC#N)C=C(I)C=C1']",[]
7,"[0.581, 2.078]",3.580933443129616,"['[H][C@](N)(CC1=CC=C(OC2=CC=C(O)C=C2)C(I)=C1)C(O)=O', 'IC1=CC(C=O)=CC=C1C=O']",[]
