,obj_values ['rate'],Vendi_score,eval_samples,cut_samples
0,"[0.631, 1.315, 0.574, 0.119]",1.5583679849421013,"['NC1=CC=C(C=C1I)C(O)=O', 'NC1=CC=CC(I)=C1', 'COC1=CC=C(N)C=C1I', 'OC1=C(I)C2=CC=C(Br)C=C2C=C1']",[]
1,"[1.5, 2.028, -0.267, 1.785]",2.8904149663572536,"['FC1=CC(I)=CC=C1', 'CC(C)(C)OC(=O)N(C(=O)OC(C)(C)C)C1=C(I)C=C(C=C1)N(=O)=O', 'COC1=CC=C(OC)C(=C1I)C1=C(C=C(C=C1C(C)C)C(C)C)C(C)C', 'NC(=O)C1=CC(I)=CC=C1']",[]
2,"[3.044, 1.447, 2.737, 1.991]",3.724723691567006,"['IC1=C(C=CC(=C1)N(=O)=O)C#N', 'OC(=O)C1=CC(I)=C(I)C(I)=C1', 'IC1=CC=C(C#N)C(=C1)C#N', 'IC1=C(C=CC=C1C#N)C#N']",[]
3,"[2.968, 2.482, 3.123, 2.962]",3.6949942939068023,"['OC1=CC(I)=CC=C1N(=O)=O', 'IC1=CC=C(NC(=O)C2=CC=C(O2)N(=O)=O)C=C1', 'IC1=CC(=CC(=C1)N(=O)=O)N(=O)=O', 'IC1=CC(=CC(=C1)C#N)N(=O)=O']",[]
4,"[2.88, 2.829, 2.611, 2.147]",3.5057281968253364,"['IC1=CC(=C(C=O)C=C1)N(=O)=O', 'BrC1=CC(I)=CC(=C1)N(=O)=O', 'IC1=CC=C(C=C1)\\N=N\\C1=CC=C(I)C=C1', 'COC(=O)C1=C(I)C=CC(=C1)N(=O)=O']",[]
5,"[2.86, 2.672, 1.398, 2.869]",3.3701940440245504,"['FC1=CC(=CC(I)=C1)N(=O)=O', 'IC1=CC=CC(=C1)N1C=C(N=N1)C1=CC(=CC=C1)N(=O)=O', 'OC1=C(I)C=C(C=C1N(=O)=O)C#N', 'FC(F)(F)C1=CC(=CC(I)=C1)N(=O)=O']",[]
6,"[2.675, 0.952, -0.143, 2.562]",3.4569077453746666,"['CC(C)(C)OC(=O)CC1=CC(I)=CC=C1N(=O)=O', 'CC1=CC(C(O)=O)=C(I)C=C1', 'NC1=CC(F)=C(I)C(F)=C1', 'COC1=CC(=CC(I)=C1)N(=O)=O']",[]
7,"[2.582, 1.506]",3.6016448450318643,"['FC1=CC(I)=CC(F)=C1C=O', 'CC1=CC(=CC=C1)N(C1=CC=CC=C1)C1=CC=C(C=C1)C1=CC=C(I)C=C1']",[]
