,obj_values ['rate'],Vendi_score,eval_samples,cut_samples
0,"[1.267, 0.395, 1.372, 1.569]",2.096933151890114,"['CCOP(=O)(CC1=CC=C(I)C=C1)OCC', 'CC1=CC=CC(C(O)=O)=C1I', 'IC1=C(C=CC=C1N(=O)=O)N(=O)=O', 'COC(=O)C1=C(F)C(Br)=CC=C1I']",[]
1,"[0.121, 1.642, 1.861, 0.788]",3.497962386088548,"['NC1=CC(Br)=C(I)C(Br)=C1', 'BrC1=C(Br)C=C(I)C(I)=C1', 'C[C@@H]1CN(CCN1S(=O)(=O)C1=CC=C(I)C=C1)C(=O)C1=CC=CC=C1', 'FC1=C(I)C(F)=C(Br)C=C1Br']",[]
2,"[2.968, 1.447, 1.943, 2.308]",3.5439202543532984,"['OC1=CC(I)=CC=C1N(=O)=O', 'OC(=O)C1=CC(I)=C(I)C(I)=C1', 'OC(=O)C1=C(I)C=C(I)C=C1I', 'CS(=O)(=O)C1=CC(=CC(I)=C1)S(C)(=O)=O']",[]
3,"[3.123, 2.582, 2.793, 2.611]",3.512301184765992,"['IC1=CC(=CC(=C1)N(=O)=O)N(=O)=O', 'FC1=CC(I)=CC(F)=C1C=O', 'FC1=CC(I)=CC=C1N(=O)=O', 'IC1=CC=C(C=C1)\\N=N\\C1=CC=C(I)C=C1']",[]
4,"[3.044, 2.675, 2.482, 2.829]",3.3998780634735204,"['IC1=C(C=CC(=C1)N(=O)=O)C#N', 'CC(C)(C)OC(=O)CC1=CC(I)=CC=C1N(=O)=O', 'IC1=CC=C(NC(=O)C2=CC=C(O2)N(=O)=O)C=C1', 'BrC1=CC(I)=CC(=C1)N(=O)=O']",[]
5,"[2.248, 2.513, 1.607, 2.962]",3.267700333379066,"['ClC1=CC(=CC(I)=C1)C#N', 'IC1=CC(C=O)=C(I)C(I)=C1', 'IC1=CC(OC2=CC=CC=C2)=CC=C1', 'IC1=CC(=CC(=C1)C#N)N(=O)=O']",[]
6,"[-0.227, 2.137, 2.523, 1.833]",3.2981217991583542,"['CC1=CC(C)=C(C)C(I)=C1C', 'BrC1=C(C=C(I)C=C1)C#N', 'BrC1=C(C=C(I)C=C1)N(=O)=O', 'BrC1=C(I)C=C(C=C1)C#N']",[]
7,"[1.466, 2.078]",3.24429615851634,"['ClC1=CC(I)=C(Br)C=C1', 'IC1=CC(C=O)=CC=C1C=O']",[]
