,obj_values ['rate'],Vendi_score,eval_samples,cut_samples
0,"[1.84, 1.067, 0.156, 2.631]",2.0947394791101472,"['OC(=O)C1=CC(I)=C(C=C1)C(O)=O', 'COC1=C(NCC(O)=O)C=C(I)C(Cl)=C1', 'CC1=CC(Br)=CC(F)=C1I', 'BrCC1=CC=C(I)C=C1N(=O)=O']",[]
1,"[2.611, 2.968, 1.991, 2.028]",2.851838819228372,"['IC1=CC=C(C=C1)\\N=N\\C1=CC=C(I)C=C1', 'OC1=CC(I)=CC=C1N(=O)=O', 'IC1=C(C=CC=C1C#N)C#N', 'CC(C)(C)OC(=O)N(C(=O)OC(C)(C)C)C1=C(I)C=C(C=C1)N(=O)=O']",[]
2,"[2.482, 1.726, 2.672, 3.123]",3.1266478051439717,"['IC1=CC=C(NC(=O)C2=CC=C(O2)N(=O)=O)C=C1', 'ClC1=CC(=CC(Cl)=C1I)N(=O)=O', 'IC1=CC=CC(=C1)N1C=C(N=N1)C1=CC(=CC=C1)N(=O)=O', 'IC1=CC(=CC(=C1)N(=O)=O)N(=O)=O']",[]
3,"[3.044, 2.88, 1.398, 2.874]",2.868929692184534,"['IC1=C(C=CC(=C1)N(=O)=O)C#N', 'IC1=CC(=C(C=O)C=C1)N(=O)=O', 'OC1=C(I)C=C(C=C1N(=O)=O)C#N', 'IC1=CC(=CC(I)=C1)N(=O)=O']",[]
4,"[1.881, 1.447, 2.675, 1.506]",3.082453321493084,"['OC1=C(C(I)=CC=C1)N(=O)=O', 'OC(=O)C1=CC(I)=C(I)C(I)=C1', 'CC(C)(C)OC(=O)CC1=CC(I)=CC=C1N(=O)=O', 'CC1=CC(=CC=C1)N(C1=CC=CC=C1)C1=CC=C(C=C1)C1=CC=C(I)C=C1']",[]
5,"[2.549, -0.143, 2.737, 1.716]",3.2359094937563886,"['IC1=CC=C(C=C1)C1=CC=C(C=C1)N(=O)=O', 'NC1=CC(F)=C(I)C(F)=C1', 'IC1=CC=C(C#N)C(=C1)C#N', 'CC1=C(C=C(C=C1I)N(=O)=O)C(O)=O']",[]
6,"[2.171, 1.243, 2.962, 2.793]",3.173786366882169,"['FC(F)(F)C1=C(I)C=CC(=C1)N(=O)=O', 'COS(=O)(=O)C1=CC=CC=C1I', 'IC1=CC(=CC(=C1)C#N)N(=O)=O', 'FC1=CC(I)=CC=C1N(=O)=O']",[]
7,"[0.347, -0.267]",3.53739292470919,"['CC(C)(C)C1=CC(Br)=C(I)C(Br)=C1', 'COC1=CC=C(OC)C(=C1I)C1=C(C=C(C=C1C(C)C)C(C)C)C(C)C']",[]
