,obj_values ['rate'],Vendi_score,eval_samples,cut_samples
0,"[1.746, 2.296, 1.483, 0.457]",1.8244079439544147,"['NC1=CC(I)=CC(Br)=C1', 'OC(=O)C1=C(C=C(I)C=C1)C(F)(F)F', 'COC1=C(I)C=C(C2=CC=CC=C12)N(=O)=O', 'COC(=O)C1=CC=CC(I)=C1O']",[]
1,"[0.637, 1.861, 2.611, 1.447]",2.9999556467789135,"['BrC1=CC(Br)=C(I)C(Br)=C1', 'C[C@@H]1CN(CCN1S(=O)(=O)C1=CC=C(I)C=C1)C(=O)C1=CC=CC=C1', 'IC1=CC=C(C=C1)\\N=N\\C1=CC=C(I)C=C1', 'OC(=O)C1=CC(I)=C(I)C(I)=C1']",[]
2,"[2.968, 1.881, 3.044, 2.106]",3.006485710013635,"['OC1=CC(I)=CC=C1N(=O)=O', 'OC1=C(C(I)=CC=C1)N(=O)=O', 'IC1=C(C=CC(=C1)N(=O)=O)C#N', 'OC(=O)C1=C(I)C=CC(=C1)N(=O)=O']",[]
3,"[1.78, 0.747, 3.123, 2.482]",3.556585573610522,"['FC1=CC(I)=CC(F)=C1', 'FC1=CC(F)=C(F)C(I)=C1F', 'IC1=CC(=CC(=C1)N(=O)=O)N(=O)=O', 'IC1=CC=C(NC(=O)C2=CC=C(O2)N(=O)=O)C=C1']",[]
4,"[2.675, 2.962, -0.267, 2.88]",3.59153015918209,"['CC(C)(C)OC(=O)CC1=CC(I)=CC=C1N(=O)=O', 'IC1=CC(=CC(=C1)C#N)N(=O)=O', 'COC1=CC=C(OC)C(=C1I)C1=C(C=C(C=C1C(C)C)C(C)C)C(C)C', 'IC1=CC(=C(C=O)C=C1)N(=O)=O']",[]
5,"[2.869, 2.737, 2.147, 2.829]",3.3297790120734208,"['FC(F)(F)C1=CC(=CC(I)=C1)N(=O)=O', 'IC1=CC=C(C#N)C(=C1)C#N', 'BrC1=C(I)C=CC(=C1)N(=O)=O', 'BrC1=CC(I)=CC(=C1)N(=O)=O']",[]
6,"[2.171, 2.523, 1.66, 1.764]",3.261124644055775,"['FC(F)(F)C1=C(I)C=CC(=C1)N(=O)=O', 'BrC1=C(C=C(I)C=C1)N(=O)=O', 'BrC1=C(CC#N)C=C(I)C=C1', 'FC1=CC=CC(F)=C1C(=O)C1=C(I)C=CC(Cl)=C1']",[]
7,"[2.192, 0.581]",3.380504472830724,"['FC1=C(F)C(=CC(I)=C1F)N(=O)=O', '[H][C@](N)(CC1=CC=C(OC2=CC=C(O)C=C2)C(I)=C1)C(O)=O']",[]
