,obj_values ['rate'],Vendi_score,eval_samples,cut_samples
0,"[0.683, 1.575, 1.92, 1.3]",1.717246484480991,"['CC1=C(I)C(F)=C(C=C1)C(O)=O', 'FC1=C(Cl)C=CC(I)=C1', 'FC(F)(F)C1=CC=C(I)C=C1Br', 'OC(=O)C1(CC1)C1=CC=C(I)C=C1']",[]
1,"[1.642, 0.747, 1.506, 1.275]",3.3898764113293502,"['BrC1=C(Br)C=C(I)C(I)=C1', 'FC1=CC(F)=C(F)C(I)=C1F', 'CC1=CC(=CC=C1)N(C1=CC=CC=C1)C1=CC=C(C=C1)C1=CC=C(I)C=C1', 'CC(C)(C)OC(=O)N(C(=O)OC(C)(C)C)C1=C(I)C=C(Br)C=C1']",[]
2,"[2.582, 2.968, 1.962, 1.929]",3.590989114976897,"['FC1=CC(I)=CC(F)=C1C=O', 'OC1=CC(I)=CC=C1N(=O)=O', 'FC1=C(Br)C=C(C(I)=C1)N(=O)=O', 'BrC1=CC(I)=CC(Br)=C1']",[]
3,"[2.142, 1.981, 1.051, 1.611]",3.6331310576132885,"['CC1=CC(=C(N)C=C1I)N(=O)=O', 'NC1=CC(I)=CC=C1C(O)=O', 'NC1=CC=C(C(O)=O)C(I)=C1', 'NC1=CC(I)=C(C=C1)N(=O)=O']",[]
4,"[2.675, 2.88, 3.123, 2.611]",3.56466523583283,"['CC(C)(C)OC(=O)CC1=CC(I)=CC=C1N(=O)=O', 'IC1=CC(=C(C=O)C=C1)N(=O)=O', 'IC1=CC(=CC(=C1)N(=O)=O)N(=O)=O', 'IC1=CC=C(C=C1)\\N=N\\C1=CC=C(I)C=C1']",[]
5,"[3.044, 2.962, 2.482, 2.737]",3.5640001679758533,"['IC1=C(C=CC(=C1)N(=O)=O)C#N', 'IC1=CC(=CC(=C1)C#N)N(=O)=O', 'IC1=CC=C(NC(=O)C2=CC=C(O2)N(=O)=O)C=C1', 'IC1=CC=C(C#N)C(=C1)C#N']",[]
6,"[2.869, -0.192, 1.961, 2.147]",3.5741861534132755,"['FC(F)(F)C1=CC(=CC(I)=C1)N(=O)=O', 'CC1=CC(C)=C(I)C(C)=C1', 'BrC1=C(C=O)C(I)=CC=C1', 'BrC1=C(I)C=CC(=C1)N(=O)=O']",[]
7,"[1.2, 1.906]",3.528722096914424,"['FC(F)(F)OC1=CC=CC=C1I', 'IC1=CC(I)=CC=C1']",[]
