,obj_values ['rate'],Vendi_score,eval_samples,cut_samples
0,"[0.869, 1.844, 0.727, 0.586]",1.7272765460612258,"['ClCC1=C(I)C=CC=C1', 'ClC1=CC(I)=CC(Cl)=C1', 'COC1=CC(Cl)=C(OC)C=C1I', 'CC1=C(C(O)=O)C(N)=CC=C1I']",[]
1,"[1.929, 1.447, 3.044, 1.506]",3.116634379568997,"['BrC1=CC(I)=CC(Br)=C1', 'OC(=O)C1=CC(I)=C(I)C(I)=C1', 'IC1=C(C=CC(=C1)N(=O)=O)C#N', 'CC1=CC(=CC=C1)N(C1=CC=CC=C1)C1=CC=C(C=C1)C1=CC=C(I)C=C1']",[]
2,"[2.737, 1.962, 1.991, 2.968]",3.3544184066727047,"['IC1=CC=C(C#N)C(=C1)C#N', 'FC1=C(Br)C=C(C(I)=C1)N(=O)=O', 'IC1=C(C=CC=C1C#N)C#N', 'OC1=CC(I)=CC=C1N(=O)=O']",[]
3,"[2.482, 2.86, 2.88, 3.123]",3.1841037498584672,"['IC1=CC=C(NC(=O)C2=CC=C(O2)N(=O)=O)C=C1', 'FC1=CC(=CC(I)=C1)N(=O)=O', 'IC1=CC(=C(C=O)C=C1)N(=O)=O', 'IC1=CC(=CC(=C1)N(=O)=O)N(=O)=O']",[]
4,"[1.398, 2.672, 2.611, 2.675]",3.228459663602097,"['OC1=C(I)C=C(C=C1N(=O)=O)C#N', 'IC1=CC=CC(=C1)N1C=C(N=N1)C1=CC(=CC=C1)N(=O)=O', 'IC1=CC=C(C=C1)\\N=N\\C1=CC=C(I)C=C1', 'CC(C)(C)OC(=O)CC1=CC(I)=CC=C1N(=O)=O']",[]
5,"[2.874, 1.726, -0.143, 2.793]",3.4640041878983023,"['IC1=CC(=CC(I)=C1)N(=O)=O', 'ClC1=CC(=CC(Cl)=C1I)N(=O)=O', 'NC1=CC(F)=C(I)C(F)=C1', 'FC1=CC(I)=CC=C1N(=O)=O']",[]
6,"[2.829, -0.227, 1.833, 0.121]",3.720130846208606,"['BrC1=CC(I)=CC(=C1)N(=O)=O', 'CC1=CC(C)=C(C)C(I)=C1C', 'BrC1=C(I)C=C(C=C1)C#N', 'NC1=CC(Br)=C(I)C(Br)=C1']",[]
7,"[2.676, 2.962]",3.606401615595865,"['CC1=NN=C(N=N1)C1=CC=C(I)C=C1', 'IC1=CC(=CC(=C1)C#N)N(=O)=O']",[]
