,obj_values ['rate'],Vendi_score,eval_samples,cut_samples
0,"[1.069, 0.943, 1.998, 0.841]",1.241443113302612,"['CC1=C(Br)C=C(Cl)C(I)=C1', 'OCC1=CC(Br)=C(I)C=C1', 'COC(=O)C1=C(C)C(Cl)=CC(I)=C1', 'CC1=CC(Br)=C(I)C=C1']",[]
1,"[2.219, 2.267, 1.912, 2.356]",1.6128468117887824,"['BrC1=CC(I)=CC(I)=C1', 'IC1=CC(=CC=C1)C(=O)ON1C(=O)CCC1=O', 'IC1=CC=CC(OC2=NC=CC=N2)=C1', 'FC1=CC(I)=CC(C=O)=C1']",[]
2,"[2.582, 2.968, 3.044, 2.675]",1.9341419041622132,"['FC1=CC(I)=CC(F)=C1C=O', 'OC1=CC(I)=CC=C1N(=O)=O', 'IC1=C(C=CC(=C1)N(=O)=O)C#N', 'CC(C)(C)OC(=O)CC1=CC(I)=CC=C1N(=O)=O']",[]
3,"[1.142, 3.123, 1.257, -0.279]",2.7992458766125576,"['CN(C)C1=CC=C(C=C1)\\N=N\\C1=CC=C(I)C=C1', 'IC1=CC(=CC(=C1)N(=O)=O)N(=O)=O', 'FC1=CC(C=O)=CC(F)=C1I', 'CC(C)(C)OC(=O)NC1=C(I)C2=C(C=CC=C2)C(OCC2=CC=CC=C2)=C1']",[]
4,"[2.829, 1.991, 2.962, 1.447]",2.9104593730445103,"['BrC1=CC(I)=CC(=C1)N(=O)=O', 'IC1=C(C=CC=C1C#N)C#N', 'IC1=CC(=CC(=C1)C#N)N(=O)=O', 'OC(=O)C1=CC(I)=C(I)C(I)=C1']",[]
5,"[2.251, 1.387, 2.162, 1.71]",2.8439536747966025,"['FS(=O)(=O)C1=CC=C(I)C=C1', 'ClC1=CC(Cl)=C(I)C=C1Cl', 'IC1=CC=C(C=C1)C(=O)CCCCC#N', 'IC1=CC(=CC=C1)C(=O)NCC1=CC=CC=C1']",[]
6,"[0.125, 1.961, 1.289, 2.88]",2.865013498603451,"['CC1=CC(C)=C(I)C(Br)=C1', 'BrC1=C(C=O)C(I)=CC=C1', 'BrC1=C(I)C(=CC=C1)C#N', 'IC1=CC(=C(C=O)C=C1)N(=O)=O']",[]
7,"[1.726, 2.635]",2.915043970630444,"['ClC1=CC(=CC(Cl)=C1I)N(=O)=O', 'IC1=CC(=CC=C1)N(=O)=O']",[]
