,obj_values ['rate'],Vendi_score,eval_samples,cut_samples
0,"[1.702, 0.332, 1.041, 1.507]",1.8747231290729287,"['IC1=CC2=C(C=C1)C1=C(C=CC=C1)C1=C2C=CC=C1', 'COC1=CC(OC)=C(I)C(C=O)=C1', 'COC(=O)C1=CC=C(OC)C(I)=C1', 'NC1=CC(=NO1)C1=CC=C(I)C=C1']",[]
1,"[1.406, 1.186, 1.586, 1.752]",2.717518651697614,"['NC1=CC(I)=CC=C1Br', 'CN(C)C1=CC=C(C=C1)C1=CC=C(I)C=C1', 'BrC1=CC(Br)=C(Br)C=C1I', 'CC(C)(C)OC(=O)N1CCN(CC1)C(=O)C1=CC=C(I)C=C1']",[]
2,"[2.576, 1.447, 1.861, 2.308]",3.105397382494431,"['CCOC(=O)C1=CC=C(C=C1)C(=O)C1=CC=C(I)C=C1', 'OC(=O)C1=CC(I)=C(I)C(I)=C1', 'C[C@@H]1CN(CCN1S(=O)(=O)C1=CC=C(I)C=C1)C(=O)C1=CC=CC=C1', 'CS(=O)(=O)C1=CC(=CC(I)=C1)S(C)(=O)=O']",[]
3,"[2.968, 2.611, 3.123, 2.675]",3.2381836025878767,"['OC1=CC(I)=CC=C1N(=O)=O', 'IC1=CC=C(C=C1)\\N=N\\C1=CC=C(I)C=C1', 'IC1=CC(=CC(=C1)N(=O)=O)N(=O)=O', 'CC(C)(C)OC(=O)CC1=CC(I)=CC=C1N(=O)=O']",[]
4,"[1.257, 3.044, 2.482, 2.88]",3.524934981728822,"['FC1=CC(C=O)=CC(F)=C1I', 'IC1=C(C=CC(=C1)N(=O)=O)C#N', 'IC1=CC=C(NC(=O)C2=CC=C(O2)N(=O)=O)C=C1', 'IC1=CC(=C(C=O)C=C1)N(=O)=O']",[]
5,"[2.829, 2.582, 2.171, 2.962]",3.3498724946504272,"['BrC1=CC(I)=CC(=C1)N(=O)=O', 'FC1=CC(I)=CC(F)=C1C=O', 'FC(F)(F)C1=C(I)C=CC(=C1)N(=O)=O', 'IC1=CC(=CC(=C1)C#N)N(=O)=O']",[]
6,"[2.147, 1.372, 1.961, 2.249]",3.2804488702553236,"['BrC1=C(I)C=CC(=C1)N(=O)=O', 'BrC1=C(C=CC=C1I)C#N', 'BrC1=C(C=O)C(I)=CC=C1', 'BrC1=C(C=O)C=C(I)C=C1']",[]
7,"[0.836, 2.12]",3.3649926479501318,"['NC1=CC=C(F)C(I)=C1', 'IC1=CC(I)=CC(I)=C1']",[]
