,obj_values ['rate'],Vendi_score,eval_samples,cut_samples
0,"[1.808, 1.451, 1.578, 1.089]",1.7837369329439778,"['NC1=C(I)C=C(I)C=C1I', 'COC(=O)C1=C(N)C=CC(I)=C1', 'ClCC1=CC(I)=CC=C1', 'CC1=CC=C(Cl)C(I)=C1']",[]
1,"[0.426, -0.279, -0.45, 1.586]",3.057448548233694,"['OC1=C(I)C(O)=C(I)C=C1I', 'CC(C)(C)OC(=O)NC1=C(I)C2=C(C=CC=C2)C(OCC2=CC=CC=C2)=C1', 'CC1=C(C)C(I)=C(C)C(C)=C1I', 'BrC1=CC(Br)=C(Br)C=C1I']",[]
2,"[1.804, 2.874, 2.12, 1.447]",3.5510422865234155,"['CNC1=CC(=O)N(C2CC2)C(=O)N1C1=CC=C(I)C=C1F', 'IC1=CC(=CC(I)=C1)N(=O)=O', 'IC1=CC(I)=CC(I)=C1', 'OC(=O)C1=CC(I)=C(I)C(I)=C1']",[]
3,"[2.968, 2.482, 3.123, 2.192]",3.87066478855329,"['OC1=CC(I)=CC=C1N(=O)=O', 'IC1=CC=C(NC(=O)C2=CC=C(O2)N(=O)=O)C=C1', 'IC1=CC(=CC(=C1)N(=O)=O)N(=O)=O', 'FC1=C(F)C(=CC(I)=C1F)N(=O)=O']",[]
4,"[3.044, 2.737, 2.88, 2.829]",3.665989148498906,"['IC1=C(C=CC(=C1)N(=O)=O)C#N', 'IC1=CC=C(C#N)C(=C1)C#N', 'IC1=CC(=C(C=O)C=C1)N(=O)=O', 'BrC1=CC(I)=CC(=C1)N(=O)=O']",[]
5,"[1.881, 2.86, 1.623, 2.672]",3.6972352721261004,"['OC1=C(C(I)=CC=C1)N(=O)=O', 'FC1=CC(=CC(I)=C1)N(=O)=O', 'NC1=CC(I)=C(C=C1)C#N', 'IC1=CC=CC(=C1)N1C=C(N=N1)C1=CC(=CC=C1)N(=O)=O']",[]
6,"[2.962, 1.764, 2.162, -0.267]",3.807062866169304,"['IC1=CC(=CC(=C1)C#N)N(=O)=O', 'FC1=CC=CC(F)=C1C(=O)C1=C(I)C=CC(Cl)=C1', 'FC1=C(I)C=CC(=C1)N(=O)=O', 'COC1=CC=C(OC)C(=C1I)C1=C(C=C(C=C1C(C)C)C(C)C)C(C)C']",[]
7,"[1.396, 2.611]",3.7779583841671744,"['OC1=C(I)C=C(Br)C=C1N(=O)=O', 'IC1=CC=C(C=C1)\\N=N\\C1=CC=C(I)C=C1']",[]
