,obj_values ['rate'],Vendi_score,eval_samples,cut_samples
0,"[1.014, 1.655, 1.216, -0.192]",1.9215127330332307,"['OC(=O)C1=CC(I)=C(O)C(I)=C1', 'CCCNC(=O)C1=CC=C(I)C=C1', 'CC1=CC(I)=C(N)C(=C1)N(=O)=O', 'CC1=CC(C)=C(I)C(C)=C1']",[]
1,"[2.737, 2.308, 2.672, 1.506]",2.759920330479709,"['IC1=CC=C(C#N)C(=C1)C#N', 'CS(=O)(=O)C1=CC(=CC(I)=C1)S(C)(=O)=O', 'IC1=CC=CC(=C1)N1C=C(N=N1)C1=CC(=CC=C1)N(=O)=O', 'CC1=CC(=CC=C1)N(C1=CC=CC=C1)C1=CC=C(C=C1)C1=CC=C(I)C=C1']",[]
2,"[1.808, 0.637, 3.123, 2.968]",3.230093382338475,"['COC1=C(Br)C=C(C(I)=C1)N(=O)=O', 'BrC1=CC(Br)=C(I)C(Br)=C1', 'IC1=CC(=CC(=C1)N(=O)=O)N(=O)=O', 'OC1=CC(I)=CC=C1N(=O)=O']",[]
3,"[1.257, 2.611, 2.482, 2.88]",3.4740152992835305,"['FC1=CC(C=O)=CC(F)=C1I', 'IC1=CC=C(C=C1)\\N=N\\C1=CC=C(I)C=C1', 'IC1=CC=C(NC(=O)C2=CC=C(O2)N(=O)=O)C=C1', 'IC1=CC(=C(C=O)C=C1)N(=O)=O']",[]
4,"[3.044, 2.631, 2.675, 2.962]",3.1858500035060695,"['IC1=C(C=CC(=C1)N(=O)=O)C#N', 'BrCC1=CC=C(I)C=C1N(=O)=O', 'CC(C)(C)OC(=O)CC1=CC(I)=CC=C1N(=O)=O', 'IC1=CC(=CC(=C1)C#N)N(=O)=O']",[]
5,"[2.248, 1.607, 2.028, 2.147]",3.306916936391372,"['ClC1=CC(=CC(I)=C1)C#N', 'IC1=CC(OC2=CC=CC=C2)=CC=C1', 'CC(C)(C)OC(=O)N(C(=O)OC(C)(C)C)C1=C(I)C=C(C=C1)N(=O)=O', 'COC(=O)C1=C(I)C=CC(=C1)N(=O)=O']",[]
6,"[1.908, 1.013, 0.411, 1.833]",3.3985859040048205,"['CC1=CC(C)=C(C=C1I)N(=O)=O', 'BrC1=C(I)C(=CC=C1)N(=O)=O', 'BrCC1=C(I)C(Br)=CC=C1', 'BrC1=C(I)C=C(C=C1)C#N']",[]
7,"[2.147, 1.447]",3.428566528802893,"['BrC1=C(I)C=CC(=C1)N(=O)=O', 'OC(=O)C1=CC(I)=C(I)C(I)=C1']",[]
